account_id,account_name,industry,region,company_size,acquisition_channel,signup_date
1322,Maplefield Studios,retail,Europe,201-1000,Partner,2023-08-18
2306,Silvercraft Retail  ,Technology,North America,201-1000,Outbound Sales,2025-02-22
2070,Summitpeak Group,Education,EMEA,1-50,Paid Ads,2024-10-07
3332,Coralfield Analytics,Technology,NA,1-50,Organic Search,2026-04-27
2466,Brightworks Co,Finance,Europe,51-200,Outbound Sales,2025-05-26
2113,Novapoint Partners,Technology,NA,1000+,Paid Ads,2024-11-26
1662,Orbitpeak Retail,Education,North America,1000+,Paid Ads,2024-03-25
1019,Summitpeak Retail,Manufacturing,N. America,51-200,Paid Ads,2023-01-24
2843,Ironpoint Systems,Finance,APAC,1-50,Organic Search,2025-10-23
2480,Brightcraft Retail,Technology,apac ,51-200,Paid Ads,2025-05-15
3737,Clearcraft Energy,Healthcare,APAC,1-50,Paid Ads,2026-08-04
1680,Granitepath Logistics,Healthcare,emea,51-200,Organic Search,2024-03-05
2716,Primebridge Labs,Technology,North America,1-50,Outbound Sales,2025-08-10
2907,Coralline Co,Manufacturing,North America,201-1000,Organic Search,2025-10-20
2948,Ironpeak Studios,Education,NA,51-200,Organic Search,2025-11-24
3368,Coralpoint Group,Retail,Europe,201-1000,Organic Search,2026-04-10
3751,Northstone Partners,Education,North America,1-50,Organic Search,2026-08-14
2349,Vertexcraft Co,Media,LATAM,201-1000,Organic Search,2025-03-01
3414,Vertexwave Logistics,Retail,North America,51-200,Paid Ads,2026-05-28
2062,Echopoint Co,media,Europe,1000+,Organic Search,2024-10-16
1023,Silverpath Partners,Logistics,Europe,51-200,Organic Search,2023-01-07
3753,Northpeak Studios,Logistics,emea,1000+,Paid Ads,07/08/2026
3783,Granitepoint Analytics,Technology,N. America,51-200,Organic Search,2026-09-19
3289,Primepoint Partners,Education,Europe,,Organic Search,2026-03-25
3116,Harborworks Health,Media,APAC,201-1000,Outbound Sales,2026-01-19
2473,Novacraft Group,media,apac ,51-200,Outbound Sales,29/05/2025
1100,Silvercraft Analytics,Technology,N. America,201-1000,Paid Ads,2023-03-01
3855,Harborwave Partners,Media,LATAM,1-50,Organic Search,2026-09-11
1693,Silverpeak Partners,Finance,North America,,Partner,2024-04-24
1383,Northgate Logistics,Logistics,North America,51-200,Outbound Sales,2023-09-20
2659,Vertexgate Systems,Media,north america ,1000+,Outbound Sales,2025-07-07
3423,Quartzline Foods,Manufacturing,NA,201-1000,Paid Ads,2026-05-06
2355,Maplepath Labs,Media,North America,51-200,Organic Search,2025-03-11
2947,Brightgate Energy,Media,emea,1-50,Organic Search,2025-11-20
3426,Sagecraft Group,logistics,Latin America,51-200,Paid Ads,2026-05-15
2196,Atlaspeak Analytics,Media,apac ,1000+,Outbound Sales,2025-01-21
1903,Northwave Health,Education,LATAM,201-1000,Organic Search,2024-08-01
2981,Greencraft Logistics,Healthcare,NA,1-50,Paid Ads,2025-11-30
2358,Clearforge Labs,Logistics,N. America,1-50,Partner,2025-03-31
2314,Northforge Logistics,Finance,north america ,1000+,Outbound Sales,2025-02-02
2095,Terrafield Analytics,Media,north america ,51-200,Organic Search,2024-11-15
3782,Mapleforge Health,Healthcare,EMEA,1000+,Organic Search,2026-09-23
2776,Silverline Group,Finance,North America,1-50,Organic Search,2025-09-03
1085,Pineline Labs,Finance,emea,201-1000,Organic Search,2023-02-19
3655,Terraforge Systems,Media,N. America,1000+,Organic Search,2026-07-01
1491,Sagepath Co,Manufacturing,EMEA,201-1000,Paid Ads,2023-11-29
1969,Primegate Studios,Logistics,LATAM,201-1000,Organic Search,2024-09-17
3804,Vertexworks Logistics,Manufacturing,APAC,1-50,Organic Search,2026-09-17
2735,Coralforge Systems,Media,APAC,1-50,Organic Search,2025-08-07
2723,Terrafield Logistics,Retail,NA,1-50,Outbound Sales,2025-08-31
2047,Harborgate Foods,Manufacturing,North America,1-50,Paid Ads,2024-10-26
2506,Quartzfield Health  ,Technology,north america ,201-1000,Partner,2025-05-17
3173,Atlasbridge Foods,Technology,EMEA,,Outbound Sales,2026-02-17
2291,Novaforge Health  ,Manufacturing,N. America,1-50,Partner,2025-02-13
2909,Northpeak Energy,Education,Latin America,201-1000,Outbound Sales,2025-10-26
3773,Primeline Health,Retail,emea,51-200,Organic Search,2026-09-15
3307,Greenpath Logistics,Healthcare,North America,1000+,Organic Search,2026-03-28
3100,Quartzworks Studios,Technology,emea,1000+,Paid Ads,2026-01-25
1067,Swiftpeak Group,Media,EMEA,1000+,Outbound Sales,2023-02-10
3716,Harborline Labs,Retail,North America,1-50,Organic Search,2026-08-27
2767,Summitpath Retail,Finance,north america ,201-1000,Partner,2025-09-30
1786,Primeforge Partners,Manufacturing,North America,51-200,Partner,2024-06-26
3589,Northline Partners  ,technology,EMEA,201-1000,Paid Ads,2026-06-23
3440,Brightbridge Systems,Education,N. America,1-50,Paid Ads,2026-05-14
1459,Primebridge Co,Manufacturing,north america ,1-50,Outbound Sales,2023-11-14
2841,Coralfield Co  ,Technology,North America,1-50,Organic Search,2025-10-13
1118,Pinecraft Health,Logistics,EMEA,51-200,Outbound Sales,2023-03-12
3204,Terracraft Foods,Technology,APAC,201-1000,Partner,2026-02-23
2593,Northpath Systems,Technology,APAC,201-1000,Paid Ads,2025-06-13
1174,Bluepeak Energy,Finance,Asia Pacific,51-200,Organic Search,2023-05-07
1964,Orbitbridge Co,Finance,Asia Pacific,1-50,Outbound Sales,2024-08-10
3323,Novacraft Health,Finance,EMEA,1-50,Organic Search,2026-03-26
1956,Summitline Foods,Healthcare,North America,1-50,Organic Search,2024-08-25
2272,Summitforge Studios,Finance,apac ,201-1000,Organic Search,2025-02-15
1064,Maplepoint Energy,technology,apac ,1000+,Organic Search,2023-02-15
3799,Quartzforge Energy,Media,North America,1000+,Paid Ads,2026-09-06
1048,Echoline Studios,Education,N. America,,Partner,2023-02-10
3547,Brightstone Co,Technology,north america ,1000+,Outbound Sales,2026-06-21
2224,Blueline Analytics,Technology,APAC,1000+,Partner,2025-01-04
1121,Ironworks Partners,Media,LATAM,1-50,Outbound Sales,2023-03-06
3142,Primepath Studios,Education,APAC,201-1000,Paid Ads,2026-01-09
3396,Coralpath Energy,Healthcare,N. America,1-50,Paid Ads,2026-04-06
3492,Atlasline Retail,Manufacturing,north america ,1-50,Organic Search,2026-05-05
3514,Clearfield Labs,Healthcare,Asia Pacific,201-1000,Paid Ads,2026-06-01
1575,Swiftworks Studios,Manufacturing,emea,201-1000,Outbound Sales,2024-01-19
3284,Harborwave Energy,Retail,LATAM,201-1000,Organic Search,2026-03-16
2785,Greenbridge Systems,Education,North America,1-50,Organic Search,2025-09-29
1093,Summitfield Group,Education,EMEA,1000+,Paid Ads,2023-03-19
2102,Clearbridge Energy,Healthcare,Europe,1-50,Organic Search,2024-11-28
2629,Coralpoint Co,Technology,Europe,51-200,Paid Ads,2025-07-11
2179,Silverfield Studios,Logistics,North America,51-200,Organic Search,17/12/2024
2581,Terrapoint Energy,manufacturing,Asia Pacific,1000+,Outbound Sales,2025-06-11
3316,Atlasbridge Labs,Finance,Asia Pacific,1-50,Paid Ads,2026-03-31
3386,Northcraft Labs,Logistics,EMEA,1-50,Partner,2026-04-09
3143,Swiftworks Systems,Manufacturing,north america ,1-50,Organic Search,2026-01-07
3748,Riverworks Studios,Healthcare,EMEA,201-1000,Organic Search,2026-08-03
3094,Novaline Co,Media,LATAM,201-1000,Partner,2026-01-28
3171,Maplestone Retail,Manufacturing,NA,1-50,Organic Search,2026-02-23
3873,Pinestone Retail,Media,Europe,201-1000,Organic Search,2026-09-28
2653,Brightgate Logistics,Technology,LATAM,1000+,Organic Search,2025-07-09
1707,Novaworks Health,Education,north america ,201-1000,Outbound Sales,2024-04-08
3762,Brightgate Systems,Technology,North America,1-50,Organic Search,2026-08-30
3870,Clearworks Logistics,Retail,North America,51-200,Paid Ads,2026-09-25
2853,Swiftforge Partners,Logistics,EMEA,1-50,Paid Ads,2025-10-20
2890,Pinepath Systems,Healthcare,emea,1-50,Organic Search,2025-10-01
1871,Atlasgate Studios,Education,APAC,,Outbound Sales,2024-07-24
1916,Greenpeak Systems,Manufacturing,APAC,1-50,Paid Ads,2024-08-07
2827,Clearfield Systems,Logistics,Europe,1-50,Partner,2025-10-30
2877,Silverline Foods,Education,EMEA,1-50,Outbound Sales,2025-10-12
3218,Clearforge Logistics,Technology,North America,1000+,Organic Search,2026-02-17
2505,Sagebridge Logistics,Manufacturing,emea,51-200,Paid Ads,2025-05-01
1156,Silverbridge Analytics,Education,apac ,,Paid Ads,2023-04-05
1896,Pineforge Logistics,Retail,NA,201-1000,Outbound Sales,2024-07-14
3024,Summitforge Logistics,Logistics,North America,201-1000,Organic Search,2025-12-03
1569,Orbitworks Co,Logistics,apac ,201-1000,Outbound Sales,2024-01-19
1540,Echoforge Partners,Technology,EMEA,1000+,Outbound Sales,2024-01-20
2549,Granitegate Analytics,Education,north america ,1000+,Partner,2025-06-24
3865,Bluestone Studios,Manufacturing,emea,1-50,Outbound Sales,2026-09-19
3657,Granitegate Partners,media,APAC,51-200,Partner,17/07/2026
1868,Ironpath Labs,Retail,NA,201-1000,Partner,2024-07-29
1914,Greenline Retail,Finance,north america ,51-200,Paid Ads,2024-08-10
2116,Harborline Analytics,Media,north america ,1-50,Partner,2024-11-01
3059,Riverpoint Group,Media,EMEA,201-1000,Outbound Sales,2025-12-08
3291,Clearstone Energy,Media,APAC,51-200,Paid Ads,2026-03-11
2527,Echopath Energy,Healthcare,North America,1-50,Outbound Sales,2025-06-17
1058,Granitepoint Foods,Finance,North America,1-50,Organic Search,2023-02-12
1388,Rivergate Energy,Education,north america ,201-1000,Outbound Sales,2023-09-05
1634,Brightwave Logistics  ,Finance,EMEA,1-50,Organic Search,2024-02-09
3645,Ironline Systems,Media,N. America,51-200,Organic Search,2026-07-12
3383,Harborworks Retail,Retail,Europe,51-200,Partner,2026-04-02
2158,Ironcraft Foods,Healthcare,north america ,1-50,Organic Search,2024-12-01
1618,Swiftworks Partners,Logistics,APAC,,Paid Ads,2024-02-25
3063,Ironbridge Foods,Media,North America,201-1000,Partner,2025-12-04
2190,Pinewave Logistics,Technology,Asia Pacific,201-1000,Paid Ads,2024-12-04
2214,Riverbridge Group,Retail,north america ,201-1000,Paid Ads,2025-01-05
1375,Ironpath Energy,Media,North America,1000+,Paid Ads,2023-09-26
2460,Terraline Partners,Education,LATAM,51-200,Paid Ads,2025-05-20
3826,Quartzline Studios,education,apac ,51-200,Paid Ads,2026-09-10
3164,Greencraft Studios,technology,emea,1-50,Outbound Sales,2026-02-17
3116,Harborworks Health,Media,APAC,201-1000,Outbound Sales,2026-01-19
2425,Sagegate Group,Finance,LATAM,1-50,Paid Ads,2025-04-01
2834,Clearwave Logistics,Finance,Europe,201-1000,Organic Search,2025-10-09
1173,Echopeak Studios,Technology,Asia Pacific,1-50,Partner,2023-05-13
2766,Rivercraft Health,Finance,APAC,1-50,Outbound Sales,2025-09-23
1928,Primeline Analytics,Logistics,N. America,201-1000,Partner,2024-08-16
2220,Northcraft Group,Media,N. America,201-1000,Organic Search,2025-01-01
1778,Pinecraft Studios,Logistics,LATAM,1000+,Outbound Sales,2024-05-26
2050,Orbitpoint Studios,Manufacturing,EMEA,201-1000,Organic Search,2024-10-09
2750,Echostone Retail,Healthcare,EMEA,1000+,Organic Search,2025-08-19
2650,Primeforge Studios,Logistics,LATAM,51-200,Paid Ads,2025-07-13
3615,Ironcraft Studios,Healthcare,Europe,1-50,Organic Search,2026-07-01
3778,Coralpeak Analytics,Logistics,Europe,51-200,Outbound Sales,2026-09-03
1257,Ironstone Systems,Technology,Europe,201-1000,Paid Ads,2023-06-18
2339,Echofield Partners,Retail,N. America,1-50,Partner,2025-03-15
1009,Maplebridge Foods,Media,Europe,1-50,Organic Search,2023-01-05
3039,Brightcraft Analytics  ,Technology,north america ,1-50,Paid Ads,2025-12-17
3719,Quartzforge Analytics,Logistics,APAC,1-50,Outbound Sales,2026-08-12
1162,Graniteworks Co,Media,LATAM,1-50,Outbound Sales,2023-04-23
2628,Blueworks Retail,manufacturing,North America,1-50,Organic Search,2025-07-12
2820,Northfield Retail,Finance,APAC,1-50,Partner,2025-09-09
3631,Bluecraft Systems,Logistics,North America,1000+,Partner,2026-07-11
2620,Sagefield Foods,Healthcare,APAC,51-200,Paid Ads,2025-07-28
1887,Primewave Logistics,Retail,north america ,51-200,Organic Search,2024-07-07
2989,Ironpath Co,Finance,NA,1-50,Paid Ads,2025-12-01
2797,Primeworks Energy,Education,APAC,1-50,Partner,2025-09-01
1287,Northline Group,Healthcare,north america ,1000+,Outbound Sales,2023-07-23
3554,Novacraft Analytics,Manufacturing,North America,51-200,Partner,2026-06-09
2609,Clearfield Partners,Manufacturing,Latin America,1-50,Paid Ads,2025-07-20
3807,Swiftgate Group,Technology,apac ,1000+,Outbound Sales,2026-09-20
3362,Echobridge Retail,Media,EMEA,201-1000,Organic Search,2026-04-19
1309,Harborline Retail,Finance,APAC,201-1000,Paid Ads,2023-08-04
1243,Novawave Systems,Technology,North America,1-50,Organic Search,2023-06-07
1583,Sagepoint Retail,Retail,LATAM,201-1000,Partner,2024-02-15
2881,Silverpeak Group,Media,N. America,51-200,Outbound Sales,2025-10-02
2063,Harborstone Energy,Logistics,APAC,201-1000,Paid Ads,2024-10-27
2812,Swiftstone Co,Education,North America,1000+,Partner,2025-09-19
2007,Summitfield Studios,Retail,emea,1-50,Organic Search,2024-09-07
3003,Clearfield Group,Technology,north america ,201-1000,Partner,2025-12-20
2336,Vertexstone Energy,Logistics,EMEA,51-200,Partner,2025-03-27
2421,Quartzwave Systems,manufacturing,N. America,1000+,Outbound Sales,03/04/2025
2866,Orbitstone Logistics,Healthcare,N. America,1000+,Paid Ads,29/10/2025
1295,Quartzgate Studios,Finance,Europe,201-1000,Organic Search,2023-07-31
1205,Brightgate Labs,Media,North America,1-50,Paid Ads,2023-05-23
1935,Bluewave Studios,Education,EMEA,1-50,Organic Search,2024-08-03
2187,Echopath Health,Media,Asia Pacific,1-50,Outbound Sales,2024-12-21
1560,Coralwave Co,Finance,Europe,51-200,Paid Ads,2024-01-31
3734,Vertexpath Retail,Manufacturing,emea,201-1000,Organic Search,2026-08-17
2510,Orbitpeak Analytics,Retail,Asia Pacific,51-200,Outbound Sales,2025-05-20
2680,Greenworks Co,Retail,N. America,201-1000,Paid Ads,2025-07-02
2879,Maplepoint Group,Education,APAC,1000+,Outbound Sales,2025-10-02
1477,Novabridge Analytics,Logistics,north america ,1000+,Outbound Sales,2023-11-30
1676,Novagate Health,Media,North America,51-200,Partner,2024-03-14
3430,Orbitcraft Co,technology,Latin America,51-200,Paid Ads,2026-05-02
2902,Primepath Systems,Logistics,north america ,201-1000,Paid Ads,2025-10-30
1478,Swiftstone Labs,Technology,North America,1-50,Paid Ads,2023-11-18
2737,Clearstone Systems,Technology,EMEA,51-200,Partner,2025-08-23
3081,Summitpoint Logistics,Technology,North America,51-200,Paid Ads,2026-01-14
1869,Ironstone Analytics,Finance,emea,1-50,Organic Search,2024-07-26
2089,Pineworks Retail,Retail,emea,201-1000,Organic Search,2024-11-30
2144,Silverforge Partners,Manufacturing,Europe,51-200,Organic Search,2024-12-22
2333,Sagewave Studios,Education,APAC,51-200,Organic Search,2025-03-23
1486,Brightpath Labs,Retail,LATAM,51-200,Partner,2023-11-21
2842,Swiftgate Analytics,Retail,Europe,201-1000,Organic Search,2025-10-11
3158,Echopoint Retail,Finance,Latin America,51-200,Organic Search,2026-02-22
2414,Harborline Foods,Healthcare,N. America,51-200,Outbound Sales,2025-04-06
2823,Atlasbridge Energy,Retail,North America,1-50,Organic Search,2025-10-21
3524,Sagestone Group,Manufacturing,EMEA,201-1000,Partner,2026-06-13
1807,Orbitstone Labs,Logistics,North America,51-200,Paid Ads,2024-06-01
3465,Silverpoint Retail,Retail,North America,1000+,Outbound Sales,2026-05-13
1582,Terrapoint Analytics,Logistics,Europe,1-50,Outbound Sales,2024-01-20
3282,Greenline Energy,Media,EMEA,1-50,Partner,2026-03-21
2151,Echopeak Partners,Retail,North America,1-50,Outbound Sales,2024-12-30
1644,Quartzfield Systems,Technology,North America,1-50,Paid Ads,2024-03-24
3863,Coralpath Health,Manufacturing,North America,1000+,Organic Search,2026-09-16
2064,Echofield Co,Technology,EMEA,1000+,Paid Ads,2024-10-11
3033,Cleargate Labs,Healthcare,North America,201-1000,Organic Search,2025-12-17
2976,Atlasbridge Analytics,Finance,North America,51-200,Partner,2025-11-24
2043,Greenfield Co,Retail,emea,1-50,Organic Search,2024-10-06
3622,Blueforge Partners,Healthcare,N. America,201-1000,Paid Ads,2026-07-10
1252,Northpoint Health,Healthcare,North America,,Paid Ads,2023-06-06
1195,Granitepeak Retail,Healthcare,emea,1-50,Outbound Sales,2023-05-07
1077,Terragate Group  ,Healthcare,emea,,Organic Search,2023-02-05
1728,Riverworks Foods,Technology,emea,1-50,Organic Search,2024-04-24
2217,Quartzbridge Analytics,Finance,Europe,201-1000,Paid Ads,25/01/2025
1839,Pinewave Co,Logistics,north america ,201-1000,Paid Ads,2024-07-21
3871,Ironbridge Retail,Technology,North America,1000+,Organic Search,2026-09-10
3531,Atlasgate Group,Manufacturing,Europe,51-200,Paid Ads,2026-06-15
1877,Quartzfield Retail,Logistics,EMEA,1-50,Organic Search,2024-07-05
1161,Granitepeak Partners,Finance,North America,51-200,Partner,2023-04-06
2587,Pineworks Labs,Finance,APAC,1-50,Partner,2025-06-05
2743,Atlaspoint Studios,Media,EMEA,1-50,Organic Search,2025-08-29
2967,Vertexgate Co,Finance,emea,,Organic Search,2025-11-26
3582,Harborpeak Studios,Media,EMEA,51-200,Partner,2026-06-27
2538,Swiftfield Co,Education,NA,201-1000,Outbound Sales,2025-06-18
2630,Summitwave Labs,Finance,N. America,1-50,Organic Search,2025-07-06
1565,Clearline Group,Manufacturing,North America,51-200,Organic Search,2024-01-01
1768,Summitforge Systems,Healthcare,APAC,1-50,Partner,2024-05-10
3639,Echocraft Partners,Retail,EMEA,1-50,Organic Search,2026-07-09
3713,Vertexwave Co,Media,North America,201-1000,Organic Search,2026-08-21
2674,Ironpath Studios,Manufacturing,Europe,1000+,Partner,2025-07-17
2972,Harborwave Labs,Technology,N. America,51-200,Paid Ads,2025-11-06
2304,Pinepath Analytics,Retail,NA,51-200,Organic Search,2025-02-17
1975,Ironcraft Retail,Finance,NA,201-1000,Organic Search,2024-09-23
1047,Graniteworks Partners,Logistics,EMEA,1-50,Paid Ads,2023-02-20
2699,Pinepath Co,Media,EMEA,1-50,Organic Search,2025-08-07
1848,Bluefield Partners,Media,North America,1-50,Organic Search,2024-07-08
2838,Swiftpath Group,Healthcare,APAC,1000+,Partner,2025-10-14
2343,Silverpath Group,Technology,north america ,1-50,Organic Search,2025-03-30
1794,Vertexforge Analytics,Finance,APAC,1-50,Organic Search,2024-06-18
1184,Clearline Retail,Technology,North America,201-1000,Organic Search,2023-05-01
2748,Vertexwave Foods  ,Retail,Asia Pacific,1-50,Paid Ads,2025-08-20
1825,Terrastone Systems,Finance,north america ,1-50,Organic Search,2024-06-21
1971,Quartzfield Logistics,Logistics,APAC,1-50,Outbound Sales,2024-09-29
3525,Echostone Co,Retail,North America,201-1000,Partner,2026-06-25
3824,Silvercraft Logistics,manufacturing,North America,1000+,Outbound Sales,2026-09-08
3864,Brightfield Foods,Logistics,N. America,1-50,Paid Ads,2026-09-16
3053,Riverbridge Systems,Logistics,north america ,1-50,Paid Ads,2025-12-02
2411,Coralwave Group,Media,north america ,51-200,Partner,2025-04-13
3868,Swiftpath Partners,Manufacturing,N. America,51-200,Organic Search,2026-09-03
2433,Primefield Analytics,Education,North America,201-1000,Partner,2025-04-12
1580,Coralcraft Systems,technology,Asia Pacific,1-50,Organic Search,2024-01-31
2171,Greenworks Systems,Logistics,Latin America,201-1000,Organic Search,2024-12-26
1532,Ironpoint Retail  ,Healthcare,north america ,1-50,Organic Search,2023-12-15
3369,Northpeak Co,Healthcare,emea,1000+,Outbound Sales,2026-04-19
2832,Echocraft Retail,healthcare,Europe,1-50,Paid Ads,2025-10-16
3481,Granitepath Analytics,Media,EMEA,1000+,Partner,2026-05-14
3336,Harborworks Partners,Media,north america ,1-50,Partner,2026-04-26
1653,Northworks Labs,Media,EMEA,1-50,Outbound Sales,2024-03-23
3127,Primefield Group,Retail,north america ,1-50,Paid Ads,2026-01-14
2961,Coralfield Labs,Education,North America,1-50,Partner,2025-11-15
1943,Silvercraft Energy,Healthcare,NA,1000+,Outbound Sales,2024-08-04
1955,Swiftwave Analytics,Finance,NA,,Paid Ads,2024-08-01
1853,Orbitworks Group,Finance,emea,201-1000,Organic Search,2024-07-31
3860,Clearstone Partners,Media,EMEA,1-50,Organic Search,2026-09-20
1930,Maplewave Co,Technology,APAC,1000+,Outbound Sales,2024-08-15
2975,Primeline Energy,Finance,APAC,1-50,Organic Search,2025-11-28
3769,Clearpoint Logistics,logistics,APAC,1000+,Paid Ads,2026-08-02
1472,Clearworks Energy,Finance,NA,1-50,Organic Search,2023-11-25
3461,Greenpoint Retail,Healthcare,north america ,51-200,Paid Ads,2026-05-07
3278,Ironpath Analytics,Retail,APAC,51-200,Organic Search,2026-03-30
1251,Sagestone Analytics,Logistics,N. America,51-200,Partner,2023-06-14
2215,Harborbridge Retail,Finance,N. America,201-1000,Organic Search,2025-01-09
3621,Atlasworks Co,Technology,emea,1-50,Organic Search,2026-07-30
3831,Brightpath Foods,Manufacturing,NA,201-1000,Paid Ads,2026-09-14
3569,Sagegate Health,media,Latin America,1-50,Outbound Sales,2026-06-23
1873,Swiftpath Energy,Technology,north america ,1000+,Paid Ads,2024-07-14
2880,Clearpath Retail,Manufacturing,apac ,1-50,Organic Search,2025-10-24
2337,Novafield Logistics,Media,APAC,1-50,Organic Search,2025-03-09
3201,Sageworks Foods,Finance,LATAM,1-50,Outbound Sales,2026-02-12
1107,Harborforge Group,Logistics,Europe,51-200,Paid Ads,2023-03-05
3022,Greenpath Health,Finance,Asia Pacific,1-50,Organic Search,2025-12-05
1793,Swiftfield Health,Logistics,North America,51-200,Organic Search,2024-06-02
3068,Quartzgate Energy,Media,Asia Pacific,1-50,Organic Search,2026-01-31
3810,Quartzbridge Energy,Logistics,North America,51-200,Organic Search,2026-09-25
2501,Mapleworks Foods,Healthcare,EMEA,1-50,Paid Ads,2025-05-08
3787,Bluestone Co,Education,NA,1-50,Organic Search,2026-09-17
2082,Atlaswave Labs,Retail,EMEA,201-1000,Paid Ads,2024-11-17
1673,Summitfield Partners,Logistics,Asia Pacific,51-200,Partner,2024-03-27
1948,Vertexcraft Retail,media,Europe,1-50,Partner,2024-08-03
1480,Summitstone Energy,Education,EMEA,51-200,Organic Search,2023-11-02
1652,Harborpeak Retail,Education,apac ,201-1000,Organic Search,2024-03-19
3327,Novaforge Logistics,Manufacturing,Latin America,1-50,Organic Search,2026-04-14
1908,Maplecraft Group,Healthcare,APAC,51-200,Organic Search,2024-08-27
2444,Novaline Partners,Finance,emea,1-50,Paid Ads,2025-04-02
2016,Bluepath Analytics,Finance,EMEA,1-50,Organic Search,2024-09-22
2679,Clearline Analytics,Manufacturing,Asia Pacific,201-1000,Partner,2025-07-04
3677,Primepoint Group,Manufacturing,north america ,201-1000,Outbound Sales,2026-07-17
2894,Primewave Health,Education,LATAM,51-200,Paid Ads,2025-10-03
1633,Novapoint Co,Manufacturing,North America,51-200,Organic Search,2024-02-06
2980,Bluefield Health,Logistics,North America,51-200,Organic Search,2025-11-19
1232,Echopeak Systems  ,Retail,APAC,1000+,Organic Search,2023-06-14
2592,Novastone Co,Finance,emea,1-50,Organic Search,2025-06-07
3568,Greenwave Studios,Logistics,N. America,51-200,Partner,2026-06-02
1277,Brightforge Group,Manufacturing,North America,1-50,Outbound Sales,2023-07-11
2370,Vertexpeak Co,Manufacturing,north america ,51-200,Partner,2025-03-09
1995,Riverpeak Systems,Retail,NA,1-50,Partner,2024-09-07
3210,Pinepoint Retail,Healthcare,N. America,1-50,Organic Search,2026-02-22
1550,Mapleline Co,Technology,EMEA,51-200,Outbound Sales,2024-01-27
2956,Echopeak Group,Technology,NA,201-1000,Paid Ads,07/11/2025
2500,Silvergate Partners,Retail,apac ,51-200,Organic Search,2025-05-28
3596,Terraline Retail,Finance,Europe,201-1000,Outbound Sales,19/07/2026
1762,Brightpeak Group,Education,North America,1-50,Partner,2024-05-17
3695,Orbitbridge Group,Finance,LATAM,51-200,Paid Ads,2026-08-20
3387,Vertexwave Studios,Technology,EMEA,51-200,Organic Search,2026-04-19
1430,Blueforge Foods,healthcare,NA,51-200,Paid Ads,2023-10-31
1767,Northworks Health,Manufacturing,EMEA,1000+,Partner,2024-05-05
1719,Orbitpath Foods,Education,Europe,1-50,Organic Search,2024-04-15
2991,Orbitbridge Retail,Education,North America,201-1000,Partner,2025-12-04
1702,Orbitpeak Foods,Media,North America,1-50,Outbound Sales,2024-04-10
3004,Novabridge Retail,Retail,NA,1000+,Partner,2025-12-02
1934,Echocraft Analytics,Finance,north america ,51-200,Paid Ads,2024-08-01
3670,Sagefield Energy,Finance,Asia Pacific,51-200,Paid Ads,2026-07-15
1961,Coralline Partners,retail,North America,1-50,Outbound Sales,2024-08-20
2477,Bluepath Systems,Finance,north america ,1000+,Organic Search,2025-05-28
1562,Swiftfield Retail,Media,Latin America,51-200,Paid Ads,2024-01-20
2648,Greengate Group,Technology,LATAM,1-50,Partner,2025-07-24
3757,Blueforge Energy,Healthcare,LATAM,51-200,Partner,2026-08-01
3698,Echostone Health,Technology,APAC,1-50,Paid Ads,2026-08-19
1820,Coralbridge Labs,Technology,N. America,1-50,Organic Search,2024-06-25
1838,Primefield Logistics,Retail,north america ,51-200,Organic Search,2024-07-03
3115,Echobridge Co,Manufacturing,APAC,201-1000,Partner,2026-01-03
2732,Brightwave Energy,Education,North America,51-200,Organic Search,2025-08-26
3091,Echostone Systems,Logistics,LATAM,51-200,Partner,2026-01-28
3032,Brightfield Labs,Media,N. America,51-200,Organic Search,2025-12-15
1069,Echocraft Energy,Finance,APAC,201-1000,Outbound Sales,2023-02-21
2994,Coralline Foods,Retail,N. America,201-1000,Outbound Sales,2025-12-29
1998,Silvergate Studios,finance,Asia Pacific,1-50,Partner,2024-09-03
3454,Orbitgate Co  ,Manufacturing,Latin America,51-200,Organic Search,2026-05-18
3000,Terrabridge Partners,Logistics,EMEA,1-50,Organic Search,2025-12-28
1539,Brightpeak Studios,Logistics,LATAM,201-1000,Organic Search,2024-01-22
1229,Vertexcraft Studios,Healthcare,LATAM,51-200,Organic Search,2023-06-17
1640,Primeforge Labs,Media,North America,1-50,Partner,2024-03-25
1477,Novabridge Analytics,Logistics,north america ,1000+,Outbound Sales,2023-11-30
2077,Clearline Logistics,Healthcare,EMEA,201-1000,Partner,2024-11-25
2596,Ironforge Energy,Logistics,EMEA,1-50,Partner,2025-06-25
3727,Quartzcraft Systems,technology,Europe,1-50,Partner,2026-08-16
1407,Clearcraft Analytics,Retail,North America,51-200,Partner,2023-10-23
1854,Summitpeak Studios,Logistics,North America,1-50,Organic Search,2024-07-21
3015,Brightwave Analytics,Education,NA,51-200,Partner,2025-12-22
3598,Harborpeak Energy,Media,NA,51-200,Paid Ads,2026-07-29
1894,Granitewave Analytics,Manufacturing,NA,51-200,Paid Ads,2024-07-21
2305,Silverforge Foods,Healthcare,APAC,1-50,Paid Ads,2025-02-27
3733,Coralline Labs,Retail,EMEA,1-50,Partner,16/08/2026
3464,Terraline Logistics,Healthcare,emea,201-1000,Outbound Sales,2026-05-02
3586,Pinewave Foods,Retail,North America,1-50,Organic Search,2026-06-29
3130,Terrafield Co,Healthcare,EMEA,201-1000,Organic Search,2026-01-05
1684,Granitepeak Group,media,North America,51-200,Outbound Sales,2024-04-13
2504,Bluewave Group,logistics,North America,51-200,Organic Search,2025-05-18
2923,Orbitforge Analytics,Retail,EMEA,51-200,Partner,2025-11-29
3836,Quartzwave Health,Manufacturing,Asia Pacific,201-1000,Organic Search,2026-09-17
2338,Harborstone Systems,Technology,NA,51-200,Outbound Sales,2025-03-27
2627,Clearwave Health,Technology,EMEA,51-200,Paid Ads,2025-07-27
3847,Bluestone Group,Education,north america ,201-1000,Organic Search,2026-09-16
3056,Terrapeak Labs,Retail,NA,1-50,Organic Search,11/12/2025
1874,Echowave Health,Technology,APAC,51-200,Organic Search,2024-07-19
2159,Ironfield Health,Healthcare,North America,51-200,Partner,2024-12-12
2094,Riverline Foods,Logistics,apac ,1-50,Paid Ads,2024-11-06
2978,Pineline Energy,Retail,North America,201-1000,Organic Search,2025-11-10
2084,Primecraft Partners,Logistics,Asia Pacific,1-50,Organic Search,2024-11-11
2706,Echocraft Labs,Healthcare,Asia Pacific,1-50,Paid Ads,2025-08-21
3507,Terrafield Health,Manufacturing,APAC,51-200,Organic Search,2026-06-01
2390,Harborstone Logistics,Logistics,EMEA,201-1000,Outbound Sales,2025-04-17
1237,Cleargate Foods,Technology,North America,1-50,Partner,2023-06-21
1829,Summitgate Labs,Education,APAC,,Organic Search,2024-06-04
1675,Novaline Studios,Education,APAC,1-50,Outbound Sales,2024-03-01
3612,Northcraft Foods,Manufacturing,N. America,1-50,Outbound Sales,2026-07-19
2073,Silverpeak Co,Retail,emea,1-50,Organic Search,2024-10-07
1164,Clearpoint Labs,Retail,North America,51-200,Paid Ads,2023-04-25
3183,Echoforge Retail,Manufacturing,Asia Pacific,1-50,Partner,2026-02-14
1578,Sagewave Systems,Education,north america ,1000+,Outbound Sales,2024-01-05
2471,Swiftstone Partners,Manufacturing,emea,51-200,Partner,2025-05-21
2302,Blueline Studios,Healthcare,emea,201-1000,Paid Ads,2025-02-21
3411,Brightpath Logistics,Finance,EMEA,1-50,Organic Search,2026-05-07
2405,Novaworks Logistics,manufacturing,North America,51-200,Organic Search,2025-04-30
2733,Quartzpath Logistics,Education,APAC,51-200,Outbound Sales,2025-08-01
1598,Swiftworks Energy,education,EMEA,1000+,Paid Ads,2024-02-02
2836,Quartzstone Group,Logistics,apac ,1-50,Paid Ads,2025-10-04
3688,Pinebridge Foods,Technology,emea,1-50,Paid Ads,2026-08-08
3070,Summitpath Labs,Logistics,emea,201-1000,Organic Search,2026-01-24
3485,Riverwave Group,Media,Asia Pacific,1000+,Outbound Sales,2026-05-27
3651,Primecraft Labs,Manufacturing,Asia Pacific,1000+,Partner,2026-07-18
1042,Harborworks Co,Logistics,emea,1-50,Organic Search,2023-01-23
1681,Coralpath Foods,Education,apac ,1-50,Organic Search,2024-04-12
3175,Swiftbridge Health,Logistics,N. America,201-1000,Outbound Sales,2026-02-21
2218,Clearline Partners,Technology,north america ,51-200,Outbound Sales,2025-01-13
3014,Atlaspoint Systems,Technology,emea,51-200,Paid Ads,2025-12-24
3128,Vertexpeak Group,Retail,north america ,201-1000,Paid Ads,2026-01-07
1420,Terragate Logistics,Technology,LATAM,201-1000,Partner,2023-10-04
3152,Vertexpoint Group,Healthcare,Asia Pacific,51-200,Outbound Sales,2026-01-31
3389,Bluegate Labs,Finance,EMEA,201-1000,Outbound Sales,2026-04-28
3522,Coralbridge Group,Media,emea,51-200,Paid Ads,2026-06-10
2566,Terrabridge Systems,Healthcare,NA,51-200,Organic Search,2025-06-22
3077,Primestone Health,Manufacturing,LATAM,201-1000,Partner,2026-01-08
2431,Clearpeak Analytics,Finance,N. America,201-1000,Outbound Sales,2025-04-01
2883,Silvercraft Labs,Logistics,Europe,1-50,Paid Ads,2025-10-09
2696,Harborwave Co,Education,North America,1-50,Organic Search,2025-08-10
1795,Orbitpath Labs,Technology,APAC,1-50,Organic Search,2024-06-27
1240,Bluebridge Group,Media,NA,1000+,Outbound Sales,2023-06-03
1104,Echopeak Analytics,Finance,Asia Pacific,1-50,Paid Ads,2023-03-20
2661,Coralforge Co,Technology,north america ,1-50,Partner,2025-07-20
1219,Summitpeak Partners  ,Healthcare,NA,1-50,Outbound Sales,2023-06-09
1772,Primeworks Health,Retail,Europe,51-200,Paid Ads,2024-05-26
1004,Northforge Retail,Healthcare,APAC,1000+,Partner,2023-01-13
3345,Terrafield Foods,Media,Asia Pacific,1-50,Organic Search,2026-04-30
3090,Terraworks Energy,Media,N. America,1-50,Paid Ads,2026-01-27
2918,Coralwave Logistics,Logistics,APAC,,Paid Ads,2025-11-14
2971,Summitworks Co,Healthcare,North America,1-50,Organic Search,2025-11-04
3576,Terrapoint Group,Education,emea,1-50,Organic Search,2026-06-24
1377,Terracraft Energy,Media,apac ,1-50,Organic Search,2023-09-22
3812,Northgate Analytics,Finance,North America,51-200,Paid Ads,2026-09-21
1931,Atlasfield Studios,Finance,emea,201-1000,Organic Search,2024-08-15
1645,Quartzline Energy,Retail,NA,1-50,Paid Ads,2024-03-10
3209,Silverfield Health,Technology,NA,,Organic Search,02/02/2026
1409,Northforge Co,Finance,North America,51-200,Partner,2023-10-04
3509,Greenforge Foods,Logistics,north america ,201-1000,Organic Search,2026-06-01
3815,Sageline Co,Manufacturing,apac ,1-50,Organic Search,2026-09-14
3268,Novaline Labs,Finance,apac ,201-1000,Partner,2026-03-11
1689,Northgate Group,Education,north america ,1000+,Paid Ads,2024-04-30
3106,Pinegate Group,Manufacturing,North America,51-200,Paid Ads,2026-01-26
3663,Novapeak Labs,Logistics,APAC,201-1000,Partner,2026-07-30
2801,Pinebridge Health,Healthcare,N. America,201-1000,Organic Search,2025-09-17
2085,Northpoint Partners,Technology,N. America,51-200,Paid Ads,2024-11-29
2830,Pinebridge Analytics  ,education,EMEA,51-200,Paid Ads,2025-10-25
1460,Novawave Health,Education,North America,51-200,Paid Ads,2023-11-05
1308,Orbitforge Health,Logistics,emea,1000+,Partner,2023-08-17
2541,Echoline Group,Logistics,North America,1-50,Organic Search,2025-06-08
2028,Pinepeak Systems,Healthcare,emea,1000+,Outbound Sales,2024-10-08
3808,Pineline Health,Retail,Asia Pacific,51-200,Partner,2026-09-18
3542,Coralfield Foods,Media,EMEA,1000+,Organic Search,2026-06-06
2857,Quartzpath Studios,Finance,North America,,Organic Search,2025-10-29
1830,Primestone Energy,Education,North America,201-1000,Partner,23/06/2024
2307,Riverstone Analytics,Manufacturing,EMEA,201-1000,Organic Search,2025-02-18
1990,Terraforge Analytics,Logistics,N. America,51-200,Organic Search,2024-09-11
2977,Harborpoint Systems,Manufacturing,north america ,1-50,Organic Search,2025-11-12
2226,Maplegate Studios,Retail,emea,201-1000,Partner,2025-01-10
1526,Terrapeak Retail,Retail,N. America,1-50,Paid Ads,2023-12-19
1630,Greenfield Studios,Media,Europe,201-1000,Outbound Sales,2024-02-25
1227,Granitebridge Logistics,Finance,NA,201-1000,Outbound Sales,2023-06-06
1269,Northwave Analytics,Retail,EMEA,201-1000,Organic Search,2023-07-01
1818,Coralpoint Partners,Education,N. America,1-50,Organic Search,2024-06-29
3628,Ironpoint Partners,Healthcare,North America,1-50,Organic Search,2026-07-05
1623,Mapleworks Systems,Healthcare,north america ,1000+,Outbound Sales,2024-02-17
2868,Echowave Partners,Retail,Asia Pacific,1000+,Paid Ads,2025-10-23
2227,Terrapath Health,Education,Asia Pacific,51-200,Outbound Sales,2025-01-19
3858,Brightpoint Health,Retail,Europe,51-200,Organic Search,2026-09-12
1746,Clearforge Analytics,Technology,EMEA,1000+,Organic Search,2024-05-15
2373,Brightforge Logistics,Manufacturing,LATAM,201-1000,Organic Search,2025-03-15
3835,Riverpeak Co,Finance,Latin America,51-200,Outbound Sales,2026-09-13
3633,Echoworks Health,Logistics,North America,1-50,Paid Ads,2026-07-28
1686,Atlasbridge Logistics,Media,APAC,,Organic Search,2024-04-29
1862,Riverbridge Partners,Manufacturing,apac ,1-50,Paid Ads,2024-07-21
3872,Greenpoint Group,Education,Asia Pacific,1-50,Organic Search,2026-09-09
1129,Echopoint Systems,Retail,N. America,201-1000,Outbound Sales,2023-04-26
1572,Vertexpeak Systems  ,manufacturing,north america ,1-50,Outbound Sales,2024-01-22
1888,Pinewave Systems,Technology,N. America,201-1000,Partner,2024-07-19
2188,Bluebridge Health,Media,apac ,1-50,Organic Search,18/12/2024
2686,Harborwave Group,Healthcare,EMEA,1000+,Paid Ads,2025-08-25
1813,Northgate Retail,Finance,LATAM,201-1000,Partner,2024-06-08
3135,Novaline Energy,Technology,N. America,51-200,Partner,2026-01-25
2664,Clearforge Foods,Healthcare,LATAM,51-200,Partner,2025-07-26
3566,Pinepeak Foods,Media,North America,51-200,Outbound Sales,2026-06-08
3393,Novapoint Labs,Retail,emea,51-200,Organic Search,2026-04-22
1278,Quartzbridge Studios,Education,EMEA,1-50,Paid Ads,2023-07-09
2180,Harborbridge Labs,logistics,North America,1000+,Paid Ads,2024-12-03
3539,Greenstone Logistics,Media,apac ,201-1000,Organic Search,2026-06-19
1214,Riverfield Energy,Manufacturing,Europe,51-200,Partner,2023-06-18
1365,Novapath Co,Education,North America,201-1000,Partner,2023-09-13
2560,Riverpoint Systems,Manufacturing,APAC,1000+,Organic Search,2025-06-29
3816,Clearforge Studios,media,EMEA,51-200,Partner,2026-09-16
1115,Ironline Studios  ,Logistics,NA,1000+,Organic Search,2023-03-08
2371,Harborwave Foods,Technology,EMEA,1-50,Partner,2025-03-25
3546,Orbitwave Group,finance,apac ,201-1000,Paid Ads,2026-06-13
2616,Northfield Labs,Healthcare,Asia Pacific,201-1000,Organic Search,2025-07-30
3186,Orbitcraft Foods,Logistics,North America,51-200,Paid Ads,2026-02-26
1032,Riverbridge Co,Retail,LATAM,1-50,Organic Search,2023-01-25
1391,Summitbridge Energy,Healthcare,apac ,1-50,Outbound Sales,2023-09-15
2622,Novafield Foods,Education,north america ,1000+,Organic Search,2025-07-08
2178,Pinefield Logistics,Manufacturing,north america ,51-200,Outbound Sales,2024-12-11
3473,Terrawave Energy,Media,EMEA,1-50,Outbound Sales,2026-05-29
2132,Silverstone Group,Education,emea,1-50,Organic Search,2024-12-12
2597,Sagepoint Systems,Technology,apac ,201-1000,Partner,2025-06-18
2998,Novapeak Systems,Finance,Asia Pacific,201-1000,Organic Search,2025-12-11
3555,Brightforge Health,Healthcare,Asia Pacific,1-50,Organic Search,2026-06-08
1946,Granitestone Co,Manufacturing,apac ,201-1000,Partner,2024-08-11
2963,Northstone Logistics,Finance,North America,1000+,Paid Ads,2025-11-22
3082,Novapath Partners,Technology,north america ,201-1000,Outbound Sales,2026-01-18
3854,Brightbridge Retail,Education,North America,1-50,Outbound Sales,2026-09-18
1095,Orbitline Health,Finance,apac ,201-1000,Partner,2023-03-23
1075,Silvergate Retail,Technology,EMEA,51-200,Organic Search,2023-02-04
2631,Maplecraft Co,Manufacturing,NA,1000+,Paid Ads,2025-07-30
1262,Ironworks Studios,Media,North America,1000+,Paid Ads,2023-07-09
1111,Novaworks Analytics,Manufacturing,north america ,51-200,Paid Ads,2023-03-13
1787,Greenline Health,Technology,LATAM,1000+,Organic Search,2024-06-12
2318,Harborgate Studios,Education,LATAM,1-50,Organic Search,2025-02-10
1899,Swiftcraft Systems,Logistics,APAC,1-50,Organic Search,2024-07-02
1669,Greenforge Retail,Technology,Latin America,1000+,Organic Search,2024-03-24
1488,Quartzgate Partners,Manufacturing,N. America,1-50,Organic Search,2023-11-20
3111,Echopeak Retail,Technology,NA,1-50,Outbound Sales,2026-01-16
1330,Clearbridge Co,Finance,EMEA,1-50,Paid Ads,2023-08-20
3521,Quartzstone Systems,Manufacturing,north america ,51-200,Outbound Sales,2026-06-26
3311,Coralpoint Retail,Finance,LATAM,201-1000,Organic Search,2026-03-14
2944,Vertexpath Analytics,Manufacturing,North America,1-50,Paid Ads,2025-11-01
3484,Pinepeak Studios,logistics,N. America,51-200,Organic Search,2026-05-14
1799,Maplepeak Energy,Manufacturing,apac ,51-200,Paid Ads,2024-06-29
3611,Swiftforge Co,Technology,Europe,1-50,Organic Search,2026-07-29
3604,Swiftbridge Foods,Media,N. America,1-50,Organic Search,2026-07-28
1267,Summitpath Studios,Education,North America,1000+,Organic Search,2023-07-29
1994,Orbitgate Labs,Healthcare,emea,1-50,Outbound Sales,10/09/2024
1620,Harborfield Analytics,Logistics,NA,1000+,Outbound Sales,2024-02-08
2267,Primestone Systems,Healthcare,EMEA,1-50,Organic Search,2025-02-11
1120,Coralbridge Analytics,Finance,North America,51-200,Organic Search,2023-03-14
3747,Coralforge Group,Media,APAC,1000+,Outbound Sales,2026-08-05
1650,Ironline Foods,Media,NA,1-50,Paid Ads,2024-03-09
2131,Novapath Systems,manufacturing,LATAM,51-200,Partner,2024-11-16
1804,Summitforge Co,Technology,North America,201-1000,Organic Search,2024-06-21
3377,Quartzline Group,Education,LATAM,1-50,Paid Ads,2026-04-30
1141,Terragate Health,Media,apac ,201-1000,Paid Ads,2023-04-25
1126,Silvergate Foods,Finance,EMEA,1000+,Partner,2023-04-18
2958,Orbitfield Energy,Education,Asia Pacific,1-50,Organic Search,2025-11-11
1210,Silvergate Group,Media,apac ,1-50,Paid Ads,2023-06-30
2811,Summitcraft Studios  ,Technology,north america ,1-50,Paid Ads,2025-09-17
1986,Pinefield Partners  ,Education,North America,1000+,Paid Ads,2024-09-03
2420,Atlasline Foods,Logistics,EMEA,201-1000,Paid Ads,2025-04-03
3330,Mapleforge Labs,Retail,North America,1-50,Partner,2026-04-23
3319,Pinefield Energy,Logistics,EMEA,51-200,Partner,2026-03-01
1177,Swiftbridge Systems,Healthcare,NA,1-50,Partner,2023-05-01
2826,Vertexgate Health,Education,APAC,51-200,Paid Ads,2025-10-06
3448,Brightpath Energy,Finance,EMEA,,Outbound Sales,2026-05-24
2320,Granitestone Logistics,Healthcare,N. America,1-50,Paid Ads,2025-02-07
1725,Coralpoint Labs,Media,Latin America,201-1000,Partner,2024-04-04
2727,Terrapath Studios,Technology,EMEA,1-50,Outbound Sales,2025-08-18
3002,Novaline Health,Manufacturing,LATAM,51-200,Partner,2025-12-06
2656,Greenbridge Health,Education,EMEA,201-1000,Partner,29/07/2025
3879,Maplegate Retail,Logistics,LATAM,1-50,Organic Search,2026-09-20
3264,Quartzforge Retail,Healthcare,Europe,1-50,Paid Ads,2026-03-24
2698,Novagate Analytics,Logistics,North America,1-50,Outbound Sales,2025-08-07
3269,Primegate Co,Healthcare,apac ,1-50,Partner,2026-03-31
1923,Pineworks Health,Technology,EMEA,51-200,Organic Search,2024-08-28
3286,Vertexforge Group,Education,NA,201-1000,Paid Ads,2026-03-12
1761,Terrastone Partners,Retail,NA,201-1000,Paid Ads,2024-05-22
3381,Echopath Analytics,Finance,EMEA,1-50,Organic Search,2026-04-18
1592,Atlaspeak Logistics,Education,N. America,1-50,Partner,2024-02-05
2573,Silverworks Studios,Retail,LATAM,201-1000,Outbound Sales,2025-06-03
1547,Pineforge Energy,logistics,Latin America,51-200,Partner,2024-01-16
3349,Terraworks Foods,Finance,LATAM,1-50,Paid Ads,2026-04-16
1892,Maplepoint Retail,Retail,EMEA,1000+,Outbound Sales,2024-07-15
3878,Brightbridge Group,Retail,LATAM,1-50,Organic Search,2026-09-30
3687,Primegate Health,Healthcare,EMEA,1-50,Paid Ads,2026-08-07
1941,Bluepoint Foods  ,Media,Asia Pacific,51-200,Organic Search,2024-08-07
1205,Brightgate Labs,Media,North America,1-50,Paid Ads,2023-05-23
1147,Summitgate Partners,Education,APAC,1-50,Paid Ads,2023-04-25
2968,Summitwave Retail,Technology,EMEA,1-50,Organic Search,2025-11-20
3436,Atlasfield Systems,Education,EMEA,1000+,Outbound Sales,2026-05-26
1551,Sagefield Analytics,technology,NA,1-50,Organic Search,2024-01-14
1336,Terragate Systems,Healthcare,North America,1-50,Partner,2023-08-14
2654,Primepoint Analytics,Retail,APAC,1-50,Organic Search,2025-07-31
3271,Northgate Systems,Healthcare,APAC,51-200,Organic Search,2026-03-23
1318,Northfield Systems,Retail,APAC,51-200,Partner,2023-08-25
3213,Vertexpoint Systems,Retail,EMEA,1-50,Organic Search,2026-02-27
2683,Coralstone Partners,Healthcare,EMEA,1-50,Outbound Sales,2025-08-22
3366,Pinepoint Studios,Manufacturing,emea,51-200,Outbound Sales,2026-04-08
2775,Summitline Logistics,Media,EMEA,1-50,Organic Search,2025-09-21
1452,Atlaspath Studios,Education,LATAM,51-200,Partner,2023-11-11
3449,Primebridge Retail,Logistics,Asia Pacific,1000+,Paid Ads,2026-05-26
2808,Irongate Co  ,Education,EMEA,201-1000,Organic Search,2025-09-12
2369,Orbitline Partners,Retail,NA,1-50,Organic Search,2025-03-06
2802,Greenforge Energy,Logistics,LATAM,201-1000,Paid Ads,2025-09-07
1314,Echobridge Group,Retail,EMEA,1000+,Paid Ads,2023-08-17
3365,Cleargate Co  ,Education,North America,1-50,Organic Search,2026-04-13
1505,Vertexwave Analytics,Education,North America,201-1000,Outbound Sales,24/12/2023
2652,Northwave Co,Manufacturing,NA,51-200,Organic Search,2025-07-01
3375,Ironpeak Analytics,Healthcare,north america ,51-200,Paid Ads,2026-04-10
3552,Echogate Analytics,Healthcare,north america ,201-1000,Paid Ads,2026-06-05
1498,Brightcraft Logistics,Logistics,North America,1-50,Organic Search,2023-12-31
3489,Orbitfield Co,Education,EMEA,1-50,Paid Ads,26/05/2026
3065,Harborpoint Foods,Logistics,N. America,201-1000,Outbound Sales,2025-12-20
1218,Northcraft Health  ,Retail,EMEA,1000+,Organic Search,2023-06-12
3668,Sagestone Retail  ,Media,NA,51-200,Organic Search,2026-07-08
1191,Riverwave Analytics,Logistics,EMEA,201-1000,Outbound Sales,2023-05-11
3296,Primegate Logistics,Education,NA,1-50,Paid Ads,25/03/2026
2452,Primepeak Co,Media,emea,51-200,Outbound Sales,2025-04-12
1781,Northbridge Studios,Education,north america ,201-1000,Partner,2024-05-02
2164,Rivercraft Group  ,Media,EMEA,1-50,Outbound Sales,2024-12-28
3108,Summitbridge Labs,Finance,Latin America,1-50,Paid Ads,2026-01-15
3379,Sageline Foods,Healthcare,apac ,51-200,Paid Ads,2026-04-10
2103,Sagepoint Studios  ,Finance,EMEA,51-200,Organic Search,2024-11-08
1721,Maplepeak Logistics,Healthcare,North America,201-1000,Partner,01/04/2024
2088,Ironworks Energy,Logistics,Latin America,51-200,Outbound Sales,2024-11-09
1905,Summitworks Studios,Retail,Latin America,1-50,Paid Ads,2024-08-06
1517,Sagewave Logistics,Logistics,EMEA,201-1000,Outbound Sales,2023-12-02
2078,Pinegate Foods,Technology,EMEA,,Paid Ads,2024-11-12
1175,Orbitcraft Health,Retail,emea,51-200,Outbound Sales,2023-05-12
3518,Novaforge Co,Education,EMEA,1-50,Paid Ads,2026-06-10
2854,Swiftfield Studios,Education,NA,1-50,Outbound Sales,2025-10-26
3057,Terragate Co,Media,apac ,,Organic Search,2025-12-27
2837,Vertexbridge Analytics,Finance,North America,1-50,Paid Ads,2025-10-24
2269,Quartzcraft Labs  ,Education,N. America,1-50,Outbound Sales,2025-02-23
2535,Summitpath Health,Manufacturing,LATAM,51-200,Outbound Sales,2025-06-13
3501,Vertexworks Partners,Healthcare,North America,1-50,Paid Ads,2026-06-10
1260,Atlaspath Energy,Finance,APAC,1000+,Organic Search,2023-07-10
3372,Vertexworks Labs,Healthcare,North America,201-1000,Paid Ads,2026-04-17
2676,Silverpath Labs,Logistics,NA,201-1000,Organic Search,2025-07-05
1720,Brightline Logistics,technology,APAC,51-200,Partner,2024-04-07
2143,Quartzgate Retail,Healthcare,emea,201-1000,Organic Search,2024-12-03
3017,Harborbridge Logistics,Healthcare,N. America,1-50,Organic Search,2025-12-29
2300,Echopath Systems,Healthcare,APAC,1000+,Organic Search,2025-02-13
2018,Summitcraft Labs,Retail,EMEA,51-200,Paid Ads,2024-09-23
2125,Vertexbridge Labs,Media,APAC,51-200,Partner,2024-11-18
2908,Clearcraft Logistics,Retail,EMEA,51-200,Organic Search,2025-10-30
1856,Terraforge Energy,Finance,N. America,1-50,Paid Ads,2024-07-06
2690,Graniteforge Group,healthcare,north america ,,Paid Ads,2025-08-13
3729,Echopeak Energy,Healthcare,North America,201-1000,Outbound Sales,2026-08-15
2721,Northstone Retail,Logistics,Europe,51-200,Organic Search,2025-08-04
3731,Summitbridge Logistics,Media,North America,201-1000,Partner,2026-08-18
3534,Ironfield Co,Finance,EMEA,51-200,Outbound Sales,2026-06-24
1979,Northpoint Logistics,Retail,Latin America,51-200,Outbound Sales,2024-09-14
3072,Brightpeak Co,Technology,North America,201-1000,Organic Search,2026-01-16
1743,Echobridge Studios,Retail,N. America,1-50,Paid Ads,2024-05-31
2612,Terrawave Logistics,Logistics,N. America,1000+,Organic Search,2025-07-20
3170,Clearcraft Partners,Retail,apac ,1-50,Partner,2026-02-14
2418,Atlaswave Energy,Education,Europe,201-1000,Paid Ads,11/04/2025
1924,Orbitstone Systems,Logistics,N. America,51-200,Organic Search,2024-08-08
1046,Brightpeak Partners,Media,APAC,1000+,Organic Search,2023-02-10
1393,Echofield Analytics,Technology,EMEA,201-1000,Organic Search,2023-09-01
3843,Pinefield Group,Logistics,N. America,1-50,Organic Search,23/09/2026
3549,Riverwave Health,Education,NA,1-50,Outbound Sales,2026-06-28
2819,Greenfield Partners,Technology,North America,1-50,Paid Ads,2025-09-04
1718,Terrapath Systems,Technology,N. America,1-50,Outbound Sales,2024-04-11
3390,Graniteline Logistics,Retail,NA,1-50,Outbound Sales,2026-04-14
2155,Granitepath Retail,manufacturing,north america ,1-50,Organic Search,2024-12-13
2332,Swiftpeak Health,Logistics,North America,1000+,Partner,2025-03-10
1670,Vertexcraft Energy,Media,N. America,1000+,Paid Ads,17/03/2024
2860,Northgate Health,technology,LATAM,1-50,Outbound Sales,2025-10-17
1049,Cleargate Studios,Media,Latin America,1-50,Paid Ads,2023-02-18
3373,Novawave Foods,Technology,Europe,1000+,Organic Search,2026-04-05
2869,Terrabridge Analytics,Media,EMEA,201-1000,Organic Search,2025-10-29
2357,Primebridge Health,Finance,North America,201-1000,Organic Search,2025-03-02
3474,Terrafield Labs,Technology,LATAM,1-50,Paid Ads,2026-05-19
1777,Quartzforge Logistics,Logistics,emea,51-200,Outbound Sales,2024-05-05
2531,Quartzwave Logistics,Technology,apac ,1000+,Paid Ads,2025-06-27
3575,Sageforge Analytics,Technology,North America,1000+,Organic Search,2026-06-23
1660,Primepath Group,Retail,North America,1-50,Partner,2024-03-29
3731,Summitbridge Logistics,Media,North America,201-1000,Partner,2026-08-18
3626,Coralbridge Partners,Media,APAC,1-50,Organic Search,2026-07-25
3298,Harborpoint Logistics,Retail,North America,51-200,Outbound Sales,2026-03-12
2702,Greenbridge Group,Technology,Europe,201-1000,Outbound Sales,2025-08-16
2846,Summitstone Studios,Manufacturing,emea,1-50,Organic Search,2025-10-24
3335,Primestone Retail,Finance,NA,201-1000,Partner,2026-04-26
3814,Greenstone Co,Healthcare,North America,1-50,Paid Ads,2026-09-09
2398,Bluepath Foods,Education,Latin America,1-50,Organic Search,02/04/2025
1403,Riverstone Studios,Education,APAC,1-50,Outbound Sales,2023-10-20
1678,Greenforge Systems,Media,LATAM,1-50,Outbound Sales,2024-03-26
1207,Greencraft Labs,finance,EMEA,51-200,Partner,03/05/2023
2404,Novabridge Health,Retail,North America,1-50,Partner,2025-04-12
3008,Brightcraft Energy,Retail,Latin America,1-50,Paid Ads,2025-12-01
2509,Riverpeak Logistics,Finance,Europe,1000+,Organic Search,2025-05-14
1789,Swiftpoint Health,Finance,emea,1000+,Partner,2024-06-23
3257,Silverline Partners,Manufacturing,Europe,1000+,Paid Ads,2026-03-23
1561,Ironforge Foods,Media,NA,51-200,Partner,2024-01-15
1427,Coralpeak Group,Logistics,N. America,1000+,Organic Search,2023-10-18
1796,Brightcraft Studios,Logistics,EMEA,1-50,Outbound Sales,17/06/2024
3401,Granitestone Group,Education,Europe,201-1000,Organic Search,2026-04-29
3794,Greenforge Analytics,Media,EMEA,51-200,Organic Search,02/09/2026
3658,Ironwave Partners,healthcare,emea,1000+,Outbound Sales,2026-07-27
3281,Terrapoint Studios,Logistics,EMEA,1-50,Organic Search,2026-03-24
1016,Summitworks Analytics  ,Logistics,emea,1000+,Paid Ads,2023-01-30
2554,Brightwave Retail,Technology,Asia Pacific,1-50,Outbound Sales,12/06/2025
3805,Quartzbridge Partners,Education,Asia Pacific,1-50,Paid Ads,2026-09-03
3088,Summitcraft Group,Media,Asia Pacific,201-1000,Organic Search,2026-01-03
1738,Graniteline Foods  ,Healthcare,NA,51-200,Organic Search,2024-05-26
1433,Silverpoint Health,Media,N. America,1-50,Paid Ads,2023-10-02
3536,Granitepath Co,Manufacturing,Europe,1-50,Organic Search,2026-06-03
3803,Terracraft Partners,Manufacturing,apac ,1-50,Organic Search,2026-09-23
2545,Primefield Systems,Healthcare,apac ,201-1000,Partner,2025-06-25
2141,Harborpeak Partners,Retail,North America,1-50,Organic Search,2024-12-05
2175,Coralpoint Systems,Media,North America,1-50,Organic Search,2024-12-07
3181,Echowave Systems,Manufacturing,APAC,1-50,Paid Ads,2026-02-25
1266,Riverline Co,Healthcare,LATAM,201-1000,Organic Search,2023-07-26
2081,Atlasline Health,Education,emea,51-200,Organic Search,2024-11-26
3074,Brightpeak Foods,Education,EMEA,201-1000,Organic Search,2026-01-19
1034,Clearbridge Partners,Retail,APAC,1-50,Paid Ads,2023-01-29
1379,Irongate Retail,Manufacturing,Europe,51-200,Organic Search,2023-09-23
2931,Atlasbridge Health,Technology,LATAM,1-50,Partner,2025-11-22
1242,Atlasgate Analytics,Retail,NA,1-50,Organic Search,2023-06-24
2138,Terrastone Energy,Healthcare,EMEA,1-50,Organic Search,2024-12-23
1402,Ironbridge Co,Healthcare,NA,201-1000,Paid Ads,2023-10-31
1359,Riverstone Foods,Logistics,north america ,1-50,Paid Ads,2023-09-01
2375,Riverpath Retail,Media,LATAM,1-50,Paid Ads,2025-03-07
2117,Northstone Systems,Finance,North America,1000+,Paid Ads,2024-11-10
2675,Northcraft Logistics,Media,Europe,201-1000,Organic Search,2025-07-23
3573,Brightcraft Co  ,Technology,Asia Pacific,51-200,Outbound Sales,2026-06-19
1412,Atlaswave Studios,Media,N. America,51-200,Outbound Sales,2023-10-08
2655,Coralgate Studios,Technology,North America,1000+,Partner,2025-07-17
2966,Pineforge Systems,Healthcare,apac ,51-200,Partner,2025-11-17
1897,Echogate Studios,Media,N. America,1-50,Organic Search,2024-07-10
3422,Pinecraft Retail,Manufacturing,Europe,1-50,Organic Search,2026-05-24
1631,Ironstone Partners,Logistics,N. America,1-50,Outbound Sales,2024-02-26
2684,Maplewave Partners,Technology,north america ,51-200,Organic Search,2025-08-26
2753,Orbitbridge Foods,Healthcare,NA,1-50,Organic Search,2025-08-30
2725,Silverforge Labs,Retail,EMEA,1-50,Organic Search,2025-08-13
3328,Terrabridge Labs,healthcare,APAC,1000+,Partner,2026-04-29
3095,Orbitpoint Analytics,Retail,APAC,201-1000,Organic Search,25/01/2026
3357,Northpath Foods,Media,North America,201-1000,Organic Search,2026-04-22
2606,Primecraft Group,finance,APAC,,Paid Ads,2025-07-24
2882,Summitpoint Systems,Logistics,Europe,1-50,Paid Ads,2025-10-23
2409,Harborfield Health,Manufacturing,Europe,201-1000,Organic Search,2025-04-05
3153,Sagestone Systems,Healthcare,EMEA,201-1000,Outbound Sales,2026-01-05
2038,Silverfield Energy,Healthcare,APAC,1-50,Paid Ads,2024-10-14
1617,Vertexpeak Partners,Manufacturing,apac ,1-50,Organic Search,2024-02-04
3044,Ironstone Health,Finance,emea,1000+,Paid Ads,2025-12-17
2312,Riverpoint Retail,Healthcare,North America,51-200,Outbound Sales,2025-02-03
3629,Terrastone Co,media,LATAM,51-200,Organic Search,17/07/2026
3162,Clearpoint Energy,Finance,North America,1-50,Outbound Sales,2026-02-18
3496,Northpath Group,Media,APAC,51-200,Partner,2026-05-14
1119,Harborcraft Analytics,Healthcare,apac ,51-200,Partner,2023-03-11
3244,Atlasforge Group,Retail,emea,51-200,Paid Ads,2026-02-26
1130,Terraline Health,Technology,N. America,1-50,Partner,2023-04-14
2056,Greenforge Partners,Retail,NA,1000+,Organic Search,2024-10-21
3098,Sagefield Retail,Media,LATAM,1000+,Partner,2026-01-13
2759,Summitcraft Energy,Logistics,Asia Pacific,1-50,Outbound Sales,2025-09-20
2484,Swiftstone Retail,Media,EMEA,1-50,Paid Ads,2025-05-02
2290,Coralstone Energy,Technology,North America,1-50,Outbound Sales,2025-02-14
2174,Silverforge Studios,Manufacturing,NA,51-200,Organic Search,2024-12-19
2888,Novawave Logistics,Media,LATAM,51-200,Paid Ads,2025-10-29
3583,Silverbridge Studios,Manufacturing,APAC,1-50,Organic Search,2026-06-21
1323,Coralworks Energy,Logistics,N. America,1-50,Paid Ads,2023-08-20
3060,Summitbridge Health,Healthcare,apac ,201-1000,Organic Search,2025-12-31
1939,Primegate Partners,Finance,Europe,1-50,Partner,2024-08-18
3221,Novabridge Co,retail,N. America,1-50,Paid Ads,2026-02-03
3715,Greenforge Logistics,Media,NA,1-50,Organic Search,2026-08-12
1714,Ironstone Group,Education,APAC,1-50,Organic Search,2024-04-18
3660,Atlasforge Partners,Education,LATAM,1-50,Organic Search,2026-07-27
1553,Harborpath Logistics,Technology,EMEA,201-1000,Organic Search,2024-01-04
2632,Bluebridge Energy,Finance,North America,201-1000,Organic Search,2025-07-30
3789,Summitpeak Health,Healthcare,LATAM,51-200,Organic Search,2026-09-12
2262,Brightgate Group,Healthcare,N. America,201-1000,Outbound Sales,2025-02-08
2099,Silverbridge Retail,Manufacturing,North America,1000+,Outbound Sales,2024-11-23
3669,Greenbridge Energy,Education,EMEA,51-200,Outbound Sales,18/07/2026
3205,Coralgate Energy,Manufacturing,LATAM,51-200,Organic Search,2026-02-28
1773,Northline Retail,Finance,APAC,1000+,Organic Search,2024-05-18
2786,Ironpoint Group,Healthcare,N. America,1-50,Organic Search,2025-09-01
2862,Riverpeak Group,media,LATAM,1-50,Partner,2025-10-09
2040,Silvergate Health,Media,EMEA,1-50,Organic Search,2024-10-12
3455,Terrapeak Health,Retail,N. America,51-200,Outbound Sales,2026-05-31
2647,Summitgate Studios,Technology,N. America,201-1000,Partner,2025-07-17
3770,Irongate Studios,technology,EMEA,,Paid Ads,2026-08-08
1571,Vertexpoint Analytics,Retail,APAC,1-50,Organic Search,2024-01-21
1962,Granitepeak Health,logistics,emea,51-200,Partner,09/08/2024
3686,Novacraft Foods,manufacturing,north america ,1-50,Partner,2026-08-28
2503,Clearstone Logistics,Finance,North America,1000+,Organic Search,2025-05-15
2561,Brightbridge Analytics,Manufacturing,EMEA,1-50,Outbound Sales,2025-06-23
1607,Novafield Systems,technology,north america ,1-50,Outbound Sales,2024-02-04
1212,Primegate Labs,Technology,N. America,201-1000,Organic Search,2023-06-13
2055,Vertexline Energy,Retail,APAC,,Paid Ads,2024-10-27
1902,Harborforge Labs,Manufacturing,Europe,51-200,Organic Search,2024-08-24
3208,Sageforge Labs,Finance,NA,201-1000,Partner,2026-02-06
3482,Bluebridge Systems  ,Retail,APAC,51-200,Organic Search,2026-05-18
3020,Clearpath Group,Healthcare,Europe,1-50,Paid Ads,2025-12-02
2476,Atlaswave Group,Logistics,NA,201-1000,Outbound Sales,2025-05-15
2871,Coralline Logistics,Media,EMEA,1000+,Paid Ads,2025-10-21
2524,Bluepeak Foods,Media,emea,1-50,Partner,01/05/2025
1858,Coralgate Partners,Media,apac ,201-1000,Partner,2024-07-30
3425,Harborstone Health,Logistics,emea,51-200,Organic Search,2026-05-23
2969,Northbridge Logistics,Media,APAC,,Partner,2025-11-07
1529,Riverfield Group,Technology,Latin America,1000+,Organic Search,2023-12-11
1279,Summitpoint Partners,Healthcare,EMEA,1-50,Outbound Sales,2023-07-16
3055,Orbitpoint Health,Technology,NA,51-200,Paid Ads,2025-12-28
1204,Sagepeak Retail,Retail,Latin America,1-50,Paid Ads,2023-05-02
3487,Silvergate Systems,Manufacturing,APAC,1-50,Paid Ads,2026-05-25
3035,Silvercraft Systems,Media,North America,201-1000,Outbound Sales,2025-12-13
3813,Echofield Logistics,Logistics,APAC,51-200,Paid Ads,2026-09-22
1861,Echoforge Systems,Manufacturing,EMEA,51-200,Organic Search,2024-07-25
2539,Silverforge Co,Technology,North America,1-50,Organic Search,2025-06-13
2694,Harborpeak Labs,Finance,north america ,201-1000,Paid Ads,2025-08-12
3467,Primepoint Co,Education,Europe,51-200,Outbound Sales,2026-05-10
1664,Swiftline Retail,Logistics,Europe,51-200,Paid Ads,2024-03-15
1570,Orbitwave Co,Healthcare,Europe,1-50,Partner,2024-01-04
2019,Atlasfield Foods,Education,APAC,201-1000,Organic Search,2024-09-25
2936,Vertexpoint Health,Technology,N. America,51-200,Partner,2025-11-26
2273,Pinepoint Energy,Healthcare,north america ,201-1000,Organic Search,2025-02-27
3480,Orbitfield Analytics,Retail,NA,1-50,Organic Search,2026-05-22
2697,Granitestone Analytics  ,Education,apac ,1-50,Organic Search,2025-08-26
3833,Sageline Studios,Media,EMEA,201-1000,Outbound Sales,2026-09-30
2173,Sageworks Analytics,Technology,EMEA,1-50,Organic Search,2024-12-09
2058,Maplepath Group,Logistics,North America,,Outbound Sales,2024-10-28
2044,Maplecraft Energy,Media,emea,51-200,Partner,2024-10-17
1003,Pinepoint Partners,Manufacturing,APAC,1000+,Partner,11/01/2023
3374,Greenworks Logistics,technology,emea,51-200,Organic Search,2026-04-25
1716,Granitepeak Systems,Manufacturing,LATAM,1000+,Paid Ads,2024-04-06
1740,Maplepoint Foods,Media,North America,201-1000,Paid Ads,2024-05-15
2205,Pineworks Energy,Manufacturing,emea,201-1000,Partner,2025-01-05
3500,Silverpeak Studios,Education,North America,1000+,Paid Ads,2026-06-27
3399,Quartzfield Partners,Healthcare,NA,51-200,Outbound Sales,2026-04-03
3306,Vertexworks Group,media,NA,1000+,Organic Search,2026-03-19
1586,Quartzwave Partners,Finance,EMEA,1000+,Organic Search,2024-02-04
1661,Coralstone Studios  ,Education,APAC,201-1000,Partner,2024-03-13
1464,Atlaspeak Group,Media,North America,1-50,Outbound Sales,2023-11-04
2197,Echopoint Logistics,Manufacturing,emea,1000+,Paid Ads,2025-01-14
2101,Echoforge Labs,Manufacturing,emea,51-200,Paid Ads,2024-11-27
1328,Pineworks Logistics,Healthcare,north america ,51-200,Paid Ads,2023-08-15
2557,Primegate Systems  ,Finance,APAC,51-200,Outbound Sales,2025-06-06
1542,Coralstone Health,Healthcare,Europe,51-200,Organic Search,2024-01-01
1249,Greenpeak Logistics,Technology,NA,1-50,Organic Search,2023-06-11
2772,Atlaswave Health,logistics,LATAM,51-200,Paid Ads,2025-09-08
2645,Brightline Health,Technology,emea,1-50,Paid Ads,2025-07-05
3616,Orbitforge Studios,finance,apac ,51-200,Paid Ads,2026-07-06
2261,Harborline Group,Education,apac ,1-50,Partner,2025-02-11
3504,Vertexbridge Energy,Media,Europe,51-200,Organic Search,2026-06-30
2149,Novaworks Retail,Retail,N. America,1000+,Organic Search,2024-12-01
3786,Orbitwave Retail,Technology,N. America,201-1000,Organic Search,2026-09-13
1966,Novapoint Analytics,Education,NA,1-50,Organic Search,2024-08-26
3517,Brightbridge Labs,Retail,apac ,1-50,Organic Search,2026-06-07
2791,Swiftpoint Logistics,Logistics,North America,1000+,Organic Search,2025-09-21
1528,Primefield Partners,Media,NA,51-200,Partner,2023-12-12
1086,Vertexworks Systems  ,Logistics,Europe,51-200,Organic Search,2023-02-11
1123,Maplewave Group,Retail,NA,201-1000,Outbound Sales,2023-03-08
3535,Pinebridge Co,Media,North America,1000+,Outbound Sales,2026-06-08
1490,Summitpeak Logistics,Retail,Latin America,51-200,Partner,2023-11-23
2763,Silverforge Health,Retail,APAC,1-50,Organic Search,2025-09-17
1199,Northfield Logistics,Manufacturing,North America,51-200,Organic Search,2023-05-12
2583,Orbitcraft Energy,Finance,north america ,1-50,Organic Search,2025-06-26
2032,Clearline Studios,Education,LATAM,1-50,Organic Search,2024-10-23
2642,Northpeak Labs  ,media,North America,,Partner,2025-07-21
2517,Mapleforge Retail,Education,APAC,51-200,Organic Search,2025-05-20
3409,Rivergate Foods,technology,NA,,Paid Ads,2026-05-19
1919,Swiftfield Labs,Technology,NA,51-200,Outbound Sales,2024-08-13
2118,Harborgate Analytics,Technology,NA,51-200,Paid Ads,2024-11-01
1135,Northforge Health,Logistics,north america ,51-200,Organic Search,2023-04-17
3322,Summitgate Group,Finance,LATAM,,Partner,2026-03-15
2465,Maplecraft Partners,Logistics,EMEA,1-50,Organic Search,2025-05-10
1215,Silverpath Health,Media,north america ,51-200,Paid Ads,2023-06-12
1817,Ironpeak Partners,Manufacturing,EMEA,1-50,Paid Ads,2024-06-30
2585,Swiftstone Energy,Education,EMEA,1-50,Organic Search,2025-06-17
1747,Harborpath Energy  ,Logistics,north america ,201-1000,Organic Search,2024-05-10
3019,Sageworks Retail,Retail,EMEA,51-200,Paid Ads,2025-12-13
1153,Maplepoint Co,Retail,EMEA,1-50,Partner,2023-04-23
1128,Terracraft Group  ,Logistics,EMEA,1-50,Partner,2023-04-16
1765,Orbitwave Studios,Media,apac ,201-1000,Partner,2024-05-26
3312,Ironcraft Partners,Finance,apac ,1000+,Organic Search,2026-03-16
3334,Orbitpeak Health,Retail,Europe,1000+,Outbound Sales,2026-04-28
2864,Novapeak Partners,Manufacturing,LATAM,1-50,Paid Ads,29/10/2025
2400,Novastone Foods,Finance,NA,1000+,Paid Ads,2025-04-26
2711,Quartzbridge Group,Retail,Europe,51-200,Paid Ads,2025-08-19
1898,Clearcraft Co,Logistics,EMEA,201-1000,Partner,2024-07-25
2707,Orbitworks Systems,Finance,apac ,1-50,Organic Search,2025-08-02
2705,Atlaspoint Partners  ,Manufacturing,North America,51-200,Partner,2025-08-10
3690,Quartzworks Logistics,Education,North America,1-50,Organic Search,2026-08-14
2754,Granitegate Health,Media,N. America,51-200,Partner,2025-08-20
2805,Coralpeak Studios,Education,Europe,1-50,Outbound Sales,2025-09-16
2381,Silverpath Co,Technology,Europe,1-50,Partner,2025-03-14
2250,Terraline Studios,Education,EMEA,51-200,Partner,2025-01-17
1189,Quartzforge Studios,Technology,Europe,51-200,Paid Ads,2023-05-01
2216,Quartzwave Foods,Technology,Europe,51-200,Paid Ads,2025-01-08
1989,Northfield Foods,Education,APAC,1-50,Partner,2024-09-07
1643,Swiftpeak Partners,Manufacturing,APAC,1-50,Partner,2024-03-07
2779,Harborfield Foods,retail,North America,1-50,Paid Ads,2025-09-20
3861,Summitgate Co,healthcare,North America,1-50,Partner,2026-09-11
2628,Blueworks Retail,manufacturing,North America,1-50,Organic Search,2025-07-12
2493,Echogate Foods,Media,North America,,Paid Ads,2025-05-31
2195,Bluestone Analytics,Retail,Latin America,,Paid Ads,2024-12-19
1701,Brightfield Partners,Healthcare,EMEA,1-50,Organic Search,2024-04-04
1863,Vertexfield Health,Education,EMEA,51-200,Paid Ads,2024-07-11
1395,Orbitpeak Group,Healthcare,emea,1-50,Paid Ads,2023-09-10
2553,Quartzcraft Retail,Media,EMEA,1000+,Paid Ads,2025-06-07
3424,Orbitpath Logistics,Logistics,north america ,201-1000,Paid Ads,2026-05-07
3834,Pinebridge Systems,Manufacturing,APAC,1-50,Paid Ads,06/09/2026
1234,Clearpeak Health,Finance,North America,201-1000,Partner,2023-06-11
3309,Quartzstone Energy,manufacturing,EMEA,51-200,Organic Search,2026-03-08
2207,Brightpoint Systems,Education,N. America,51-200,Partner,2025-01-03
3785,Swiftcraft Energy,Education,N. America,51-200,Organic Search,2026-09-23
3172,Orbitgate Logistics,Finance,LATAM,201-1000,Paid Ads,2026-02-06
2026,Atlaspoint Foods,Media,North America,,Organic Search,2024-10-02
1895,Orbitbridge Logistics,Technology,Europe,,Partner,2024-07-03
3428,Echoline Partners,Education,Europe,51-200,Paid Ads,2026-05-05
1763,Greenstone Systems,Finance,NA,51-200,Outbound Sales,2024-05-03
2591,Echofield Health,Technology,EMEA,1-50,Organic Search,2025-06-10
1193,Blueworks Foods,Manufacturing,apac ,1000+,Organic Search,2023-05-15
1265,Silverwave Partners,Education,Latin America,51-200,Outbound Sales,2023-07-30
1159,Vertexstone Systems,Finance,N. America,1-50,Partner,2023-04-04
3723,Novaworks Energy,Retail,North America,1-50,Paid Ads,2026-08-28
2529,Swiftwave Group,Manufacturing,N. America,1-50,Outbound Sales,2025-06-18
2386,Mapleworks Logistics,Logistics,North America,1-50,Organic Search,2025-04-07
1974,Harborforge Retail,Manufacturing,APAC,51-200,Outbound Sales,2024-09-21
3224,Greenwave Health,Healthcare,apac ,201-1000,Organic Search,2026-02-22
1455,Brightpoint Analytics,Education,EMEA,1000+,Organic Search,2023-11-06
1344,Northwave Logistics,Logistics,North America,1-50,Organic Search,2023-08-06
3610,Primeforge Systems,Logistics,Asia Pacific,201-1000,Outbound Sales,2026-07-17
3693,Vertexpeak Health,Manufacturing,Latin America,1-50,Outbound Sales,2026-08-07
2641,Terrapeak Partners,Logistics,APAC,1-50,Partner,2025-07-27
1385,Cleargate Retail,Media,emea,51-200,Partner,2023-09-07
2470,Vertexgate Group,Education,North America,51-200,Outbound Sales,2025-05-23
1476,Coralfield Retail,Media,North America,1000+,Organic Search,2023-11-03
2889,Northstone Group,Logistics,emea,1-50,Paid Ads,2025-10-22
1520,Orbitbridge Energy,Manufacturing,emea,1-50,Paid Ads,2023-12-02
1972,Granitefield Energy,Education,APAC,51-200,Paid Ads,2024-09-21
3654,Pinegate Studios,finance,NA,,Partner,2026-07-04
3136,Coralworks Labs,Manufacturing,emea,51-200,Organic Search,2026-01-08
2724,Maplepoint Logistics,Finance,N. America,51-200,Paid Ads,2025-08-23
1927,Quartzbridge Health,Finance,EMEA,201-1000,Paid Ads,2024-08-08
2324,Novaline Foods,Education,North America,1-50,Organic Search,2025-02-14
1619,Terrapoint Health,Retail,EMEA,1-50,Paid Ads,2024-02-23
2068,Novapeak Co,Media,Europe,51-200,Paid Ads,2024-10-14
3133,Pinegate Health,Manufacturing,North America,201-1000,Paid Ads,2026-01-18
2572,Harborcraft Health,Logistics,emea,201-1000,Partner,2025-06-01
3516,Summitline Studios,Technology,APAC,1000+,Outbound Sales,2026-06-09
1023,Silverpath Partners,Logistics,Europe,51-200,Organic Search,2023-01-07
1354,Northworks Foods,Finance,apac ,1000+,Outbound Sales,2023-09-29
2119,Silverpath Retail,Education,APAC,201-1000,Organic Search,2024-11-20
1608,Atlasforge Labs  ,Education,North America,51-200,Partner,2024-02-17
1845,Novafield Analytics,Finance,Asia Pacific,51-200,Partner,23/07/2024
3619,Echofield Group,Retail,North America,1-50,Organic Search,2026-07-22
2067,Bluecraft Studios,Healthcare,Europe,1-50,Organic Search,2024-10-16
1169,Orbitfield Partners,healthcare,NA,1-50,Organic Search,2023-04-05
2693,Graniteline Studios,Technology,LATAM,1-50,Organic Search,2025-08-28
3078,Coralgate Co,Technology,Europe,1-50,Outbound Sales,2026-01-15
1847,Clearstone Health,Finance,North America,51-200,Organic Search,2024-07-31
1697,Riverpoint Studios,Healthcare,north america ,201-1000,Partner,2024-04-07
1051,Coralpeak Foods,Finance,EMEA,51-200,Outbound Sales,2023-02-02
2579,Atlasworks Retail,Logistics,EMEA,1-50,Organic Search,2025-06-17
2793,Riverwave Co,Manufacturing,APAC,51-200,Partner,2025-09-04
1103,Granitestone Partners,Education,emea,1-50,Partner,2023-03-13
2193,Riverwave Partners,manufacturing,Latin America,1000+,Organic Search,2024-12-30
2672,Clearbridge Logistics,Manufacturing,North America,51-200,Paid Ads,2025-07-23
3144,Granitewave Health,Healthcare,LATAM,1-50,Outbound Sales,2026-01-15
1589,Sagepath Partners,Finance,LATAM,51-200,Organic Search,2024-02-24
3689,Novagate Foods,Media,north america ,51-200,Organic Search,2026-08-13
1355,Quartzcraft Logistics,Manufacturing,North America,51-200,Partner,2023-09-14
3256,Coralpeak Retail,Healthcare,apac ,51-200,Paid Ads,2026-03-03
1749,Sageforge Co,Healthcare,North America,51-200,Partner,2024-05-16
3101,Orbitcraft Labs,Education,LATAM,1000+,Paid Ads,2026-01-04
3591,Atlasline Systems,Healthcare,LATAM,1-50,Partner,2026-07-26
3297,Brightwave Foods,Education,North America,1-50,Outbound Sales,2026-03-12
3853,Orbitpoint Partners  ,Education,APAC,51-200,Partner,2026-09-28
2995,Brightcraft Systems,Media,EMEA,51-200,Organic Search,2025-12-31
2555,Pinepoint Foods,Logistics,North America,51-200,Organic Search,2025-06-19
2279,Pinefield Retail,Healthcare,NA,1-50,Outbound Sales,2025-02-16
2236,Terracraft Co,education,apac ,51-200,Outbound Sales,2025-01-19
1731,Swiftpath Retail,Retail,North America,51-200,Partner,2024-04-20
1938,Greenpath Analytics,Education,North America,1000+,Paid Ads,2024-08-11
2027,Summitstone Foods,Media,North America,1-50,Paid Ads,2024-10-10
1977,Ironforge Health,Retail,Europe,51-200,Organic Search,2024-09-18
2540,Quartzcraft Partners,Education,Latin America,51-200,Outbound Sales,2025-06-15
3749,Novabridge Foods,Logistics,LATAM,51-200,Partner,2026-08-21
2293,Maplebridge Partners,Logistics,North America,1-50,Partner,2025-02-15
1800,Ironwave Retail,Healthcare,NA,1000+,Outbound Sales,2024-06-14
3801,Riverfield Retail,education,North America,51-200,Partner,2026-09-30
1139,Primeline Logistics,Education,N. America,1-50,Outbound Sales,2023-04-07
3781,Summitgate Energy,Technology,EMEA,1-50,Partner,2026-09-29
2773,Granitefield Co,Manufacturing,North America,1-50,Outbound Sales,2025-09-20
3462,Summitbridge Retail,Healthcare,NA,201-1000,Organic Search,2026-05-07
1484,Atlasstone Retail,Technology,emea,51-200,Paid Ads,2023-11-20
3829,Primepeak Foods,Finance,North America,201-1000,Partner,26/09/2026
2491,Novawave Analytics,Technology,EMEA,1-50,Paid Ads,2025-05-31
2495,Riverpoint Foods,Finance,North America,201-1000,Partner,28/05/2025
1557,Sagewave Analytics,Education,EMEA,51-200,Paid Ads,2024-01-08
3772,Granitebridge Health,Education,North America,1-50,Partner,2026-09-14
2005,Atlasforge Foods,Logistics,emea,1-50,Outbound Sales,2024-09-27
2127,Terrabridge Health,Media,Asia Pacific,1000+,Outbound Sales,2024-11-06
1694,Silverstone Studios,Media,APAC,51-200,Organic Search,2024-04-30
2512,Echopoint Studios,Media,N. America,201-1000,Outbound Sales,2025-05-14
1987,Sageworks Partners,Logistics,NA,,Paid Ads,2024-09-06
1717,Swiftbridge Studios,Technology,APAC,1000+,Partner,2024-04-20
3784,Atlasline Co,Logistics,north america ,1-50,Organic Search,2026-09-30
1435,Coralpath Co,Manufacturing,EMEA,1000+,Paid Ads,2023-10-03
1300,Mapleline Partners,Technology,N. America,201-1000,Organic Search,2023-07-13
2567,Blueline Logistics,Manufacturing,emea,1-50,Organic Search,2025-06-22
3397,Blueworks Co,Retail,LATAM,1-50,Outbound Sales,2026-04-07
1188,Vertexbridge Logistics,Logistics,North America,201-1000,Organic Search,2023-05-27
2987,Bluepoint Logistics,Healthcare,EMEA,1-50,Outbound Sales,2025-11-07
2999,Ironforge Studios,Finance,Latin America,1000+,Organic Search,2025-12-17
1690,Atlaswave Retail,Education,NA,1-50,Outbound Sales,2024-04-24
3630,Bluepoint Studios,Healthcare,APAC,,Organic Search,2026-07-16
2580,Clearcraft Foods,Media,emea,51-200,Organic Search,2025-06-20
1246,Harborwave Systems,Media,EMEA,51-200,Partner,15/06/2023
2258,Northwave Group,Finance,LATAM,201-1000,Outbound Sales,2025-02-23
1454,Pinepath Retail,Technology,north america ,51-200,Outbound Sales,2023-11-05
1303,Summitcraft Systems,Technology,emea,201-1000,Outbound Sales,2023-08-29
2393,Granitewave Group,Healthcare,N. America,1000+,Partner,2025-04-13
1999,Swiftline Energy,Retail,NA,1-50,Partner,2024-09-27
1911,Clearpath Partners,Logistics,North America,51-200,Outbound Sales,2024-08-21
3541,Silverpeak Health,Finance,Europe,51-200,Outbound Sales,2026-06-23
1052,Granitestone Studios  ,Media,APAC,1-50,Outbound Sales,2023-02-05
2986,Echopeak Foods,Media,EMEA,201-1000,Organic Search,2025-11-19
1913,Quartzpoint Systems,Healthcare,NA,1-50,Outbound Sales,2024-08-27
1543,Sageforge Systems,Logistics,Europe,51-200,Paid Ads,2024-01-05
1066,Summitcraft Health,Technology,north america ,1-50,Partner,2023-02-08
2738,Coralworks Studios,Logistics,EMEA,51-200,Outbound Sales,2025-08-08
1362,Northcraft Energy,Logistics,apac ,1-50,Paid Ads,2023-09-28
2974,Terrafield Energy,Logistics,Latin America,1-50,Outbound Sales,2025-11-27
2848,Quartzworks Systems  ,Healthcare,North America,,Partner,2025-10-31
1106,Primepath Analytics,Finance,apac ,51-200,Paid Ads,2023-03-18
1918,Terrapeak Systems,Finance,Europe,,Organic Search,2024-08-28
3073,Greenpeak Foods,Media,North America,201-1000,Outbound Sales,2026-01-03
2649,Northpeak Partners,Education,Latin America,1-50,Organic Search,2025-07-19
1568,Orbitpoint Co,Finance,Asia Pacific,201-1000,Organic Search,2024-01-08
3659,Greenpoint Labs,Retail,LATAM,201-1000,Organic Search,2026-07-21
2277,Terrapath Energy,Technology,APAC,1-50,Paid Ads,2025-02-02
3692,Sageline Health,Retail,APAC,201-1000,Outbound Sales,2026-08-15
2423,Maplepath Analytics,Manufacturing,Asia Pacific,1-50,Paid Ads,2025-04-21
1292,Swiftforge Analytics,Manufacturing,NA,201-1000,Partner,2023-07-08
3163,Bluepath Labs,manufacturing,apac ,51-200,Paid Ads,2026-02-20
2671,Coralforge Logistics  ,Technology,EMEA,1-50,Partner,2025-07-18
3548,Silverfield Analytics,Healthcare,apac ,201-1000,Organic Search,2026-06-28
1286,Orbitpoint Systems,Manufacturing,north america ,51-200,Outbound Sales,2023-07-24
3869,Atlasgate Systems,Healthcare,NA,1000+,Organic Search,2026-09-13
1421,Riverpeak Partners,Education,N. America,51-200,Outbound Sales,2023-10-01
1710,Silverwave Health,Healthcare,NA,51-200,Organic Search,2024-04-17
3451,Ironworks Group,Logistics,North America,1-50,Partner,2026-05-26
2353,Primepeak Analytics,Healthcare,apac ,1-50,Outbound Sales,2025-03-22
2863,Sagestone Partners,Finance,North America,,Outbound Sales,2025-10-27
2833,Ironline Labs,retail,N. America,51-200,Partner,2025-10-20
3299,Ironcraft Co,Media,north america ,51-200,Organic Search,2026-03-10
1917,Novagate Partners,Finance,NA,51-200,Paid Ads,2024-08-19
2520,Novabridge Group,Education,Asia Pacific,201-1000,Paid Ads,2025-05-01
2536,Atlaspath Analytics  ,Technology,EMEA,51-200,Outbound Sales,2025-06-20
1411,Coralcraft Labs,Education,LATAM,1-50,Partner,2023-10-07
2516,Vertexcraft Labs,Healthcare,N. America,1000+,Outbound Sales,2025-05-30
3580,Echoline Logistics,Media,North America,1-50,Partner,2026-06-16
1340,Granitestone Health,Technology,North America,51-200,Organic Search,2023-08-01
2455,Harborforge Health,Healthcare,Latin America,1000+,Paid Ads,31/05/2025
2740,Granitepath Foods,Technology,EMEA,51-200,Organic Search,2025-08-14
3820,Terrawave Systems,Retail,N. America,51-200,Paid Ads,2026-09-19
2022,Northpoint Studios,Media,APAC,1000+,Paid Ads,2024-09-11
2209,Echogate Energy,Logistics,Europe,51-200,Partner,2025-01-14
2929,Greenpoint Studios,Healthcare,NA,1-50,Organic Search,2025-11-01
1386,Coralbridge Co,Media,Europe,1-50,Organic Search,2023-09-26
2445,Silvergate Energy,Manufacturing,Europe,51-200,Organic Search,2025-04-22
1061,Harborpath Analytics,Technology,EMEA,1-50,Paid Ads,2023-02-07
2637,Silverfield Co,Media,north america ,51-200,Outbound Sales,2025-07-22
2181,Pinestone Partners,Logistics,EMEA,51-200,Partner,2024-12-02
1443,Primecraft Foods,Logistics,North America,201-1000,Paid Ads,2023-10-09
2447,Quartzline Partners,Manufacturing,EMEA,201-1000,Paid Ads,2025-04-22
2621,Mapleforge Analytics,Retail,north america ,51-200,Organic Search,2025-07-15
2376,Silverfield Logistics,Technology,Asia Pacific,51-200,Outbound Sales,2025-03-21
2639,Vertexforge Partners,Manufacturing,N. America,1-50,Organic Search,2025-07-01
3054,Swiftforge Retail,healthcare,LATAM,201-1000,Organic Search,2025-12-05
1305,Atlaswave Co,Education,LATAM,1-50,Outbound Sales,2023-08-22
1576,Quartzline Systems,Technology,EMEA,51-200,Partner,2024-01-09
3776,Vertexpoint Retail,Finance,north america ,1-50,Paid Ads,2026-09-02
2285,Pineline Group,Healthcare,N. America,1-50,Paid Ads,2025-02-09
1824,Swiftpath Health  ,Logistics,North America,1-50,Organic Search,2024-06-22
1921,Mapleline Logistics,Manufacturing,EMEA,51-200,Outbound Sales,03/08/2024
2238,Riverforge Co,Logistics,Europe,,Outbound Sales,2025-01-26
1082,Atlaspeak Health,Retail,NA,1000+,Organic Search,2023-02-20
2030,Ironpeak Foods,Logistics,emea,1-50,Organic Search,2024-10-03
2919,Atlasworks Group,Finance,NA,51-200,Partner,2025-11-28
2965,Swiftpoint Studios,Logistics,APAC,1000+,Paid Ads,01/11/2025
3635,Coralpath Retail,Retail,Latin America,201-1000,Paid Ads,2026-07-10
1073,Swiftline Partners,Retail,EMEA,1-50,Outbound Sales,2023-02-05
3034,Swiftgate Co,Finance,EMEA,1-50,Outbound Sales,2025-12-12
3272,Silverworks Group,Healthcare,Latin America,51-200,Organic Search,2026-03-25
2729,Primefield Health,manufacturing,apac ,1-50,Partner,2025-08-13
3243,Clearwave Foods,media,north america ,51-200,Partner,2026-02-12
1037,Summitwave Energy,healthcare,APAC,1-50,Outbound Sales,2023-01-02
3640,Bluepeak Partners,Retail,NA,51-200,Paid Ads,2026-07-08
3510,Sagecraft Foods,Media,APAC,1-50,Organic Search,2026-06-06
2241,Atlasforge Systems,Logistics,Latin America,201-1000,Outbound Sales,2025-01-24
2335,Terrawave Labs,Manufacturing,Europe,1-50,Partner,2025-03-08
1769,Vertexbridge Foods,Retail,Asia Pacific,51-200,Outbound Sales,2024-05-08
1981,Brightpath Studios,Logistics,EMEA,1-50,Paid Ads,2024-09-16
2875,Ironforge Analytics,Manufacturing,LATAM,201-1000,Outbound Sales,2025-10-25
3696,Maplewave Retail,Media,EMEA,51-200,Partner,2026-08-03
3680,Novabridge Logistics,Finance,emea,1000+,Organic Search,2026-08-11
2571,Vertexpeak Analytics,Healthcare,Asia Pacific,201-1000,Paid Ads,2025-06-10
1703,Bluewave Labs,Media,APAC,1000+,Paid Ads,2024-04-19
2029,Silverforge Logistics,Finance,NA,,Organic Search,2024-10-08
3261,Harborworks Energy,Education,NA,51-200,Partner,2026-03-20
2898,Swiftfield Partners,Manufacturing,NA,1-50,Partner,2025-10-31
2280,Mapleline Analytics,Manufacturing,N. America,1-50,Organic Search,2025-02-08
1474,Pineforge Co,Manufacturing,North America,1000+,Partner,2023-11-08
1400,Clearline Co,Finance,LATAM,1000+,Outbound Sales,2023-10-08
1613,Quartzworks Energy,Logistics,EMEA,201-1000,Paid Ads,2024-02-27
2457,Bluestone Logistics,Retail,N. America,1-50,Organic Search,2025-05-17
1194,Quartzpoint Partners,Healthcare,North America,1000+,Partner,2023-05-06
2210,Novastone Systems,Finance,N. America,51-200,Organic Search,2025-01-04
1181,Novapoint Retail,Healthcare,EMEA,1-50,Paid Ads,2023-05-04
2350,Northline Foods,Retail,north america ,201-1000,Outbound Sales,2025-03-12
2372,Sagecraft Labs,Education,Asia Pacific,201-1000,Partner,2025-03-01
3656,Echobridge Health,Manufacturing,LATAM,1-50,Paid Ads,2026-07-12
2157,Vertexline Logistics,Education,EMEA,1000+,Outbound Sales,2024-12-14
3768,Northbridge Co,Logistics,NA,1-50,Organic Search,2026-08-20
2595,Graniteforge Systems,Manufacturing,emea,1-50,Paid Ads,2025-06-07
2787,Orbitwave Foods,Finance,EMEA,1000+,Organic Search,2025-09-03
2039,Ironfield Systems,Finance,EMEA,1000+,Paid Ads,2024-10-19
1925,Summitgate Logistics  ,Education,APAC,1000+,Organic Search,2024-08-01
2872,Orbitbridge Analytics,Manufacturing,emea,51-200,Outbound Sales,2025-10-01
1231,Riverforge Energy,Logistics,EMEA,1-50,Outbound Sales,2023-06-12
2643,Atlaspoint Retail,Finance,North America,1-50,Organic Search,2025-07-02
3435,Terraworks Logistics,Retail,EMEA,1000+,Partner,2026-05-21
2712,Harborbridge Co,Education,LATAM,201-1000,Organic Search,2025-08-06
2683,Coralstone Partners,Healthcare,EMEA,1-50,Outbound Sales,2025-08-22
3212,Orbitline Group,Technology,LATAM,1-50,Outbound Sales,2026-02-01
1997,Novaworks Systems,Technology,N. America,51-200,Paid Ads,2024-09-24
1319,Pineforge Analytics,Logistics,apac ,51-200,Organic Search,2023-08-03
1814,Echocraft Co,Healthcare,APAC,201-1000,Outbound Sales,2024-06-06
3538,Vertexline Health,retail,N. America,201-1000,Organic Search,2026-06-27
3080,Maplepeak Health,Retail,EMEA,1-50,Organic Search,2026-01-09
1635,Riverstone Partners,Education,North America,51-200,Organic Search,2024-02-20
1776,Silverstone Co,Technology,EMEA,,Paid Ads,2024-05-13
2006,Quartzpoint Health,Media,N. America,51-200,Outbound Sales,2024-09-13
1462,Bluepoint Labs,Media,EMEA,1-50,Organic Search,12/11/2023
1890,Bluewave Co,Finance,NA,1-50,Outbound Sales,2024-07-03
2104,Primebridge Systems,Retail,LATAM,1000+,Organic Search,2024-11-26
1274,Granitepeak Logistics,Healthcare,N. America,201-1000,Paid Ads,2023-07-02
1144,Greencraft Co,Finance,NA,1000+,Organic Search,2023-04-22
3625,Northpeak Health,Technology,NA,201-1000,Paid Ads,2026-07-19
1302,Pineforge Foods,Manufacturing,North America,1-50,Organic Search,2023-08-20
2792,Coralworks Retail,logistics,N. America,1000+,Paid Ads,2025-09-17
3418,Sagepath Group,Finance,NA,51-200,Partner,2026-05-03
3636,Coralgate Labs,Media,Latin America,51-200,Organic Search,2026-07-09
1321,Swiftpoint Labs,Media,North America,51-200,Outbound Sales,2023-08-04
1756,Blueline Foods,Retail,NA,51-200,Partner,2024-05-26
2867,Clearwave Analytics,Technology,North America,1000+,Paid Ads,2025-10-05
2287,Vertexgate Analytics,Education,emea,51-200,Organic Search,2025-02-24
1535,Pinepeak Health,Manufacturing,NA,1000+,Outbound Sales,2024-01-23
2364,Northline Co,Healthcare,north america ,1000+,Organic Search,2025-03-13
1574,Swiftstone Studios,Logistics,North America,51-200,Paid Ads,2024-01-21
2413,Terrapoint Partners,Retail,Europe,201-1000,Partner,2025-04-08
2213,Terracraft Analytics,Technology,APAC,201-1000,Organic Search,2025-01-23
3488,Primeforge Logistics,Retail,Asia Pacific,1-50,Outbound Sales,2026-05-03
3607,Mapleforge Co,Healthcare,NA,51-200,Outbound Sales,2026-07-27
3392,Harborwave Health,Education,North America,1-50,Partner,2026-04-13
2186,Quartzline Co,Logistics,NA,1-50,Outbound Sales,2024-12-12
3585,Pinepath Health,Retail,Europe,1-50,Paid Ads,2026-06-22
1363,Pinepoint Co,Finance,EMEA,1-50,Organic Search,2023-09-10
3581,Clearstone Studios,Healthcare,Europe,1-50,Paid Ads,2026-06-05
1028,Harborgate Logistics,Healthcare,North America,1-50,Partner,2023-01-20
2454,Echoworks Group,Media,North America,201-1000,Outbound Sales,2025-05-11
3331,Novafield Co,Retail,N. America,1-50,Organic Search,2026-04-08
1272,Pineworks Group,Retail,NA,1000+,Partner,2023-07-26
2031,Brightcraft Group,Media,NA,1000+,Organic Search,2024-10-18
2483,Pinewave Energy,Manufacturing,north america ,1-50,Partner,2025-05-30
1679,Quartzpeak Co,Education,Asia Pacific,1-50,Paid Ads,2024-03-19
3329,Sagestone Studios,Retail,North America,1000+,Partner,2026-04-16
3232,Riverline Partners,Healthcare,LATAM,1000+,Organic Search,2026-02-01
3338,Primebridge Foods,Manufacturing,emea,1-50,Outbound Sales,2026-04-30
2782,Swiftforge Health,Logistics,North America,1-50,Outbound Sales,2025-09-12
3543,Primeforge Retail,Retail,NA,1-50,Paid Ads,2026-06-01
1627,Granitepeak Energy,Media,APAC,1000+,Organic Search,2024-02-03
1417,Harborline Health,education,North America,1-50,Organic Search,2023-10-19
2129,Vertexforge Labs,Manufacturing,Latin America,1000+,Outbound Sales,2024-11-13
2049,Harborforge Foods,Logistics,Asia Pacific,51-200,Organic Search,2024-10-31
2796,Northfield Partners,Media,apac ,1-50,Partner,2025-09-26
3691,Atlasbridge Systems,Technology,EMEA,1-50,Outbound Sales,2026-08-02
3156,Swiftfield Foods,Education,EMEA,1-50,Partner,2026-01-17
1585,Bluebridge Foods,Media,north america ,201-1000,Partner,2024-02-18
3759,Clearwave Co,Finance,North America,51-200,Organic Search,2026-08-04
3845,Silverpoint Studios,Retail,N. America,201-1000,Organic Search,2026-09-03
2565,Blueforge Retail,Retail,Latin America,201-1000,Organic Search,2025-06-27
2934,Riverbridge Health,Retail,LATAM,1000+,Paid Ads,2025-11-29
2610,Vertexpath Labs,Retail,APAC,1-50,Paid Ads,2025-07-29
3413,Echogate Group,Logistics,Europe,201-1000,Organic Search,2026-05-06
2955,Maplebridge Labs,Media,Europe,201-1000,Partner,2025-11-27
1071,Atlasfield Health,Education,EMEA,1-50,Outbound Sales,2023-02-04
3561,Primepoint Retail,Manufacturing,Latin America,1-50,Paid Ads,2026-06-30
1754,Clearpoint Co,Education,apac ,1-50,Organic Search,2024-05-26
1677,Silverpoint Logistics,Manufacturing,N. America,201-1000,Paid Ads,2024-03-27
3260,Swiftcraft Health,Retail,north america ,51-200,Organic Search,2026-03-10
1836,Summitgate Systems,Education,N. America,1-50,Partner,2024-06-08
1025,Northfield Analytics,Media,Europe,51-200,Partner,2023-01-28
1832,Bluepoint Energy,Logistics,North America,1-50,Organic Search,2024-06-22
3520,Riverfield Health,Finance,North America,51-200,Partner,2026-06-19
1050,Terrapath Analytics,Logistics,North America,1-50,Organic Search,2023-02-25
2667,Northline Studios,Finance,North America,1-50,Outbound Sales,31/07/2025
3717,Swiftwave Foods,Education,N. America,1000+,Paid Ads,2026-08-30
3288,Orbitstone Foods,Retail,LATAM,201-1000,Partner,2026-03-21
2192,Irongate Analytics,Technology,EMEA,1-50,Organic Search,2024-12-27
3447,Echofield Retail,Logistics,North America,1-50,Organic Search,2026-05-16
2761,Quartzpoint Co,Retail,APAC,51-200,Outbound Sales,2025-09-02
1864,Bluegate Analytics,Manufacturing,APAC,201-1000,Paid Ads,2024-07-11
1315,Terrabridge Group,Retail,LATAM,51-200,Partner,2023-08-27
1959,Maplewave Energy,Retail,apac ,1-50,Outbound Sales,2024-08-16
2840,Northbridge Health  ,Finance,LATAM,1-50,Partner,2025-10-19
3185,Silverwave Analytics,Media,N. America,1-50,Organic Search,2026-02-04
3089,Swiftworks Analytics,Technology,LATAM,51-200,Partner,2026-01-22
1261,Mapleline Energy,Finance,Europe,201-1000,Outbound Sales,2023-07-04
1880,Harborpeak Logistics,Finance,EMEA,1-50,Outbound Sales,2024-07-21
1734,Maplestone Partners,Technology,Asia Pacific,51-200,Organic Search,2024-04-27
3155,Brightforge Systems,Education,North America,51-200,Organic Search,2026-01-29
3701,Sagepath Systems,Education,North America,1-50,Paid Ads,2026-08-09
1513,Maplefield Health,Logistics,EMEA,51-200,Outbound Sales,2023-12-23
3259,Brightworks Analytics,Retail,N. America,1-50,Organic Search,2026-03-12
3685,Orbitworks Logistics,Technology,North America,201-1000,Organic Search,2026-08-25
1797,Primepath Logistics,Finance,EMEA,1000+,Paid Ads,17/06/2024
1671,Greenstone Energy  ,Technology,Latin America,51-200,Paid Ads,2024-03-07
1290,Bluegate Logistics,Logistics,Europe,1-50,Paid Ads,2023-07-31
2045,Orbitgate Studios,Logistics,apac ,1-50,Partner,2024-10-20
1255,Pinegate Analytics  ,Retail,North America,1-50,Organic Search,2023-06-23
1112,Bluegate Group,Education,EMEA,51-200,Organic Search,2023-03-31
2453,Greenwave Retail,Education,EMEA,1000+,Outbound Sales,2025-05-13
1667,Clearworks Analytics,Retail,Europe,51-200,Paid Ads,2024-03-30
3508,Swiftpath Foods,Logistics,Asia Pacific,1-50,Organic Search,2026-06-09
2651,Riverbridge Labs,Technology,APAC,1-50,Outbound Sales,2025-07-23
1885,Swiftfield Logistics  ,Healthcare,north america ,1000+,Paid Ads,2024-07-08
2430,Atlasstone Foods,Media,Europe,201-1000,Organic Search,2025-04-29
3023,Summitfield Foods,Education,Europe,1000+,Outbound Sales,2025-12-20
2985,Pinegate Systems,Logistics,EMEA,1-50,Paid Ads,2025-11-16
2256,Atlasworks Foods,Media,APAC,1-50,Organic Search,2025-02-22
2695,Novapoint Energy,Retail,apac ,1-50,Outbound Sales,2025-08-12
1041,Blueworks Studios,Manufacturing,N. America,1-50,Partner,2023-01-03
2150,Riverpath Logistics,Manufacturing,emea,1-50,Outbound Sales,2024-12-24
1131,Quartzpoint Foods,Logistics,Europe,201-1000,Paid Ads,2023-04-14
3867,Greengate Labs,Retail,Europe,1-50,Organic Search,2026-09-27
1487,Pineline Foods,Technology,EMEA,1000+,Partner,2023-11-01
3304,Northpoint Analytics,retail,N. America,1-50,Paid Ads,2026-03-01
3825,Atlaspoint Logistics,Media,north america ,201-1000,Organic Search,2026-09-08
2594,Bluegate Retail,Finance,EMEA,201-1000,Organic Search,2025-06-24
1092,Riverline Analytics,Healthcare,North America,201-1000,Outbound Sales,2023-03-30
3841,Orbitfield Foods,Technology,north america ,1000+,Outbound Sales,2026-09-14
1732,Terrabridge Energy,Technology,Asia Pacific,1000+,Partner,2024-04-29
1976,Quartzwave Analytics,Media,Europe,201-1000,Organic Search,2024-09-03
3450,Northbridge Labs,Finance,EMEA,1-50,Partner,2026-05-19
1912,Bluepoint Health,Finance,North America,1000+,Partner,2024-08-18
3266,Echoline Analytics,Manufacturing,North America,1-50,Organic Search,2026-03-23
1555,Echobridge Partners,Media,Europe,1-50,Paid Ads,2024-01-15
1567,Novapath Energy,Retail,north america ,201-1000,Organic Search,2024-01-31
1105,Harborforge Energy,Media,LATAM,1000+,Outbound Sales,26/03/2023
3475,Ironpoint Foods,Finance,EMEA,51-200,Organic Search,2026-05-27
3026,Greenline Systems,Education,LATAM,1-50,Organic Search,2025-12-12
3160,Pinepoint Labs,Technology,EMEA,51-200,Partner,2026-02-05
2900,Silverpath Logistics,Healthcare,emea,201-1000,Organic Search,2025-10-17
1378,Pinepath Partners,Logistics,North America,1000+,Organic Search,2023-09-29
3202,Silverline Studios,Healthcare,Europe,51-200,Outbound Sales,2026-02-26
1960,Primeworks Retail,Manufacturing,Europe,1-50,Organic Search,2024-08-26
1380,Clearpath Foods,Finance,North America,1-50,Organic Search,2023-09-04
1350,Quartzstone Studios,Education,EMEA,1000+,Paid Ads,2023-09-03
2329,Coralbridge Foods  ,Logistics,NA,1000+,Partner,2025-03-24
2668,Ironpath Group,Retail,APAC,1000+,Paid Ads,2025-07-19
3354,Rivercraft Systems,Education,North America,1-50,Organic Search,2026-04-19
2865,Pinewave Partners,Finance,N. America,1000+,Organic Search,2025-10-01
1996,Atlaspath Health,Media,NA,1-50,Outbound Sales,2024-09-28
3036,Novagate Co,Education,EMEA,201-1000,Organic Search,2025-12-03
1901,Ironpeak Systems,Manufacturing,APAC,201-1000,Partner,2024-07-19
1827,Granitepoint Studios,Finance,Latin America,51-200,Outbound Sales,2024-06-05
1672,Brightstone Studios,Healthcare,N. America,51-200,Partner,2024-03-18
1810,Vertexline Co,Education,N. America,1-50,Organic Search,2024-06-20
1523,Maplestone Studios,Manufacturing,LATAM,51-200,Outbound Sales,2023-12-10
1299,Summitpath Energy,Media,North America,1-50,Organic Search,2023-07-19
3495,Orbitpath Systems,Retail,LATAM,1000+,Organic Search,2026-05-31
3806,Novastone Logistics,Healthcare,LATAM,,Partner,2026-09-14
3394,Atlasstone Health,Healthcare,North America,51-200,Organic Search,2026-04-03
3405,Ironpeak Labs,Education,Europe,201-1000,Organic Search,27/05/2026
1564,Vertexfield Co,Healthcare,LATAM,201-1000,Organic Search,2024-01-03
2189,Orbitpoint Logistics,Education,EMEA,201-1000,Paid Ads,2024-12-15
2270,Bluepeak Labs,Technology,Europe,201-1000,Organic Search,2025-02-24
2804,Quartzgate Analytics,Media,LATAM,1-50,Organic Search,2025-09-26
2891,Riverworks Health,Media,N. America,1-50,Organic Search,2025-10-30
1006,Summitgate Foods,technology,north america ,1-50,Organic Search,2023-01-12
2012,Harborpeak Group,Manufacturing,N. America,1-50,Organic Search,2024-09-28
2071,Greenpath Studios,Healthcare,north america ,1000+,Outbound Sales,2024-10-11
2098,Atlasstone Logistics  ,Finance,NA,201-1000,Partner,2024-11-24
2700,Novacraft Studios,Retail,emea,1-50,Outbound Sales,21/08/2025
1461,Granitecraft Systems,Technology,NA,,Organic Search,2023-11-28
1294,Granitebridge Systems,Education,LATAM,201-1000,Organic Search,2023-07-12
3618,Clearfield Studios,Logistics,emea,1000+,Paid Ads,2026-07-27
2701,Coralpeak Logistics,Education,north america ,1-50,Organic Search,2025-08-11
2437,Orbitbridge Labs  ,Logistics,LATAM,201-1000,Outbound Sales,2025-04-17
2821,Northpath Co,Manufacturing,north america ,1000+,Paid Ads,2025-09-26
1221,Echogate Retail  ,Finance,North America,1000+,Organic Search,2023-06-14
1787,Greenline Health,Technology,LATAM,1000+,Organic Search,2024-06-12
1325,Primebridge Partners,Technology,N. America,51-200,Organic Search,2023-08-03
2326,Atlaspeak Co,Technology,North America,51-200,Organic Search,2025-03-28
1146,Maplecraft Labs,Retail,N. America,201-1000,Outbound Sales,12/04/2023
1806,Novapath Health,Education,Europe,51-200,Outbound Sales,2024-06-26
2930,Irongate Labs,Manufacturing,Asia Pacific,201-1000,Organic Search,2025-11-07
1957,Summitpeak Co,Healthcare,Latin America,1-50,Outbound Sales,2024-08-15
1122,Maplewave Systems,Logistics,Asia Pacific,1000+,Outbound Sales,2023-03-17
1748,Terraworks Studios,Media,Latin America,201-1000,Partner,2024-05-30
1870,Atlasworks Analytics,Education,N. America,1-50,Organic Search,2024-07-26
1502,Novawave Retail,Media,North America,1-50,Organic Search,2023-12-04
2408,Brightline Systems,Technology,north america ,1-50,Paid Ads,2025-04-12
1687,Quartzworks Partners,Education,N. America,1000+,Outbound Sales,2024-04-03
1604,Vertexforge Studios,Retail,Europe,1-50,Outbound Sales,2024-02-26
1353,Maplepeak Labs,Media,North America,51-200,Organic Search,2023-09-09
3230,Harborbridge Energy,Retail,LATAM,1000+,Outbound Sales,2026-02-08
1381,Ironworks Co,Education,Europe,1-50,Organic Search,2023-09-10
2774,Silvercraft Co,Retail,Latin America,201-1000,Partner,2025-09-05
2467,Rivercraft Energy,Education,apac ,1000+,Organic Search,2025-05-22
1616,Riverforge Retail,Finance,North America,51-200,Organic Search,2024-02-27
2946,Harborfield Co,Education,Europe,201-1000,Paid Ads,2025-11-23
2410,Northstone Analytics,Finance,Europe,1-50,Organic Search,2025-04-03
3661,Granitefield Health,Logistics,LATAM,51-200,Outbound Sales,2026-07-04
1198,Clearline Energy,Logistics,EMEA,51-200,Organic Search,2023-05-23
1692,Coralpath Systems,Media,North America,,Paid Ads,2024-04-21
3818,Sagecraft Logistics,Retail,apac ,1-50,Paid Ads,2026-09-25
3263,Vertexstone Labs,Finance,North America,201-1000,Organic Search,2026-03-17
1283,Coralgate Retail,Media,APAC,1-50,Organic Search,2023-07-24
3347,Atlasforge Retail,Logistics,North America,201-1000,Organic Search,2026-04-29
1370,Atlaswave Partners,Education,EMEA,,Paid Ads,2023-09-07
1473,Novaforge Partners,media,EMEA,201-1000,Organic Search,2023-11-29
1011,Ironpeak Health,Healthcare,APAC,,Organic Search,2023-01-20
1496,Riverline Group,Education,EMEA,1-50,Paid Ads,2023-12-18
2982,Maplewave Analytics,Retail,Latin America,1-50,Paid Ads,08/11/2025
2275,Coralpath Labs,Media,Asia Pacific,1-50,Organic Search,2025-02-27
3308,Brightpath Partners,Finance,North America,51-200,Paid Ads,2026-03-15
2856,Atlascraft Group,Education,N. America,,Paid Ads,2025-10-20
2395,Pinepoint Analytics,Retail,NA,1000+,Partner,2025-04-07
3564,Granitepoint Retail,Technology,Latin America,1-50,Organic Search,2026-06-22
1742,Harborfield Systems,finance,north america ,51-200,Organic Search,2024-05-05
2855,Novastone Partners,Retail,EMEA,51-200,Paid Ads,2025-10-13
2441,Graniteworks Studios,Healthcare,North America,,Organic Search,2025-04-20
1413,Maplepath Co,Technology,APAC,1-50,Paid Ads,2023-10-29
1360,Primestone Partners,Retail,apac ,201-1000,Paid Ads,2023-09-08
2249,Brightline Partners,Technology,Europe,51-200,Organic Search,2025-01-20
2449,Quartzwave Labs,logistics,N. America,1-50,Paid Ads,2025-04-28
3683,Bluecraft Foods,Logistics,EMEA,1000+,Organic Search,2026-08-21
3043,Coralgate Foods,Logistics,LATAM,51-200,Paid Ads,2025-12-16
1610,Mapleworks Labs,Finance,emea,1000+,Organic Search,08/02/2024
1802,Pinepath Foods,Manufacturing,emea,1000+,Organic Search,2024-06-29
1138,Sagebridge Health,Manufacturing,North America,51-200,Paid Ads,2023-04-24
3321,Riverbridge Logistics,Logistics,emea,201-1000,Paid Ads,2026-03-10
1492,Silvergate Logistics  ,Logistics,emea,1000+,Organic Search,2023-12-26
3421,Quartzworks Labs,Education,North America,201-1000,Outbound Sales,2026-05-17
3123,Greenfield Group,Retail,LATAM,1000+,Outbound Sales,2026-01-09
2184,Swiftwave Labs,Education,apac ,1-50,Paid Ads,2024-12-24
2182,Primefield Labs,Finance,Europe,51-200,Organic Search,2024-12-08
3179,Quartzgate Group,Media,N. America,201-1000,Organic Search,2026-02-24
3025,Quartzstone Health,Technology,North America,,Paid Ads,2025-12-15
1783,Clearworks Partners,retail,EMEA,201-1000,Partner,2024-05-12
3013,Bluegate Foods,Education,emea,201-1000,Partner,2025-12-20
3258,Pinestone Analytics,Technology,North America,51-200,Outbound Sales,2026-03-01
3388,Greenpoint Partners,Media,North America,1-50,Organic Search,2026-04-05
2015,Silverbridge Logistics,Education,emea,1-50,Organic Search,2024-09-15
1601,Swiftgate Partners,Retail,North America,1-50,Paid Ads,2024-02-28
2719,Maplepath Logistics,Logistics,APAC,1-50,Paid Ads,2025-08-15
3809,Summitbridge Studios,Manufacturing,Europe,51-200,Paid Ads,2026-09-19
3490,Harborline Energy,Healthcare,EMEA,51-200,Outbound Sales,2026-05-02
1008,Northpath Labs  ,Technology,emea,51-200,Partner,2023-01-03
1171,Orbitpath Co,Education,APAC,1-50,Outbound Sales,2023-05-19
3595,Primepeak Systems  ,Healthcare,NA,1-50,Organic Search,2026-07-19
2137,Ironbridge Analytics  ,Media,North America,201-1000,Outbound Sales,22/12/2024
3821,Summitstone Labs,Retail,EMEA,201-1000,Partner,2026-09-26
1440,Orbitpath Analytics,Media,EMEA,51-200,Paid Ads,2023-10-15
1507,Echoworks Co,Media,LATAM,1-50,Outbound Sales,2023-12-05
3214,Clearworks Co,Retail,EMEA,51-200,Outbound Sales,2026-02-06
1035,Sagestone Logistics,Logistics,North America,1000+,Partner,2023-01-24
2033,Swiftcraft Analytics,Technology,NA,201-1000,Paid Ads,2024-10-22
2487,Bluewave Foods,Finance,Asia Pacific,201-1000,Outbound Sales,2025-05-03
3190,Brightbridge Health,Healthcare,emea,1-50,Organic Search,2026-02-12
2892,Bluecraft Group,Technology,apac ,1-50,Organic Search,2025-10-25
2360,Sageforge Logistics,Media,EMEA,1-50,Outbound Sales,2025-03-01
1951,Summitline Systems,Healthcare,emea,1-50,Paid Ads,2024-08-19
3439,Novaworks Group,Media,emea,51-200,Organic Search,2026-05-05
1904,Blueline Retail,Logistics,apac ,51-200,Organic Search,2024-08-11
2208,Harborcraft Studios,Education,north america ,51-200,Paid Ads,2025-01-06
1109,Atlasforge Studios,Healthcare,north america ,1-50,Organic Search,2023-03-08
3157,Quartzbridge Systems,Retail,Europe,1-50,Organic Search,2026-01-15
1368,Coralfield Partners,Manufacturing,APAC,1-50,Outbound Sales,2023-09-03
3294,Granitebridge Studios,Finance,EMEA,1-50,Organic Search,2026-03-16
2231,Terraline Energy,Manufacturing,EMEA,1-50,Organic Search,2025-01-24
3739,Ironworks Health,retail,North America,51-200,Organic Search,2026-08-03
3062,Quartzworks Foods,Manufacturing,N. America,1-50,Paid Ads,2025-12-21
2004,Riverworks Analytics,Healthcare,LATAM,201-1000,Paid Ads,2024-09-10
1779,Blueforge Studios,Technology,north america ,1000+,Outbound Sales,2024-05-05
1499,Summitgate Retail,Logistics,North America,51-200,Outbound Sales,2023-12-28
2730,Bluepeak Systems,Finance,NA,1-50,Organic Search,2025-08-28
3318,Pinebridge Logistics,Healthcare,North America,51-200,Paid Ads,2026-03-04
1038,Swiftpath Labs,Manufacturing,EMEA,1-50,Organic Search,2023-01-09
2057,Vertexcraft Group,Healthcare,EMEA,1-50,Paid Ads,2024-10-25
1654,Atlasbridge Retail,Logistics,EMEA,201-1000,Paid Ads,2024-03-31
1001,Vertexstone Foods,Healthcare,North America,51-200,Organic Search,2023-01-02
1018,Primepath Labs,Healthcare,North America,201-1000,Paid Ads,2023-01-02
2419,Sagecraft Retail,logistics,North America,51-200,Partner,2025-04-27
3570,Granitecraft Partners,Healthcare,North America,51-200,Organic Search,2026-06-14
1342,Primepath Health,Technology,EMEA,,Paid Ads,2023-08-09
3699,Primecraft Retail,Retail,EMEA,1000+,Paid Ads,2026-08-31
2354,Bluegate Partners,Healthcare,apac ,201-1000,Partner,2025-03-05
3005,Northpoint Co,Healthcare,emea,1-50,Organic Search,2025-12-08
1752,Greenforge Health,Media,emea,1-50,Paid Ads,2024-05-04
1183,Northgate Studios,Technology,North America,51-200,Outbound Sales,2023-05-04
2728,Summitforge Group,Technology,North America,1000+,Partner,2025-08-10
3194,Ironworks Labs,Healthcare,north america ,51-200,Organic Search,2026-02-09
2310,Quartzpoint Energy,Retail,N. America,51-200,Partner,2025-02-10
2885,Vertexfield Labs,Media,North America,51-200,Paid Ads,30/10/2025
2087,Silverfield Labs,Manufacturing,Latin America,1-50,Partner,2024-11-29
1639,Granitewave Foods,Media,EMEA,1-50,Paid Ads,2024-03-09
1307,Riverforge Foods,Technology,NA,1-50,Partner,2023-08-20
3376,Sagepoint Partners,Retail,apac ,201-1000,Organic Search,2026-04-30
1835,Sagebridge Group,Manufacturing,APAC,51-200,Paid Ads,2024-06-14
3126,Rivergate Health,Technology,EMEA,201-1000,Outbound Sales,2026-01-03
1805,Novaforge Systems,Retail,N. America,1-50,Paid Ads,2024-06-30
1448,Sagegate Co,Retail,N. America,1000+,Paid Ads,2023-11-26
2589,Orbitfield Systems,Logistics,North America,1-50,Outbound Sales,2025-06-23
2191,Cleargate Analytics  ,Education,North America,1-50,Outbound Sales,2024-12-29
1970,Atlaspeak Foods,Media,North America,1000+,Organic Search,2024-09-15
3141,Orbitcraft Retail,Education,north america ,1000+,Organic Search,2026-01-12
2692,Brightline Studios,Retail,North America,201-1000,Partner,2025-08-30
1030,Bluepeak Studios,Education,LATAM,1000+,Partner,04/01/2023
3342,Summitstone Retail,Logistics,North America,1-50,Organic Search,2026-04-12
2415,Terrapeak Foods,manufacturing,North America,51-200,Organic Search,2025-04-22
1022,Granitepath Group,Media,N. America,201-1000,Organic Search,2023-01-28
3726,Coralpoint Logistics,Media,NA,201-1000,Paid Ads,15/08/2026
2498,Ironstone Energy,Technology,NA,201-1000,Paid Ads,2025-05-04
1713,Blueline Partners,Technology,NA,1-50,Outbound Sales,2024-04-07
3058,Echoworks Foods,Healthcare,EMEA,1-50,Outbound Sales,2025-12-25
3545,Sagebridge Retail,Media,north america ,1-50,Partner,2026-06-06
2106,Riverpeak Retail,Media,Europe,51-200,Partner,2024-11-04
1519,Pinecraft Logistics,Healthcare,NA,1-50,Outbound Sales,2023-12-13
2183,Orbitpath Group,Retail,EMEA,201-1000,Partner,13/12/2024
3791,Quartzstone Retail,Healthcare,Europe,51-200,Paid Ads,2026-09-10
2024,Greenline Group,Logistics,EMEA,51-200,Paid Ads,2024-10-06
1543,Sageforge Systems,Logistics,Europe,51-200,Paid Ads,2024-01-05
3178,Riverpath Health,Education,APAC,51-200,Organic Search,2026-02-11
2525,Coralwave Partners,Healthcare,apac ,1-50,Organic Search,2025-05-12
1289,Quartzwave Studios,Education,Europe,1-50,Partner,2023-07-12
1163,Primebridge Studios,Education,EMEA,1000+,Partner,2023-04-16
3832,Maplegate Group,Technology,NA,201-1000,Organic Search,2026-09-17
3358,Novaworks Foods,Logistics,NA,201-1000,Outbound Sales,01/04/2026
2114,Silverpeak Analytics,Retail,EMEA,1-50,Paid Ads,2024-11-20
2145,Granitewave Labs,Education,LATAM,1000+,Outbound Sales,2024-12-22
2755,Northgate Co,Technology,LATAM,1-50,Partner,2025-08-19
2709,Riverworks Logistics,healthcare,LATAM,1-50,Organic Search,2025-08-31
3350,Novaforge Retail,Healthcare,North America,201-1000,Organic Search,2026-04-06
1285,Greenstone Labs,Logistics,NA,201-1000,Outbound Sales,2023-07-09
2271,Ironstone Studios,Finance,north america ,51-200,Paid Ads,2025-02-26
1668,Ironpath Systems,Retail,EMEA,1-50,Organic Search,23/03/2024
3200,Northpath Health,technology,Europe,201-1000,Partner,2026-02-20
2720,Echostone Foods,media,Europe,1000+,Outbound Sales,2025-08-09
2688,Brightgate Studios,Media,N. America,1-50,Partner,2025-08-13
1831,Silverline Co,Retail,APAC,1-50,Organic Search,2024-06-05
3346,Orbitpeak Co,Media,NA,201-1000,Paid Ads,2026-04-26
3788,Silvercraft Partners,Technology,Asia Pacific,201-1000,Organic Search,2026-09-18
3443,Ironforge Labs,Logistics,APAC,1-50,Organic Search,2026-05-25
1134,Coralpeak Labs,Healthcare,EMEA,201-1000,Organic Search,2023-04-16
3408,Bluecraft Health,Retail,north america ,201-1000,Outbound Sales,2026-05-22
3827,Greenpoint Foods,Healthcare,APAC,1-50,Organic Search,2026-09-26
1841,Greenpath Partners,Media,North America,1000+,Outbound Sales,2024-07-09
3391,Irongate Group,Retail,North America,51-200,Paid Ads,2026-04-14
2368,Terraline Labs,Media,APAC,51-200,Partner,2025-03-27
3359,Primecraft Analytics,Technology,emea,51-200,Paid Ads,2026-04-12
3532,Harborpath Retail,Finance,emea,201-1000,Organic Search,2026-06-12
2765,Atlascraft Labs,Logistics,N. America,1000+,Outbound Sales,2025-09-26
1739,Brightfield Energy,Healthcare,Latin America,201-1000,Organic Search,2024-05-21
2245,Mapleforge Studios,Technology,north america ,1000+,Organic Search,2025-01-12
3494,Bluepeak Group,Education,Asia Pacific,201-1000,Paid Ads,2026-05-22
1080,Echoline Foods,Education,N. America,1-50,Organic Search,2023-02-05
2935,Atlaspeak Energy,Finance,EMEA,51-200,Paid Ads,2025-11-05
2380,Silverfield Retail,Manufacturing,Asia Pacific,1-50,Organic Search,2025-03-06
3159,Bluepath Group,Logistics,EMEA,51-200,Organic Search,2026-02-01
3404,Quartzpoint Labs,Technology,North America,201-1000,Organic Search,2026-04-05
3544,Clearstone Foods,logistics,north america ,51-200,Partner,28/06/2026
1736,Brightpeak Retail,Education,EMEA,51-200,Organic Search,2024-05-20
3578,Maplefield Logistics,Retail,EMEA,51-200,Organic Search,12/06/2026
1273,Swiftstone Group,Retail,North America,201-1000,Organic Search,2023-07-24
2313,Pinefield Health,logistics,apac ,51-200,Outbound Sales,2025-02-24
2046,Orbitforge Group,Retail,north america ,51-200,Paid Ads,2024-10-24
2522,Swiftline Foods,Retail,apac ,1-50,Organic Search,2025-05-13
1591,Swiftpeak Systems,Media,Latin America,1000+,Outbound Sales,2024-02-23
2156,Graniteline Systems,Retail,APAC,51-200,Organic Search,2024-12-14
2762,Quartzfield Group,Logistics,emea,201-1000,Organic Search,2025-09-17
2083,Atlascraft Foods,Retail,LATAM,201-1000,Organic Search,2024-11-04
1396,Maplestone Logistics,Logistics,LATAM,201-1000,Paid Ads,2023-10-28
2048,Orbitpath Studios,Healthcare,Asia Pacific,1-50,Paid Ads,22/10/2024
2810,Pinepeak Retail,Finance,North America,51-200,Paid Ads,13/09/2025
3746,Greenwave Energy,Manufacturing,APAC,201-1000,Outbound Sales,2026-08-17
2199,Swiftpath Systems,Media,EMEA,1-50,Outbound Sales,2025-01-10
1745,Primepeak Studios,Finance,North America,1-50,Organic Search,2024-05-12
2435,Riverfield Studios,Technology,NA,51-200,Organic Search,2025-04-22
3240,Brightworks Retail,Manufacturing,APAC,51-200,Organic Search,2026-02-04
1449,Greenstone Group,Technology,North America,1-50,Organic Search,2023-11-21
3237,Riverforge Health,Education,LATAM,51-200,Paid Ads,2026-02-08
2736,Silverstone Foods,Healthcare,APAC,1-50,Partner,2025-08-29
3590,Riverforge Partners,Education,LATAM,51-200,Paid Ads,2026-06-14
3650,Graniteline Group,Education,Latin America,201-1000,Outbound Sales,2026-07-12
3452,Pinecraft Analytics,Retail,EMEA,,Organic Search,2026-05-25
2253,Northpoint Group,Logistics,Asia Pacific,201-1000,Organic Search,2025-01-01
3217,Swiftfield Systems,Retail,NA,1-50,Partner,2026-02-26
3277,Coralcraft Logistics,Media,N. America,1-50,Organic Search,2026-03-15
3151,Northgate Foods,technology,emea,51-200,Partner,2026-01-16
2034,Novapeak Foods,media,Asia Pacific,201-1000,Organic Search,2024-10-05
2521,Primepeak Health,Education,Asia Pacific,1-50,Organic Search,2025-05-04
2399,Greenforge Co,Education,North America,,Organic Search,2025-04-04
2091,Bluepoint Analytics,Technology,north america ,201-1000,Organic Search,2024-11-07
1462,Bluepoint Labs,Media,EMEA,1-50,Organic Search,12/11/2023
2284,Brightstone Systems,media,Asia Pacific,1000+,Outbound Sales,2025-02-13
1083,Swiftstone Logistics,technology,North America,1-50,Partner,2023-02-09
1724,Bluecraft Partners,Media,NA,1000+,Partner,2024-04-24
3553,Coralforge Studios,Healthcare,APAC,51-200,Organic Search,2026-06-14
3340,Ironcraft Group,technology,EMEA,1-50,Outbound Sales,2026-04-23
2013,Clearpath Analytics,Healthcare,N. America,1-50,Partner,2024-09-29
3874,Ironline Group,Technology,EMEA,1-50,Partner,2026-09-05
3468,Harborbridge Partners,Logistics,Asia Pacific,1-50,Paid Ads,2026-05-16
2351,Rivercraft Co,Media,N. America,1-50,Outbound Sales,2025-03-26
3040,Riverline Systems,Finance,APAC,201-1000,Outbound Sales,2025-12-24
2910,Terrapath Co  ,Retail,North America,1000+,Paid Ads,2025-10-11
3852,Silverpeak Retail,Manufacturing,N. America,201-1000,Organic Search,2026-09-16
2556,Atlasstone Co,Technology,North America,1000+,Organic Search,2025-06-21
3534,Ironfield Co,Finance,EMEA,51-200,Outbound Sales,2026-06-24
2770,Northwave Labs,Manufacturing,APAC,201-1000,Outbound Sales,2025-09-03
1422,Sagepeak Studios,Technology,N. America,201-1000,Outbound Sales,2023-10-23
1501,Summitpeak Energy,logistics,APAC,201-1000,Paid Ads,2023-12-25
2407,Swiftforge Labs,Education,Asia Pacific,51-200,Outbound Sales,2025-04-01
1609,Orbitgate Energy,Technology,Europe,201-1000,Partner,2024-02-19
2200,Clearforge Partners,Logistics,N. America,51-200,Organic Search,04/01/2025
2663,Graniteforge Retail,Logistics,EMEA,1-50,Organic Search,13/07/2025
3147,Silverpoint Foods,Technology,NA,1000+,Paid Ads,2026-01-14
1705,Maplebridge Retail,Education,North America,1-50,Paid Ads,2024-04-13
2340,Maplefield Co,education,apac ,51-200,Partner,2025-03-24
1367,Echowave Co,Logistics,apac ,1-50,Organic Search,2023-09-01
1351,Brightstone Logistics,Education,North America,51-200,Paid Ads,18/09/2023
1808,Vertexline Systems,Finance,Europe,1-50,Organic Search,2024-06-17
1648,Maplebridge Energy,Logistics,North America,51-200,Outbound Sales,2024-03-20
2459,Coralwave Studios,Finance,North America,,Partner,2025-05-08
3231,Brightfield Analytics,Finance,APAC,201-1000,Paid Ads,2026-02-06
2295,Riverworks Retail,Retail,EMEA,201-1000,Organic Search,2025-02-14
2950,Quartzgate Foods,Technology,north america ,1-50,Organic Search,2025-11-23
3720,Pinegate Retail,Logistics,Europe,1-50,Paid Ads,2026-08-30
1788,Riverline Energy,Education,NA,51-200,Organic Search,2024-06-01
2940,Harborpath Studios,Healthcare,APAC,1-50,Organic Search,2025-11-21
2185,Clearcraft Retail,Technology,emea,201-1000,Organic Search,2024-12-10
2899,Maplegate Labs,Manufacturing,North America,201-1000,Organic Search,2025-10-12
1334,Granitewave Systems,Finance,NA,1-50,Outbound Sales,2023-08-28
2383,Terracraft Labs,Manufacturing,EMEA,201-1000,Organic Search,2025-04-05
1172,Primestone Analytics,Technology,LATAM,1-50,Partner,2023-05-19
3523,Sagestone Labs  ,Retail,emea,,Outbound Sales,29/06/2026
3429,Novaworks Studios,Education,emea,201-1000,Paid Ads,2026-05-29
1641,Summitpath Foods,Technology,EMEA,1000+,Paid Ads,2024-03-19
2458,Summitpoint Foods,education,Latin America,1-50,Outbound Sales,2025-05-30
1953,Sageworks Studios,Education,Asia Pacific,51-200,Outbound Sales,2024-08-09
2513,Atlaspath Labs,finance,north america ,201-1000,Partner,2025-05-31
1682,Sagebridge Analytics,manufacturing,NA,1000+,Outbound Sales,2024-04-06
1339,Vertexfield Energy,Technology,NA,1-50,Paid Ads,2023-08-27
2389,Summitwave Foods,Technology,apac ,1000+,Paid Ads,2025-04-20
3343,Graniteworks Logistics,Finance,apac ,1-50,Partner,2026-04-06
1369,Swiftpeak Energy,Healthcare,N. America,51-200,Organic Search,2023-09-26
3049,Brightline Co,Healthcare,NA,201-1000,Paid Ads,2025-12-10
1225,Atlaspath Systems,Retail,NA,1-50,Paid Ads,2023-06-12
3497,Quartzpath Partners,Logistics,North America,51-200,Organic Search,2026-05-17
2248,Coralcraft Health  ,Retail,Europe,51-200,Organic Search,2025-01-13
1432,Graniteworks Analytics,Technology,NA,1-50,Paid Ads,2023-10-09
1451,Sagepoint Co,Finance,north america ,51-200,Organic Search,2023-11-14
1696,Brightforge Studios,Healthcare,APAC,1-50,Partner,2024-04-18
3276,Silverworks Labs,Retail,EMEA,201-1000,Outbound Sales,2026-03-08
1450,Maplestone Systems,Logistics,LATAM,51-200,Partner,2023-11-07
3745,Riverbridge Energy,Logistics,Europe,51-200,Paid Ads,2026-08-06
1674,Vertexworks Energy,Media,North America,1-50,Partner,2024-03-21
2148,Vertexpath Systems,Media,APAC,51-200,Organic Search,2024-12-21
2530,Silverfield Systems,Technology,Latin America,201-1000,Partner,2025-06-17
1074,Clearfield Logistics,Manufacturing,North America,51-200,Outbound Sales,2023-02-01
3395,Orbitworks Analytics,Retail,EMEA,51-200,Organic Search,2026-04-21
3037,Brightgate Co,Finance,EMEA,51-200,Outbound Sales,2025-12-18
2507,Pineworks Studios,Healthcare,apac ,51-200,Organic Search,2025-05-03
1822,Quartzforge Co,Technology,NA,51-200,Organic Search,2024-06-12
3592,Primepeak Logistics  ,Logistics,North America,1-50,Outbound Sales,2026-07-11
1524,Pineworks Co,Education,EMEA,1000+,Paid Ads,2023-12-31
3732,Maplegate Foods,Retail,emea,1-50,Organic Search,2026-08-26
2334,Atlaspeak Systems,Healthcare,emea,51-200,Organic Search,2025-03-21
1304,Vertexstone Studios,Healthcare,Asia Pacific,201-1000,Partner,2023-08-13
2135,Echogate Co,Media,apac ,51-200,Organic Search,2024-12-17
2225,Terrapoint Foods  ,Media,North America,1000+,Organic Search,2025-01-28
1463,Primecraft Systems,Finance,N. America,201-1000,Paid Ads,2023-11-24
3828,Clearpoint Analytics,Media,Asia Pacific,51-200,Partner,2026-09-06
3416,Swiftcraft Co,Education,emea,1-50,Organic Search,2026-05-05
1014,Orbitworks Labs,Technology,N. America,51-200,Partner,2023-01-04
3738,Coralforge Partners,healthcare,North America,1-50,Organic Search,2026-08-13
3016,Harborgate Systems,Media,NA,1-50,Organic Search,2025-12-07
1733,Ironcraft Health,Retail,north america ,201-1000,Organic Search,2024-04-23
2809,Clearline Health,Technology,North America,1-50,Paid Ads,2025-09-14
1197,Bluepoint Co,Manufacturing,North America,51-200,Partner,2023-05-30
3740,Atlasline Analytics,Manufacturing,Asia Pacific,51-200,Organic Search,2026-08-23
2233,Greenwave Logistics,manufacturing,EMEA,1-50,Partner,2025-01-05
2807,Quartzworks Analytics,Logistics,North America,1-50,Organic Search,2025-09-30
3270,Brightforge Foods,Healthcare,EMEA,51-200,Partner,2026-03-03
1515,Ironforge Logistics,Media,North America,51-200,Paid Ads,2023-12-07
3378,Northwave Studios,Healthcare,apac ,1000+,Partner,2026-04-01
3125,Maplecraft Foods,Healthcare,APAC,201-1000,Partner,2026-01-11
3314,Bluepeak Co,Media,North America,1-50,Outbound Sales,2026-03-09
1245,Novabridge Systems,Education,Asia Pacific,1-50,Paid Ads,2023-06-22
2257,Pinecraft Foods,Healthcare,NA,1-50,Paid Ads,2025-02-06
2299,Greenworks Foods,Technology,Asia Pacific,1000+,Organic Search,2025-02-06
1211,Ironforge Retail,Education,North America,1000+,Organic Search,2023-06-09
1751,Novabridge Partners,Logistics,Europe,1000+,Outbound Sales,2024-05-15
1445,Sagepath Labs,Healthcare,emea,51-200,Organic Search,2023-11-25
3725,Sagefield Labs,Finance,apac ,1000+,Organic Search,2026-08-30
1878,Maplegate Energy,Education,Europe,51-200,Outbound Sales,2024-07-18
1534,Silverpoint Group,Finance,emea,1-50,Organic Search,2023-12-23
3337,Pinepath Labs,Logistics,North America,51-200,Organic Search,2026-04-12
1988,Echowave Logistics,Finance,north america ,1-50,Partner,2024-09-26
1310,Silverforge Analytics,Logistics,North America,201-1000,Organic Search,2023-08-06
3235,Ironpoint Co,Technology,LATAM,51-200,Partner,2026-02-21
1239,Granitecraft Group,Healthcare,emea,1-50,Organic Search,2023-06-09
3653,Silverline Retail,Manufacturing,APAC,1-50,Paid Ads,2026-07-22
3459,Swiftcraft Labs,Manufacturing,Asia Pacific,1-50,Outbound Sales,21/05/2026
1730,Cleargate Health,Retail,EMEA,1-50,Paid Ads,2024-04-15
2235,Atlasgate Labs,Retail,LATAM,1-50,Outbound Sales,2025-01-22
2550,Atlascraft Retail,Media,North America,1000+,Partner,2025-06-02
2341,Greengate Energy,Retail,Latin America,51-200,Paid Ads,2025-03-12
1798,Ironpeak Retail,Retail,north america ,1-50,Partner,04/06/2024
1992,Pinestone Logistics,Manufacturing,emea,1000+,Organic Search,2024-09-05
2570,Atlaspeak Labs,Technology,APAC,1000+,Paid Ads,01/06/2025
1766,Maplepeak Analytics,Education,apac ,201-1000,Paid Ads,2024-05-30
2911,Vertexwave Health,Healthcare,North America,201-1000,Partner,17/11/2025
1157,Coralstone Group  ,finance,Europe,201-1000,Partner,11/04/2023
2602,Summitfield Labs,Technology,Asia Pacific,1-50,Organic Search,2025-06-20
2228,Sagefield Systems,Education,EMEA,1-50,Organic Search,2025-01-01
1084,Quartzcraft Foods,Retail,Europe,51-200,Partner,2023-02-22
3313,Echogate Health,Logistics,north america ,1-50,Partner,2026-03-27
2298,Orbitcraft Analytics,Finance,N. America,201-1000,Paid Ads,2025-02-27
2953,Harborworks Group,Retail,NA,51-200,Partner,2025-11-17
1333,Primefield Energy,Retail,EMEA,1-50,Organic Search,2023-08-13
1596,Maplepath Health,Logistics,emea,51-200,Paid Ads,2024-02-12
1886,Sagepoint Health,Logistics,APAC,1-50,Organic Search,2024-07-08
2614,Maplepeak Partners,Finance,Europe,51-200,Paid Ads,2025-07-03
3191,Summitpoint Energy,Media,Europe,51-200,Outbound Sales,2026-02-05
2242,Coralstone Analytics,Healthcare,LATAM,51-200,Paid Ads,16/01/2025
3694,Rivergate Logistics,Healthcare,N. America,1-50,Organic Search,2026-08-04
1200,Northfield Co,Logistics,EMEA,201-1000,Partner,2023-05-13
2234,Swiftline Health,retail,APAC,1-50,Outbound Sales,2025-01-23
1010,Primebridge Logistics,Manufacturing,APAC,1000+,Paid Ads,2023-01-05
1843,Swiftgate Systems,Technology,EMEA,51-200,Organic Search,2024-07-01
2951,Riverbridge Foods,Healthcare,EMEA,201-1000,Partner,2025-11-11
1418,Swiftworks Labs,media,apac ,201-1000,Organic Search,2023-10-03
3018,Bluefield Labs,Media,emea,1-50,Organic Search,2025-12-23
1281,Quartzpeak Group,Education,Latin America,201-1000,Partner,2023-07-11
1078,Coralcraft Studios,Education,EMEA,51-200,Partner,2023-02-20
2379,Quartzforge Group,Retail,apac ,1-50,Organic Search,2025-03-27
1324,Novapeak Analytics  ,Healthcare,EMEA,51-200,Paid Ads,2023-08-22
3344,Granitebridge Analytics,Logistics,N. America,1000+,Organic Search,19/04/2026
1594,Granitepath Labs,Manufacturing,north america ,51-200,Partner,2024-02-17
1860,Sagepath Retail,Retail,North America,1-50,Paid Ads,2024-07-05
2825,Clearstone Group,Education,north america ,,Partner,2025-10-04
1264,Primewave Retail,Retail,Europe,1000+,Outbound Sales,2023-07-31
3764,Primegate Energy,logistics,N. America,1-50,Outbound Sales,2026-08-12
1209,Quartzcraft Group,Finance,Europe,51-200,Organic Search,2023-06-16
1317,Maplepoint Health,Finance,EMEA,1-50,Organic Search,2023-08-10
3562,Echoforge Studios,retail,N. America,51-200,Paid Ads,2026-06-07
3519,Primeworks Partners,Healthcare,APAC,1000+,Organic Search,2026-06-05
3096,Orbitpeak Labs,Retail,North America,1-50,Partner,2026-01-14
2264,Terrastone Foods,Finance,EMEA,1-50,Organic Search,2025-02-16
1352,Brightcraft Foods,Logistics,North America,1-50,Partner,2023-09-15
2967,Vertexgate Co,Finance,emea,,Organic Search,2025-11-26
3041,Atlasline Energy,healthcare,North America,1-50,Partner,2025-12-09
3301,Graniteforge Co,Logistics,North America,1-50,Partner,2026-03-17
2212,Swiftstone Health,manufacturing,EMEA,,Organic Search,07/01/2025
2254,Brightworks Health,manufacturing,EMEA,1-50,Outbound Sales,2025-02-09
2203,Vertexline Analytics,Technology,North America,201-1000,Organic Search,2025-01-08
1313,Clearstone Labs,Healthcare,Europe,1-50,Organic Search,2023-08-08
3384,Granitefield Studios,Media,EMEA,1-50,Organic Search,2026-04-10
3234,Riverbridge Studios,Healthcare,north america ,1-50,Organic Search,2026-02-11
3042,Swiftwave Partners,Healthcare,apac ,201-1000,Partner,2025-12-28
3165,Swiftforge Logistics,Education,EMEA,201-1000,Paid Ads,2026-02-09
1384,Terrabridge Co,Manufacturing,N. America,1-50,Organic Search,2023-09-05
1545,Coralcraft Retail,Finance,APAC,1000+,Partner,2024-01-14
1081,Brightforge Energy,Technology,APAC,201-1000,Organic Search,2023-02-18
2689,Northworks Group,Finance,Latin America,201-1000,Organic Search,2025-08-29
2954,Vertexstone Partners,Healthcare,Latin America,51-200,Organic Search,11/11/2025
3637,Bluefield Studios,Technology,LATAM,1-50,Outbound Sales,2026-07-25
2319,Maplefield Foods,Education,north america ,1000+,Organic Search,2025-02-16
1213,Quartzline Logistics,Healthcare,North America,1000+,Paid Ads,2023-06-17
1223,Granitewave Retail,Technology,North America,1-50,Organic Search,2023-06-22
2903,Clearbridge Retail,Education,North America,51-200,Organic Search,11/10/2025
1244,Summitpoint Retail,Manufacturing,APAC,1000+,Outbound Sales,2023-06-12
1503,Orbitfield Group,Media,north america ,51-200,Organic Search,2023-12-28
3216,Quartzline Analytics,Logistics,north america ,1-50,Outbound Sales,2026-02-17
3649,Novaforge Analytics,Manufacturing,Europe,51-200,Partner,2026-07-05
3777,Greenbridge Partners,finance,Latin America,,Organic Search,2026-09-01
3511,Terrawave Health,Education,LATAM,51-200,Outbound Sales,2026-06-21
3356,Northwave Retail,Technology,APAC,,Paid Ads,2026-04-03
2121,Graniteworks Group,Manufacturing,NA,,Organic Search,2024-11-04
3767,Brightforge Analytics,Manufacturing,EMEA,51-200,Organic Search,2026-08-17
2017,Northgate Labs,Healthcare,North America,51-200,Partner,05/09/2024
1865,Primeworks Studios  ,Technology,APAC,1000+,Paid Ads,31/07/2024
1692,Coralpath Systems,Media,North America,,Paid Ads,2024-04-21
2362,Vertexworks Retail,Retail,APAC,1-50,Partner,2025-03-31
3420,Vertexpath Energy,manufacturing,emea,1-50,Outbound Sales,2026-05-21
2943,Northbridge Group,Healthcare,North America,1-50,Organic Search,2025-11-17
1062,Clearpeak Group,Retail,Asia Pacific,1-50,Partner,2023-02-15
2154,Summitcraft Foods,Retail,APAC,1000+,Outbound Sales,2024-12-18
3838,Orbitwave Logistics,Retail,APAC,51-200,Organic Search,2026-09-21
1408,Riverpoint Co,finance,emea,51-200,Organic Search,2023-10-16
2814,Greengate Health,Media,EMEA,1-50,Outbound Sales,2025-09-19
3324,Clearstone Analytics,Retail,NA,51-200,Organic Search,2026-03-08
3192,Orbitgate Retail,Logistics,Asia Pacific,51-200,Partner,2026-02-17
2482,Greenpeak Labs,Education,north america ,51-200,Organic Search,2025-05-06
3760,Clearpath Logistics,Retail,Europe,1-50,Outbound Sales,2026-08-03
1624,Orbitgate Foods,Retail,emea,1-50,Organic Search,2024-02-06
1823,Riverforge Group,Technology,NA,1000+,Organic Search,2024-06-16
1444,Primewave Co,Logistics,APAC,201-1000,Outbound Sales,2023-11-06
2578,Silverwave Systems,Logistics,North America,201-1000,Paid Ads,2025-06-10
1879,Granitepeak Studios,Healthcare,NA,1-50,Paid Ads,2024-07-31
2252,Bluewave Logistics  ,Retail,apac ,51-200,Paid Ads,2025-01-11
3364,Clearforge Retail,Logistics,North America,201-1000,Outbound Sales,2026-04-23
3079,Sageworks Energy,Education,North America,1000+,Paid Ads,2026-01-17
2844,Maplestone Foods,Healthcare,N. America,201-1000,Paid Ads,2025-10-12
1263,Granitestone Labs,Finance,North America,201-1000,Outbound Sales,2023-07-16
3225,Novastone Retail,Manufacturing,North America,1-50,Outbound Sales,2026-02-19
2008,Ironpath Partners,Healthcare,emea,51-200,Organic Search,2024-09-27
2681,Northpoint Labs,Finance,APAC,51-200,Paid Ads,2025-07-27
1963,Riverfield Labs,Finance,Europe,201-1000,Organic Search,2024-08-21
1758,Sageworks Group,Media,NA,201-1000,Outbound Sales,2024-05-20
3506,Summitbridge Analytics,Logistics,APAC,201-1000,Paid Ads,2026-06-20
1439,Sagefield Logistics,Education,north america ,51-200,Partner,2023-10-02
1984,Atlaspoint Co,Technology,APAC,1-50,Organic Search,2024-09-16
1158,Graniteline Energy,Media,EMEA,51-200,Paid Ads,2023-04-06
1918,Terrapeak Systems,Finance,Europe,,Organic Search,2024-08-28
3177,Sagewave Group,Finance,LATAM,1-50,Paid Ads,2026-02-19
2160,Greencraft Health,Manufacturing,EMEA,1-50,Outbound Sales,2024-12-13
1900,Atlascraft Partners,finance,Europe,201-1000,Partner,2024-07-04
1406,Ironwave Health,Finance,APAC,201-1000,Organic Search,2023-10-15
3754,Granitefield Group,Technology,NA,1-50,Outbound Sales,2026-08-11
1571,Vertexpoint Analytics,Retail,APAC,1-50,Organic Search,2024-01-21
1268,Harborpoint Retail,Logistics,North America,201-1000,Organic Search,2023-07-09
1068,Maplestone Group,Manufacturing,LATAM,201-1000,Organic Search,2023-02-05
3722,Primepoint Studios,Technology,emea,1-50,Outbound Sales,13/08/2026
1647,Orbitline Studios,Media,north america ,1-50,Paid Ads,2024-03-26
2794,Orbitworks Partners,Manufacturing,LATAM,1-50,Partner,2025-09-03
2803,Silverwave Labs,Education,North America,51-200,Partner,06/09/2025
3515,Summitstone Logistics,Education,EMEA,51-200,Paid Ads,13/06/2026
2685,Pinefield Studios,Media,North America,1000+,Organic Search,2025-08-08
3196,Ironpath Foods,Logistics,North America,,Organic Search,2026-02-28
1301,Quartzfield Foods,Education,NA,1-50,Organic Search,2023-07-25
3124,Swiftpeak Logistics,Healthcare,Europe,51-200,Organic Search,2026-01-14
1967,Brightfield Systems,Logistics,north america ,51-200,Partner,2024-08-31
1828,Brightworks Energy,Healthcare,emea,51-200,Outbound Sales,2024-06-24
3705,Summitworks Group  ,Education,LATAM,,Outbound Sales,2026-08-28
2771,Ironfield Labs,Education,north america ,201-1000,Partner,11/09/2025
2485,Blueworks Analytics,Finance,north america ,1-50,Organic Search,2025-05-20
2152,Swiftpath Logistics,Finance,North America,1-50,Organic Search,2024-12-10
2757,Clearpoint Foods,Healthcare,North America,201-1000,Organic Search,2025-08-16
3765,Northstone Studios,Finance,North America,201-1000,Organic Search,2026-08-01
3007,Harborforge Logistics,Manufacturing,LATAM,1000+,Partner,2025-12-11
2406,Vertexfield Analytics,Manufacturing,North America,1-50,Partner,25/04/2025
1291,Maplepoint Studios,Technology,LATAM,201-1000,Partner,2023-07-11
1091,Northstone Health,Logistics,EMEA,1-50,Outbound Sales,2023-03-16
2660,Terrapoint Logistics,Healthcare,EMEA,1-50,Paid Ads,2025-07-11
2508,Clearpath Studios,Healthcare,EMEA,1-50,Organic Search,2025-05-14
1541,Pinestone Systems,Manufacturing,north america ,,Partner,2024-01-31
2139,Silverpath Analytics,Media,Latin America,51-200,Organic Search,2024-12-07
2489,Northpeak Foods,Finance,EMEA,201-1000,Outbound Sales,2025-05-20
3112,Blueforge Systems,Healthcare,North America,51-200,Outbound Sales,2026-01-11
2461,Silverbridge Co,Manufacturing,EMEA,1-50,Paid Ads,2025-05-13
3574,Vertexfield Systems,Healthcare,N. America,1000+,Partner,2026-06-07
3353,Summitfield Logistics,Education,emea,1-50,Paid Ads,2026-04-01
2281,Novacraft Labs,Healthcare,North America,1000+,Outbound Sales,01/02/2025
1238,Coralpoint Foods,retail,north america ,1-50,Partner,2023-06-30
3211,Swiftbridge Analytics,Technology,North America,1000+,Partner,2026-02-21
3107,Pinebridge Retail,Finance,N. America,1000+,Outbound Sales,2026-01-07
2042,Coralcraft Analytics,Finance,APAC,51-200,Outbound Sales,2024-10-16
1203,Quartzpoint Studios,Technology,north america ,201-1000,Outbound Sales,2023-05-06
2243,Sagebridge Labs,Education,emea,51-200,Organic Search,2025-01-08
2109,Swiftpath Co,Technology,EMEA,51-200,Paid Ads,2024-11-14
1471,Silverwave Studios,Logistics,North America,51-200,Paid Ads,2023-11-03
2887,Coralwave Labs,Retail,emea,1-50,Organic Search,2025-10-30
3149,Greenforge Labs,Media,North America,201-1000,Organic Search,2026-01-31
1603,Harborpoint Energy,Retail,north america ,201-1000,Partner,2024-02-16
2436,Clearpoint Group,Education,North America,51-200,Outbound Sales,2025-04-03
1102,Summitbridge Co,Media,N. America,201-1000,Organic Search,2023-03-12
3682,Terrafield Studios,Healthcare,APAC,51-200,Partner,2026-08-19
3571,Silverwave Co,Healthcare,Asia Pacific,51-200,Organic Search,2026-06-20
3643,Coralpoint Health,Retail,apac ,1-50,Organic Search,2026-07-11
2619,Quartzgate Labs,Technology,Latin America,201-1000,Partner,2025-07-11
3131,Swiftworks Foods,Retail,North America,51-200,Outbound Sales,2026-01-19
3711,Brightwave Group,Manufacturing,apac ,201-1000,Organic Search,2026-08-19
2265,Granitebridge Group,Manufacturing,Asia Pacific,1000+,Outbound Sales,2025-02-21
1942,Novaforge Energy,Education,apac ,1-50,Paid Ads,2024-08-13
1983,Orbitbridge Studios,Logistics,emea,1-50,Paid Ads,2024-09-10
3398,Harborfield Labs,Manufacturing,apac ,201-1000,Organic Search,2026-04-02
1441,Greenfield Systems  ,Education,NA,1-50,Organic Search,2023-10-08
3671,Swiftstone Foods,Healthcare,EMEA,1-50,Outbound Sales,2026-07-06
1248,Echopoint Analytics,Technology,Latin America,1-50,Organic Search,2023-06-04
1425,Novafield Energy,Retail,Latin America,1-50,Organic Search,2023-10-03
3594,Riverstone Energy,Finance,APAC,1-50,Paid Ads,2026-07-25
2514,Ironline Co,Education,EMEA,1000+,Organic Search,2025-05-26
1533,Vertexline Group,Manufacturing,Latin America,1000+,Organic Search,2023-12-20
1394,Clearwave Energy,Manufacturing,North America,1000+,Outbound Sales,2023-09-09
1127,Atlasfield Energy,Logistics,Europe,1-50,Paid Ads,2023-04-26
2059,Northfield Energy,healthcare,north america ,1-50,Outbound Sales,2024-10-08
3006,Vertexfield Partners,Finance,emea,1-50,Outbound Sales,2025-12-07
1114,Terrastone Labs,Technology,N. America,51-200,Organic Search,2023-03-22
1327,Harborstone Studios,Retail,EMEA,1000+,Paid Ads,2023-08-29
1348,Riverpoint Health  ,Finance,LATAM,51-200,Partner,11/08/2023
1525,Bluefield Co,Logistics,APAC,1-50,Paid Ads,2023-12-23
2744,Quartzline Retail,Technology,EMEA,51-200,Partner,2025-08-16
1816,Greenworks Energy,Logistics,NA,1-50,Organic Search,2024-06-22
2662,Sagefield Partners,Media,Latin America,51-200,Outbound Sales,2025-07-03
3526,Riverpath Group,Technology,North America,1-50,Outbound Sales,2026-06-19
3030,Orbitstone Group,Media,emea,51-200,Paid Ads,2025-12-15
1811,Terrabridge Foods,Media,EMEA,51-200,Outbound Sales,2024-06-26
2345,Greenpath Energy,Technology,N. America,51-200,Organic Search,2025-03-29
2806,Clearwave Systems,retail,North America,201-1000,Outbound Sales,2025-09-01
3477,Clearbridge Analytics,Technology,north america ,51-200,Outbound Sales,2026-05-27
2497,Primepath Retail,Retail,EMEA,201-1000,Organic Search,2025-05-31
3577,Primegate Retail,Media,EMEA,51-200,Organic Search,2026-06-05
2979,Greenwave Group,Education,EMEA,1-50,Organic Search,2025-11-04
1922,Silverpoint Labs,Manufacturing,Latin America,51-200,Outbound Sales,2024-08-06
1117,Silvercraft Group,Finance,N. America,1-50,Partner,2023-03-07
3796,Primewave Labs,Education,EMEA,201-1000,Outbound Sales,2026-09-18
2933,Swiftpoint Retail,Education,North America,1-50,Organic Search,2025-11-19
3415,Swiftwave Retail,Finance,NA,1-50,Outbound Sales,2026-05-29
1280,Sageforge Retail,Retail,Asia Pacific,1000+,Paid Ads,2023-07-22
3840,Sagecraft Partners,Finance,North America,51-200,Outbound Sales,2026-09-18
3528,Blueworks Systems,manufacturing,Asia Pacific,51-200,Partner,2026-06-03
1125,Echowave Analytics,Healthcare,apac ,1-50,Paid Ads,2023-04-29
2990,Northwave Partners,Media,EMEA,1-50,Organic Search,2025-12-10
3250,Granitegate Retail,Education,EMEA,201-1000,Outbound Sales,2026-03-13
3206,Granitegate Energy,Media,emea,201-1000,Partner,2026-02-27
2365,Quartzworks Co,Education,apac ,,Organic Search,2025-03-10
1382,Bluepeak Retail,Technology,Europe,201-1000,Outbound Sales,2023-09-28
1465,Swiftforge Foods,Education,N. America,1-50,Organic Search,2023-11-21
3795,Brightforge Labs,Healthcare,NA,51-200,Paid Ads,2026-09-14
3222,Silverpeak Systems,Manufacturing,Europe,1-50,Paid Ads,2026-02-07
3021,Northworks Analytics,Retail,north america ,51-200,Organic Search,2025-12-04
1791,Summitpeak Systems,Education,NA,1-50,Paid Ads,2024-06-14
1544,Atlaspath Group,Finance,N. America,1-50,Partner,2024-01-26
2377,Sageline Labs,Healthcare,LATAM,201-1000,Organic Search,2025-03-12
1110,Riverpeak Foods,Logistics,Europe,1000+,Paid Ads,2023-03-11
2603,Greenline Partners,Technology,APAC,51-200,Partner,2025-06-13
3600,Silverpeak Foods,Finance,NA,,Partner,2026-07-13
1626,Vertexpoint Co,Media,NA,1000+,Partner,2024-02-15
3351,Novapoint Systems,Manufacturing,north america ,1-50,Paid Ads,2026-04-02
2147,Maplepath Partners,Healthcare,NA,1-50,Outbound Sales,2024-12-11
2086,Clearline Labs,Technology,APAC,201-1000,Organic Search,2024-11-13
1190,Clearfield Health,Manufacturing,Europe,51-200,Partner,2023-05-11
1276,Terrawave Retail,Education,Europe,201-1000,Paid Ads,2023-07-19
2479,Novapeak Energy,Healthcare,N. America,51-200,Outbound Sales,2025-05-25
1482,Rivergate Group,Finance,north america ,1000+,Organic Search,2023-11-04
3572,Granitepeak Co,Retail,Asia Pacific,1-50,Organic Search,2026-06-21
3279,Granitewave Partners,Healthcare,north america ,1000+,Organic Search,2026-03-18
2626,Coralforge Health,Finance,N. America,51-200,Outbound Sales,2025-07-27
1055,Brightpeak Energy,Healthcare,north america ,51-200,Organic Search,2023-02-23
2130,Echogate Logistics,Retail,apac ,1-50,Partner,2024-11-24
1780,Greenwave Systems,Logistics,EMEA,201-1000,Organic Search,2024-05-31
3310,Quartzpeak Studios,Media,NA,1-50,Partner,09/03/2026
3167,Coralgate Logistics  ,Technology,NA,201-1000,Partner,2026-02-21
2255,Swiftbridge Co,Technology,apac ,1-50,Paid Ads,16/02/2025
1136,Rivergate Retail,Retail,LATAM,1-50,Outbound Sales,2023-04-22
2544,Bluestone Foods,Technology,Latin America,201-1000,Outbound Sales,2025-06-28
2229,Quartzline Health,Media,N. America,1-50,Organic Search,2025-01-20
3741,Novawave Labs,Finance,Asia Pacific,1-50,Outbound Sales,2026-08-11
2532,Harborforge Analytics,Retail,Europe,1000+,Paid Ads,2025-06-07
1947,Summitline Energy,Logistics,EMEA,51-200,Outbound Sales,2024-08-30
2669,Clearbridge Foods,finance,N. America,51-200,Organic Search,2025-07-23
3793,Bluegate Health,Finance,APAC,51-200,Organic Search,2026-09-26
2060,Pinepoint Health,Manufacturing,North America,51-200,Paid Ads,15/10/2024
2322,Coralworks Analytics,Media,North America,201-1000,Partner,2025-02-05
2691,Novagate Labs,Logistics,EMEA,1000+,Partner,2025-08-13
2035,Orbitgate Partners,Healthcare,Latin America,1000+,Partner,2024-10-29
2422,Echopoint Labs,Finance,APAC,51-200,Paid Ads,2025-04-30
2230,Orbitwave Energy,Media,North America,51-200,Outbound Sales,2025-01-10
1346,Summitworks Health,Retail,EMEA,1000+,Organic Search,2023-08-15
1509,Swiftbridge Logistics,Media,EMEA,1-50,Outbound Sales,2023-12-30
1098,Silverpoint Partners,Logistics,Asia Pacific,201-1000,Partner,2023-03-21
2850,Graniteforge Partners,Manufacturing,North America,201-1000,Paid Ads,03/10/2025
1010,Primebridge Logistics,Manufacturing,APAC,1000+,Paid Ads,2023-01-05
1113,Granitepath Studios,Media,NA,201-1000,Organic Search,2023-03-04
1235,Brightpeak Analytics,Logistics,Europe,201-1000,Organic Search,2023-06-21
2896,Silverworks Foods,Education,APAC,51-200,Outbound Sales,2025-10-19
1176,Echobridge Logistics,healthcare,EMEA,51-200,Organic Search,2023-05-28
1017,Sagepeak Logistics,Media,EMEA,201-1000,Paid Ads,2023-01-15
3771,Maplestone Health,Education,Europe,201-1000,Organic Search,2026-09-20
1876,Novaforge Studios,Manufacturing,North America,1-50,Outbound Sales,2024-07-20
3802,Echoline Retail,Retail,EMEA,1-50,Paid Ads,2026-09-25
3197,Greenpeak Analytics,Retail,apac ,1000+,Outbound Sales,2026-02-20
3251,Primeworks Group,Education,APAC,51-200,Paid Ads,2026-03-10
2153,Harborgate Group,Education,EMEA,1000+,Partner,2024-12-21
1021,Northbridge Energy,technology,emea,201-1000,Partner,2023-01-04
2402,Orbitgate Analytics,Retail,NA,1-50,Partner,2025-04-20
1185,Northforge Foods,Manufacturing,apac ,1-50,Partner,2023-05-13
2739,Harborcraft Logistics,Retail,APAC,1-50,Organic Search,2025-08-14
2303,Ironforge Co,Finance,NA,201-1000,Outbound Sales,2025-02-18
3674,Clearworks Systems,Education,apac ,51-200,Outbound Sales,2026-07-16
2136,Novabridge Labs,Education,Asia Pacific,1000+,Organic Search,2024-12-26
3469,Summitline Labs,Logistics,emea,51-200,Paid Ads,2026-05-11
2576,Ironwave Studios,Education,EMEA,1-50,Organic Search,2025-06-15
1426,Greencraft Partners,Media,NA,201-1000,Organic Search,2023-10-17
2575,Echopoint Foods,Healthcare,emea,1-50,Paid Ads,2025-06-08
1632,Ironbridge Partners,Finance,Europe,201-1000,Organic Search,2024-02-25
3317,Pinegate Partners,Media,N. America,1-50,Partner,2026-03-26
1651,Atlaspeak Studios,Media,N. America,,Paid Ads,2024-03-06
1140,Brightworks Group,Education,N. America,1-50,Paid Ads,2023-04-04
3223,Orbitcraft Systems,Media,apac ,1-50,Partner,2026-02-19
2416,Swiftpoint Partners,Media,North America,1000+,Paid Ads,2025-04-03
3752,Orbitpoint Energy,Finance,Europe,1-50,Partner,26/08/2026
3458,Brightfield Retail,Education,Asia Pacific,1000+,Organic Search,2026-05-20
2023,Silverstone Analytics,Logistics,Latin America,51-200,Organic Search,2024-10-05
1727,Northforge Group  ,Healthcare,North America,201-1000,Organic Search,2024-04-02
3076,Riverpoint Analytics,Manufacturing,NA,1000+,Organic Search,2026-01-06
3114,Vertexgate Retail,Technology,LATAM,51-200,Organic Search,2026-01-29
3029,Novapeak Retail,Healthcare,Europe,1-50,Partner,2025-12-12
3293,Riverline Studios  ,Manufacturing,EMEA,1000+,Outbound Sales,2026-03-22
2904,Silverpath Studios,Healthcare,Europe,1-50,Outbound Sales,2025-10-19
1497,Orbitforge Labs,Retail,emea,1000+,Organic Search,2023-12-11
2784,Harborbridge Group,Retail,North America,51-200,Outbound Sales,2025-09-05
1857,Pinebridge Group,Media,EMEA,1-50,Organic Search,2024-07-07
1566,Harborgate Co,Media,north america ,1-50,Partner,2024-01-19
3066,Northstone Foods,Technology,EMEA,1-50,Organic Search,2026-01-15
2394,Summitforge Retail,Media,APAC,1-50,Organic Search,2025-04-06
3706,Orbitgate Health,Education,APAC,,Paid Ads,2026-08-12
3567,Primefield Co,Manufacturing,EMEA,1-50,Paid Ads,2026-06-11
1500,Pinegate Logistics,retail,apac ,201-1000,Paid Ads,2023-12-06
2704,Coralgate Group,Logistics,NA,,Paid Ads,2025-08-29
1558,Novaline Logistics,Education,Asia Pacific,1-50,Partner,19/01/2024
3182,Vertexcraft Partners  ,Technology,North America,1000+,Paid Ads,2026-02-19
1401,Summitpeak Labs,Healthcare,emea,51-200,Organic Search,2023-10-05
3457,Swiftpeak Co,Finance,EMEA,1000+,Outbound Sales,2026-05-02
1124,Sageline Retail,Healthcare,north america ,1-50,Partner,2023-04-13
2361,Novapath Foods,Media,EMEA,201-1000,Organic Search,2025-03-25
2710,Coralworks Group,Education,Asia Pacific,1000+,Organic Search,2025-08-03
1658,Granitepeak Foods,Retail,EMEA,1-50,Organic Search,22/03/2024
1236,Bluebridge Labs,Finance,North America,1-50,Organic Search,2023-06-23
1196,Coralwave Health,Manufacturing,north america ,51-200,Partner,2023-05-27
2165,Bluepoint Retail,Technology,North America,1-50,Partner,2024-12-13
1771,Brightcraft Health,Manufacturing,Latin America,201-1000,Organic Search,2024-05-13
2363,Primepeak Labs,Education,APAC,201-1000,Organic Search,2025-03-31
3055,Orbitpoint Health,Technology,NA,51-200,Paid Ads,2025-12-28
1149,Bluefield Foods,Manufacturing,Europe,1-50,Organic Search,2023-04-04
1296,Riverpath Analytics  ,Healthcare,apac ,1-50,Organic Search,2023-07-02
2325,Sagefield Health,retail,EMEA,51-200,Paid Ads,2025-03-05
2066,Maplepeak Systems,Education,Asia Pacific,201-1000,Outbound Sales,2024-10-19
2646,Novapeak Health,Technology,North America,1-50,Organic Search,2025-07-03
1600,Primecraft Logistics,Finance,north america ,1-50,Paid Ads,2024-02-22
3460,Terracraft Health,Finance,North America,201-1000,Outbound Sales,2026-05-16
3370,Silverbridge Partners,Retail,LATAM,51-200,Outbound Sales,2026-04-27
1646,Echoworks Energy,Manufacturing,NA,201-1000,Organic Search,2024-03-03
1683,Riverfield Analytics,Healthcare,EMEA,201-1000,Paid Ads,2024-04-19
3071,Coralforge Foods,Media,APAC,1-50,Organic Search,2026-01-27
3707,Vertexcraft Health,Manufacturing,Latin America,1-50,Outbound Sales,2026-08-07
3471,Northpath Analytics,Finance,Latin America,1-50,Outbound Sales,2026-05-02
3672,Summitline Health  ,Healthcare,Latin America,,Partner,2026-07-15
1453,Pinepeak Analytics,Education,north america ,1-50,Outbound Sales,2023-11-05
2116,Harborline Analytics,Media,north america ,1-50,Partner,2024-11-01
1722,Coralline Studios,Manufacturing,north america ,1-50,Paid Ads,2024-04-26
2731,Maplecraft Studios,Healthcare,EMEA,201-1000,Paid Ads,2025-08-15
2722,Vertexforge Foods,education,NA,1-50,Paid Ads,2025-08-28
3320,Clearwave Labs,education,APAC,1-50,Paid Ads,2026-03-06
3641,Silverforge Energy,Technology,Asia Pacific,51-200,Paid Ads,31/07/2026
1423,Echostone Logistics,Retail,Asia Pacific,1-50,Organic Search,2023-10-02
1936,Riverstone Systems,Finance,NA,1-50,Outbound Sales,2024-08-08
2359,Novastone Studios,Technology,emea,1-50,Paid Ads,2025-03-21
1259,Northpeak Group,Healthcare,EMEA,51-200,Partner,2023-07-01
2105,Greenpoint Health,Technology,APAC,1000+,Paid Ads,2024-11-13
3339,Terraforge Co,education,north america ,201-1000,Organic Search,06/04/2026
2604,Ironfield Studios,Media,EMEA,201-1000,Organic Search,2025-07-25
1884,Ironline Health,Logistics,north america ,1-50,Outbound Sales,2024-07-12
2824,Quartzgate Co,Education,North America,1-50,Paid Ads,2025-10-25
1849,Swiftworks Co,Education,emea,1-50,Partner,2024-07-14
3830,Greenfield Analytics,Retail,North America,,Organic Search,21/09/2026
3427,Greenbridge Studios,Finance,North America,1000+,Partner,2026-05-29
1438,Ironbridge Group,Technology,EMEA,1-50,Paid Ads,2023-10-16
1414,Rivercraft Studios,Technology,north america ,1-50,Organic Search,2023-10-27
2601,Maplepoint Systems,Retail,APAC,51-200,Partner,2025-06-30
2129,Vertexforge Labs,Manufacturing,Latin America,1000+,Outbound Sales,2024-11-13
2760,Riverwave Systems,Retail,LATAM,1000+,Organic Search,2025-09-11
3048,Quartzpath Health,Manufacturing,North America,1-50,Outbound Sales,2025-12-22
1833,Bluegate Systems,Education,NA,51-200,Paid Ads,2024-06-07
2747,Greenpoint Energy,Finance,EMEA,1-50,Organic Search,2025-08-27
1390,Bluefield Systems  ,Logistics,LATAM,1-50,Outbound Sales,2023-09-17
3198,Clearworks Health  ,Media,Asia Pacific,,Organic Search,2026-02-14
3837,Terraline Group,Education,North America,1-50,Partner,2026-09-22
1192,Pinepoint Systems,Healthcare,north america ,51-200,Partner,2023-05-06
3047,Summitpath Logistics,Education,N. America,51-200,Partner,2025-12-04
3718,Bluewave Health,Logistics,NA,51-200,Outbound Sales,2026-08-29
2172,Ironcraft Logistics,Retail,north america ,201-1000,Organic Search,2024-12-22
1584,Echofield Studios,Finance,emea,1-50,Partner,2024-02-17
2795,Brightwave Systems,Manufacturing,EMEA,1-50,Organic Search,2025-09-16
3038,Orbitpeak Systems,Education,APAC,1000+,Organic Search,2025-12-19
1852,Orbitforge Foods,Retail,LATAM,201-1000,Organic Search,2024-07-09
2546,Pinepath Group,Education,LATAM,51-200,Partner,2025-06-12
1842,Novawave Group,Retail,north america ,51-200,Organic Search,2024-07-26
2391,Clearpoint Systems,Logistics,Asia Pacific,1000+,Paid Ads,2025-04-22
3533,Greenworks Retail  ,Media,emea,1-50,Partner,2026-06-01
1691,Northpath Studios,Finance,North America,51-200,Organic Search,2024-04-04
3119,Greenfield Logistics,Retail,apac ,51-200,Paid Ads,2026-01-26
3842,Echofield Labs,Retail,LATAM,1-50,Organic Search,2026-09-27
2488,Orbitcraft Partners,Media,N. America,51-200,Partner,2025-05-01
3180,Greenpoint Logistics,Media,EMEA,,Partner,2026-02-04
1508,Clearfield Retail,Logistics,emea,51-200,Organic Search,2023-12-03
1590,Primegate Group,Retail,north america ,51-200,Partner,2024-02-04
3103,Riverpath Labs,Healthcare,emea,51-200,Organic Search,2026-01-23
1312,Bluebridge Partners,Manufacturing,EMEA,1000+,Paid Ads,2023-08-17
1844,Swiftpeak Labs,Retail,N. America,201-1000,Paid Ads,2024-07-20
3673,Coralpeak Health,Media,EMEA,51-200,Outbound Sales,10/07/2026
3559,Novabridge Studios,Healthcare,North America,51-200,Outbound Sales,2026-06-21
2893,Vertexcraft Systems,Healthcare,EMEA,1-50,Outbound Sales,2025-10-18
2232,Greenpeak Energy  ,Education,North America,201-1000,Partner,2025-01-27
3624,Echocraft Health,Education,N. America,51-200,Partner,2026-07-20
3045,Mapleline Group,Media,NA,51-200,Paid Ads,2025-12-07
3113,Quartzgate Health,Media,Asia Pacific,1-50,Partner,2026-01-28
3150,Summitfield Co,Finance,APAC,51-200,Organic Search,2026-01-07
2752,Coralline Health,Education,N. America,201-1000,Outbound Sales,2025-08-01
2559,Echoworks Retail,Logistics,NA,201-1000,Paid Ads,2025-06-17
1392,Greencraft Energy,Media,emea,201-1000,Organic Search,2023-09-27
3452,Pinecraft Analytics,Retail,EMEA,,Organic Search,2026-05-25
2734,Echopeak Logistics,Healthcare,EMEA,51-200,Paid Ads,2025-08-04
3085,Clearline Systems,Media,North America,1-50,Partner,2026-01-06
1258,Brightfield Co,Healthcare,north america ,1-50,Partner,2023-06-23
3445,Northworks Co,Technology,NA,1-50,Outbound Sales,2026-05-28
2657,Brightgate Retail,Retail,APAC,51-200,Partner,2025-07-05
2605,Primecraft Studios,Retail,emea,201-1000,Paid Ads,2025-07-25
2294,Blueline Health,Healthcare,LATAM,51-200,Outbound Sales,2025-02-09
3608,Brightstone Analytics  ,Healthcare,Latin America,51-200,Paid Ads,2026-07-10
1033,Echoworks Labs,Healthcare,Asia Pacific,1-50,Paid Ads,2023-01-29
1636,Pinepeak Labs,Manufacturing,APAC,1-50,Partner,2024-03-04
1506,Atlasfield Group,Technology,EMEA,,Organic Search,2023-12-08
3195,Sagecraft Health,Retail,North America,1-50,Organic Search,2026-02-25
3527,Clearpeak Systems,Technology,apac ,1-50,Outbound Sales,2026-06-23
1419,Atlasfield Logistics,Manufacturing,Latin America,201-1000,Outbound Sales,2023-10-10
1891,Clearpath Health,education,N. America,1-50,Partner,2024-07-24
2366,Graniteworks Energy,Media,north america ,1000+,Organic Search,2025-03-11
2970,Vertexpath Health,Manufacturing,Europe,51-200,Outbound Sales,2025-11-18
2219,Silverworks Energy,Technology,North America,1-50,Partner,2025-01-27
2634,Sagepath Analytics,Retail,APAC,51-200,Paid Ads,2025-07-09
2783,Maplepath Foods,Finance,North America,51-200,Outbound Sales,2025-09-29
2624,Quartzgate Systems,Retail,North America,1-50,Organic Search,2025-07-15
3780,Novagate Studios,Finance,apac ,1-50,Organic Search,2026-09-30
2574,Ironworks Analytics,Logistics,Latin America,201-1000,Outbound Sales,2025-06-12
1012,Orbitpoint Foods,Technology,APAC,51-200,Organic Search,2023-01-14
3620,Harborbridge Health,Education,North America,51-200,Organic Search,2026-07-08
3199,Bluebridge Retail,Technology,EMEA,51-200,Organic Search,2026-02-13
3758,Sagepoint Logistics,Media,EMEA,1000+,Organic Search,2026-08-09
2053,Primepoint Energy,logistics,Europe,1000+,Partner,2024-10-18
3584,Sagebridge Partners,Retail,N. America,1000+,Partner,2026-06-20
2126,Orbitpeak Partners,logistics,EMEA,51-200,Paid Ads,2024-11-01
3009,Greenwave Analytics,Logistics,EMEA,,Organic Search,2025-12-10
1819,Brightwave Co,Finance,APAC,51-200,Paid Ads,2024-06-05
2456,Harborpoint Studios,Technology,North America,1000+,Paid Ads,2025-05-08
2274,Silverstone Health,Retail,LATAM,51-200,Outbound Sales,2025-02-20
1782,Quartzstone Partners,Retail,emea,201-1000,Organic Search,2024-05-04
2598,Sageline Analytics,Manufacturing,APAC,51-200,Organic Search,2025-06-30
1628,Primecraft Energy,Education,NA,1-50,Paid Ads,2024-02-01
3303,Silverline Systems,Healthcare,North America,201-1000,Paid Ads,2026-03-30
1088,Vertexpoint Studios,Education,North America,1-50,Organic Search,2023-03-27
2611,Northstone Labs,Education,north america ,1-50,Organic Search,2025-07-28
2221,Echoforge Logistics,Logistics,N. America,1-50,Outbound Sales,2025-01-11
2240,Rivergate Studios,Retail,LATAM,1-50,Partner,2025-01-25
3333,Orbitworks Energy,Technology,NA,1-50,Organic Search,2026-04-23
2417,Ironpeak Group,Education,LATAM,1-50,Partner,2025-04-06
2886,Echofield Systems,Education,APAC,1-50,Paid Ads,2025-10-02
2239,Summitpeak Analytics,Manufacturing,Europe,1-50,Organic Search,2025-01-10
1087,Silverfield Partners,Finance,APAC,201-1000,Paid Ads,2023-02-02
3104,Irongate Foods,Logistics,NA,51-200,Partner,2026-01-05
3697,Harborcraft Co,Finance,emea,1-50,Paid Ads,2026-08-02
2938,Maplefield Energy,Healthcare,emea,1-50,Partner,2025-11-12
1563,Terrapeak Logistics,Healthcare,North America,51-200,Organic Search,2024-01-10
3290,Silverstone Logistics,Education,emea,51-200,Organic Search,2026-03-24
3184,Sagewave Energy,Technology,North America,1000+,Outbound Sales,2026-02-12
3823,Brightwave Partners,Retail,EMEA,51-200,Organic Search,2026-09-07
3031,Pinepoint Logistics,Finance,north america ,201-1000,Partner,09/12/2025
3187,Coralgate Systems,Technology,north america ,201-1000,Organic Search,2026-02-02
2895,Novastone Health,Logistics,North America,1-50,Paid Ads,2025-10-18
2424,Ironworks Logistics,Media,APAC,51-200,Organic Search,2025-04-11
1581,Swiftpath Studios,finance,N. America,51-200,Paid Ads,2024-01-11
1220,Greenpeak Co,Finance,EMEA,201-1000,Paid Ads,2023-06-03
2568,Northwave Energy,Retail,EMEA,51-200,Organic Search,2025-06-26
2608,Northcraft Analytics  ,Healthcare,north america ,1000+,Organic Search,2025-07-21
3675,Quartzstone Co,Healthcare,APAC,201-1000,Outbound Sales,2026-07-13
1910,Sagegate Foods,Retail,apac ,51-200,Paid Ads,2024-08-17
2798,Terrapath Labs,Retail,north america ,1-50,Partner,2025-09-06
3700,Maplestone Analytics,Education,Asia Pacific,1-50,Outbound Sales,2026-08-23
3709,Brightpath Retail,Education,Europe,1000+,Partner,2026-08-02
2292,Quartzstone Analytics,Finance,apac ,51-200,Organic Search,2025-02-26
3273,Ironworks Foods,Technology,Asia Pacific,1-50,Organic Search,2026-03-24
2502,Blueline Labs,Manufacturing,North America,51-200,Outbound Sales,2025-05-16
2673,Brightwave Health,Media,Europe,,Organic Search,2025-07-08
1056,Atlasbridge Partners,Manufacturing,APAC,51-200,Organic Search,2023-02-19
3774,Clearpath Labs,Media,north america ,1-50,Paid Ads,2026-09-08
2852,Quartzfield Labs,Logistics,N. America,1-50,Paid Ads,18/10/2025
2984,Terraworks Analytics,Finance,N. America,201-1000,Partner,2025-11-21
1867,Pineline Retail,Media,North America,1-50,Paid Ads,2024-07-29
1142,Summitstone Health,Manufacturing,emea,51-200,Paid Ads,2023-04-08
2080,Atlaspoint Group,Healthcare,North America,1-50,Paid Ads,04/11/2024
2204,Clearforge Group,Manufacturing,EMEA,201-1000,Paid Ads,2025-01-13
2076,Orbitpoint Labs,Finance,LATAM,1000+,Paid Ads,2024-11-08
3708,Sageline Group,Retail,emea,1-50,Partner,2026-08-19
3064,Quartzpath Systems,Finance,North America,201-1000,Organic Search,2025-12-24
3215,Brightpeak Systems,Education,N. America,201-1000,Partner,2026-02-12
1320,Summitstone Group,Retail,Europe,1000+,Outbound Sales,2023-08-13
2845,Sagewave Foods,Technology,APAC,51-200,Outbound Sales,2025-10-06
3642,Silverstone Systems,Healthcare,Europe,1000+,Outbound Sales,2026-07-25
3220,Echopoint Health,Healthcare,EMEA,1000+,Organic Search,2026-02-17
3363,Northpeak Analytics,Healthcare,North America,51-200,Outbound Sales,2026-04-23
2528,Summitline Retail,Retail,NA,1-50,Partner,2025-06-27
1597,Vertexforge Energy,Technology,Latin America,51-200,Outbound Sales,2024-02-08
1253,Rivercraft Labs,Media,EMEA,1-50,Organic Search,2023-06-27
3028,Northcraft Studios,Media,APAC,51-200,Organic Search,2025-12-15
3665,Quartzpoint Group,Technology,North America,201-1000,Paid Ads,2026-07-03
1446,Terrabridge Logistics,Healthcare,Asia Pacific,51-200,Outbound Sales,2023-11-04
2800,Sagegate Logistics,Education,NA,201-1000,Outbound Sales,2025-09-30
2858,Brightfield Studios,Logistics,APAC,201-1000,Organic Search,2025-10-26
2959,Vertexfield Group,Logistics,North America,201-1000,Partner,2025-11-12
2166,Primepath Co,Technology,NA,1-50,Organic Search,2024-12-11
3678,Blueforge Health,Logistics,Latin America,1-50,Paid Ads,2026-07-16
1815,Harborpath Labs,Technology,Europe,51-200,Organic Search,2024-06-04
3012,Riverline Labs,Technology,EMEA,201-1000,Outbound Sales,2025-12-06
3252,Orbitbridge Partners,Education,emea,201-1000,Paid Ads,2026-03-28
2001,Quartzpoint Analytics  ,Education,apac ,201-1000,Partner,2024-09-20
3188,Granitegate Labs,Manufacturing,north america ,,Organic Search,2026-02-18
2134,Harborfield Energy,Media,APAC,1-50,Paid Ads,2024-12-28
3050,Orbitstone Co,Media,apac ,1-50,Organic Search,2025-12-28
2949,Clearpeak Foods,Manufacturing,north america ,201-1000,Partner,28/11/2025
2983,Ironpoint Logistics,education,EMEA,1000+,Paid Ads,23/11/2025
1155,Sagecraft Systems,Finance,north america ,1000+,Organic Search,2023-04-10
2537,Coralcraft Energy,Technology,NA,51-200,Organic Search,2025-06-29
1518,Silverbridge Foods,Finance,North America,201-1000,Paid Ads,2023-12-24
1514,Swiftpoint Analytics,Healthcare,apac ,1-50,Paid Ads,2023-12-01
3129,Atlasworks Studios,Manufacturing,North America,1-50,Organic Search,2026-01-14
3529,Swiftgate Studios,Logistics,EMEA,201-1000,Paid Ads,2026-06-25
1361,Ironforge Systems,media,North America,201-1000,Organic Search,2023-09-19
2010,Greenfield Foods,Media,Asia Pacific,51-200,Outbound Sales,2024-09-25
3262,Pinewave Labs  ,Finance,N. America,201-1000,Partner,2026-03-23
2687,Ironwave Logistics,Education,apac ,1-50,Organic Search,2025-08-09
3099,Primepoint Foods,Technology,emea,1-50,Outbound Sales,2026-01-05
1737,Maplepeak Group,Logistics,Europe,1-50,Organic Search,2024-05-02
1775,Sagepath Logistics,Healthcare,NA,51-200,Outbound Sales,2024-05-12
2822,Swiftfield Analytics,Finance,North America,201-1000,Organic Search,2025-09-03
1945,Bluegate Studios,Manufacturing,NA,51-200,Paid Ads,2024-08-03
3742,Ironfield Retail,Education,NA,201-1000,Organic Search,2026-08-31
1475,Graniteworks Systems,Logistics,APAC,201-1000,Organic Search,2023-11-19
1139,Primeline Logistics,Education,N. America,1-50,Outbound Sales,2023-04-07
1493,Granitepath Systems,Media,LATAM,201-1000,Partner,2023-12-22
3498,Northforge Partners,Finance,North America,201-1000,Outbound Sales,2026-05-10
2534,Pinepoint Group,logistics,North America,51-200,Partner,2025-06-07
3084,Granitepath Partners,Education,apac ,51-200,Partner,2026-01-01
3597,Mapleforge Systems,Logistics,N. America,1-50,Paid Ads,2026-07-31
3766,Primefield Retail,Retail,Asia Pacific,,Paid Ads,2026-08-02
1376,Brightcraft Partners,Finance,Asia Pacific,1-50,Outbound Sales,2023-09-12
2789,Atlasworks Systems  ,education,EMEA,201-1000,Partner,2025-09-29
1871,Atlasgate Studios,Education,APAC,,Outbound Sales,2024-07-24
1160,Novastone Group,Education,N. America,51-200,Partner,2023-04-03
3255,Maplebridge Analytics,Finance,emea,1-50,Outbound Sales,2026-03-26
3644,Granitepoint Group,Media,APAC,1-50,Paid Ads,2026-07-23
1530,Harborwave Retail,education,Europe,1-50,Organic Search,2023-12-06
2092,Greenpoint Analytics,Media,APAC,201-1000,Partner,2024-11-30
3219,Terraworks Co,Finance,North America,51-200,Paid Ads,2026-02-10
2223,Ironline Partners,Finance,emea,51-200,Partner,2025-01-05
1954,Vertexbridge Co,Healthcare,N. America,51-200,Organic Search,2024-08-07
2124,Sagepeak Foods,Finance,north america ,1-50,Organic Search,2024-11-07
2464,Clearpoint Partners,finance,North America,1-50,Paid Ads,2025-05-02
1458,Harborwave Logistics,Finance,N. America,1-50,Partner,2023-11-23
3444,Primepath Partners  ,Manufacturing,apac ,201-1000,Organic Search,2026-05-18
1729,Harborbridge Systems,Manufacturing,APAC,1-50,Paid Ads,2024-04-04
1706,Orbitpeak Energy,Education,NA,201-1000,Organic Search,2024-04-26
1790,Brightbridge Studios,Retail,apac ,1-50,Organic Search,2024-06-17
3599,Primepoint Systems  ,Finance,EMEA,201-1000,Organic Search,2026-07-25
3736,Sagepeak Systems,Logistics,emea,1000+,Organic Search,22/08/2026
3667,Atlasline Logistics,Retail,emea,51-200,Organic Search,2026-07-02
2548,Sagewave Retail,Logistics,EMEA,1-50,Organic Search,2025-06-29
2162,Primewave Group,Retail,APAC,1-50,Organic Search,2024-12-17
3540,Echoforge Group,healthcare,LATAM,1-50,Partner,2026-06-16
3169,Coralcraft Foods,Finance,North America,1-50,Organic Search,2026-02-09
1726,Pinegate Energy,Technology,emea,1-50,Outbound Sales,2024-04-29
2816,Bluebridge Co,Finance,North America,1-50,Paid Ads,2025-09-29
3556,Novaforge Labs,Technology,EMEA,201-1000,Organic Search,2026-06-18
2244,Clearline Foods,Manufacturing,North America,1-50,Partner,2025-01-10
2021,Primeline Studios,Retail,North America,1-50,Outbound Sales,2024-09-08
1889,Granitefield Retail,Media,north america ,1-50,Organic Search,2024-07-15
2276,Ironpath Retail,Retail,EMEA,201-1000,Outbound Sales,2025-02-28
3001,Terrawave Analytics,Media,N. America,1-50,Partner,2025-12-20
2726,Bluepath Partners,Retail,APAC,201-1000,Partner,2025-08-26
3493,Orbitfield Labs,Manufacturing,Asia Pacific,1000+,Organic Search,2026-05-10
2916,Riverstone Labs,Retail,North America,1000+,Outbound Sales,2025-11-14
2957,Silverworks Analytics,Healthcare,emea,1000+,Paid Ads,2025-11-10
3601,Bluepath Energy,Education,north america ,201-1000,Organic Search,2026-07-21
1784,Sageworks Health,Media,EMEA,1-50,Organic Search,2024-06-21
2781,Maplepoint Partners,Finance,emea,1-50,Organic Search,2025-09-07
1148,Northworks Logistics,Logistics,emea,201-1000,Outbound Sales,2023-04-25
2090,Sagegate Analytics  ,Technology,North America,51-200,Outbound Sales,2024-11-21
1875,Novastone Labs,Technology,north america ,51-200,Partner,2024-07-26
2451,Echopeak Co,Retail,Asia Pacific,201-1000,Partner,2025-04-15
3254,Silverworks Logistics,Retail,north america ,51-200,Paid Ads,2026-03-09
1883,Novapoint Studios,Finance,North America,1-50,Partner,2024-07-16
3844,Terrapeak Analytics,Manufacturing,north america ,201-1000,Organic Search,2026-09-09
3360,Ironbridge Systems,Finance,Latin America,201-1000,Paid Ads,2026-04-27
2945,Orbitfield Retail,Retail,emea,1-50,Organic Search,2025-11-05
3848,Swiftgate Retail,Technology,North America,1000+,Paid Ads,2026-09-24
3684,Novaforge Group,Retail,EMEA,51-200,Outbound Sales,2026-08-09
1270,Sagepoint Energy,Logistics,N. America,201-1000,Organic Search,2023-07-26
1044,Rivergate Labs,Manufacturing,north america ,1-50,Partner,2023-02-05
2336,Vertexstone Energy,Logistics,EMEA,51-200,Partner,2025-03-27
1882,Orbitforge Energy  ,Healthcare,Latin America,1000+,Paid Ads,2024-07-02
2469,Terrafield Group,Logistics,emea,51-200,Partner,2025-05-16
1372,Pineforge Retail,Healthcare,Latin America,201-1000,Paid Ads,2023-09-24
2590,Clearpoint Health,Education,EMEA,51-200,Outbound Sales,2025-06-12
3265,Granitebridge Retail  ,Media,emea,201-1000,Organic Search,2026-03-14
1881,Brightfield Health,Healthcare,LATAM,,Outbound Sales,2024-07-22
1405,Echopeak Health,Media,EMEA,1000+,Organic Search,26/10/2023
1116,Blueforge Analytics,Manufacturing,EMEA,51-200,Paid Ads,2023-03-14
1230,Graniteworks Health,Healthcare,Asia Pacific,1-50,Organic Search,2023-06-16
3606,Northwave Foods,Logistics,North America,51-200,Paid Ads,2026-07-11
2937,Brightworks Logistics,Healthcare,Europe,1000+,Partner,2025-11-29
2849,Granitepoint Labs,Education,North America,201-1000,Organic Search,2025-10-08
3134,Greenpoint Systems,Finance,north america ,201-1000,Outbound Sales,2026-01-18
1663,Summitbridge Systems,Retail,north america ,1-50,Organic Search,2024-03-25
1020,Brightstone Foods,logistics,Europe,1-50,Paid Ads,2023-01-14
2542,Summitpoint Studios,Finance,EMEA,,Partner,2025-06-24
2448,Silvergate Analytics,Finance,north america ,1000+,Partner,2025-04-06
1712,Orbitwave Health,Manufacturing,NA,1-50,Partner,2024-04-27
1614,Silverfield Group,Technology,N. America,1-50,Paid Ads,2024-02-06
1753,Terrastone Analytics,manufacturing,emea,51-200,Organic Search,2024-05-06
2799,Primeworks Logistics,Manufacturing,N. America,1000+,Organic Search,2025-09-03
3811,Quartzfield Co,Logistics,North America,51-200,Organic Search,2026-09-16
2438,Mapleline Retail,Finance,Europe,51-200,Outbound Sales,2025-04-20
1151,Primewave Analytics,Manufacturing,North America,201-1000,Outbound Sales,2023-04-24
2263,Echopath Logistics,manufacturing,N. America,1-50,Organic Search,2025-02-02
1182,Vertexforge Systems,Logistics,Europe,1-50,Paid Ads,2023-05-04
1331,Summitforge Energy,Technology,Europe,,Outbound Sales,2023-08-05
3877,Quartzforge Health,Retail,apac ,201-1000,Outbound Sales,2026-09-25
1226,Maplepeak Retail,Logistics,APAC,51-200,Organic Search,2023-06-12
2952,Orbitstone Analytics,Healthcare,Latin America,1000+,Paid Ads,2025-11-27
1554,Atlasworks Health,Finance,EMEA,1-50,Organic Search,2024-01-23
2278,Novapath Group,Logistics,Latin America,51-200,Paid Ads,2025-02-16
2385,Brightstone Health,Retail,EMEA,201-1000,Organic Search,2025-04-11
1859,Summitworks Retail,Healthcare,north america ,1000+,Paid Ads,2024-07-20
1826,Brightfield Group,Education,LATAM,51-200,Outbound Sales,2024-06-10
1404,Granitepoint Partners,Finance,EMEA,51-200,Partner,2023-10-21
3092,Vertexpath Group,retail,emea,1-50,Organic Search,2026-01-08
1020,Brightstone Foods,logistics,Europe,1-50,Paid Ads,2023-01-14
1920,Sagecraft Energy,media,North America,51-200,Organic Search,2024-08-10
2268,Greenforge Group,Education,apac ,1-50,Organic Search,2025-02-13
2635,Atlasgate Co,Education,north america ,201-1000,Partner,2025-07-11
2442,Bluepath Health,technology,emea,51-200,Partner,2025-04-26
2920,Quartzpath Analytics,Media,north america ,1-50,Paid Ads,2025-11-09
3676,Riverline Retail,Healthcare,Europe,1-50,Organic Search,2026-07-04
1657,Echopath Co,Media,N. America,1000+,Outbound Sales,2024-03-21
2075,Echoline Co,Manufacturing,NA,1-50,Paid Ads,21/11/2024
2428,Greengate Systems  ,Retail,EMEA,51-200,Organic Search,2025-04-22
3478,Terraforge Logistics,Finance,emea,,Organic Search,2026-05-06
1167,Novacraft Energy,Education,North America,,Partner,2023-04-24
2065,Greenforge Studios,Technology,North America,51-200,Outbound Sales,2024-10-12
1599,Graniteforge Studios,Healthcare,Europe,1-50,Paid Ads,2024-02-22
2824,Quartzgate Co,Education,North America,1-50,Paid Ads,2025-10-25
3614,Ironcraft Labs,Healthcare,North America,51-200,Outbound Sales,2026-07-17
1217,Terraforge Retail,Healthcare,LATAM,1-50,Paid Ads,2023-06-02
1132,Summitpoint Analytics,technology,north america ,201-1000,Paid Ads,2023-04-13
3297,Brightwave Foods,Education,North America,1-50,Outbound Sales,2026-03-12
2758,Clearbridge Systems,Media,N. America,51-200,Paid Ads,2025-09-05
3512,Terrastone Health,Technology,NA,1-50,Organic Search,2026-06-16
1065,Sagebridge Studios,Technology,North America,1-50,Partner,2023-02-13
1356,Ironpath Logistics,Logistics,north america ,1000+,Outbound Sales,2023-09-12
1933,Blueworks Partners,Retail,EMEA,201-1000,Paid Ads,2024-08-27
1958,Summitcraft Retail,Logistics,NA,1-50,Paid Ads,2024-08-04
3145,Pinecraft Partners,Healthcare,EMEA,1000+,Partner,2026-01-21
1180,Silverbridge Energy,Finance,North America,1-50,Partner,2023-05-19
2915,Graniteworks Labs,Retail,EMEA,1-50,Organic Search,2025-11-19
3866,Brightstone Group,Technology,north america ,1000+,Partner,2026-09-22
2014,Atlaspeak Retail,Education,LATAM,51-200,Organic Search,2024-09-26
1656,Harborpeak Systems,Manufacturing,APAC,201-1000,Paid Ads,2024-03-17
1536,Sagepeak Group,Logistics,Europe,1-50,Organic Search,2024-01-26
2996,Sageforge Group,Retail,EMEA,1-50,Outbound Sales,2025-12-07
2323,Riverforge Studios,Finance,North America,1-50,Paid Ads,2025-02-28
2817,Atlaspath Foods,Retail,North America,1-50,Organic Search,2025-09-17
2870,Granitegate Co,Education,APAC,201-1000,Organic Search,2025-10-23
2356,Rivergate Analytics,Finance,emea,1-50,Organic Search,2025-03-20
1288,Greenbridge Retail,Retail,emea,1000+,Paid Ads,2023-07-21
2928,Silverworks Partners,Technology,EMEA,201-1000,Organic Search,20/11/2025
3285,Ironbridge Energy,Media,N. America,1-50,Outbound Sales,2026-03-15
1579,Pinefield Analytics,retail,NA,51-200,Organic Search,2024-01-01
2615,Primestone Labs,Retail,APAC,201-1000,Paid Ads,2025-07-05
3121,Coralpeak Co,Finance,North America,1-50,Organic Search,2026-01-12
3798,Silverstone Retail,Education,APAC,1-50,Organic Search,2026-09-20
2617,Northbridge Retail,Logistics,apac ,201-1000,Partner,2025-07-05
2128,Ironline Analytics,Healthcare,EMEA,1-50,Organic Search,2024-11-13
2831,Novafield Studios,Technology,EMEA,1-50,Paid Ads,2025-10-27
3557,Silverstone Partners,Logistics,North America,1-50,Organic Search,2026-06-22
3503,Swiftbridge Retail,Finance,North America,51-200,Paid Ads,2026-06-11
2163,Sageforge Studios,Retail,North America,51-200,Outbound Sales,2024-12-11
1090,Coralgate Analytics,Manufacturing,North America,1000+,Paid Ads,2023-03-08
3117,Summitline Partners,Retail,LATAM,51-200,Partner,2026-01-26
1982,Quartzbridge Retail,Finance,north america ,,Outbound Sales,2024-09-13
1723,Summitcraft Analytics,Education,EMEA,,Partner,2024-04-24
3744,Sagefield Co,Manufacturing,Asia Pacific,201-1000,Outbound Sales,2026-08-17
3588,Harborcraft Group,Manufacturing,north america ,1-50,Paid Ads,2026-06-13
3703,Granitestone Retail,Education,North America,,Organic Search,2026-08-17
1222,Quartzpath Group,Finance,apac ,1-50,Paid Ads,2023-06-27
1097,Orbitbridge Health,Finance,EMEA,51-200,Organic Search,2023-03-22
1546,Ironcraft Systems,Healthcare,NA,51-200,Paid Ads,2024-01-04
1915,Bluecraft Co  ,Media,north america ,51-200,Paid Ads,2024-08-31
2146,Irongate Systems,Finance,EMEA,1-50,Organic Search,2024-12-04
1510,Brightpeak Labs,Technology,EMEA,1-50,Paid Ads,2023-12-28
2009,Greenfield Retail,Manufacturing,Europe,1000+,Organic Search,2024-09-05
3382,Brightpoint Labs,Retail,North America,51-200,Organic Search,2026-04-15
3097,Granitefield Logistics,Retail,North America,1000+,Outbound Sales,2026-01-04
1015,Primestone Group,Media,NA,201-1000,Organic Search,2023-01-25
1755,Granitewave Co,Finance,N. America,201-1000,Organic Search,2024-05-08
3086,Pineforge Group,Retail,north america ,201-1000,Organic Search,2026-01-11
1089,Brightworks Partners,Manufacturing,Latin America,1-50,Organic Search,2023-03-17
3605,Vertexpoint Energy,Media,EMEA,1-50,Paid Ads,2026-07-19
2107,Atlasline Partners,Finance,LATAM,51-200,Partner,2024-11-14
1516,Primecraft Co,Education,Latin America,51-200,Partner,2023-12-21
3466,Harborstone Group,Retail,emea,51-200,Partner,2026-05-01
1341,Novacraft Co,Technology,LATAM,51-200,Organic Search,2023-08-08
2584,Brightgate Partners,Healthcare,EMEA,1-50,Outbound Sales,2025-06-06
3846,Coralwave Retail,Technology,Asia Pacific,51-200,Paid Ads,2026-09-08
2582,Greengate Logistics,Manufacturing,apac ,1000+,Paid Ads,2025-06-22
2941,Pinepeak Group,Media,North America,51-200,Partner,2025-11-03
2861,Summitbridge Foods,Technology,north america ,,Paid Ads,2025-10-19
3438,Primepath Foods  ,Education,EMEA,1-50,Paid Ads,2026-05-09
1094,Primewave Energy,Logistics,N. America,1000+,Outbound Sales,2023-03-10
1201,Summitwave Studios,Media,EMEA,1000+,Paid Ads,2023-05-29
2745,Atlascraft Analytics,Retail,apac ,51-200,Partner,2025-08-02
3755,Orbitworks Health  ,Manufacturing,NA,1-50,Paid Ads,2026-08-18
1469,Clearpeak Co,Retail,north america ,1-50,Organic Search,2023-11-20
2344,Riverstone Group,Logistics,EMEA,51-200,Organic Search,31/03/2025
2569,Echofield Foods,Logistics,North America,1-50,Paid Ads,2025-06-18
1834,Echostone Group  ,technology,LATAM,201-1000,Outbound Sales,2024-06-28
3442,Granitebridge Labs,Education,Europe,51-200,Outbound Sales,2026-05-25
1298,Atlasgate Partners,Media,EMEA,51-200,Paid Ads,2023-07-18
2041,Summitwave Logistics,Education,APAC,,Partner,2024-10-10
2558,Bluepeak Health,Manufacturing,Asia Pacific,1-50,Partner,2025-06-21
2330,Atlasforge Energy,Finance,Asia Pacific,1000+,Partner,2025-03-17
3479,Granitefield Systems,Media,APAC,1000+,Organic Search,2026-05-01
1699,Clearbridge Group  ,Media,EMEA,51-200,Organic Search,2024-04-22
2563,Quartzcraft Health,Manufacturing,NA,,Organic Search,2025-06-01
1522,Coralcraft Co,Retail,LATAM,51-200,Outbound Sales,2023-12-18
3565,Sagepath Studios,Media,apac ,1-50,Paid Ads,2026-06-09
1206,Brightline Group,Manufacturing,apac ,201-1000,Outbound Sales,2023-05-06
2247,Coralfield Health,Technology,EMEA,51-200,Partner,2025-01-15
1415,Silverbridge Labs,Finance,north america ,1-50,Organic Search,2023-10-05
2703,Coralpath Group,Healthcare,Europe,201-1000,Outbound Sales,2025-08-18
1029,Atlasstone Systems,Technology,North America,,Organic Search,2023-01-15
1282,Mapleline Studios,Manufacturing,north america ,1-50,Organic Search,2023-07-06
2450,Maplefield Retail,Technology,Latin America,1-50,Paid Ads,2025-04-23
1978,Mapleforge Logistics,Media,NA,201-1000,Paid Ads,2024-09-06
3763,Vertexwave Systems,Retail,EMEA,51-200,Organic Search,17/08/2026
3712,Orbitworks Retail,Manufacturing,NA,51-200,Organic Search,2026-08-25
2481,Riverpath Energy,Media,NA,1-50,Outbound Sales,2025-05-05
2266,Riverwave Logistics,Healthcare,north america ,1-50,Organic Search,2025-02-20
1371,Coralpoint Energy,Technology,emea,1-50,Organic Search,2023-09-22
2328,Greenfield Health,Finance,APAC,1000+,Paid Ads,2025-03-29
3513,Pinepeak Co,Logistics,North America,201-1000,Partner,2026-06-02
2714,Swiftpoint Co,Logistics,Europe,51-200,Organic Search,2025-08-20
1573,Orbitforge Partners,Healthcare,EMEA,51-200,Outbound Sales,2024-01-18
2921,Vertexworks Analytics,Healthcare,emea,1000+,Outbound Sales,2025-11-11
2577,Echopath Retail,Manufacturing,APAC,1-50,Organic Search,2025-06-10
3403,Clearworks Retail,Media,LATAM,201-1000,Organic Search,2026-04-30
3632,Vertexpeak Logistics,Education,north america ,201-1000,Partner,2026-07-21
1511,Bluestone Energy,Media,N. America,1-50,Paid Ads,2023-12-31
2749,Primecraft Health,Retail,APAC,51-200,Paid Ads,2025-08-10
2401,Novapath Retail,Technology,North America,201-1000,Organic Search,2025-04-10
3850,Atlaspath Retail,Education,north america ,1000+,Organic Search,2026-09-16
2123,Primewave Partners,Manufacturing,Europe,1000+,Paid Ads,2024-11-28
1470,Granitebridge Co,Retail,N. America,201-1000,Paid Ads,2023-11-09
2942,Mapleforge Foods  ,Finance,LATAM,1-50,Organic Search,2025-11-05
2644,Harborbridge Analytics,Healthcare,N. America,201-1000,Partner,2025-07-31
3146,Atlascraft Systems,Finance,Latin America,1-50,Paid Ads,2026-01-04
3603,Ironpeak Energy,Logistics,North America,201-1000,Organic Search,2026-07-14
1552,Novaworks Partners,Manufacturing,North America,1-50,Organic Search,2024-01-07
1060,Sagebridge Co,Retail,EMEA,51-200,Organic Search,2023-02-22
1250,Primeline Systems,Healthcare,emea,1-50,Organic Search,2023-06-20
3648,Silverpoint Energy,Education,NA,1-50,Outbound Sales,2026-07-02
3875,Quartzwave Co,Manufacturing,Asia Pacific,201-1000,Paid Ads,2026-09-29
2859,Northpath Logistics,Education,N. America,1-50,Partner,2025-10-27
2251,Silverstone Labs,Media,EMEA,201-1000,Organic Search,2025-01-27
2074,Bluegate Co,Education,Europe,1000+,Outbound Sales,2024-10-02
3148,Pinecraft Labs,Education,APAC,1-50,Organic Search,2026-01-07
1872,Bluepeak Logistics,Education,north america ,201-1000,Partner,2024-07-28
2876,Maplegate Systems,Manufacturing,North America,51-200,Partner,2025-10-09
2665,Harborpath Systems,Manufacturing,Europe,51-200,Organic Search,2025-07-28
3295,Pinepath Energy,Technology,NA,1-50,Paid Ads,2026-03-09
2906,Sageline Logistics,Logistics,EMEA,51-200,Organic Search,2025-10-12
1537,Summitpath Systems,Finance,Europe,1-50,Partner,04/01/2024
1202,Brightline Labs,Finance,EMEA,51-200,Organic Search,2023-05-27
1638,Maplepoint Analytics  ,Finance,NA,201-1000,Outbound Sales,2024-03-08
1096,Quartzcraft Analytics,Logistics,North America,1000+,Organic Search,2023-03-11
1940,Echopath Studios,Healthcare,north america ,1000+,Partner,2024-08-27
3105,Vertexgate Partners,Technology,LATAM,1-50,Organic Search,2026-01-28
3849,Swiftgate Health,Manufacturing,North America,1000+,Partner,2026-09-05
1704,Brightbridge Partners  ,Technology,N. America,51-200,Partner,2024-04-03
3248,Riverwave Labs,Retail,emea,1000+,Partner,2026-03-23
3075,Ironwave Energy,logistics,EMEA,1-50,Organic Search,2026-01-09
2499,Mapleline Foods,Media,emea,,Organic Search,2025-05-05
3154,Silvercraft Foods,Healthcare,LATAM,51-200,Outbound Sales,2026-01-23
1932,Primeforge Group,Logistics,North America,1-50,Outbound Sales,2024-08-23
2496,Terracraft Logistics,Media,N. America,201-1000,Paid Ads,2025-05-22
2625,Harborpoint Co,Retail,apac ,51-200,Outbound Sales,2025-07-09
2492,Coralfield Group,Media,Latin America,201-1000,Paid Ads,2025-05-04
1337,Atlasfield Retail,Healthcare,LATAM,,Partner,2023-08-12
1906,Coralstone Co,Media,N. America,1-50,Organic Search,2024-08-24
2446,Orbitgate Group,finance,north america ,1-50,Paid Ads,2025-04-02
2638,Clearwave Retail,Manufacturing,N. America,1000+,Paid Ads,2025-07-28
3623,Silverworks Retail,Manufacturing,NA,1-50,Paid Ads,2026-07-24
1133,Terrawave Group,Manufacturing,N. America,51-200,Organic Search,2023-04-26
3728,Terrafield Partners,Retail,emea,,Outbound Sales,2026-08-31
3355,Novaline Retail,Media,LATAM,1-50,Outbound Sales,2026-04-06
1481,Quartzpeak Energy,Retail,emea,51-200,Outbound Sales,2023-11-14
3120,Mapleworks Energy,Education,EMEA,1-50,Partner,2026-01-14
3730,Brightcraft Labs,media,Europe,1000+,Organic Search,2026-08-05
3702,Riverpath Partners,Technology,emea,1000+,Partner,2026-08-04
3010,Ironfield Partners,Technology,Asia Pacific,1-50,Partner,2025-12-05
2291,Novaforge Health  ,Manufacturing,N. America,1-50,Partner,2025-02-13
1456,Atlasworks Labs,Manufacturing,North America,1000+,Organic Search,2023-11-24
2297,Coralstone Logistics,Technology,NA,51-200,Organic Search,2025-02-28
2717,Ironline Energy,Manufacturing,emea,1-50,Outbound Sales,16/08/2025
2296,Summitworks Logistics,Healthcare,north america ,1-50,Partner,2025-02-26
1512,Mapleworks Co,Finance,north america ,51-200,Outbound Sales,12/12/2023
2301,Primepeak Group,manufacturing,Europe,1-50,Outbound Sales,2025-02-19
3412,Novafield Partners,Logistics,EMEA,1-50,Organic Search,2026-05-22
2061,Clearpeak Studios,Technology,APAC,1-50,Paid Ads,2024-10-31
1665,Sageforge Partners,Education,North America,1-50,Organic Search,2024-03-14
2914,Silverbridge Group,Retail,EMEA,1-50,Paid Ads,2025-11-09
3775,Clearstone Co,Finance,N. America,51-200,Organic Search,2026-09-01
1040,Atlasforge Logistics,Logistics,N. America,201-1000,Paid Ads,2023-01-17
3402,Pineworks Analytics,Retail,APAC,1-50,Organic Search,2026-04-23
2997,Orbitline Logistics,Healthcare,LATAM,1000+,Paid Ads,2025-12-18
1063,Vertexbridge Partners,Manufacturing,north america ,1-50,Organic Search,2023-02-18
3400,Echoline Systems,Healthcare,EMEA,,Paid Ads,2026-04-04
1275,Greenfield Energy,Healthcare,Latin America,201-1000,Organic Search,2023-07-21
1538,Orbitwave Analytics,Education,LATAM,1-50,Partner,2024-01-18
1504,Vertexworks Health,Technology,emea,201-1000,Paid Ads,2023-12-09
1637,Brightpath Co,Manufacturing,APAC,1-50,Paid Ads,2024-03-31
1483,Northwave Systems,manufacturing,N. America,1-50,Organic Search,2023-11-11
1466,Atlaswave Foods,Manufacturing,LATAM,51-200,Outbound Sales,2023-11-26
3417,Greenbridge Analytics,Finance,North America,201-1000,Partner,2026-05-08
1612,Orbitstone Health,healthcare,Latin America,1000+,Partner,2024-02-25
2778,Pinewave Group,Technology,EMEA,201-1000,Organic Search,2025-09-10
1985,Sagepath Health,Education,APAC,51-200,Paid Ads,2024-09-27
3302,Clearworks Group,media,LATAM,1000+,Outbound Sales,2026-03-25
1059,Harborpath Health,Media,emea,51-200,Paid Ads,2023-02-13
2429,Mapleworks Analytics,Retail,Asia Pacific,201-1000,Paid Ads,2025-04-24
1424,Riverbridge Analytics,Media,EMEA,51-200,Paid Ads,2023-10-03
2286,Graniteline Health,Healthcare,Asia Pacific,1-50,Partner,03/02/2025
2636,Vertexworks Co,Finance,North America,201-1000,Paid Ads,2025-07-28
1152,Vertexwave Retail,Retail,Asia Pacific,1-50,Organic Search,2023-04-16
1039,Orbitline Labs,Healthcare,emea,201-1000,Paid Ads,2023-01-09
1605,Sagepeak Energy,Retail,Europe,1000+,Organic Search,2024-02-01
2640,Quartzforge Foods,Manufacturing,Asia Pacific,1-50,Paid Ads,2025-07-17
1076,Sageworks Co,Media,North America,201-1000,Partner,2023-02-01
1926,Irongate Energy,Manufacturing,NA,201-1000,Organic Search,2024-08-03
1216,Ironforge Group,Logistics,APAC,201-1000,Organic Search,2023-06-07
1621,Novagate Group,Logistics,EMEA,51-200,Partner,2024-02-25
3797,Primeworks Labs,Logistics,NA,1-50,Organic Search,2026-09-03
1761,Terrastone Partners,Retail,NA,201-1000,Paid Ads,2024-05-22
3137,Summitpoint Group  ,Healthcare,EMEA,51-200,Partner,2026-01-29
1137,Swiftcraft Partners,Retail,emea,1-50,Paid Ads,2023-04-21
3666,Orbitstone Partners,Retail,north america ,51-200,Organic Search,09/07/2026
1708,Ironbridge Logistics,Finance,apac ,201-1000,Organic Search,2024-04-14
1233,Vertexcraft Logistics,Technology,NA,1-50,Outbound Sales,2023-06-19
2112,Mapleworks Studios,Manufacturing,Latin America,201-1000,Partner,2024-11-20
2259,Vertexline Partners,Finance,North America,1-50,Partner,2025-02-11
2523,Clearworks Labs  ,Manufacturing,North America,1-50,Organic Search,2025-05-17
2993,Greenworks Health,Healthcare,apac ,1-50,Partner,2025-12-03
2533,Harborwave Studios,Manufacturing,EMEA,51-200,Partner,2025-06-30
1968,Vertexgate Logistics,Retail,EMEA,51-200,Paid Ads,27/08/2024
3859,Vertexbridge Systems,Media,EMEA,201-1000,Organic Search,2026-09-11
1812,Greenline Co,Finance,EMEA,51-200,Partner,2024-06-14
3706,Orbitgate Health,Education,APAC,,Paid Ads,2026-08-12
2670,Graniteforge Labs,Media,north america ,1-50,Outbound Sales,2025-07-25
1228,Riverpoint Energy,Healthcare,emea,1000+,Partner,2023-06-26
3558,Terraforge Health,Finance,EMEA,51-200,Paid Ads,2026-06-28
2878,Swiftfield Group,Healthcare,North America,1-50,Organic Search,2025-10-06
2142,Ironforge Partners,Healthcare,north america ,201-1000,Partner,2024-12-03
3822,Greengate Co,Media,NA,1-50,Organic Search,2026-09-03
2432,Quartzcraft Studios,Healthcare,LATAM,1-50,Partner,2025-04-17
1143,Summitpath Co,Healthcare,Europe,201-1000,Organic Search,2023-04-24
3352,Maplegate Co,Education,North America,201-1000,Paid Ads,2026-04-13
2169,Swiftstone Analytics,Media,N. America,1000+,Partner,2024-12-30
1026,Quartzstone Foods,Manufacturing,N. America,201-1000,Organic Search,2023-01-31
2463,Harborgate Partners,Technology,NA,51-200,Organic Search,2025-05-20
1443,Primecraft Foods,Logistics,North America,201-1000,Paid Ads,2023-10-09
1548,Riverline Logistics,Manufacturing,NA,201-1000,Outbound Sales,2024-01-15
2327,Novafield Health,Healthcare,North America,1-50,Organic Search,2025-03-18
3750,Riverforge Analytics,Technology,APAC,1-50,Partner,2026-08-10
1759,Primefield Studios,Retail,apac ,1000+,Outbound Sales,2024-05-30
1577,Harborgate Energy,Finance,EMEA,51-200,Organic Search,08/01/2024
1991,Primeforge Energy,Manufacturing,North America,1-50,Outbound Sales,2024-09-27
3367,Granitebridge Energy,Manufacturing,North America,201-1000,Organic Search,2026-04-28
1588,Novapath Studios,Healthcare,N. America,1-50,Organic Search,2024-02-18
2618,Primeforge Co,Manufacturing,Europe,201-1000,Paid Ads,2025-07-14
1965,Summitwave Partners,Logistics,LATAM,1-50,Outbound Sales,2024-08-30
1495,Sagepoint Labs  ,Retail,apac ,51-200,Outbound Sales,2023-12-07
2835,Greenstone Analytics,Retail,N. America,1-50,Outbound Sales,2025-10-17
1027,Sagecraft Analytics,Technology,N. America,1000+,Organic Search,2023-01-07
2780,Coralbridge Health,Manufacturing,North America,51-200,Paid Ads,2025-09-20
2552,Harborstone Labs,Healthcare,N. America,,Organic Search,2025-06-29
2677,Granitepath Health,Media,North America,1000+,Organic Search,2025-07-10
2177,Summitstone Co,education,North America,201-1000,Organic Search,2024-12-06
1099,Summitstone Partners,Healthcare,North America,1-50,Organic Search,2023-03-15
1770,Atlaspath Logistics,logistics,north america ,1-50,Organic Search,2024-05-08
1410,Vertexbridge Retail,Technology,APAC,201-1000,Partner,2023-10-09
2924,Silverpoint Co,Manufacturing,north america ,51-200,Partner,2025-11-17
3287,Echoworks Systems,Education,emea,1000+,Partner,2026-03-10
1179,Bluefield Group,Technology,EMEA,51-200,Organic Search,2023-05-28
2741,Sagestone Energy,Finance,APAC,201-1000,Partner,2025-08-04
3446,Pinebridge Labs,Media,N. America,1000+,Paid Ads,2026-05-07
1642,Riverpeak Health,Manufacturing,EMEA,1-50,Paid Ads,2024-03-01
3238,Riverpeak Studios,Finance,Europe,51-200,Outbound Sales,2026-02-07
3856,Graniteline Retail,Finance,apac ,1-50,Outbound Sales,2026-09-16
3724,Brightbridge Foods,Manufacturing,Asia Pacific,1000+,Partner,2026-08-17
1366,Brightgate Analytics,Media,APAC,1-50,Paid Ads,2023-09-23
1256,Quartzstone Labs,Manufacturing,Latin America,1-50,Outbound Sales,2023-06-01
1785,Greencraft Analytics,Healthcare,APAC,,Organic Search,2024-06-27
2222,Summitwave Health,Logistics,N. America,1-50,Outbound Sales,2025-01-17
3857,Atlasworks Energy,Healthcare,N. America,,Paid Ads,2026-09-16
1442,Pinewave Analytics,Education,Europe,51-200,Organic Search,2023-10-08
1750,Harborworks Labs,Logistics,Asia Pacific,201-1000,Partner,2024-05-23
2562,Terraforge Partners,Finance,N. America,1000+,Organic Search,11/06/2025
1695,Silverforge Systems,Finance,North America,51-200,Organic Search,2024-04-12
1045,Quartzpath Energy,finance,North America,1-50,Outbound Sales,2023-02-01
3425,Harborstone Health,Logistics,emea,51-200,Organic Search,2026-05-23
3627,Novastone Energy,Media,EMEA,1000+,Organic Search,2026-07-29
2392,Novabridge Energy,Media,N. America,1000+,Paid Ads,2025-04-30
2412,Novapath Logistics,Finance,N. America,1-50,Partner,2025-04-08
2897,Harborgate Labs,Logistics,North America,1000+,Paid Ads,2025-10-30
3579,Ironbridge Health,Manufacturing,NA,201-1000,Paid Ads,2026-06-05
3441,Pineline Co,Technology,Europe,201-1000,Paid Ads,2026-05-09
2176,Clearwave Partners  ,finance,North America,1-50,Partner,2024-12-08
2932,Bluepoint Partners,Finance,N. America,1000+,Paid Ads,2025-11-11
1002,Terrapeak Energy,Logistics,EMEA,1-50,Paid Ads,2023-01-19
3613,Swiftpeak Analytics,Manufacturing,North America,201-1000,Outbound Sales,2026-07-01
3052,Primepeak Partners,Manufacturing,LATAM,1-50,Organic Search,2025-12-04
2873,Bluepeak Analytics,Healthcare,LATAM,,Outbound Sales,2025-10-09
3407,Greenline Labs,Healthcare,north america ,1-50,Organic Search,12/05/2026
1527,Granitecraft Labs,Technology,APAC,201-1000,Organic Search,2023-12-27
3638,Maplebridge Group,Technology,Europe,1-50,Paid Ads,2026-07-31
1297,Coralbridge Energy,Retail,EMEA,1-50,Organic Search,2023-07-07
3491,Swiftworks Logistics,Logistics,LATAM,201-1000,Organic Search,2026-05-26
1973,Orbitcraft Group,Media,North America,1000+,Paid Ads,2024-09-14
2051,Atlaspoint Health,Education,North America,1-50,Organic Search,2024-10-13
1659,Novawave Co,Healthcare,North America,1-50,Organic Search,2024-03-01
3761,Riverworks Group,Manufacturing,EMEA,1-50,Organic Search,2026-08-22
2309,Riverwave Retail,Education,EMEA,1-50,Organic Search,2025-02-28
2851,Atlasbridge Studios,Education,emea,51-200,Partner,27/10/2025
1893,Pinestone Group,Healthcare,north america ,201-1000,Organic Search,2024-07-06
2108,Primegate Analytics,Finance,emea,201-1000,Organic Search,2024-11-08
3432,Greenwave Foods,Technology,EMEA,1-50,Organic Search,2026-05-30
2599,Terrafield Retail,Retail,NA,,Outbound Sales,2025-06-06
1615,Blueforge Group  ,Retail,North America,51-200,Paid Ads,2024-02-05
3537,Primewave Systems,Manufacturing,Asia Pacific,1000+,Partner,2026-06-05
2321,Brightgate Health,Manufacturing,Europe,51-200,Partner,2025-02-24
2111,Granitecraft Logistics,Technology,EMEA,1000+,Partner,2024-11-01
3348,Mapleworks Health,Education,N. America,1-50,Organic Search,2026-04-01
3274,Mapleforge Partners,Healthcare,LATAM,201-1000,Outbound Sales,2026-03-24
2346,Northfield Studios,Education,North America,201-1000,Paid Ads,2025-03-23
2818,Pineforge Partners,Education,EMEA,1-50,Outbound Sales,23/09/2025
1909,Northforge Labs  ,Technology,EMEA,51-200,Organic Search,2024-08-13
3679,Pinepeak Logistics,Healthcare,north america ,51-200,Outbound Sales,2026-08-25
1013,Novawave Studios,healthcare,APAC,,Organic Search,2023-01-10
3410,Echocraft Studios,Logistics,North America,51-200,Paid Ads,2026-05-23
3067,Vertexfield Foods,Media,EMEA,51-200,Organic Search,2026-01-29
3279,Granitewave Partners,Healthcare,north america ,1000+,Organic Search,2026-03-18
3193,Primestone Foods,Logistics,North America,,Partner,2026-02-19
1178,Echopeak Labs,Manufacturing,Europe,1-50,Outbound Sales,2023-05-05
1364,Swiftworks Group,Healthcare,Europe,51-200,Outbound Sales,2023-09-21
1306,Orbitline Energy,Healthcare,APAC,51-200,Organic Search,2023-08-20
1866,Greenpath Retail  ,Retail,APAC,1-50,Organic Search,2024-07-30
3122,Granitegate Group,Manufacturing,apac ,1-50,Paid Ads,2026-01-25
3233,Orbitwave Partners,Finance,North America,51-200,Paid Ads,2026-02-04
1655,Novapath Analytics,Logistics,North America,201-1000,Organic Search,2024-03-11
1186,Orbitpath Retail,logistics,LATAM,1-50,Partner,2023-05-31
3790,Harborforge Co,Manufacturing,north america ,,Paid Ads,2026-09-09
3189,Ironpoint Energy,Logistics,APAC,1000+,Paid Ads,03/02/2026
2489,Northpeak Foods,Finance,EMEA,201-1000,Outbound Sales,2025-05-20
1840,Greenworks Labs,Retail,APAC,,Paid Ads,2024-07-26
3817,Ironpeak Logistics,Retail,LATAM,1-50,Outbound Sales,2026-09-06
3283,Ironstone Logistics,Media,north america ,201-1000,Paid Ads,2026-03-08
3617,Granitebridge Partners,Technology,North America,1000+,Partner,19/07/2026
2397,Quartzline Labs,Technology,EMEA,51-200,Organic Search,2025-04-03
1993,Sageforge Foods,Finance,Europe,1-50,Paid Ads,2024-09-20
3109,Harborstone Co,Technology,N. America,51-200,Paid Ads,2026-01-05
3587,Clearbridge Studios,Education,emea,51-200,Outbound Sales,2026-06-24
1952,Clearfield Foods,Logistics,Latin America,1-50,Paid Ads,2024-08-31
1358,Northbridge Systems,Retail,emea,201-1000,Organic Search,08/09/2023
2462,Orbitfield Studios,Logistics,North America,201-1000,Organic Search,2025-05-31
2474,Terrastone Group,Healthcare,EMEA,51-200,Outbound Sales,2025-05-26
3341,Silverworks Co,Manufacturing,North America,1-50,Outbound Sales,2026-04-24
1559,Brightpoint Partners,Healthcare,N. America,1-50,Organic Search,2024-01-10
2282,Coralforge Energy,Finance,EMEA,51-200,Partner,2025-02-07
2289,Summitpeak Foods,Healthcare,EMEA,1-50,Outbound Sales,2025-02-17
3227,Rivercraft Retail,Finance,north america ,1-50,Organic Search,2026-02-07
3721,Terraworks Health,Finance,NA,,Paid Ads,2026-08-20
1316,Vertexpath Studios,Education,NA,1000+,Organic Search,2023-08-21
2518,Echoworks Analytics,Manufacturing,Europe,1-50,Organic Search,2025-05-16
2000,Novapath Labs,Healthcare,APAC,201-1000,Organic Search,2024-09-22
3476,Orbitwave Labs,Healthcare,EMEA,1-50,Partner,2026-05-29
3110,Novaworks Co,Healthcare,EMEA,1-50,Outbound Sales,2026-01-06
2623,Quartzpeak Health,Logistics,EMEA,201-1000,Outbound Sales,2025-07-27
3710,Harborpeak Co,Media,N. America,201-1000,Outbound Sales,2026-08-31
2096,Harborforge Studios,Logistics,APAC,1-50,Outbound Sales,2024-11-13
3530,Atlasworks Logistics  ,Education,NA,1-50,Paid Ads,2026-06-10
1329,Quartzwave Group,Healthcare,N. America,51-200,Organic Search,2023-08-26
1374,Terracraft Retail,Education,North America,51-200,Outbound Sales,2023-09-18
3839,Harborpoint Labs,Logistics,north america ,51-200,Partner,2026-09-28
3563,Blueworks Energy,Healthcare,N. America,51-200,Paid Ads,2026-06-06
3818,Sagecraft Logistics,Retail,apac ,1-50,Paid Ads,2026-09-25
2606,Primecraft Group,finance,APAC,,Paid Ads,2025-07-24
1821,Riverfield Foods,Technology,LATAM,201-1000,Organic Search,2024-06-24
2815,Riverforge Labs  ,Media,EMEA,201-1000,Organic Search,2025-09-23
2002,Riverpoint Partners,Retail,North America,51-200,Paid Ads,2024-09-25
3168,Swiftforge Energy,Education,North America,1-50,Paid Ads,2026-02-15
3176,Sagepeak Health,Logistics,NA,1-50,Organic Search,2026-02-04
1611,Echowave Labs,Education,N. America,1000+,Outbound Sales,2024-02-27
3560,Bluecraft Retail,Manufacturing,EMEA,201-1000,Partner,2026-06-25
3681,Graniteforge Energy,Education,emea,201-1000,Organic Search,2026-08-24
3662,Maplefield Partners,Logistics,APAC,51-200,Organic Search,2026-07-06
2352,Coralstone Foods,Healthcare,NA,1-50,Paid Ads,2025-03-08
1457,Northgate Energy,Healthcare,Europe,51-200,Organic Search,2023-11-29
1349,Echogate Labs,Media,NA,1000+,Partner,2023-09-02
1521,Greenwave Labs,Finance,apac ,1-50,Paid Ads,2023-12-28
3674,Clearworks Systems,Education,apac ,51-200,Outbound Sales,2026-07-16
2434,Greenpoint Co,Healthcare,emea,1000+,Outbound Sales,2025-04-09
1709,Pineline Partners,Technology,Latin America,201-1000,Outbound Sales,2024-04-03
3139,Summitpoint Health,Retail,N. America,1-50,Paid Ads,2026-01-09
2658,Mapleline Labs,Finance,EMEA,51-200,Outbound Sales,2025-07-16
1416,Atlasline Studios,Media,EMEA,1-50,Paid Ads,2023-10-19
1837,Greenstone Retail,education,N. America,201-1000,Outbound Sales,2024-07-05
2490,Novagate Energy,Media,APAC,1-50,Organic Search,11/05/2025
1284,Coralpeak Partners,Logistics,apac ,201-1000,Partner,2023-07-14
2053,Primepoint Energy,logistics,Europe,1000+,Partner,2024-10-18
2472,Harborbridge Foods,Retail,north america ,1-50,Paid Ads,2025-05-25
2201,Echocraft Foods,Logistics,NA,51-200,Organic Search,2025-01-21
3792,Terraforge Foods,Media,North America,1-50,Paid Ads,2026-09-19
2374,Primeline Group,Manufacturing,Latin America,1-50,Outbound Sales,2025-03-17
2246,Vertexbridge Group,Retail,N. America,201-1000,Organic Search,2025-01-14
1489,Pinestone Studios,healthcare,North America,1-50,Paid Ads,2023-11-23
3246,Echogate Partners,Healthcare,emea,,Paid Ads,2026-03-19
2202,Quartzpoint Retail,Healthcare,LATAM,1-50,Organic Search,2025-01-11
3371,Swiftworks Health,Manufacturing,EMEA,51-200,Organic Search,2026-04-21
1556,Pineline Systems,Education,north america ,1000+,Organic Search,2024-01-26
1625,Quartzpeak Partners  ,Finance,north america ,51-200,Organic Search,2024-02-28
2052,Summitwave Group,Finance,Latin America,51-200,Outbound Sales,2024-10-01
1846,Coralcraft Group  ,Media,north america ,1000+,Paid Ads,2024-07-22
1593,Quartzpeak Foods,Media,APAC,201-1000,Outbound Sales,2024-02-25
1397,Ironcraft Analytics,Retail,EMEA,201-1000,Organic Search,2023-10-08
1801,Brightfield Logistics,Manufacturing,APAC,201-1000,Organic Search,2024-06-04
3226,Greenpath Labs,Education,EMEA,1-50,Paid Ads,2026-02-07
2788,Vertexgate Labs,Finance,EMEA,201-1000,Partner,2025-09-02
3456,Brightstone Partners,Healthcare,north america ,1000+,Paid Ads,2026-05-07
2718,Echoworks Logistics,healthcare,APAC,51-200,Organic Search,2025-08-30
2586,Maplewave Studios,Manufacturing,N. America,51-200,Partner,2025-06-01
3472,Granitestone Energy,Media,Europe,1-50,Partner,2026-05-26
2275,Coralpath Labs,Media,Asia Pacific,1-50,Organic Search,2025-02-27
2600,Echopath Labs,Media,NA,1-50,Organic Search,2025-06-05
2515,Riverstone Logistics,Media,Europe,51-200,Partner,2025-05-27
2069,Novastone Analytics,Logistics,EMEA,1-50,Outbound Sales,2024-10-12
3325,Sagepeak Analytics,Education,North America,1000+,Paid Ads,2026-04-24
2054,Quartzfield Studios,Media,N. America,201-1000,Partner,2024-10-25
1803,Graniteforge Analytics,Education,N. America,1-50,Paid Ads,2024-06-03
2564,Vertexforge Health,Logistics,APAC,201-1000,Organic Search,2025-06-07
1437,Terragate Retail,Manufacturing,North America,1-50,Partner,2023-10-07
1688,Quartzpeak Logistics,Technology,Latin America,51-200,Paid Ads,2024-04-22
1271,Atlasforge Co,Manufacturing,north america ,51-200,Organic Search,2023-07-09
2847,Orbitforge Logistics,Healthcare,LATAM,51-200,Organic Search,2025-10-18
2260,Primeworks Analytics,Healthcare,EMEA,51-200,Organic Search,2025-02-13
1944,Sagestone Health,Retail,EMEA,201-1000,Paid Ads,2024-08-24
1855,Pinestone Labs,Retail,Europe,201-1000,Organic Search,2024-07-04
2097,Vertexworks Foods,Technology,Latin America,1000+,Organic Search,2024-11-01
2708,Primepoint Labs,Media,emea,1-50,Organic Search,2025-08-08
1929,Silverline Labs,manufacturing,EMEA,201-1000,Outbound Sales,2024-08-04
1168,Harborstone Foods,media,Asia Pacific,51-200,Organic Search,2023-04-09
2588,Vertexpoint Partners,media,APAC,1-50,Organic Search,2025-06-16
1054,Terragate Studios,Retail,north america ,51-200,Organic Search,2023-02-08
1072,Northline Systems,Finance,EMEA,201-1000,Outbound Sales,2023-02-07
2396,Summitfield Analytics,Finance,N. America,1-50,Organic Search,2025-04-18
2348,Echowave Foods,finance,emea,51-200,Organic Search,2025-03-20
1247,Coralbridge Systems,Technology,North America,1-50,Organic Search,2023-06-21
2973,Maplepeak Foods,manufacturing,EMEA,1-50,Organic Search,2025-11-03
3646,Riverworks Labs,Healthcare,EMEA,1-50,Partner,2026-07-08
1166,Echobridge Systems  ,Finance,North America,201-1000,Outbound Sales,2023-04-21
3292,Primeforge Analytics,Logistics,North America,1-50,Paid Ads,2026-03-24
3505,Summitbridge Partners  ,Healthcare,North America,1-50,Organic Search,2026-06-23
1108,Coralstone Retail,Media,North America,51-200,Paid Ads,18/03/2023
2211,Terraline Analytics,Manufacturing,apac ,,Organic Search,2025-01-16
3093,Irongate Health,Healthcare,APAC,1-50,Partner,2026-01-31
2168,Sagepath Foods  ,Logistics,North America,1000+,Paid Ads,2024-12-11
3207,Granitegate Logistics,Retail,north america ,1-50,Partner,2026-02-24
2874,Silverbridge Health,Media,NA,1-50,Partner,2025-10-13
2526,Sagepeak Co,Logistics,N. America,1-50,Outbound Sales,21/06/2025
2011,Bluepath Studios,Logistics,north america ,1-50,Outbound Sales,18/09/2024
1373,Echoforge Co,Logistics,emea,201-1000,Paid Ads,2023-09-14
2925,Harborline Logistics,Media,Asia Pacific,51-200,Outbound Sales,2025-11-23
2388,Brightpeak Health,Media,APAC,51-200,Outbound Sales,2025-04-22
3735,Granitepath Energy,Healthcare,EMEA,201-1000,Outbound Sales,2026-08-11
2317,Sagewave Health,Finance,EMEA,201-1000,Partner,2025-02-20
3647,Harborstone Retail,Finance,NA,1000+,Outbound Sales,22/07/2026
1468,Vertexstone Retail,Education,North America,51-200,Partner,28/11/2023
2992,Atlasfield Analytics,Healthcare,N. America,1-50,Outbound Sales,2025-12-03
2913,Pineworks Partners,Logistics,EMEA,51-200,Organic Search,2025-11-29
2347,Swiftgate Labs,Logistics,north america ,1-50,Paid Ads,2025-03-03
3704,Coralfield Energy,Healthcare,APAC,1-50,Outbound Sales,2026-08-09
1757,Coralpath Analytics,Technology,Europe,1000+,Partner,2024-05-11
1145,Greenpath Systems,Manufacturing,APAC,201-1000,Outbound Sales,2023-04-12
1666,Terrastone Studios,Technology,Europe,1-50,Outbound Sales,2024-03-20
1165,Maplepoint Labs,Logistics,north america ,201-1000,Outbound Sales,20/04/2023
3239,Quartzpath Labs,Technology,Europe,201-1000,Organic Search,2026-02-03
3551,Terrapath Logistics,Finance,EMEA,,Paid Ads,2026-06-08
1224,Clearpeak Retail,Healthcare,Latin America,1-50,Outbound Sales,2023-06-24
2440,Quartzpath Foods,Finance,LATAM,51-200,Organic Search,2025-04-06
1311,Granitewave Studios  ,Manufacturing,emea,1-50,Organic Search,2023-08-26
2790,Brightpoint Studios,Logistics,N. America,1-50,Paid Ads,2025-09-19
1711,Novapeak Logistics,Logistics,N. America,1000+,Organic Search,2024-04-19
2764,Terrawave Foods,Media,APAC,51-200,Organic Search,2025-09-28
2120,Riverbridge Retail,Healthcare,North America,51-200,Paid Ads,2024-11-17
1595,Summitpath Partners,Retail,north america ,201-1000,Outbound Sales,2024-02-29
1447,Bluepath Co,Manufacturing,apac ,1000+,Paid Ads,2023-11-15
1923,Pineworks Health,Technology,EMEA,51-200,Organic Search,2024-08-28
2382,Brightbridge Energy,Manufacturing,Latin America,,Paid Ads,2025-04-11
2917,Pinefield Foods,Education,north america ,1-50,Paid Ads,2025-11-25
2901,Echobridge Analytics,Manufacturing,North America,51-200,Outbound Sales,2025-10-31
3138,Bluepath Logistics,Manufacturing,emea,51-200,Outbound Sales,2026-01-08
2170,Granitefield Labs,Logistics,APAC,51-200,Outbound Sales,2024-12-22
2316,Novagate Systems,Manufacturing,EMEA,1-50,Outbound Sales,2025-02-06
3743,Vertexbridge Health,Media,N. America,51-200,Organic Search,2026-08-22
1399,Maplepath Retail,Logistics,north america ,1-50,Partner,2023-10-29
2020,Sageworks Logistics,Media,North America,51-200,Organic Search,2024-09-06
2110,Ironwave Systems,Manufacturing,EMEA,51-200,Paid Ads,27/11/2024
2244,Clearline Foods,Manufacturing,North America,1-50,Partner,2025-01-10
1485,Orbitfield Health,Retail,APAC,201-1000,Paid Ads,10/11/2023
1531,Blueline Energy,Finance,N. America,1000+,Organic Search,2023-12-12
1343,Cleargate Systems,Education,N. America,201-1000,Partner,2023-08-03
2494,Swiftforge Studios,Education,north america ,1000+,Paid Ads,2025-05-20
3463,Vertexwave Group,Healthcare,emea,51-200,Organic Search,2026-05-28
1208,Granitewave Logistics,Education,emea,,Partner,2023-06-28
3431,Quartzbridge Labs,Healthcare,Europe,1-50,Partner,2026-05-12
1587,Pineworks Systems,Finance,Europe,201-1000,Organic Search,2024-02-05
2962,Harborworks Foods,Logistics,NA,1-50,Partner,2025-11-02
2342,Greenwave Partners,Manufacturing,LATAM,1-50,Organic Search,2025-03-17
1254,Bluestone Retail,Healthcare,EMEA,201-1000,Organic Search,2023-06-14
1053,Summitline Analytics,Logistics,N. America,201-1000,Partner,2023-02-28
3087,Orbitforge Co,Logistics,Europe,1-50,Outbound Sales,2026-01-13
1698,Maplebridge Co,Finance,APAC,201-1000,Organic Search,2024-04-17
3046,Brightstone Labs,Manufacturing,apac ,201-1000,Organic Search,2025-12-28
2115,Coralcraft Partners,Retail,Latin America,1-50,Organic Search,2024-11-14
2025,Harborline Systems,Logistics,North America,1-50,Outbound Sales,2024-10-18
3280,Riverpath Systems,Education,Europe,1-50,Organic Search,2026-03-06
2288,Bluewave Retail,Technology,north america ,1-50,Paid Ads,2025-02-07
3437,Greencraft Foods,Healthcare,APAC,1-50,Organic Search,2026-05-10
1622,Blueline Systems,Retail,emea,1000+,Partner,2024-02-18
2100,Vertexforge Logistics,Retail,EMEA,201-1000,Organic Search,2024-11-29
2905,Echoline Labs,Healthcare,N. America,1-50,Outbound Sales,2025-10-17
3433,Coralline Analytics,Healthcare,N. America,1-50,Outbound Sales,2026-05-10
2682,Clearpoint Retail,Finance,EMEA,201-1000,Outbound Sales,2025-08-19
1649,Swiftworks Retail,media,EMEA,1-50,Paid Ads,2024-03-14
3453,Sagefield Group,technology,N. America,1000+,Outbound Sales,2026-05-04
2468,Quartzpath Retail,Healthcare,EMEA,51-200,Partner,2025-05-16
2161,Sagegate Partners,technology,LATAM,201-1000,Paid Ads,2024-12-23
2751,Harborgate Retail,Finance,N. America,1-50,Organic Search,2025-08-21
2402,Orbitgate Analytics,Retail,NA,1-50,Partner,2025-04-20
1024,Granitepoint Health,media,NA,1-50,Paid Ads,2023-01-10
1079,Orbitforge Systems,Logistics,Asia Pacific,51-200,Partner,2023-02-08
3253,Quartzworks Health,Media,Asia Pacific,,Outbound Sales,2026-03-17
3236,Maplecraft Analytics,Technology,N. America,1-50,Partner,2026-02-08
1431,Harborfield Retail,Manufacturing,emea,201-1000,Paid Ads,2023-10-23
2367,Atlasstone Group,Logistics,LATAM,201-1000,Outbound Sales,2025-03-19
1792,Harborworks Analytics,Retail,north america ,51-200,Outbound Sales,2024-06-09
2715,Coralpath Logistics,Media,north america ,1-50,Partner,2025-08-14
1428,Atlasstone Studios  ,Technology,EMEA,1000+,Paid Ads,2023-10-30
2206,Sagewave Co,Retail,North America,1000+,Partner,2025-01-14
2427,Ironstone Co,Technology,EMEA,201-1000,Paid Ads,2025-04-22
1764,Coralbridge Retail,Media,north america ,1-50,Organic Search,2024-05-20
1036,Ironbridge Labs,Finance,NA,201-1000,Partner,2023-01-11
1154,Graniteforge Logistics,Education,EMEA,1-50,Partner,2023-04-18
1602,Terrabridge Retail,Media,North America,1000+,Paid Ads,2024-02-16
2551,Terracraft Studios,technology,Asia Pacific,1-50,Organic Search,2025-06-17
2960,Primeline Retail,Retail,NA,1-50,Organic Search,2025-11-30
1241,Ironwave Co  ,Retail,N. America,1000+,Outbound Sales,22/06/2023
3486,Bluewave Energy,Healthcare,N. America,51-200,Organic Search,2026-05-14
2237,Irongate Partners,Finance,APAC,,Paid Ads,2025-01-17
1467,Harborcraft Energy,Technology,North America,201-1000,Organic Search,2023-11-12
3652,Pinecraft Co,Finance,Latin America,1000+,Organic Search,12/07/2026
3384,Granitefield Studios,Media,EMEA,1-50,Organic Search,2026-04-10
3502,Graniteline Co,Logistics,Asia Pacific,51-200,Partner,2026-06-09
1101,Swiftcraft Studios,Finance,apac ,51-200,Paid Ads,2023-03-06
2475,Clearforge Health,Healthcare,emea,1-50,Organic Search,2025-05-17
2387,Coralwave Foods,Media,APAC,51-200,Organic Search,2025-04-01
3550,Quartzforge Partners,Retail,EMEA,51-200,Organic Search,2026-06-23
1494,Harborcraft Partners,Logistics,N. America,1-50,Partner,2023-12-27
1479,Maplecraft Systems,Manufacturing,emea,51-200,Organic Search,2023-11-28
2547,Rivercraft Logistics,Education,Asia Pacific,1000+,Organic Search,24/06/2025
3229,Terrapoint Retail,Logistics,N. America,51-200,Paid Ads,2026-02-25
2742,Riverworks Systems,Education,emea,1-50,Organic Search,2025-08-14
1187,Swiftpoint Systems,Finance,N. America,1000+,Outbound Sales,2023-05-21
3051,Pinepath Studios,Manufacturing,North America,1-50,Paid Ads,2025-12-05
2666,Harborfield Group,Logistics,LATAM,1-50,Partner,2025-07-05
3300,Rivercraft Foods  ,Healthcare,LATAM,1-50,Outbound Sales,2026-03-12
2797,Primeworks Energy,Education,APAC,1-50,Partner,2025-09-01
2511,Clearbridge Health,Retail,emea,51-200,Outbound Sales,2025-05-16
3753,Northpeak Studios,Logistics,emea,1000+,Paid Ads,07/08/2026
2607,Vertexfield Logistics,Retail,north america ,201-1000,Paid Ads,2025-07-07
3083,Silverwave Logistics,Media,EMEA,1-50,Outbound Sales,2026-01-26
1907,Maplegate Logistics,Manufacturing,N. America,51-200,Partner,2024-08-19
2331,Granitefield Partners,Logistics,N. America,1-50,Paid Ads,2025-03-27
1150,Summitgate Analytics,Technology,N. America,1-50,Organic Search,2023-04-16
1170,Sageline Partners,Education,north america ,1-50,Paid Ads,2023-05-14
1582,Terrapoint Analytics,Logistics,Europe,1-50,Outbound Sales,2024-01-20
3499,Terraline Foods,Retail,APAC,51-200,Outbound Sales,2026-06-29
1760,Riverfield Logistics,Healthcare,Latin America,1000+,Paid Ads,2024-05-17
2439,Riverfield Systems,Retail,North America,51-200,Paid Ads,2025-04-13
3249,Ironfield Logistics,Logistics,north america ,1000+,Partner,2026-03-29
3267,Vertexbridge Studios,Manufacturing,Asia Pacific,51-200,Organic Search,2026-03-02
3876,Greengate Studios,Media,Europe,1000+,Organic Search,2026-09-22
2926,Harborfield Logistics,Education,emea,51-200,Organic Search,2025-11-08
3140,Ironstone Foods,technology,North America,201-1000,Organic Search,2026-01-26
2122,Harborpoint Health,finance,EMEA,51-200,Paid Ads,2024-11-15
1074,Clearfield Logistics,Manufacturing,North America,51-200,Outbound Sales,2023-02-01
3380,Atlasbridge Group,Finance,Latin America,1-50,Organic Search,2026-04-23
1335,Vertexpoint Labs,Retail,Latin America,1-50,Partner,2023-08-17
1744,Summitline Group,Healthcare,north america ,201-1000,Paid Ads,2024-05-16
3247,Silverforge Group,Logistics,North America,201-1000,Outbound Sales,2026-03-13
3161,Vertexstone Co,Finance,North America,1000+,Organic Search,2026-02-03
1070,Terraline Systems,Media,LATAM,51-200,Organic Search,2023-02-08
2828,Quartzcraft Co,Healthcare,N. America,,Outbound Sales,2025-10-20
2167,Coralbridge Logistics,Retail,LATAM,1-50,Organic Search,2024-12-24
2988,Coralforge Labs,Finance,EMEA,1-50,Paid Ads,2025-12-12
3166,Granitepeak Labs,Manufacturing,EMEA,51-200,Outbound Sales,2026-02-04
2829,Greenpeak Health,Education,Latin America,1-50,Organic Search,2025-10-18
2072,Vertexpeak Retail,Finance,NA,1000+,Paid Ads,11/10/2024
3419,Vertexline Labs,Technology,north america ,1-50,Outbound Sales,2026-05-09
3245,Summitwave Systems,Manufacturing,North America,1-50,Paid Ads,2026-02-28
3609,Atlasgate Health,Logistics,LATAM,51-200,Paid Ads,2026-07-29
2939,Maplepeak Studios,Retail,EMEA,51-200,Organic Search,2025-11-10
3315,Vertexforge Co,Education,North America,1000+,Organic Search,2026-03-01
3132,Mapleforge Energy,Logistics,N. America,51-200,Paid Ads,2026-01-31
3326,Atlaspoint Energy,Logistics,Europe,1-50,Outbound Sales,2026-04-01
2426,Clearforge Energy,Education,north america ,1-50,Partner,2025-04-11
3305,Pinecraft Energy,Finance,Europe,1-50,Outbound Sales,2026-03-20
2133,Granitefield Analytics,finance,apac ,1-50,Partner,2024-12-04
2443,Orbitforge Retail  ,Education,North America,1000+,Paid Ads,2025-04-01
3819,Ironpoint Studios,Finance,North America,1-50,Paid Ads,2026-09-19
1031,Harborcraft Systems,Technology,Asia Pacific,1-50,Organic Search,2023-01-21
1685,Echostone Partners,Healthcare,emea,1000+,Outbound Sales,2024-04-16
2308,Echobridge Labs,Finance,north america ,201-1000,Outbound Sales,2025-02-01
1606,Brightline Energy,Technology,apac ,201-1000,Paid Ads,2024-02-01
3714,Sagepeak Labs,Retail,N. America,1000+,Partner,2026-08-31
2769,Bluestone Health,Media,apac ,1000+,Partner,2025-09-15
2036,Primestone Studios,Finance,Asia Pacific,1-50,Paid Ads,2024-10-19
1043,Pinestone Health,Retail,EMEA,51-200,Organic Search,2023-02-18
2813,Pinefield Labs,Finance,North America,1-50,Partner,2025-09-02
2198,Atlasstone Analytics,Education,EMEA,51-200,Paid Ads,2025-01-28
2756,Novafield Retail,Retail,apac ,1-50,Organic Search,2025-08-02
2884,Silverline Energy,Logistics,apac ,201-1000,Paid Ads,2025-10-30
2519,Northworks Studios,Retail,N. America,51-200,Partner,2025-05-11
3483,Silverline Analytics,Technology,North America,1-50,Outbound Sales,2026-05-20
1741,Granitecraft Retail,Retail,N. America,51-200,Partner,2024-05-13
3174,Brightpoint Group,Education,north america ,51-200,Partner,2026-02-25
3593,Riverpeak Labs,Media,north america ,201-1000,Partner,2026-07-03
3275,Pinewave Studios,Manufacturing,EMEA,51-200,Organic Search,2026-03-09
2486,Echogate Systems,Technology,APAC,1-50,Partner,2025-05-17
1345,Vertexline Retail,Education,LATAM,51-200,Partner,2023-08-29
2613,Terrapeak Co,Retail,LATAM,1000+,Organic Search,2025-07-11
1389,Atlasworks Partners,Logistics,APAC,51-200,Paid Ads,05/09/2023
2093,Blueforge Labs,Healthcare,north america ,201-1000,Organic Search,2024-11-26
2003,Orbitpoint Group  ,Logistics,EMEA,1-50,Partner,2024-09-29
3241,Vertexfield Studios,Education,NA,51-200,Paid Ads,2026-02-06
2311,Granitecraft Energy,Logistics,APAC,51-200,Organic Search,2025-02-20
1398,Maplecraft Health,Retail,emea,51-200,Organic Search,2023-10-24
2403,Riverforge Systems,Retail,NA,201-1000,Partner,2025-04-15
2194,Brightpeak Logistics,Media,Latin America,201-1000,Organic Search,2024-12-10
3406,Greenline Studios,Media,Europe,1000+,Outbound Sales,2026-05-25
3470,Vertexgate Studios,Education,emea,51-200,Outbound Sales,2026-05-04
1057,Quartzpeak Systems,Media,north america ,1000+,Outbound Sales,2023-02-05
1434,Orbitline Retail,Healthcare,NA,1-50,Paid Ads,2023-10-10
2378,Northcraft Retail,Retail,emea,201-1000,Paid Ads,2025-03-26
1332,Northline Health  ,Finance,North America,1-50,Paid Ads,2023-08-19
1007,Riverwave Studios,Manufacturing,Europe,1-50,Organic Search,2023-01-13
1347,Harborworks Studios,Manufacturing,EMEA,51-200,Organic Search,2023-08-31
1980,Echoforge Foods,Logistics,north america ,1-50,Partner,2024-09-04
2315,Northpath Partners,Logistics,Europe,1-50,Outbound Sales,2025-02-01
3756,Atlaspoint Analytics,Healthcare,LATAM,,Paid Ads,2026-08-13
3203,Atlasgate Logistics,Finance,north america ,51-200,Paid Ads,2026-02-22
1735,Greengate Analytics  ,Logistics,N. America,201-1000,Partner,2024-05-01
2678,Greenworks Studios,Media,EMEA,,Partner,2025-07-26
2283,Echoline Health,Healthcare,N. America,1-50,Paid Ads,2025-02-22
2633,Graniteline Labs  ,Logistics,EMEA,51-200,Paid Ads,2025-07-16
3228,Echostone Energy,Media,Latin America,1000+,Outbound Sales,2026-02-05
3027,Greenfield Labs,Retail,apac ,51-200,Partner,2025-12-08
3361,Harborpath Co,Finance,APAC,,Organic Search,2026-04-05
3800,Pineforge Studios,Education,emea,,Outbound Sales,2026-09-21
1809,Harborwave Analytics,Education,emea,1000+,Partner,2024-06-08
1937,Summitforge Partners,Technology,N. America,1-50,Paid Ads,2024-08-03
3779,Mapleforge Group,Technology,North America,,Partner,2026-09-06
1850,Ironbridge Studios,Retail,NA,1-50,Organic Search,2024-07-27
1436,Clearfield Energy,Retail,EMEA,1-50,Paid Ads,2023-10-17
3118,Orbitpoint Retail,Logistics,EMEA,1-50,Partner,2026-01-15
1338,Primeline Labs,Finance,LATAM,201-1000,Organic Search,2023-08-29
1629,Orbitwave Systems,Media,Europe,1-50,Partner,2024-02-27
1851,Atlasfield Labs,Media,APAC,1-50,Partner,2024-07-08
1774,Swiftgate Logistics,Healthcare,Latin America,1-50,Organic Search,2024-05-13
2912,Atlasfield Co,Finance,EMEA,51-200,Organic Search,2025-11-30
2927,Swiftstone Systems,Logistics,LATAM,51-200,Paid Ads,2025-11-30
2713,Swiftpeak Foods,Manufacturing,NA,51-200,Paid Ads,11/08/2025
2478,Atlaspoint Labs,Media,apac ,1-50,Organic Search,2025-05-14
3664,Silverpeak Energy,Technology,north america ,201-1000,Partner,2026-07-07
3221,Novabridge Co,retail,N. America,1-50,Paid Ads,2026-02-03
1429,Pinebridge Studios,Finance,N. America,1-50,Paid Ads,2023-10-06
3069,Clearforge Co,Retail,North America,51-200,Paid Ads,2026-01-08
2777,Coralline Systems,Education,APAC,201-1000,Organic Search,2025-09-11
2543,Granitebridge Foods,Logistics,EMEA,1-50,Organic Search,2025-06-03
1293,Coralwave Analytics,Technology,N. America,1-50,Outbound Sales,2023-07-16
1949,Maplecraft Logistics,Healthcare,north america ,201-1000,Paid Ads,2024-08-18
3102,Atlascraft Co,Media,N. America,1-50,Paid Ads,2026-01-26
1715,Brightline Foods,Education,EMEA,51-200,Organic Search,2024-04-26
2079,Pinestone Foods,Finance,APAC,201-1000,Partner,2024-11-24
1326,Bluestone Partners  ,Logistics,EMEA,201-1000,Organic Search,2023-08-25
1700,Cleargate Energy,Education,apac ,1-50,Outbound Sales,2024-04-20
3862,Summitcraft Partners,Finance,North America,51-200,Paid Ads,2026-09-21
2839,Swiftbridge Energy,Education,EMEA,1-50,Outbound Sales,2025-10-17
2384,Novafield Group,Manufacturing,North America,51-200,Outbound Sales,2025-04-15
3634,Swiftforge Group  ,Manufacturing,LATAM,51-200,Paid Ads,2026-07-04
1549,Brightpoint Energy,Manufacturing,North America,51-200,Organic Search,2024-01-24
2922,Echocraft Logistics,Healthcare,North America,51-200,Organic Search,2025-11-20
2746,Novawave Partners,education,APAC,1-50,Outbound Sales,2025-08-28
3011,Riverwave Energy,Finance,Europe,1000+,Partner,2025-12-29
2037,Orbitgate Systems,Logistics,LATAM,201-1000,Organic Search,06/10/2024
1005,Primepath Energy,Healthcare,EMEA,1-50,Outbound Sales,2023-01-08
2768,Harborpoint Group,Finance,north america ,51-200,Paid Ads,2025-09-30
2140,Brightpoint Co,logistics,North America,51-200,Partner,2024-12-19
1950,Bluestone Labs,Retail,Latin America,51-200,Paid Ads,2024-08-04
3061,Echowave Studios,Education,Asia Pacific,51-200,Paid Ads,2025-12-28
3385,Clearcraft Health,Logistics,EMEA,1-50,Organic Search,2026-04-07
3434,Clearpath Co,Logistics,North America,1000+,Organic Search,2026-05-23
2964,Coralfield Studios,Technology,NA,1-50,Outbound Sales,2025-11-16
1357,Harborfield Partners,Technology,NA,51-200,Partner,2023-09-18
3602,Vertexstone Analytics,education,NA,1-50,Outbound Sales,2026-07-24
3851,Clearwave Group,Technology,NA,1-50,Organic Search,2026-09-06
3242,Coralpoint Studios,Technology,apac ,201-1000,Partner,2026-02-06
1387,Northline Analytics,Technology,N. America,,Paid Ads,17/09/2023
