account_id,month_start,active_users,logins
1001,2023-01-01,2,44
1002,2023-01-01,5,70
1003,2023-01-01,2,24
1004,2023-01-01,3,33
1005,2023-01-01,27,378
1006,2023-01-01,5,40
1007,2023-01-01,25,500
1008,2023-01-01,19,418
1009,2023-01-01,21,294
1010,2023-01-01,9,144
1011,2023-01-01,24,600
1012,2023-01-01,43,473
1013,2023-01-01,212,4028
1014,2023-01-01,32,544
1015,2023-01-01,37,740
1016,2023-01-01,8,72
1017,2023-01-01,9,108
1018,2023-01-01,2,50
1019,2023-01-01,10,160
1020,2023-01-01,8,176
1021,2023-01-01,3,24
1022,2023-01-01,6,126
1023,2023-01-01,26,650
1024,2023-01-01,5,80
1025,2023-01-01,23,414
1026,2023-01-01,199,4577
1027,2023-01-01,47,799
1028,2023-01-01,11,275
1029,2023-01-01,7,119
1030,2023-01-01,11,121
1031,2023-01-01,19,456
1032,2023-01-01,3,30
1033,2023-01-01,12,276
1034,2023-01-01,15,330
1035,2023-01-01,5,70
1036,2023-01-01,14,224
1037,2023-01-01,24,408
1038,2023-01-01,12,240
1039,2023-01-01,4,84
1040,2023-01-01,42,546
1041,2023-01-01,50,650
1042,2023-01-01,21,420
1001,2023-02-01,1,8
1002,2023-02-01,6,60
1004,2023-02-01,3,60
1005,2023-02-01,28,336
1006,2023-02-01,5,50
1007,2023-02-01,27,486
1008,2023-02-01,44,748
1009,2023-02-01,26,260
1010,2023-02-01,8,80
1011,2023-02-01,25,600
1012,2023-02-01,40,400
1013,2023-02-01,176,4224
1014,2023-02-01,30,390
1015,2023-02-01,41,697
1016,2023-02-01,9,153
1017,2023-02-01,9,153
1018,2023-02-01,2,20
1020,2023-02-01,8,88
1021,2023-02-01,4,48
1022,2023-02-01,5,110
1023,2023-02-01,22,418
1024,2023-02-01,5,100
1025,2023-02-01,20,300
1026,2023-02-01,185,3330
1027,2023-02-01,46,460
1028,2023-02-01,12,192
1029,2023-02-01,7,133
1030,2023-02-01,9,117
1031,2023-02-01,16,352
1032,2023-02-01,3,57
1033,2023-02-01,13,169
1034,2023-02-01,11,253
1035,2023-02-01,4,68
1036,2023-02-01,13,130
1037,2023-02-01,27,675
1038,2023-02-01,14,126
1039,2023-02-01,5,120
1040,2023-02-01,43,774
1041,2023-02-01,55,880
1042,2023-02-01,21,273
1043,2023-02-01,22,242
1044,2023-02-01,4,68
1045,2023-02-01,32,320
1046,2023-02-01,10,140
1047,2023-02-01,9,207
1048,2023-02-01,7,84
1049,2023-02-01,44,1100
1050,2023-02-01,3,54
1051,2023-02-01,11,264
1052,2023-02-01,28,476
1053,2023-02-01,112,896
1054,2023-02-01,39,468
1055,2023-02-01,6,132
1056,2023-02-01,11,231
1057,2023-02-01,3,69
1058,2023-02-01,6,90
1059,2023-02-01,156,2184
1060,2023-02-01,13,208
1061,2023-02-01,8,192
1062,2023-02-01,9,162
1063,2023-02-01,23,299
1064,2023-02-01,134,1608
1065,2023-02-01,7,77
1066,2023-02-01,5,105
1067,2023-02-01,28,504
1068,2023-02-01,6,132
1069,2023-02-01,14,238
1070,2023-02-01,14,168
1071,2023-02-01,14,350
1072,2023-02-01,4,88
1073,2023-02-01,12,120
1074,2023-02-01,13,117
1075,2023-02-01,7,70
1076,2023-02-01,59,1475
1077,2023-02-01,8,120
1078,2023-02-01,18,198
1079,2023-02-01,26,468
1080,2023-02-01,12,180
1081,2023-02-01,2,50
1082,2023-02-01,17,289
1083,2023-02-01,26,442
1084,2023-02-01,7,161
1085,2023-02-01,10,230
1086,2023-02-01,2,46
1087,2023-02-01,32,736
1001,2023-03-01,1,23
1002,2023-03-01,6,90
1004,2023-03-01,3,54
1005,2023-03-01,30,330
1006,2023-03-01,5,60
1007,2023-03-01,27,621
1008,2023-03-01,50,1000
1009,2023-03-01,31,558
1010,2023-03-01,6,60
1011,2023-03-01,23,414
1012,2023-03-01,50,400
1013,2023-03-01,173,1384
1014,2023-03-01,23,253
1015,2023-03-01,38,456
1016,2023-03-01,8,112
1017,2023-03-01,8,80
1018,2023-03-01,2,16
1020,2023-03-01,8,72
1021,2023-03-01,3,57
1022,2023-03-01,5,50
1023,2023-03-01,25,425
1024,2023-03-01,6,60
1025,2023-03-01,25,525
1026,2023-03-01,224,5376
1027,2023-03-01,35,840
1028,2023-03-01,8,168
1029,2023-03-01,6,54
1030,2023-03-01,12,180
1031,2023-03-01,16,128
1032,2023-03-01,3,27
1033,2023-03-01,13,143
1034,2023-03-01,14,196
1035,2023-03-01,5,45
1036,2023-03-01,15,225
1037,2023-03-01,29,435
1038,2023-03-01,13,130
1039,2023-03-01,4,72
1040,2023-03-01,56,1120
1041,2023-03-01,52,676
1042,2023-03-01,20,180
1043,2023-03-01,19,266
1044,2023-03-01,5,45
1045,2023-03-01,33,561
1046,2023-03-01,10,90
1047,2023-03-01,9,162
1048,2023-03-01,10,100
1051,2023-03-01,10,230
1052,2023-03-01,26,260
1053,2023-03-01,93,1209
1054,2023-03-01,37,592
1055,2023-03-01,6,66
1056,2023-03-01,10,170
1057,2023-03-01,4,48
1058,2023-03-01,7,70
1059,2023-03-01,158,1738
1060,2023-03-01,12,228
1061,2023-03-01,7,161
1062,2023-03-01,12,216
1063,2023-03-01,24,576
1064,2023-03-01,159,1749
1065,2023-03-01,8,152
1066,2023-03-01,4,44
1067,2023-03-01,14,182
1068,2023-03-01,6,144
1069,2023-03-01,13,286
1070,2023-03-01,16,160
1071,2023-03-01,17,255
1072,2023-03-01,4,48
1073,2023-03-01,14,126
1075,2023-03-01,6,66
1076,2023-03-01,53,530
1077,2023-03-01,8,160
1078,2023-03-01,21,483
1079,2023-03-01,27,270
1080,2023-03-01,10,150
1081,2023-03-01,2,38
1082,2023-03-01,17,153
1083,2023-03-01,19,399
1084,2023-03-01,6,66
1085,2023-03-01,9,198
1086,2023-03-01,2,24
1087,2023-03-01,26,364
1088,2023-03-01,12,156
1089,2023-03-01,23,253
1090,2023-03-01,6,84
1091,2023-03-01,10,110
1092,2023-03-01,6,120
1093,2023-03-01,96,1824
1094,2023-03-01,62,558
1095,2023-03-01,26,468
1096,2023-03-01,9,72
1097,2023-03-01,17,255
1098,2023-03-01,15,150
1099,2023-03-01,9,189
1100,2023-03-01,5,100
1101,2023-03-01,8,200
1102,2023-03-01,6,60
1103,2023-03-01,25,425
1104,2023-03-01,8,64
1105,2023-03-01,4,76
1106,2023-03-01,3,36
1107,2023-03-01,9,198
1108,2023-03-01,9,144
1109,2023-03-01,40,600
1110,2023-03-01,12,156
1111,2023-03-01,5,105
1112,2023-03-01,7,154
1113,2023-03-01,139,1807
1114,2023-03-01,8,96
1115,2023-03-01,168,3864
1116,2023-03-01,4,60
1117,2023-03-01,6,114
1118,2023-03-01,26,390
1119,2023-03-01,8,96
1120,2023-03-01,3,54
1121,2023-03-01,7,98
1122,2023-03-01,28,364
1123,2023-03-01,11,132
1002,2023-04-01,6,66
1004,2023-04-01,4,52
1005,2023-04-01,26,416
1006,2023-04-01,5,45
1007,2023-04-01,27,513
1008,2023-04-01,46,552
1009,2023-04-01,29,725
1010,2023-04-01,6,78
1011,2023-04-01,23,414
1012,2023-04-01,47,705
1013,2023-04-01,162,1620
1014,2023-04-01,22,550
1015,2023-04-01,36,792
1016,2023-04-01,9,189
1017,2023-04-01,9,153
1018,2023-04-01,4,100
1020,2023-04-01,5,80
1021,2023-04-01,3,33
1022,2023-04-01,6,48
1023,2023-04-01,23,345
1024,2023-04-01,6,144
1025,2023-04-01,31,775
1026,2023-04-01,215,2580
1027,2023-04-01,36,684
1028,2023-04-01,8,176
1029,2023-04-01,8,96
1030,2023-04-01,12,204
1031,2023-04-01,13,104
1032,2023-04-01,3,57
1033,2023-04-01,11,220
1034,2023-04-01,10,250
1035,2023-04-01,4,80
1036,2023-04-01,15,240
1037,2023-04-01,35,280
1038,2023-04-01,14,336
1039,2023-04-01,4,48
1040,2023-04-01,43,516
1041,2023-04-01,46,552
1042,2023-04-01,17,323
1043,2023-04-01,23,368
1044,2023-04-01,5,110
1045,2023-04-01,33,660
1046,2023-04-01,11,165
1047,2023-04-01,7,119
1048,2023-04-01,8,176
1051,2023-04-01,9,180
1052,2023-04-01,16,192
1053,2023-04-01,65,1430
1054,2023-04-01,37,851
1055,2023-04-01,6,84
1056,2023-04-01,16,272
1057,2023-04-01,5,50
1058,2023-04-01,7,168
1059,2023-04-01,145,3625
1060,2023-04-01,12,96
1061,2023-04-01,7,161
1062,2023-04-01,11,231
1063,2023-04-01,20,500
1064,2023-04-01,148,2664
1065,2023-04-01,7,77
1066,2023-04-01,5,45
1067,2023-04-01,10,120
1068,2023-04-01,7,161
1069,2023-04-01,16,320
1070,2023-04-01,17,187
1071,2023-04-01,13,273
1072,2023-04-01,3,69
1073,2023-04-01,13,104
1075,2023-04-01,6,114
1076,2023-04-01,64,512
1077,2023-04-01,8,136
1078,2023-04-01,22,462
1079,2023-04-01,24,552
1080,2023-04-01,11,253
1081,2023-04-01,1,24
1082,2023-04-01,19,437
1083,2023-04-01,21,357
1084,2023-04-01,5,80
1085,2023-04-01,8,128
1086,2023-04-01,2,50
1087,2023-04-01,25,550
1088,2023-04-01,11,275
1089,2023-04-01,18,198
1090,2023-04-01,5,65
1091,2023-04-01,9,144
1092,2023-04-01,3,33
1093,2023-04-01,96,1152
1094,2023-04-01,68,680
1095,2023-04-01,25,475
1096,2023-04-01,9,198
1097,2023-04-01,19,380
1098,2023-04-01,17,255
1099,2023-04-01,10,90
1100,2023-04-01,5,125
1101,2023-04-01,9,144
1102,2023-04-01,6,60
1103,2023-04-01,28,644
1105,2023-04-01,3,63
1106,2023-04-01,2,42
1107,2023-04-01,9,144
1108,2023-04-01,13,286
1109,2023-04-01,43,559
1110,2023-04-01,12,168
1111,2023-04-01,4,84
1112,2023-04-01,5,115
1113,2023-04-01,116,1160
1114,2023-04-01,7,98
1115,2023-04-01,179,3401
1116,2023-04-01,4,56
1117,2023-04-01,5,100
1118,2023-04-01,21,252
1119,2023-04-01,5,120
1120,2023-04-01,4,60
1121,2023-04-01,5,65
1122,2023-04-01,33,396
1123,2023-04-01,11,187
1124,2023-04-01,9,126
1125,2023-04-01,7,175
1126,2023-04-01,9,216
1127,2023-04-01,27,513
1128,2023-04-01,9,189
1129,2023-04-01,8,168
1130,2023-04-01,9,225
1131,2023-04-01,9,153
1132,2023-04-01,8,136
1133,2023-04-01,22,506
1134,2023-04-01,37,407
1135,2023-04-01,5,60
1136,2023-04-01,25,350
1137,2023-04-01,2,26
1138,2023-04-01,4,68
1139,2023-04-01,9,99
1140,2023-04-01,28,532
1141,2023-04-01,31,744
1142,2023-04-01,10,150
1143,2023-04-01,135,1080
1144,2023-04-01,17,221
1145,2023-04-01,3,48
1146,2023-04-01,8,120
1147,2023-04-01,24,192
1148,2023-04-01,3,24
1149,2023-04-01,4,96
1150,2023-04-01,23,253
1151,2023-04-01,20,280
1152,2023-04-01,15,360
1153,2023-04-01,10,230
1154,2023-04-01,44,880
1155,2023-04-01,4,84
1156,2023-04-01,5,80
1157,2023-04-01,99,1485
1158,2023-04-01,5,40
1159,2023-04-01,4,48
1160,2023-04-01,11,253
1161,2023-04-01,2,46
1162,2023-04-01,5,110
1163,2023-04-01,27,540
1164,2023-04-01,4,72
1165,2023-04-01,6,48
1166,2023-04-01,8,168
1167,2023-04-01,9,216
1168,2023-04-01,12,240
1169,2023-04-01,8,184
1002,2023-05-01,5,40
1004,2023-05-01,4,48
1005,2023-05-01,28,280
1006,2023-05-01,4,32
1007,2023-05-01,27,324
1008,2023-05-01,46,966
1009,2023-05-01,24,360
1010,2023-05-01,7,147
1011,2023-05-01,20,440
1012,2023-05-01,48,1056
1013,2023-05-01,156,2964
1014,2023-05-01,20,160
1015,2023-05-01,46,966
1016,2023-05-01,7,161
1017,2023-05-01,10,220
1018,2023-05-01,4,72
1020,2023-05-01,5,45
1021,2023-05-01,3,33
1022,2023-05-01,7,77
1023,2023-05-01,19,399
1024,2023-05-01,5,105
1025,2023-05-01,32,704
1026,2023-05-01,192,3456
1027,2023-05-01,29,261
1028,2023-05-01,8,192
1029,2023-05-01,7,105
1030,2023-05-01,11,209
1031,2023-05-01,9,171
1032,2023-05-01,3,63
1033,2023-05-01,13,260
1034,2023-05-01,8,176
1035,2023-05-01,4,48
1036,2023-05-01,15,210
1037,2023-05-01,23,276
1038,2023-05-01,13,273
1039,2023-05-01,4,56
1040,2023-05-01,33,429
1041,2023-05-01,54,810
1042,2023-05-01,18,198
1043,2023-05-01,30,750
1044,2023-05-01,4,52
1045,2023-05-01,40,560
1046,2023-05-01,11,198
1047,2023-05-01,7,175
1048,2023-05-01,10,140
1051,2023-05-01,8,136
1052,2023-05-01,15,345
1053,2023-05-01,78,1872
1054,2023-05-01,35,560
1055,2023-05-01,5,110
1056,2023-05-01,18,270
1057,2023-05-01,5,55
1059,2023-05-01,188,1880
1060,2023-05-01,13,130
1061,2023-05-01,9,153
1062,2023-05-01,12,264
1063,2023-05-01,17,425
1064,2023-05-01,148,1184
1065,2023-05-01,6,114
1066,2023-05-01,5,115
1067,2023-05-01,9,135
1068,2023-05-01,7,140
1069,2023-05-01,11,88
1070,2023-05-01,20,420
1071,2023-05-01,14,196
1072,2023-05-01,3,42
1073,2023-05-01,12,192
1075,2023-05-01,7,168
1076,2023-05-01,49,490
1077,2023-05-01,7,70
1078,2023-05-01,26,416
1079,2023-05-01,24,408
1080,2023-05-01,10,220
1081,2023-05-01,2,28
1082,2023-05-01,17,153
1083,2023-05-01,19,380
1084,2023-05-01,5,70
1085,2023-05-01,10,240
1086,2023-05-01,3,36
1087,2023-05-01,23,529
1088,2023-05-01,14,308
1089,2023-05-01,18,234
1090,2023-05-01,6,60
1091,2023-05-01,8,72
1092,2023-05-01,3,60
1093,2023-05-01,120,2760
1094,2023-05-01,55,1265
1095,2023-05-01,28,560
1096,2023-05-01,7,77
1097,2023-05-01,25,375
1098,2023-05-01,16,160
1099,2023-05-01,10,210
1100,2023-05-01,4,72
1101,2023-05-01,11,143
1102,2023-05-01,7,84
1103,2023-05-01,29,667
1105,2023-05-01,3,27
1106,2023-05-01,3,66
1107,2023-05-01,10,240
1108,2023-05-01,11,154
1109,2023-05-01,32,320
1110,2023-05-01,10,220
1111,2023-05-01,6,114
1112,2023-05-01,5,60
1113,2023-05-01,208,3952
1114,2023-05-01,5,60
1115,2023-05-01,211,2110
1116,2023-05-01,4,68
1117,2023-05-01,5,105
1118,2023-05-01,24,336
1120,2023-05-01,2,36
1121,2023-05-01,6,132
1122,2023-05-01,35,840
1123,2023-05-01,15,345
1124,2023-05-01,11,198
1126,2023-05-01,8,136
1127,2023-05-01,34,306
1128,2023-05-01,9,207
1129,2023-05-01,5,115
1130,2023-05-01,9,126
1131,2023-05-01,7,119
1132,2023-05-01,6,72
1133,2023-05-01,20,480
1134,2023-05-01,37,370
1135,2023-05-01,5,50
1136,2023-05-01,22,176
1137,2023-05-01,2,22
1138,2023-05-01,6,48
1139,2023-05-01,7,63
1140,2023-05-01,28,224
1141,2023-05-01,27,297
1142,2023-05-01,8,200
1143,2023-05-01,127,1778
1144,2023-05-01,16,240
1145,2023-05-01,3,72
1146,2023-05-01,8,136
1147,2023-05-01,18,450
1148,2023-05-01,2,42
1149,2023-05-01,5,80
1150,2023-05-01,28,364
1151,2023-05-01,18,432
1152,2023-05-01,15,360
1153,2023-05-01,7,77
1154,2023-05-01,45,765
1155,2023-05-01,3,51
1156,2023-05-01,4,40
1157,2023-05-01,92,2116
1158,2023-05-01,5,55
1159,2023-05-01,3,63
1160,2023-05-01,13,208
1161,2023-05-01,2,48
1162,2023-05-01,5,55
1163,2023-05-01,27,243
1164,2023-05-01,3,54
1166,2023-05-01,8,136
1167,2023-05-01,9,171
1168,2023-05-01,10,200
1169,2023-05-01,7,98
1170,2023-05-01,15,345
1171,2023-05-01,32,640
1172,2023-05-01,28,364
1173,2023-05-01,3,27
1174,2023-05-01,12,300
1175,2023-05-01,22,198
1176,2023-05-01,5,100
1177,2023-05-01,5,110
1178,2023-05-01,2,40
1179,2023-05-01,14,140
1180,2023-05-01,11,143
1181,2023-05-01,11,143
1182,2023-05-01,3,54
1183,2023-05-01,5,110
1184,2023-05-01,12,192
1185,2023-05-01,22,242
1186,2023-05-01,26,390
1187,2023-05-01,124,2108
1188,2023-05-01,12,120
1189,2023-05-01,35,560
1190,2023-05-01,28,532
1191,2023-05-01,8,168
1192,2023-05-01,25,200
1193,2023-05-01,66,1386
1194,2023-05-01,19,190
1195,2023-05-01,16,192
1196,2023-05-01,23,276
1197,2023-05-01,4,96
1198,2023-05-01,28,224
1199,2023-05-01,44,396
1200,2023-05-01,137,2877
1201,2023-05-01,96,960
1202,2023-05-01,5,45
1203,2023-05-01,106,954
1204,2023-05-01,3,24
1205,2023-05-01,6,132
1206,2023-05-01,4,48
1207,2023-05-01,24,576
1002,2023-06-01,5,80
1004,2023-06-01,3,42
1005,2023-06-01,39,858
1006,2023-06-01,5,85
1007,2023-06-01,22,418
1008,2023-06-01,37,407
1009,2023-06-01,22,440
1010,2023-06-01,7,77
1011,2023-06-01,24,192
1012,2023-06-01,59,1239
1013,2023-06-01,163,3749
1014,2023-06-01,22,374
1015,2023-06-01,48,1056
1016,2023-06-01,6,132
1017,2023-06-01,10,160
1018,2023-06-01,4,84
1020,2023-06-01,7,84
1021,2023-06-01,3,30
1022,2023-06-01,5,40
1023,2023-06-01,20,500
1024,2023-06-01,6,102
1025,2023-06-01,29,551
1026,2023-06-01,227,3859
1027,2023-06-01,28,504
1028,2023-06-01,8,112
1029,2023-06-01,5,85
1030,2023-06-01,12,180
1032,2023-06-01,3,72
1033,2023-06-01,13,156
1034,2023-06-01,8,144
1035,2023-06-01,4,32
1036,2023-06-01,14,210
1037,2023-06-01,19,304
1038,2023-06-01,12,228
1039,2023-06-01,4,96
1040,2023-06-01,32,768
1041,2023-06-01,39,975
1042,2023-06-01,16,368
1043,2023-06-01,30,270
1044,2023-06-01,5,75
1045,2023-06-01,44,880
1046,2023-06-01,9,189
1047,2023-06-01,6,114
1048,2023-06-01,12,300
1051,2023-06-01,11,110
1052,2023-06-01,15,240
1053,2023-06-01,51,969
1054,2023-06-01,32,512
1055,2023-06-01,5,75
1056,2023-06-01,16,128
1057,2023-06-01,5,45
1059,2023-06-01,175,2975
1060,2023-06-01,13,286
1061,2023-06-01,10,100
1062,2023-06-01,43,688
1063,2023-06-01,17,153
1064,2023-06-01,189,2835
1065,2023-06-01,7,126
1066,2023-06-01,3,57
1067,2023-06-01,7,105
1068,2023-06-01,5,110
1069,2023-06-01,11,165
1070,2023-06-01,21,357
1071,2023-06-01,9,117
1072,2023-06-01,3,72
1073,2023-06-01,12,156
1075,2023-06-01,6,150
1076,2023-06-01,58,1276
1077,2023-06-01,8,120
1078,2023-06-01,27,648
1079,2023-06-01,17,204
1080,2023-06-01,7,161
1081,2023-06-01,2,28
1082,2023-06-01,18,360
1083,2023-06-01,21,357
1084,2023-06-01,7,126
1085,2023-06-01,10,170
1086,2023-06-01,2,36
1087,2023-06-01,25,275
1088,2023-06-01,11,88
1089,2023-06-01,32,768
1090,2023-06-01,6,90
1091,2023-06-01,8,168
1092,2023-06-01,3,69
1093,2023-06-01,104,1144
1094,2023-06-01,67,1541
1095,2023-06-01,35,525
1096,2023-06-01,7,84
1097,2023-06-01,21,231
1098,2023-06-01,19,380
1099,2023-06-01,8,128
1100,2023-06-01,4,48
1101,2023-06-01,14,112
1102,2023-06-01,6,54
1103,2023-06-01,25,500
1105,2023-06-01,4,52
1106,2023-06-01,3,54
1107,2023-06-01,9,171
1108,2023-06-01,13,169
1109,2023-06-01,45,855
1110,2023-06-01,12,96
1111,2023-06-01,6,108
1112,2023-06-01,7,56
1113,2023-06-01,204,1632
1114,2023-06-01,5,85
1115,2023-06-01,157,3768
1116,2023-06-01,6,144
1117,2023-06-01,5,100
1118,2023-06-01,21,462
1120,2023-06-01,3,72
1121,2023-06-01,7,119
1122,2023-06-01,41,492
1123,2023-06-01,16,192
1124,2023-06-01,13,260
1126,2023-06-01,10,210
1127,2023-06-01,26,312
1128,2023-06-01,7,91
1129,2023-06-01,5,100
1130,2023-06-01,10,210
1131,2023-06-01,7,98
1132,2023-06-01,5,125
1133,2023-06-01,22,352
1134,2023-06-01,33,792
1135,2023-06-01,5,55
1136,2023-06-01,25,350
1137,2023-06-01,3,36
1138,2023-06-01,6,108
1139,2023-06-01,6,138
1140,2023-06-01,28,504
1141,2023-06-01,31,651
1142,2023-06-01,7,175
1143,2023-06-01,172,3096
1144,2023-06-01,16,208
1145,2023-06-01,3,66
1146,2023-06-01,8,64
1147,2023-06-01,18,270
1148,2023-06-01,3,66
1149,2023-06-01,7,56
1150,2023-06-01,32,544
1151,2023-06-01,23,253
1152,2023-06-01,13,299
1153,2023-06-01,7,112
1154,2023-06-01,39,624
1155,2023-06-01,2,34
1156,2023-06-01,3,42
1157,2023-06-01,95,2280
1158,2023-06-01,5,95
1159,2023-06-01,3,24
1160,2023-06-01,12,168
1161,2023-06-01,1,10
1162,2023-06-01,4,88
1163,2023-06-01,25,450
1164,2023-06-01,2,50
1166,2023-06-01,7,56
1167,2023-06-01,8,176
1168,2023-06-01,12,180
1169,2023-06-01,7,91
1170,2023-06-01,14,252
1171,2023-06-01,32,608
1172,2023-06-01,34,476
1173,2023-06-01,3,39
1174,2023-06-01,15,345
1175,2023-06-01,26,468
1176,2023-06-01,4,72
1177,2023-06-01,9,171
1178,2023-06-01,2,26
1179,2023-06-01,13,130
1181,2023-06-01,14,266
1182,2023-06-01,3,54
1183,2023-06-01,5,70
1184,2023-06-01,11,121
1185,2023-06-01,24,192
1186,2023-06-01,33,759
1187,2023-06-01,112,1904
1188,2023-06-01,13,169
1189,2023-06-01,32,352
1190,2023-06-01,46,736
1191,2023-06-01,8,112
1192,2023-06-01,31,341
1193,2023-06-01,56,1232
1194,2023-06-01,20,280
1195,2023-06-01,19,380
1196,2023-06-01,21,462
1197,2023-06-01,5,120
1198,2023-06-01,28,308
1199,2023-06-01,38,304
1200,2023-06-01,156,2028
1201,2023-06-01,65,1235
1202,2023-06-01,6,90
1203,2023-06-01,95,950
1204,2023-06-01,3,60
1205,2023-06-01,7,84
1207,2023-06-01,18,396
1208,2023-06-01,18,414
1209,2023-06-01,11,165
1210,2023-06-01,3,33
1211,2023-06-01,14,266
1212,2023-06-01,36,540
1213,2023-06-01,88,1408
1214,2023-06-01,6,78
1215,2023-06-01,5,85
1216,2023-06-01,6,72
1217,2023-06-01,6,84
1218,2023-06-01,11,253
1219,2023-06-01,4,76
1220,2023-06-01,25,625
1221,2023-06-01,29,261
1222,2023-06-01,46,368
1223,2023-06-01,23,184
1224,2023-06-01,15,315
1225,2023-06-01,1,14
1226,2023-06-01,8,160
1227,2023-06-01,129,1419
1228,2023-06-01,2,32
1229,2023-06-01,12,120
1230,2023-06-01,10,250
1231,2023-06-01,36,864
1232,2023-06-01,2,48
1233,2023-06-01,6,108
1234,2023-06-01,111,1221
1235,2023-06-01,6,84
1236,2023-06-01,9,207
1237,2023-06-01,4,100
1238,2023-06-01,3,24
1239,2023-06-01,12,108
1240,2023-06-01,5,55
1241,2023-06-01,9,135
1242,2023-06-01,20,460
1243,2023-06-01,2,46
1244,2023-06-01,10,130
1245,2023-06-01,9,108
1246,2023-06-01,8,104
1247,2023-06-01,2,40
1248,2023-06-01,15,270
1249,2023-06-01,2,20
1250,2023-06-01,17,306
1251,2023-06-01,5,40
1252,2023-06-01,8,152
1253,2023-06-01,5,65
1254,2023-06-01,8,96
1255,2023-06-01,8,112
1256,2023-06-01,11,220
1257,2023-06-01,3,39
1258,2023-06-01,41,943
1002,2023-07-01,5,125
1004,2023-07-01,2,20
1005,2023-07-01,44,528
1006,2023-07-01,4,40
1007,2023-07-01,24,408
1008,2023-07-01,36,576
1009,2023-07-01,30,720
1010,2023-07-01,6,84
1011,2023-07-01,22,176
1012,2023-07-01,60,900
1013,2023-07-01,93,2046
1014,2023-07-01,23,483
1015,2023-07-01,47,1034
1016,2023-07-01,5,115
1017,2023-07-01,11,176
1018,2023-07-01,4,92
1020,2023-07-01,9,225
1021,2023-07-01,2,46
1022,2023-07-01,3,57
1023,2023-07-01,19,247
1024,2023-07-01,5,95
1025,2023-07-01,26,286
1026,2023-07-01,216,5400
1027,2023-07-01,29,493
1028,2023-07-01,9,81
1029,2023-07-01,5,125
1030,2023-07-01,7,77
1032,2023-07-01,3,72
1033,2023-07-01,13,325
1034,2023-07-01,7,140
1035,2023-07-01,4,52
1036,2023-07-01,15,120
1037,2023-07-01,24,360
1038,2023-07-01,11,121
1039,2023-07-01,4,32
1040,2023-07-01,26,598
1041,2023-07-01,44,660
1042,2023-07-01,17,170
1043,2023-07-01,28,252
1044,2023-07-01,5,50
1045,2023-07-01,41,738
1046,2023-07-01,9,189
1047,2023-07-01,5,85
1048,2023-07-01,11,253
1051,2023-07-01,11,99
1052,2023-07-01,16,336
1053,2023-07-01,56,1176
1054,2023-07-01,47,893
1055,2023-07-01,6,84
1056,2023-07-01,16,256
1057,2023-07-01,5,75
1059,2023-07-01,207,4140
1060,2023-07-01,14,280
1061,2023-07-01,10,200
1062,2023-07-01,44,748
1063,2023-07-01,18,270
1064,2023-07-01,209,2717
1065,2023-07-01,6,84
1066,2023-07-01,4,100
1067,2023-07-01,7,161
1068,2023-07-01,6,96
1069,2023-07-01,9,225
1070,2023-07-01,22,198
1071,2023-07-01,7,154
1072,2023-07-01,3,36
1073,2023-07-01,13,221
1075,2023-07-01,6,114
1076,2023-07-01,61,1037
1077,2023-07-01,7,112
1078,2023-07-01,21,294
1079,2023-07-01,17,306
1080,2023-07-01,6,90
1081,2023-07-01,1,20
1082,2023-07-01,20,420
1083,2023-07-01,17,323
1084,2023-07-01,8,112
1085,2023-07-01,9,90
1086,2023-07-01,3,51
1087,2023-07-01,16,208
1088,2023-07-01,13,143
1089,2023-07-01,36,468
1090,2023-07-01,6,90
1091,2023-07-01,7,119
1092,2023-07-01,4,36
1093,2023-07-01,105,1890
1094,2023-07-01,64,896
1095,2023-07-01,31,527
1096,2023-07-01,7,119
1097,2023-07-01,21,441
1098,2023-07-01,17,289
1099,2023-07-01,7,77
1100,2023-07-01,4,76
1101,2023-07-01,12,96
1102,2023-07-01,7,168
1103,2023-07-01,23,184
1105,2023-07-01,3,42
1106,2023-07-01,3,45
1107,2023-07-01,9,81
1108,2023-07-01,14,252
1109,2023-07-01,37,407
1110,2023-07-01,10,110
1111,2023-07-01,5,100
1112,2023-07-01,9,90
1113,2023-07-01,204,2040
1114,2023-07-01,4,48
1115,2023-07-01,183,4575
1116,2023-07-01,6,108
1117,2023-07-01,5,120
1118,2023-07-01,27,432
1120,2023-07-01,3,60
1121,2023-07-01,8,88
1122,2023-07-01,48,672
1124,2023-07-01,13,247
1126,2023-07-01,9,126
1127,2023-07-01,28,644
1128,2023-07-01,6,144
1129,2023-07-01,5,80
1130,2023-07-01,11,253
1131,2023-07-01,6,78
1132,2023-07-01,0,0
1133,2023-07-01,23,575
1134,2023-07-01,32,672
1135,2023-07-01,5,90
1136,2023-07-01,30,450
1137,2023-07-01,2,38
1138,2023-07-01,5,70
1139,2023-07-01,6,66
1140,2023-07-01,32,416
1141,2023-07-01,31,558
1142,2023-07-01,9,198
1143,2023-07-01,146,1752
1144,2023-07-01,17,255
1145,2023-07-01,6,72
1146,2023-07-01,7,63
1147,2023-07-01,19,247
1148,2023-07-01,7,63
1149,2023-07-01,5,90
1150,2023-07-01,33,660
1151,2023-07-01,22,330
1152,2023-07-01,13,208
1153,2023-07-01,8,80
1154,2023-07-01,41,984
1155,2023-07-01,1,19
1156,2023-07-01,4,72
1157,2023-07-01,89,1602
1158,2023-07-01,7,77
1159,2023-07-01,3,42
1160,2023-07-01,11,198
1161,2023-07-01,1,23
1162,2023-07-01,5,105
1163,2023-07-01,22,176
1164,2023-07-01,2,22
1166,2023-07-01,8,64
1167,2023-07-01,8,192
1168,2023-07-01,11,176
1169,2023-07-01,10,190
1170,2023-07-01,15,210
1171,2023-07-01,27,270
1172,2023-07-01,33,429
1173,2023-07-01,3,33
1174,2023-07-01,14,308
1175,2023-07-01,26,572
1176,2023-07-01,3,39
1177,2023-07-01,7,84
1178,2023-07-01,2,44
1179,2023-07-01,14,112
1181,2023-07-01,14,294
1182,2023-07-01,3,48
1183,2023-07-01,5,40
1184,2023-07-01,11,99
1185,2023-07-01,26,208
1186,2023-07-01,32,544
1187,2023-07-01,109,1526
1188,2023-07-01,11,88
1189,2023-07-01,34,680
1190,2023-07-01,48,576
1191,2023-07-01,8,200
1192,2023-07-01,32,352
1193,2023-07-01,71,1278
1194,2023-07-01,21,189
1195,2023-07-01,17,272
1196,2023-07-01,23,299
1197,2023-07-01,4,88
1198,2023-07-01,27,216
1199,2023-07-01,37,444
1200,2023-07-01,147,1176
1201,2023-07-01,83,1992
1202,2023-07-01,6,72
1203,2023-07-01,152,3800
1204,2023-07-01,2,36
1205,2023-07-01,8,104
1207,2023-07-01,19,247
1208,2023-07-01,22,550
1209,2023-07-01,14,210
1210,2023-07-01,2,50
1211,2023-07-01,12,216
1212,2023-07-01,31,465
1213,2023-07-01,117,1989
1214,2023-07-01,6,60
1215,2023-07-01,6,66
1216,2023-07-01,6,144
1218,2023-07-01,11,275
1219,2023-07-01,5,105
1220,2023-07-01,24,504
1221,2023-07-01,32,544
1222,2023-07-01,42,462
1223,2023-07-01,23,460
1224,2023-07-01,19,247
1225,2023-07-01,1,25
1226,2023-07-01,7,91
1227,2023-07-01,151,3322
1228,2023-07-01,2,28
1229,2023-07-01,12,216
1230,2023-07-01,9,117
1231,2023-07-01,42,966
1232,2023-07-01,2,44
1233,2023-07-01,5,125
1234,2023-07-01,81,1296
1235,2023-07-01,6,144
1236,2023-07-01,8,192
1237,2023-07-01,4,36
1238,2023-07-01,4,40
1239,2023-07-01,13,130
1240,2023-07-01,4,40
1241,2023-07-01,9,126
1242,2023-07-01,23,391
1243,2023-07-01,2,34
1244,2023-07-01,11,198
1245,2023-07-01,10,140
1246,2023-07-01,6,60
1247,2023-07-01,2,42
1248,2023-07-01,18,432
1249,2023-07-01,2,16
1250,2023-07-01,15,150
1251,2023-07-01,5,125
1252,2023-07-01,7,147
1253,2023-07-01,4,40
1254,2023-07-01,7,63
1255,2023-07-01,8,112
1256,2023-07-01,11,264
1257,2023-07-01,3,42
1258,2023-07-01,42,336
1259,2023-07-01,264,4752
1260,2023-07-01,2,22
1261,2023-07-01,190,1520
1262,2023-07-01,184,4600
1263,2023-07-01,6,96
1264,2023-07-01,37,851
1265,2023-07-01,9,153
1266,2023-07-01,62,682
1267,2023-07-01,9,225
1268,2023-07-01,218,2180
1269,2023-07-01,20,380
1270,2023-07-01,132,1188
1271,2023-07-01,11,121
1272,2023-07-01,131,3275
1273,2023-07-01,9,180
1274,2023-07-01,112,1120
1275,2023-07-01,77,1078
1276,2023-07-01,9,189
1277,2023-07-01,11,187
1278,2023-07-01,7,63
1279,2023-07-01,5,75
1280,2023-07-01,2,32
1281,2023-07-01,30,600
1282,2023-07-01,8,184
1283,2023-07-01,11,121
1284,2023-07-01,195,1755
1285,2023-07-01,67,1608
1286,2023-07-01,6,114
1287,2023-07-01,130,2730
1288,2023-07-01,3,54
1289,2023-07-01,12,252
1290,2023-07-01,5,85
1291,2023-07-01,151,1812
1292,2023-07-01,6,66
1293,2023-07-01,31,713
1294,2023-07-01,26,286
1295,2023-07-01,5,95
1296,2023-07-01,13,182
1297,2023-07-01,3,66
1298,2023-07-01,4,92
1299,2023-07-01,10,200
1300,2023-07-01,4,52
1301,2023-07-01,6,60
1002,2023-08-01,4,60
1004,2023-08-01,2,26
1005,2023-08-01,32,512
1006,2023-08-01,3,57
1007,2023-08-01,17,272
1008,2023-08-01,31,403
1009,2023-08-01,27,513
1010,2023-08-01,8,64
1011,2023-08-01,25,375
1012,2023-08-01,54,1080
1013,2023-08-01,73,949
1014,2023-08-01,21,168
1015,2023-08-01,46,414
1016,2023-08-01,6,60
1017,2023-08-01,9,198
1018,2023-08-01,5,65
1020,2023-08-01,6,126
1021,2023-08-01,2,36
1022,2023-08-01,3,51
1023,2023-08-01,18,252
1024,2023-08-01,5,55
1025,2023-08-01,22,484
1026,2023-08-01,162,1296
1027,2023-08-01,31,341
1028,2023-08-01,9,144
1029,2023-08-01,4,64
1030,2023-08-01,9,153
1033,2023-08-01,13,143
1034,2023-08-01,10,90
1035,2023-08-01,4,80
1036,2023-08-01,15,330
1037,2023-08-01,20,320
1038,2023-08-01,13,312
1039,2023-08-01,4,80
1040,2023-08-01,35,560
1041,2023-08-01,37,666
1042,2023-08-01,16,176
1043,2023-08-01,39,975
1044,2023-08-01,4,100
1045,2023-08-01,51,663
1046,2023-08-01,12,132
1047,2023-08-01,6,114
1048,2023-08-01,13,117
1051,2023-08-01,8,184
1052,2023-08-01,18,360
1053,2023-08-01,62,868
1054,2023-08-01,49,735
1055,2023-08-01,5,45
1056,2023-08-01,13,104
1057,2023-08-01,4,64
1059,2023-08-01,185,2220
1060,2023-08-01,12,144
1061,2023-08-01,11,110
1062,2023-08-01,50,400
1063,2023-08-01,20,500
1064,2023-08-01,166,2822
1065,2023-08-01,7,70
1066,2023-08-01,3,63
1067,2023-08-01,7,91
1068,2023-08-01,6,120
1069,2023-08-01,7,147
1070,2023-08-01,25,300
1071,2023-08-01,6,102
1072,2023-08-01,5,90
1073,2023-08-01,12,96
1075,2023-08-01,6,54
1076,2023-08-01,54,810
1077,2023-08-01,6,102
1078,2023-08-01,25,625
1079,2023-08-01,17,306
1080,2023-08-01,5,80
1081,2023-08-01,1,25
1082,2023-08-01,15,360
1083,2023-08-01,16,160
1084,2023-08-01,7,161
1085,2023-08-01,10,120
1086,2023-08-01,3,42
1088,2023-08-01,13,221
1089,2023-08-01,50,950
1090,2023-08-01,5,100
1091,2023-08-01,6,132
1092,2023-08-01,4,52
1093,2023-08-01,121,2299
1094,2023-08-01,70,910
1095,2023-08-01,32,288
1096,2023-08-01,7,168
1097,2023-08-01,18,180
1098,2023-08-01,16,368
1099,2023-08-01,9,144
1100,2023-08-01,4,92
1101,2023-08-01,10,250
1102,2023-08-01,7,56
1103,2023-08-01,19,342
1105,2023-08-01,4,52
1106,2023-08-01,2,24
1107,2023-08-01,10,110
1108,2023-08-01,15,300
1109,2023-08-01,40,520
1110,2023-08-01,12,180
1111,2023-08-01,5,65
1112,2023-08-01,7,140
1113,2023-08-01,175,4375
1114,2023-08-01,3,36
1115,2023-08-01,193,2123
1116,2023-08-01,8,64
1117,2023-08-01,6,48
1118,2023-08-01,28,392
1120,2023-08-01,3,45
1121,2023-08-01,8,104
1122,2023-08-01,42,924
1124,2023-08-01,11,143
1126,2023-08-01,9,216
1127,2023-08-01,27,675
1128,2023-08-01,11,220
1129,2023-08-01,6,150
1130,2023-08-01,10,80
1131,2023-08-01,7,140
1132,2023-08-01,1,22
1133,2023-08-01,18,396
1134,2023-08-01,43,989
1135,2023-08-01,5,120
1137,2023-08-01,3,39
1138,2023-08-01,4,100
1139,2023-08-01,5,125
1140,2023-08-01,29,609
1141,2023-08-01,30,240
1142,2023-08-01,9,81
1143,2023-08-01,173,3287
1144,2023-08-01,19,247
1145,2023-08-01,5,50
1146,2023-08-01,8,72
1147,2023-08-01,25,575
1148,2023-08-01,7,91
1149,2023-08-01,5,90
1150,2023-08-01,28,252
1151,2023-08-01,22,484
1152,2023-08-01,12,264
1153,2023-08-01,9,135
1154,2023-08-01,37,518
1155,2023-08-01,2,36
1156,2023-08-01,3,33
1157,2023-08-01,54,1080
1158,2023-08-01,8,72
1159,2023-08-01,3,75
1160,2023-08-01,12,216
1161,2023-08-01,1,22
1162,2023-08-01,6,78
1163,2023-08-01,26,260
1164,2023-08-01,2,44
1166,2023-08-01,9,135
1167,2023-08-01,6,138
1168,2023-08-01,13,325
1169,2023-08-01,12,144
1170,2023-08-01,12,180
1171,2023-08-01,28,644
1172,2023-08-01,34,306
1173,2023-08-01,2,50
1174,2023-08-01,14,294
1175,2023-08-01,26,390
1176,2023-08-01,5,55
1177,2023-08-01,10,140
1178,2023-08-01,2,46
1179,2023-08-01,12,204
1181,2023-08-01,12,132
1182,2023-08-01,3,39
1183,2023-08-01,5,80
1184,2023-08-01,11,176
1185,2023-08-01,28,700
1186,2023-08-01,32,672
1187,2023-08-01,98,1176
1188,2023-08-01,12,156
1189,2023-08-01,39,819
1190,2023-08-01,55,440
1191,2023-08-01,9,72
1192,2023-08-01,21,462
1193,2023-08-01,63,1071
1194,2023-08-01,24,336
1195,2023-08-01,18,396
1196,2023-08-01,19,304
1197,2023-08-01,6,66
1198,2023-08-01,26,546
1199,2023-08-01,28,476
1200,2023-08-01,169,1521
1201,2023-08-01,70,840
1202,2023-08-01,5,75
1203,2023-08-01,137,2192
1204,2023-08-01,2,22
1205,2023-08-01,8,128
1207,2023-08-01,18,144
1208,2023-08-01,21,336
1209,2023-08-01,16,128
1210,2023-08-01,2,30
1211,2023-08-01,12,264
1212,2023-08-01,27,675
1213,2023-08-01,95,2090
1214,2023-08-01,5,60
1215,2023-08-01,5,60
1216,2023-08-01,6,126
1218,2023-08-01,12,144
1219,2023-08-01,5,90
1220,2023-08-01,27,540
1221,2023-08-01,36,756
1222,2023-08-01,37,851
1223,2023-08-01,30,720
1224,2023-08-01,20,220
1225,2023-08-01,1,24
1226,2023-08-01,7,168
1227,2023-08-01,109,1526
1228,2023-08-01,2,34
1229,2023-08-01,12,264
1230,2023-08-01,8,104
1231,2023-08-01,32,768
1232,2023-08-01,2,40
1233,2023-08-01,6,90
1234,2023-08-01,96,768
1235,2023-08-01,7,168
1236,2023-08-01,9,144
1237,2023-08-01,2,38
1238,2023-08-01,4,60
1239,2023-08-01,11,88
1240,2023-08-01,5,125
1241,2023-08-01,12,192
1242,2023-08-01,26,286
1243,2023-08-01,2,22
1244,2023-08-01,13,117
1245,2023-08-01,10,210
1246,2023-08-01,5,80
1247,2023-08-01,2,18
1249,2023-08-01,2,26
1250,2023-08-01,13,156
1251,2023-08-01,5,105
1252,2023-08-01,7,56
1253,2023-08-01,5,115
1254,2023-08-01,9,108
1255,2023-08-01,8,96
1256,2023-08-01,9,225
1257,2023-08-01,2,28
1258,2023-08-01,36,900
1259,2023-08-01,238,3332
1260,2023-08-01,3,27
1261,2023-08-01,179,2864
1262,2023-08-01,254,4064
1263,2023-08-01,8,120
1264,2023-08-01,39,507
1265,2023-08-01,7,147
1266,2023-08-01,57,741
1267,2023-08-01,7,133
1268,2023-08-01,205,5125
1269,2023-08-01,22,330
1270,2023-08-01,127,2032
1271,2023-08-01,13,130
1272,2023-08-01,112,1792
1273,2023-08-01,8,160
1274,2023-08-01,151,1812
1275,2023-08-01,65,1170
1276,2023-08-01,11,99
1277,2023-08-01,11,99
1278,2023-08-01,6,144
1279,2023-08-01,6,84
1280,2023-08-01,3,39
1281,2023-08-01,25,500
1282,2023-08-01,9,117
1283,2023-08-01,12,192
1284,2023-08-01,209,2717
1285,2023-08-01,71,710
1286,2023-08-01,6,78
1287,2023-08-01,114,1254
1288,2023-08-01,4,56
1289,2023-08-01,9,126
1290,2023-08-01,6,60
1291,2023-08-01,160,3680
1292,2023-08-01,8,184
1293,2023-08-01,26,468
1294,2023-08-01,27,459
1295,2023-08-01,5,125
1296,2023-08-01,10,80
1297,2023-08-01,3,54
1298,2023-08-01,3,24
1299,2023-08-01,9,189
1300,2023-08-01,5,110
1301,2023-08-01,6,120
1302,2023-08-01,13,130
1303,2023-08-01,3,45
1304,2023-08-01,26,572
1305,2023-08-01,5,55
1306,2023-08-01,4,92
1307,2023-08-01,9,216
1308,2023-08-01,8,144
1309,2023-08-01,19,190
1310,2023-08-01,13,169
1311,2023-08-01,2,44
1312,2023-08-01,11,275
1313,2023-08-01,16,208
1314,2023-08-01,9,171
1315,2023-08-01,14,336
1316,2023-08-01,5,50
1317,2023-08-01,8,192
1318,2023-08-01,34,306
1319,2023-08-01,5,40
1320,2023-08-01,15,165
1321,2023-08-01,6,48
1322,2023-08-01,143,2860
1323,2023-08-01,8,64
1324,2023-08-01,9,153
1325,2023-08-01,36,756
1326,2023-08-01,5,60
1327,2023-08-01,130,2210
1328,2023-08-01,6,78
1329,2023-08-01,41,861
1330,2023-08-01,6,72
1331,2023-08-01,15,255
1332,2023-08-01,3,27
1333,2023-08-01,21,294
1334,2023-08-01,32,800
1335,2023-08-01,11,220
1336,2023-08-01,9,180
1337,2023-08-01,210,3150
1338,2023-08-01,14,140
1339,2023-08-01,32,416
1340,2023-08-01,22,220
1341,2023-08-01,21,441
1342,2023-08-01,27,621
1343,2023-08-01,18,198
1344,2023-08-01,10,80
1345,2023-08-01,4,32
1346,2023-08-01,62,1364
1347,2023-08-01,3,30
1348,2023-08-01,4,32
1002,2023-09-01,5,65
1004,2023-09-01,2,48
1005,2023-09-01,38,950
1006,2023-09-01,4,56
1007,2023-09-01,19,304
1008,2023-09-01,30,360
1009,2023-09-01,31,372
1010,2023-09-01,7,168
1011,2023-09-01,26,468
1012,2023-09-01,51,510
1013,2023-09-01,108,1728
1014,2023-09-01,25,625
1015,2023-09-01,53,530
1016,2023-09-01,7,140
1017,2023-09-01,10,90
1018,2023-09-01,4,32
1020,2023-09-01,5,85
1021,2023-09-01,2,40
1022,2023-09-01,4,64
1023,2023-09-01,17,170
1024,2023-09-01,5,95
1025,2023-09-01,23,184
1026,2023-09-01,185,3330
1027,2023-09-01,15,255
1028,2023-09-01,10,80
1029,2023-09-01,3,69
1030,2023-09-01,10,180
1033,2023-09-01,12,180
1034,2023-09-01,11,143
1035,2023-09-01,2,30
1036,2023-09-01,19,266
1037,2023-09-01,21,357
1038,2023-09-01,14,238
1039,2023-09-01,4,76
1040,2023-09-01,37,740
1041,2023-09-01,31,713
1042,2023-09-01,15,330
1043,2023-09-01,39,858
1044,2023-09-01,3,45
1045,2023-09-01,47,470
1046,2023-09-01,12,228
1047,2023-09-01,7,84
1048,2023-09-01,12,120
1051,2023-09-01,7,70
1052,2023-09-01,18,450
1053,2023-09-01,52,1300
1054,2023-09-01,43,860
1055,2023-09-01,5,50
1056,2023-09-01,16,352
1057,2023-09-01,4,36
1059,2023-09-01,173,2076
1060,2023-09-01,18,252
1061,2023-09-01,10,110
1062,2023-09-01,44,528
1063,2023-09-01,20,240
1064,2023-09-01,204,1836
1065,2023-09-01,7,77
1066,2023-09-01,4,84
1067,2023-09-01,6,114
1068,2023-09-01,4,96
1069,2023-09-01,9,180
1070,2023-09-01,21,441
1071,2023-09-01,7,154
1072,2023-09-01,5,70
1073,2023-09-01,12,96
1075,2023-09-01,5,125
1076,2023-09-01,60,1440
1077,2023-09-01,7,98
1078,2023-09-01,22,242
1079,2023-09-01,20,280
1080,2023-09-01,5,50
1081,2023-09-01,2,42
1082,2023-09-01,11,99
1084,2023-09-01,9,81
1085,2023-09-01,8,144
1086,2023-09-01,2,22
1088,2023-09-01,12,132
1089,2023-09-01,64,512
1090,2023-09-01,7,154
1091,2023-09-01,8,112
1092,2023-09-01,6,120
1093,2023-09-01,169,1690
1094,2023-09-01,72,1512
1095,2023-09-01,35,805
1096,2023-09-01,8,72
1097,2023-09-01,24,528
1098,2023-09-01,14,224
1099,2023-09-01,7,112
1100,2023-09-01,5,80
1101,2023-09-01,12,96
1102,2023-09-01,6,78
1103,2023-09-01,25,300
1105,2023-09-01,4,64
1106,2023-09-01,3,33
1107,2023-09-01,10,80
1108,2023-09-01,15,345
1109,2023-09-01,33,330
1110,2023-09-01,11,198
1111,2023-09-01,5,115
1112,2023-09-01,6,138
1113,2023-09-01,139,1390
1114,2023-09-01,5,100
1115,2023-09-01,195,3510
1116,2023-09-01,8,112
1117,2023-09-01,4,72
1118,2023-09-01,23,184
1120,2023-09-01,4,76
1121,2023-09-01,8,96
1122,2023-09-01,39,663
1124,2023-09-01,12,240
1126,2023-09-01,10,120
1127,2023-09-01,28,700
1128,2023-09-01,8,72
1129,2023-09-01,3,51
1130,2023-09-01,8,64
1131,2023-09-01,6,132
1133,2023-09-01,25,250
1134,2023-09-01,45,900
1135,2023-09-01,4,68
1137,2023-09-01,3,45
1138,2023-09-01,3,30
1139,2023-09-01,4,80
1140,2023-09-01,27,405
1141,2023-09-01,28,420
1142,2023-09-01,8,168
1143,2023-09-01,124,2108
1144,2023-09-01,18,252
1145,2023-09-01,6,72
1146,2023-09-01,11,176
1147,2023-09-01,19,209
1148,2023-09-01,8,192
1149,2023-09-01,6,150
1150,2023-09-01,25,475
1151,2023-09-01,33,627
1152,2023-09-01,13,104
1153,2023-09-01,8,72
1154,2023-09-01,41,779
1155,2023-09-01,1,11
1156,2023-09-01,3,66
1157,2023-09-01,58,1392
1158,2023-09-01,6,150
1159,2023-09-01,4,84
1160,2023-09-01,11,264
1161,2023-09-01,1,23
1162,2023-09-01,6,84
1163,2023-09-01,22,528
1164,2023-09-01,3,66
1166,2023-09-01,7,161
1167,2023-09-01,5,110
1168,2023-09-01,15,315
1169,2023-09-01,12,240
1170,2023-09-01,12,204
1171,2023-09-01,31,248
1172,2023-09-01,35,385
1173,2023-09-01,1,20
1174,2023-09-01,17,238
1175,2023-09-01,31,310
1177,2023-09-01,8,144
1178,2023-09-01,2,36
1179,2023-09-01,13,312
1181,2023-09-01,11,99
1182,2023-09-01,7,91
1183,2023-09-01,7,154
1184,2023-09-01,10,100
1185,2023-09-01,25,425
1186,2023-09-01,35,525
1187,2023-09-01,76,836
1188,2023-09-01,11,209
1189,2023-09-01,41,574
1191,2023-09-01,9,189
1192,2023-09-01,26,364
1193,2023-09-01,58,638
1194,2023-09-01,22,308
1195,2023-09-01,15,120
1196,2023-09-01,16,384
1197,2023-09-01,4,44
1198,2023-09-01,44,616
1199,2023-09-01,30,660
1200,2023-09-01,202,2828
1201,2023-09-01,74,1184
1202,2023-09-01,5,85
1203,2023-09-01,124,1736
1204,2023-09-01,2,24
1205,2023-09-01,8,80
1207,2023-09-01,21,315
1208,2023-09-01,26,520
1209,2023-09-01,14,266
1210,2023-09-01,3,57
1211,2023-09-01,17,170
1212,2023-09-01,28,532
1213,2023-09-01,127,2794
1214,2023-09-01,4,60
1215,2023-09-01,6,96
1216,2023-09-01,6,114
1218,2023-09-01,14,238
1219,2023-09-01,4,68
1220,2023-09-01,19,228
1221,2023-09-01,29,522
1222,2023-09-01,41,410
1223,2023-09-01,23,253
1224,2023-09-01,18,396
1225,2023-09-01,2,48
1226,2023-09-01,7,70
1227,2023-09-01,88,968
1229,2023-09-01,13,260
1231,2023-09-01,41,1025
1232,2023-09-01,2,40
1233,2023-09-01,6,60
1234,2023-09-01,101,1212
1235,2023-09-01,7,140
1236,2023-09-01,8,200
1237,2023-09-01,2,40
1238,2023-09-01,5,110
1239,2023-09-01,10,80
1240,2023-09-01,6,90
1241,2023-09-01,9,144
1242,2023-09-01,23,299
1243,2023-09-01,1,20
1244,2023-09-01,11,99
1245,2023-09-01,10,210
1246,2023-09-01,7,168
1247,2023-09-01,2,26
1249,2023-09-01,2,46
1250,2023-09-01,14,294
1251,2023-09-01,5,90
1252,2023-09-01,5,65
1253,2023-09-01,4,36
1254,2023-09-01,9,72
1255,2023-09-01,8,168
1256,2023-09-01,9,144
1257,2023-09-01,2,28
1258,2023-09-01,42,546
1259,2023-09-01,281,2248
1260,2023-09-01,2,36
1261,2023-09-01,193,3860
1262,2023-09-01,182,2184
1263,2023-09-01,7,119
1264,2023-09-01,37,703
1265,2023-09-01,11,209
1266,2023-09-01,81,972
1267,2023-09-01,9,225
1268,2023-09-01,148,3552
1269,2023-09-01,20,160
1270,2023-09-01,120,1680
1271,2023-09-01,12,216
1272,2023-09-01,144,2592
1273,2023-09-01,9,135
1274,2023-09-01,120,3000
1275,2023-09-01,82,656
1276,2023-09-01,11,209
1277,2023-09-01,9,180
1278,2023-09-01,7,119
1279,2023-09-01,5,60
1281,2023-09-01,28,532
1282,2023-09-01,11,88
1283,2023-09-01,13,156
1284,2023-09-01,220,4180
1285,2023-09-01,90,720
1286,2023-09-01,6,120
1287,2023-09-01,129,1290
1288,2023-09-01,4,32
1289,2023-09-01,14,322
1291,2023-09-01,130,3250
1292,2023-09-01,6,144
1293,2023-09-01,26,546
1294,2023-09-01,32,736
1295,2023-09-01,4,76
1296,2023-09-01,11,275
1297,2023-09-01,3,66
1298,2023-09-01,2,48
1299,2023-09-01,6,84
1301,2023-09-01,5,80
1302,2023-09-01,10,110
1303,2023-09-01,4,80
1304,2023-09-01,29,638
1305,2023-09-01,6,150
1306,2023-09-01,4,44
1307,2023-09-01,8,64
1308,2023-09-01,8,160
1309,2023-09-01,22,396
1310,2023-09-01,16,336
1311,2023-09-01,2,40
1312,2023-09-01,11,110
1313,2023-09-01,16,160
1314,2023-09-01,11,264
1315,2023-09-01,8,72
1316,2023-09-01,5,90
1317,2023-09-01,7,91
1318,2023-09-01,35,385
1319,2023-09-01,4,68
1320,2023-09-01,14,252
1321,2023-09-01,6,66
1322,2023-09-01,138,2898
1323,2023-09-01,8,104
1324,2023-09-01,10,180
1325,2023-09-01,31,744
1326,2023-09-01,5,90
1327,2023-09-01,148,2072
1328,2023-09-01,6,96
1329,2023-09-01,42,966
1330,2023-09-01,6,102
1331,2023-09-01,12,180
1332,2023-09-01,2,46
1333,2023-09-01,31,279
1334,2023-09-01,34,748
1335,2023-09-01,11,176
1336,2023-09-01,9,225
1337,2023-09-01,244,3660
1338,2023-09-01,21,357
1339,2023-09-01,33,726
1340,2023-09-01,24,264
1341,2023-09-01,24,528
1342,2023-09-01,24,360
1343,2023-09-01,15,165
1344,2023-09-01,9,207
1345,2023-09-01,3,24
1346,2023-09-01,68,816
1347,2023-09-01,4,72
1348,2023-09-01,4,44
1349,2023-09-01,4,44
1350,2023-09-01,39,312
1351,2023-09-01,9,198
1352,2023-09-01,38,912
1353,2023-09-01,6,102
1354,2023-09-01,4,52
1355,2023-09-01,41,820
1356,2023-09-01,5,45
1357,2023-09-01,5,40
1358,2023-09-01,160,2400
1359,2023-09-01,9,216
1360,2023-09-01,5,75
1361,2023-09-01,9,162
1362,2023-09-01,6,96
1363,2023-09-01,34,442
1364,2023-09-01,27,270
1365,2023-09-01,6,132
1366,2023-09-01,6,54
1367,2023-09-01,6,102
1368,2023-09-01,23,460
1369,2023-09-01,2,44
1370,2023-09-01,4,88
1371,2023-09-01,10,220
1372,2023-09-01,56,560
1373,2023-09-01,99,1683
1374,2023-09-01,7,161
1375,2023-09-01,106,2226
1376,2023-09-01,5,65
1377,2023-09-01,3,27
1378,2023-09-01,156,2340
1379,2023-09-01,11,187
1380,2023-09-01,4,68
1381,2023-09-01,8,184
1382,2023-09-01,7,84
1383,2023-09-01,6,114
1384,2023-09-01,17,391
1385,2023-09-01,3,42
1386,2023-09-01,17,204
1387,2023-09-01,38,418
1388,2023-09-01,21,525
1389,2023-09-01,26,598
1390,2023-09-01,11,220
1391,2023-09-01,14,294
1392,2023-09-01,7,133
1393,2023-09-01,23,368
1394,2023-09-01,20,440
1395,2023-09-01,8,176
1002,2023-10-01,5,60
1004,2023-10-01,3,39
1005,2023-10-01,41,861
1006,2023-10-01,4,64
1007,2023-10-01,18,144
1008,2023-10-01,23,230
1009,2023-10-01,30,600
1010,2023-10-01,7,77
1011,2023-10-01,25,300
1012,2023-10-01,43,946
1013,2023-10-01,31,620
1014,2023-10-01,24,360
1015,2023-10-01,46,506
1016,2023-10-01,6,96
1017,2023-10-01,7,105
1018,2023-10-01,4,36
1020,2023-10-01,5,45
1022,2023-10-01,3,45
1023,2023-10-01,16,128
1024,2023-10-01,5,110
1025,2023-10-01,28,532
1026,2023-10-01,209,3344
1027,2023-10-01,21,525
1028,2023-10-01,8,176
1029,2023-10-01,2,22
1030,2023-10-01,10,100
1033,2023-10-01,9,126
1034,2023-10-01,8,176
1035,2023-10-01,2,20
1036,2023-10-01,17,340
1037,2023-10-01,24,384
1038,2023-10-01,12,180
1039,2023-10-01,4,80
1040,2023-10-01,34,782
1041,2023-10-01,38,722
1042,2023-10-01,17,374
1043,2023-10-01,44,968
1044,2023-10-01,4,32
1045,2023-10-01,45,585
1046,2023-10-01,14,266
1047,2023-10-01,6,48
1048,2023-10-01,14,294
1051,2023-10-01,9,180
1052,2023-10-01,14,266
1053,2023-10-01,57,912
1054,2023-10-01,38,836
1055,2023-10-01,5,40
1056,2023-10-01,18,324
1057,2023-10-01,4,64
1059,2023-10-01,154,1232
1060,2023-10-01,19,209
1061,2023-10-01,10,240
1062,2023-10-01,32,256
1063,2023-10-01,19,228
1064,2023-10-01,106,1908
1065,2023-10-01,7,105
1066,2023-10-01,4,60
1067,2023-10-01,11,99
1069,2023-10-01,7,84
1070,2023-10-01,18,144
1071,2023-10-01,7,77
1072,2023-10-01,5,80
1073,2023-10-01,12,108
1075,2023-10-01,5,115
1076,2023-10-01,65,715
1077,2023-10-01,7,91
1078,2023-10-01,26,468
1079,2023-10-01,22,506
1080,2023-10-01,5,50
1081,2023-10-01,2,16
1082,2023-10-01,10,180
1084,2023-10-01,6,126
1085,2023-10-01,9,198
1086,2023-10-01,1,8
1088,2023-10-01,12,168
1089,2023-10-01,50,550
1090,2023-10-01,7,84
1091,2023-10-01,7,91
1092,2023-10-01,5,125
1093,2023-10-01,121,3025
1094,2023-10-01,81,1296
1095,2023-10-01,37,592
1096,2023-10-01,8,80
1097,2023-10-01,25,525
1098,2023-10-01,14,196
1099,2023-10-01,9,171
1100,2023-10-01,4,52
1101,2023-10-01,13,208
1102,2023-10-01,4,36
1103,2023-10-01,25,500
1105,2023-10-01,5,90
1107,2023-10-01,12,144
1108,2023-10-01,14,322
1109,2023-10-01,44,660
1110,2023-10-01,12,156
1111,2023-10-01,5,95
1112,2023-10-01,6,48
1113,2023-10-01,101,909
1114,2023-10-01,5,45
1115,2023-10-01,166,2656
1116,2023-10-01,8,88
1117,2023-10-01,4,88
1118,2023-10-01,26,234
1120,2023-10-01,4,48
1121,2023-10-01,5,85
1122,2023-10-01,44,440
1124,2023-10-01,12,192
1126,2023-10-01,10,240
1127,2023-10-01,33,759
1128,2023-10-01,10,230
1129,2023-10-01,3,66
1130,2023-10-01,9,81
1131,2023-10-01,6,84
1133,2023-10-01,26,260
1134,2023-10-01,47,1175
1135,2023-10-01,4,32
1137,2023-10-01,3,39
1138,2023-10-01,5,65
1139,2023-10-01,3,69
1140,2023-10-01,33,264
1141,2023-10-01,28,532
1142,2023-10-01,10,220
1143,2023-10-01,98,1274
1144,2023-10-01,16,240
1145,2023-10-01,6,132
1146,2023-10-01,10,130
1147,2023-10-01,19,304
1148,2023-10-01,8,120
1149,2023-10-01,8,80
1150,2023-10-01,36,504
1151,2023-10-01,36,864
1152,2023-10-01,11,187
1153,2023-10-01,8,136
1154,2023-10-01,43,1032
1155,2023-10-01,2,24
1156,2023-10-01,3,72
1157,2023-10-01,65,845
1158,2023-10-01,7,119
1159,2023-10-01,4,52
1160,2023-10-01,10,160
1161,2023-10-01,1,24
1162,2023-10-01,5,55
1163,2023-10-01,25,475
1164,2023-10-01,3,30
1166,2023-10-01,7,70
1167,2023-10-01,5,120
1168,2023-10-01,12,240
1169,2023-10-01,11,99
1170,2023-10-01,11,198
1171,2023-10-01,33,396
1172,2023-10-01,33,363
1173,2023-10-01,2,22
1174,2023-10-01,19,266
1175,2023-10-01,36,648
1177,2023-10-01,10,130
1178,2023-10-01,2,36
1179,2023-10-01,13,130
1181,2023-10-01,12,168
1182,2023-10-01,9,189
1183,2023-10-01,7,112
1184,2023-10-01,10,190
1185,2023-10-01,23,230
1186,2023-10-01,31,558
1187,2023-10-01,94,940
1188,2023-10-01,11,143
1189,2023-10-01,38,380
1191,2023-10-01,8,136
1192,2023-10-01,32,544
1193,2023-10-01,50,750
1194,2023-10-01,24,576
1195,2023-10-01,16,320
1196,2023-10-01,21,504
1197,2023-10-01,6,72
1198,2023-10-01,42,336
1199,2023-10-01,39,351
1200,2023-10-01,172,2408
1202,2023-10-01,5,40
1203,2023-10-01,118,2478
1204,2023-10-01,3,63
1205,2023-10-01,7,77
1207,2023-10-01,18,270
1208,2023-10-01,24,480
1209,2023-10-01,14,294
1210,2023-10-01,3,45
1211,2023-10-01,14,322
1212,2023-10-01,23,322
1213,2023-10-01,120,2640
1214,2023-10-01,5,55
1216,2023-10-01,6,144
1218,2023-10-01,11,154
1219,2023-10-01,6,126
1220,2023-10-01,25,625
1221,2023-10-01,29,580
1222,2023-10-01,28,252
1223,2023-10-01,33,264
1224,2023-10-01,18,450
1225,2023-10-01,1,23
1226,2023-10-01,8,152
1227,2023-10-01,82,2050
1229,2023-10-01,13,221
1231,2023-10-01,45,720
1232,2023-10-01,2,40
1233,2023-10-01,7,119
1234,2023-10-01,101,909
1235,2023-10-01,6,84
1236,2023-10-01,9,126
1237,2023-10-01,2,34
1238,2023-10-01,6,60
1239,2023-10-01,9,153
1240,2023-10-01,7,77
1241,2023-10-01,7,91
1242,2023-10-01,26,234
1243,2023-10-01,1,11
1244,2023-10-01,11,99
1245,2023-10-01,9,135
1246,2023-10-01,6,144
1247,2023-10-01,3,54
1249,2023-10-01,4,88
1250,2023-10-01,15,255
1251,2023-10-01,4,80
1252,2023-10-01,6,126
1253,2023-10-01,5,115
1254,2023-10-01,9,90
1255,2023-10-01,10,190
1256,2023-10-01,10,120
1257,2023-10-01,3,48
1258,2023-10-01,48,480
1259,2023-10-01,232,5336
1260,2023-10-01,2,44
1261,2023-10-01,177,4425
1262,2023-10-01,209,4180
1263,2023-10-01,7,168
1264,2023-10-01,37,444
1265,2023-10-01,10,200
1266,2023-10-01,89,1424
1267,2023-10-01,10,140
1268,2023-10-01,100,2300
1269,2023-10-01,19,209
1270,2023-10-01,110,1320
1271,2023-10-01,12,132
1272,2023-10-01,180,4320
1273,2023-10-01,9,72
1274,2023-10-01,122,1708
1275,2023-10-01,76,1216
1276,2023-10-01,11,187
1277,2023-10-01,8,160
1278,2023-10-01,6,90
1279,2023-10-01,4,64
1281,2023-10-01,24,576
1282,2023-10-01,11,253
1284,2023-10-01,181,2715
1285,2023-10-01,89,1958
1286,2023-10-01,8,88
1287,2023-10-01,127,1651
1288,2023-10-01,5,115
1289,2023-10-01,14,238
1291,2023-10-01,154,2464
1292,2023-10-01,7,168
1293,2023-10-01,20,300
1294,2023-10-01,31,496
1295,2023-10-01,4,76
1296,2023-10-01,10,210
1297,2023-10-01,2,36
1298,2023-10-01,3,69
1299,2023-10-01,6,108
1301,2023-10-01,6,138
1302,2023-10-01,10,200
1303,2023-10-01,5,75
1304,2023-10-01,25,200
1305,2023-10-01,5,125
1306,2023-10-01,3,72
1307,2023-10-01,7,119
1308,2023-10-01,8,64
1309,2023-10-01,22,528
1310,2023-10-01,17,136
1311,2023-10-01,2,18
1312,2023-10-01,10,190
1313,2023-10-01,17,425
1314,2023-10-01,12,144
1315,2023-10-01,10,90
1316,2023-10-01,4,96
1317,2023-10-01,7,84
1318,2023-10-01,34,374
1319,2023-10-01,4,84
1320,2023-10-01,12,204
1321,2023-10-01,8,64
1322,2023-10-01,122,2196
1323,2023-10-01,7,91
1324,2023-10-01,10,150
1325,2023-10-01,37,666
1326,2023-10-01,6,138
1327,2023-10-01,159,1908
1328,2023-10-01,5,55
1329,2023-10-01,41,369
1330,2023-10-01,8,144
1331,2023-10-01,12,300
1332,2023-10-01,3,54
1333,2023-10-01,28,560
1334,2023-10-01,29,232
1335,2023-10-01,11,165
1336,2023-10-01,9,135
1337,2023-10-01,194,4074
1338,2023-10-01,20,340
1339,2023-10-01,39,780
1340,2023-10-01,22,176
1341,2023-10-01,28,672
1342,2023-10-01,22,330
1343,2023-10-01,13,260
1344,2023-10-01,9,162
1345,2023-10-01,3,60
1346,2023-10-01,42,882
1347,2023-10-01,3,72
1348,2023-10-01,5,75
1349,2023-10-01,5,80
1350,2023-10-01,44,792
1351,2023-10-01,10,190
1352,2023-10-01,34,408
1353,2023-10-01,6,132
1354,2023-10-01,3,30
1355,2023-10-01,48,1104
1356,2023-10-01,5,95
1357,2023-10-01,7,105
1358,2023-10-01,149,1341
1359,2023-10-01,9,162
1360,2023-10-01,2,30
1361,2023-10-01,8,144
1363,2023-10-01,40,520
1364,2023-10-01,20,280
1365,2023-10-01,6,54
1366,2023-10-01,7,56
1367,2023-10-01,5,90
1368,2023-10-01,21,252
1369,2023-10-01,2,28
1371,2023-10-01,9,162
1372,2023-10-01,60,780
1373,2023-10-01,87,2088
1374,2023-10-01,6,96
1375,2023-10-01,106,1166
1376,2023-10-01,6,114
1377,2023-10-01,4,100
1378,2023-10-01,176,2640
1379,2023-10-01,12,168
1380,2023-10-01,3,36
1381,2023-10-01,6,90
1382,2023-10-01,7,63
1383,2023-10-01,5,75
1384,2023-10-01,12,264
1385,2023-10-01,3,63
1386,2023-10-01,7,63
1387,2023-10-01,33,693
1388,2023-10-01,23,391
1389,2023-10-01,33,594
1390,2023-10-01,12,216
1391,2023-10-01,14,280
1392,2023-10-01,7,126
1393,2023-10-01,19,342
1394,2023-10-01,18,198
1395,2023-10-01,10,240
1396,2023-10-01,3,33
1397,2023-10-01,7,126
1398,2023-10-01,11,121
1399,2023-10-01,3,57
1400,2023-10-01,34,544
1401,2023-10-01,6,150
1402,2023-10-01,148,2812
1403,2023-10-01,14,322
1404,2023-10-01,6,84
1405,2023-10-01,108,1404
1406,2023-10-01,11,110
1407,2023-10-01,5,110
1408,2023-10-01,5,40
1409,2023-10-01,25,550
1410,2023-10-01,21,525
1411,2023-10-01,11,209
1412,2023-10-01,24,552
1413,2023-10-01,7,147
1414,2023-10-01,6,48
1415,2023-10-01,5,45
1416,2023-10-01,5,65
1417,2023-10-01,26,442
1418,2023-10-01,19,209
1419,2023-10-01,10,210
1420,2023-10-01,221,3094
1421,2023-10-01,12,252
1422,2023-10-01,23,322
1423,2023-10-01,5,45
1424,2023-10-01,16,160
1425,2023-10-01,6,132
1426,2023-10-01,8,96
1427,2023-10-01,6,138
1428,2023-10-01,95,1425
1429,2023-10-01,4,100
1430,2023-10-01,4,64
1431,2023-10-01,26,494
1432,2023-10-01,7,168
1433,2023-10-01,20,240
1434,2023-10-01,5,40
1435,2023-10-01,6,102
1436,2023-10-01,18,378
1437,2023-10-01,9,207
1438,2023-10-01,31,713
1439,2023-10-01,41,328
1440,2023-10-01,19,171
1441,2023-10-01,12,192
1442,2023-10-01,2,32
1443,2023-10-01,127,2794
1002,2023-11-01,6,114
1004,2023-11-01,3,66
1005,2023-11-01,31,465
1006,2023-11-01,4,80
1007,2023-11-01,19,228
1008,2023-11-01,22,308
1009,2023-11-01,31,682
1010,2023-11-01,7,161
1011,2023-11-01,21,462
1012,2023-11-01,48,1152
1013,2023-11-01,40,640
1015,2023-11-01,46,874
1016,2023-11-01,6,132
1017,2023-11-01,6,54
1018,2023-11-01,5,105
1020,2023-11-01,5,45
1022,2023-11-01,2,32
1023,2023-11-01,17,357
1024,2023-11-01,4,100
1025,2023-11-01,28,588
1026,2023-11-01,190,2660
1027,2023-11-01,21,378
1028,2023-11-01,9,180
1029,2023-11-01,2,36
1030,2023-11-01,14,266
1033,2023-11-01,11,176
1034,2023-11-01,10,240
1035,2023-11-01,2,38
1036,2023-11-01,17,255
1037,2023-11-01,26,312
1038,2023-11-01,11,88
1039,2023-11-01,4,48
1040,2023-11-01,35,525
1041,2023-11-01,31,434
1042,2023-11-01,20,340
1043,2023-11-01,42,546
1044,2023-11-01,5,105
1045,2023-11-01,38,950
1047,2023-11-01,7,161
1048,2023-11-01,13,169
1051,2023-11-01,8,176
1052,2023-11-01,16,384
1053,2023-11-01,52,1248
1055,2023-11-01,6,84
1056,2023-11-01,16,272
1057,2023-11-01,6,138
1059,2023-11-01,145,2465
1060,2023-11-01,18,306
1061,2023-11-01,15,180
1062,2023-11-01,34,272
1063,2023-11-01,16,208
1064,2023-11-01,104,2080
1065,2023-11-01,7,175
1067,2023-11-01,15,210
1069,2023-11-01,8,112
1071,2023-11-01,4,32
1072,2023-11-01,3,30
1073,2023-11-01,14,154
1075,2023-11-01,6,54
1076,2023-11-01,55,1375
1077,2023-11-01,7,98
1078,2023-11-01,24,384
1079,2023-11-01,23,437
1080,2023-11-01,7,140
1081,2023-11-01,2,44
1082,2023-11-01,11,187
1084,2023-11-01,6,126
1085,2023-11-01,11,88
1086,2023-11-01,1,23
1088,2023-11-01,13,260
1089,2023-11-01,59,531
1090,2023-11-01,6,108
1091,2023-11-01,7,154
1092,2023-11-01,5,45
1093,2023-11-01,107,1605
1094,2023-11-01,89,1513
1095,2023-11-01,35,700
1096,2023-11-01,7,175
1097,2023-11-01,20,380
1098,2023-11-01,15,255
1099,2023-11-01,8,128
1100,2023-11-01,4,52
1101,2023-11-01,11,220
1102,2023-11-01,4,100
1103,2023-11-01,17,272
1105,2023-11-01,3,63
1107,2023-11-01,12,120
1108,2023-11-01,12,144
1109,2023-11-01,54,1350
1110,2023-11-01,10,190
1111,2023-11-01,5,80
1112,2023-11-01,7,126
1113,2023-11-01,123,2460
1114,2023-11-01,5,75
1115,2023-11-01,111,2220
1116,2023-11-01,8,192
1117,2023-11-01,7,105
1118,2023-11-01,27,621
1120,2023-11-01,4,76
1121,2023-11-01,4,100
1122,2023-11-01,61,793
1124,2023-11-01,15,315
1126,2023-11-01,8,72
1127,2023-11-01,49,882
1128,2023-11-01,11,198
1129,2023-11-01,2,42
1130,2023-11-01,9,189
1131,2023-11-01,6,66
1133,2023-11-01,30,270
1134,2023-11-01,41,533
1135,2023-11-01,3,39
1137,2023-11-01,2,42
1138,2023-11-01,4,68
1139,2023-11-01,7,168
1140,2023-11-01,28,252
1141,2023-11-01,25,225
1142,2023-11-01,9,198
1143,2023-11-01,146,2628
1144,2023-11-01,16,336
1145,2023-11-01,7,112
1146,2023-11-01,12,108
1147,2023-11-01,20,180
1148,2023-11-01,10,170
1149,2023-11-01,8,80
1151,2023-11-01,36,684
1152,2023-11-01,12,180
1153,2023-11-01,7,84
1154,2023-11-01,46,782
1155,2023-11-01,1,18
1157,2023-11-01,57,570
1158,2023-11-01,8,192
1159,2023-11-01,3,69
1160,2023-11-01,9,117
1161,2023-11-01,1,12
1162,2023-11-01,5,100
1164,2023-11-01,2,34
1166,2023-11-01,7,84
1167,2023-11-01,6,108
1168,2023-11-01,12,156
1169,2023-11-01,13,247
1170,2023-11-01,8,120
1171,2023-11-01,34,680
1172,2023-11-01,36,360
1173,2023-11-01,2,38
1174,2023-11-01,16,128
1175,2023-11-01,35,560
1177,2023-11-01,8,160
1178,2023-11-01,2,18
1179,2023-11-01,15,300
1181,2023-11-01,12,228
1183,2023-11-01,7,56
1184,2023-11-01,9,171
1185,2023-11-01,28,532
1186,2023-11-01,29,667
1187,2023-11-01,86,1720
1188,2023-11-01,12,252
1189,2023-11-01,44,924
1191,2023-11-01,8,72
1192,2023-11-01,27,486
1193,2023-11-01,44,396
1194,2023-11-01,17,221
1195,2023-11-01,18,324
1196,2023-11-01,19,380
1197,2023-11-01,5,70
1198,2023-11-01,36,792
1199,2023-11-01,33,825
1200,2023-11-01,164,3772
1202,2023-11-01,4,60
1203,2023-11-01,87,1827
1204,2023-11-01,3,66
1205,2023-11-01,7,175
1207,2023-11-01,11,187
1208,2023-11-01,23,230
1209,2023-11-01,16,192
1210,2023-11-01,3,42
1211,2023-11-01,15,195
1212,2023-11-01,22,264
1213,2023-11-01,154,2002
1214,2023-11-01,4,76
1216,2023-11-01,6,120
1218,2023-11-01,12,300
1219,2023-11-01,6,144
1220,2023-11-01,19,380
1221,2023-11-01,26,520
1222,2023-11-01,28,280
1223,2023-11-01,34,442
1224,2023-11-01,22,440
1225,2023-11-01,2,40
1226,2023-11-01,7,56
1227,2023-11-01,64,1216
1229,2023-11-01,11,165
1231,2023-11-01,36,468
1232,2023-11-01,2,26
1233,2023-11-01,5,75
1234,2023-11-01,112,1680
1235,2023-11-01,7,105
1236,2023-11-01,8,96
1237,2023-11-01,2,32
1238,2023-11-01,5,45
1239,2023-11-01,6,138
1240,2023-11-01,6,84
1241,2023-11-01,6,90
1242,2023-11-01,23,184
1243,2023-11-01,2,48
1244,2023-11-01,12,192
1245,2023-11-01,8,136
1246,2023-11-01,6,48
1247,2023-11-01,3,60
1249,2023-11-01,4,68
1250,2023-11-01,13,208
1251,2023-11-01,3,69
1252,2023-11-01,6,132
1253,2023-11-01,6,120
1254,2023-11-01,8,80
1255,2023-11-01,11,264
1256,2023-11-01,10,130
1257,2023-11-01,2,20
1258,2023-11-01,46,828
1259,2023-11-01,192,4032
1260,2023-11-01,2,32
1261,2023-11-01,198,2574
1262,2023-11-01,246,3936
1263,2023-11-01,9,171
1264,2023-11-01,41,738
1265,2023-11-01,14,350
1266,2023-11-01,74,1628
1267,2023-11-01,14,112
1268,2023-11-01,127,1016
1269,2023-11-01,19,399
1270,2023-11-01,124,1612
1271,2023-11-01,13,143
1272,2023-11-01,162,1458
1273,2023-11-01,9,135
1274,2023-11-01,98,2058
1275,2023-11-01,82,1804
1276,2023-11-01,10,250
1277,2023-11-01,7,126
1278,2023-11-01,6,114
1279,2023-11-01,5,70
1281,2023-11-01,25,575
1282,2023-11-01,12,240
1284,2023-11-01,187,2805
1285,2023-11-01,76,1824
1286,2023-11-01,9,144
1287,2023-11-01,143,2717
1288,2023-11-01,5,120
1289,2023-11-01,14,210
1291,2023-11-01,124,1240
1292,2023-11-01,7,133
1293,2023-11-01,28,476
1294,2023-11-01,26,442
1295,2023-11-01,4,96
1296,2023-11-01,8,88
1297,2023-11-01,2,38
1298,2023-11-01,3,54
1299,2023-11-01,7,154
1301,2023-11-01,6,78
1302,2023-11-01,12,240
1303,2023-11-01,4,68
1304,2023-11-01,22,396
1305,2023-11-01,5,105
1306,2023-11-01,4,52
1307,2023-11-01,7,147
1308,2023-11-01,9,171
1309,2023-11-01,19,342
1310,2023-11-01,19,171
1311,2023-11-01,2,34
1312,2023-11-01,9,99
1313,2023-11-01,15,225
1314,2023-11-01,12,216
1315,2023-11-01,7,168
1316,2023-11-01,9,180
1317,2023-11-01,7,161
1318,2023-11-01,43,645
1319,2023-11-01,5,105
1320,2023-11-01,12,264
1321,2023-11-01,6,108
1322,2023-11-01,154,3388
1323,2023-11-01,10,180
1324,2023-11-01,9,81
1325,2023-11-01,29,667
1326,2023-11-01,7,133
1327,2023-11-01,182,4550
1328,2023-11-01,5,105
1329,2023-11-01,41,451
1331,2023-11-01,14,196
1332,2023-11-01,2,34
1333,2023-11-01,29,522
1334,2023-11-01,28,588
1335,2023-11-01,10,240
1336,2023-11-01,9,144
1337,2023-11-01,201,3618
1338,2023-11-01,20,200
1339,2023-11-01,42,420
1340,2023-11-01,25,625
1341,2023-11-01,21,273
1342,2023-11-01,21,483
1343,2023-11-01,15,270
1344,2023-11-01,8,168
1345,2023-11-01,3,54
1346,2023-11-01,46,1012
1347,2023-11-01,4,88
1348,2023-11-01,6,48
1349,2023-11-01,4,72
1350,2023-11-01,44,396
1351,2023-11-01,11,231
1352,2023-11-01,29,638
1353,2023-11-01,7,175
1354,2023-11-01,2,22
1355,2023-11-01,49,833
1356,2023-11-01,6,60
1357,2023-11-01,6,102
1358,2023-11-01,147,3675
1359,2023-11-01,10,180
1360,2023-11-01,3,51
1361,2023-11-01,8,72
1363,2023-11-01,41,574
1364,2023-11-01,19,247
1365,2023-11-01,5,105
1366,2023-11-01,7,147
1367,2023-11-01,5,85
1368,2023-11-01,28,308
1369,2023-11-01,2,24
1371,2023-11-01,8,160
1372,2023-11-01,70,1610
1373,2023-11-01,69,1449
1374,2023-11-01,6,72
1375,2023-11-01,106,1484
1376,2023-11-01,5,120
1377,2023-11-01,4,84
1378,2023-11-01,155,2170
1379,2023-11-01,14,252
1380,2023-11-01,4,56
1381,2023-11-01,7,77
1382,2023-11-01,6,90
1383,2023-11-01,5,75
1385,2023-11-01,3,39
1386,2023-11-01,6,138
1387,2023-11-01,26,520
1388,2023-11-01,24,480
1389,2023-11-01,28,392
1390,2023-11-01,10,90
1391,2023-11-01,15,225
1393,2023-11-01,17,340
1394,2023-11-01,17,187
1395,2023-11-01,7,126
1396,2023-11-01,3,33
1397,2023-11-01,6,132
1398,2023-11-01,11,110
1399,2023-11-01,3,72
1400,2023-11-01,29,435
1401,2023-11-01,4,56
1402,2023-11-01,161,2898
1403,2023-11-01,17,187
1404,2023-11-01,5,120
1405,2023-11-01,109,2071
1407,2023-11-01,4,84
1408,2023-11-01,5,55
1409,2023-11-01,24,240
1410,2023-11-01,25,575
1411,2023-11-01,11,231
1412,2023-11-01,25,275
1413,2023-11-01,8,72
1414,2023-11-01,6,96
1415,2023-11-01,4,84
1416,2023-11-01,4,92
1417,2023-11-01,25,275
1418,2023-11-01,18,162
1419,2023-11-01,10,200
1420,2023-11-01,264,2904
1421,2023-11-01,10,190
1422,2023-11-01,29,290
1423,2023-11-01,5,60
1425,2023-11-01,5,45
1426,2023-11-01,8,176
1427,2023-11-01,4,56
1428,2023-11-01,101,2424
1429,2023-11-01,4,100
1430,2023-11-01,5,75
1431,2023-11-01,20,320
1432,2023-11-01,7,56
1433,2023-11-01,20,240
1434,2023-11-01,6,78
1435,2023-11-01,4,60
1436,2023-11-01,18,360
1437,2023-11-01,11,121
1438,2023-11-01,38,836
1439,2023-11-01,42,504
1440,2023-11-01,19,304
1441,2023-11-01,12,252
1442,2023-11-01,2,38
1443,2023-11-01,98,784
1444,2023-11-01,19,418
1445,2023-11-01,3,45
1446,2023-11-01,3,48
1447,2023-11-01,15,120
1448,2023-11-01,44,924
1449,2023-11-01,2,40
1450,2023-11-01,10,130
1451,2023-11-01,15,375
1452,2023-11-01,35,735
1453,2023-11-01,8,152
1454,2023-11-01,7,70
1455,2023-11-01,14,224
1456,2023-11-01,7,91
1457,2023-11-01,43,731
1458,2023-11-01,23,276
1459,2023-11-01,7,168
1460,2023-11-01,12,264
1461,2023-11-01,4,44
1462,2023-11-01,6,150
1463,2023-11-01,4,80
1464,2023-11-01,7,154
1465,2023-11-01,10,80
1466,2023-11-01,7,56
1467,2023-11-01,8,176
1468,2023-11-01,46,506
1469,2023-11-01,4,56
1470,2023-11-01,8,168
1471,2023-11-01,125,1625
1472,2023-11-01,7,147
1473,2023-11-01,23,391
1474,2023-11-01,43,989
1475,2023-11-01,2,20
1476,2023-11-01,50,500
1477,2023-11-01,16,128
1478,2023-11-01,11,231
1479,2023-11-01,4,100
1480,2023-11-01,7,140
1481,2023-11-01,36,612
1482,2023-11-01,7,161
1483,2023-11-01,34,442
1484,2023-11-01,7,105
1485,2023-11-01,3,66
1486,2023-11-01,6,120
1487,2023-11-01,29,696
1488,2023-11-01,18,180
1489,2023-11-01,2,38
1490,2023-11-01,20,360
1491,2023-11-01,4,92
1002,2023-12-01,5,105
1004,2023-12-01,2,24
1005,2023-12-01,30,270
1006,2023-12-01,4,56
1007,2023-12-01,18,252
1008,2023-12-01,32,480
1009,2023-12-01,26,312
1010,2023-12-01,7,140
1011,2023-12-01,24,504
1012,2023-12-01,50,1050
1013,2023-12-01,56,1232
1015,2023-12-01,43,946
1016,2023-12-01,7,56
1017,2023-12-01,7,175
1018,2023-12-01,6,78
1020,2023-12-01,5,55
1022,2023-12-01,2,46
1023,2023-12-01,19,304
1024,2023-12-01,4,92
1025,2023-12-01,33,726
1026,2023-12-01,159,3498
1027,2023-12-01,18,378
1028,2023-12-01,8,184
1029,2023-12-01,2,26
1030,2023-12-01,15,150
1033,2023-12-01,14,266
1034,2023-12-01,9,99
1035,2023-12-01,2,46
1036,2023-12-01,15,180
1037,2023-12-01,23,460
1038,2023-12-01,16,160
1039,2023-12-01,4,68
1040,2023-12-01,37,851
1041,2023-12-01,25,375
1042,2023-12-01,19,437
1043,2023-12-01,40,920
1044,2023-12-01,6,48
1045,2023-12-01,42,924
1047,2023-12-01,6,54
1048,2023-12-01,13,130
1051,2023-12-01,8,80
1052,2023-12-01,19,209
1053,2023-12-01,52,728
1055,2023-12-01,6,48
1056,2023-12-01,13,299
1057,2023-12-01,5,75
1059,2023-12-01,124,1984
1060,2023-12-01,16,192
1061,2023-12-01,15,285
1062,2023-12-01,38,874
1063,2023-12-01,21,210
1064,2023-12-01,110,2530
1065,2023-12-01,8,176
1067,2023-12-01,12,264
1069,2023-12-01,6,84
1071,2023-12-01,3,60
1072,2023-12-01,3,36
1073,2023-12-01,13,247
1075,2023-12-01,5,100
1076,2023-12-01,56,504
1077,2023-12-01,7,161
1078,2023-12-01,22,242
1079,2023-12-01,26,234
1080,2023-12-01,7,105
1081,2023-12-01,2,40
1082,2023-12-01,11,143
1084,2023-12-01,8,128
1085,2023-12-01,11,220
1086,2023-12-01,1,11
1088,2023-12-01,14,112
1089,2023-12-01,53,636
1091,2023-12-01,5,60
1092,2023-12-01,5,120
1093,2023-12-01,93,837
1094,2023-12-01,75,1650
1095,2023-12-01,33,396
1096,2023-12-01,7,175
1097,2023-12-01,20,160
1098,2023-12-01,16,304
1099,2023-12-01,9,171
1100,2023-12-01,3,69
1101,2023-12-01,10,150
1102,2023-12-01,4,84
1103,2023-12-01,23,437
1105,2023-12-01,3,57
1107,2023-12-01,11,209
1108,2023-12-01,13,273
1109,2023-12-01,37,814
1110,2023-12-01,10,220
1111,2023-12-01,4,72
1112,2023-12-01,9,117
1113,2023-12-01,122,2440
1114,2023-12-01,5,65
1115,2023-12-01,131,1965
1116,2023-12-01,7,91
1117,2023-12-01,5,70
1118,2023-12-01,35,840
1120,2023-12-01,5,40
1121,2023-12-01,3,48
1122,2023-12-01,63,1449
1124,2023-12-01,18,414
1126,2023-12-01,10,160
1127,2023-12-01,43,860
1128,2023-12-01,9,90
1129,2023-12-01,3,36
1130,2023-12-01,9,72
1131,2023-12-01,6,132
1134,2023-12-01,51,663
1135,2023-12-01,3,48
1137,2023-12-01,2,46
1138,2023-12-01,6,114
1139,2023-12-01,7,84
1140,2023-12-01,35,665
1141,2023-12-01,31,527
1142,2023-12-01,8,136
1143,2023-12-01,134,2278
1144,2023-12-01,15,120
1145,2023-12-01,6,144
1146,2023-12-01,11,99
1147,2023-12-01,24,480
1148,2023-12-01,8,168
1149,2023-12-01,9,180
1151,2023-12-01,37,851
1152,2023-12-01,11,264
1153,2023-12-01,9,72
1154,2023-12-01,45,450
1155,2023-12-01,1,21
1157,2023-12-01,48,480
1158,2023-12-01,6,72
1159,2023-12-01,3,63
1160,2023-12-01,7,70
1161,2023-12-01,1,9
1162,2023-12-01,6,126
1164,2023-12-01,3,39
1166,2023-12-01,9,135
1167,2023-12-01,5,75
1168,2023-12-01,11,264
1170,2023-12-01,6,66
1171,2023-12-01,29,493
1172,2023-12-01,32,480
1173,2023-12-01,2,42
1174,2023-12-01,17,306
1175,2023-12-01,31,775
1177,2023-12-01,9,171
1178,2023-12-01,2,26
1179,2023-12-01,15,315
1181,2023-12-01,11,154
1183,2023-12-01,7,161
1184,2023-12-01,8,112
1185,2023-12-01,25,600
1186,2023-12-01,28,588
1187,2023-12-01,96,768
1188,2023-12-01,14,224
1189,2023-12-01,40,520
1191,2023-12-01,9,117
1192,2023-12-01,32,480
1193,2023-12-01,39,351
1194,2023-12-01,15,120
1195,2023-12-01,17,425
1196,2023-12-01,19,285
1197,2023-12-01,5,125
1198,2023-12-01,41,615
1199,2023-12-01,29,261
1200,2023-12-01,178,2136
1202,2023-12-01,5,125
1203,2023-12-01,98,1372
1204,2023-12-01,3,24
1205,2023-12-01,5,115
1207,2023-12-01,10,80
1208,2023-12-01,27,243
1209,2023-12-01,15,165
1210,2023-12-01,2,40
1211,2023-12-01,18,396
1212,2023-12-01,27,540
1213,2023-12-01,128,1152
1214,2023-12-01,3,72
1216,2023-12-01,6,102
1218,2023-12-01,11,198
1219,2023-12-01,8,160
1220,2023-12-01,17,323
1221,2023-12-01,31,372
1222,2023-12-01,26,572
1223,2023-12-01,38,608
1224,2023-12-01,20,300
1225,2023-12-01,2,40
1226,2023-12-01,7,70
1227,2023-12-01,90,1530
1229,2023-12-01,11,242
1231,2023-12-01,36,648
1232,2023-12-01,2,50
1233,2023-12-01,5,55
1234,2023-12-01,112,1456
1235,2023-12-01,7,168
1236,2023-12-01,8,128
1237,2023-12-01,2,30
1238,2023-12-01,6,54
1239,2023-12-01,4,52
1240,2023-12-01,4,76
1241,2023-12-01,6,60
1242,2023-12-01,20,200
1243,2023-12-01,2,48
1244,2023-12-01,12,168
1245,2023-12-01,11,165
1246,2023-12-01,6,48
1247,2023-12-01,3,54
1249,2023-12-01,3,24
1250,2023-12-01,21,294
1251,2023-12-01,4,76
1252,2023-12-01,6,150
1253,2023-12-01,5,85
1254,2023-12-01,6,72
1255,2023-12-01,13,325
1256,2023-12-01,10,160
1257,2023-12-01,3,75
1258,2023-12-01,22,286
1259,2023-12-01,182,1456
1261,2023-12-01,176,2640
1262,2023-12-01,266,3990
1263,2023-12-01,7,63
1264,2023-12-01,43,903
1265,2023-12-01,14,224
1266,2023-12-01,73,876
1267,2023-12-01,14,154
1268,2023-12-01,104,1560
1270,2023-12-01,113,1469
1271,2023-12-01,12,276
1272,2023-12-01,151,1510
1273,2023-12-01,10,100
1274,2023-12-01,142,2840
1275,2023-12-01,110,1100
1276,2023-12-01,11,231
1278,2023-12-01,5,45
1279,2023-12-01,5,115
1281,2023-12-01,27,675
1282,2023-12-01,10,110
1284,2023-12-01,151,2567
1285,2023-12-01,76,836
1286,2023-12-01,6,72
1287,2023-12-01,131,2358
1288,2023-12-01,5,60
1289,2023-12-01,12,204
1291,2023-12-01,143,3003
1293,2023-12-01,27,675
1294,2023-12-01,27,324
1295,2023-12-01,4,72
1296,2023-12-01,8,72
1297,2023-12-01,3,33
1298,2023-12-01,3,69
1299,2023-12-01,9,207
1301,2023-12-01,7,175
1302,2023-12-01,12,216
1303,2023-12-01,4,32
1304,2023-12-01,13,156
1305,2023-12-01,5,105
1306,2023-12-01,4,92
1307,2023-12-01,9,81
1308,2023-12-01,9,207
1309,2023-12-01,16,400
1310,2023-12-01,18,144
1311,2023-12-01,1,24
1312,2023-12-01,9,171
1313,2023-12-01,18,396
1314,2023-12-01,11,121
1315,2023-12-01,5,110
1317,2023-12-01,6,90
1318,2023-12-01,42,714
1319,2023-12-01,5,90
1320,2023-12-01,12,120
1321,2023-12-01,11,154
1322,2023-12-01,147,3234
1323,2023-12-01,9,171
1324,2023-12-01,8,104
1325,2023-12-01,29,667
1326,2023-12-01,7,70
1327,2023-12-01,167,3841
1328,2023-12-01,4,60
1329,2023-12-01,35,525
1331,2023-12-01,11,198
1332,2023-12-01,3,72
1333,2023-12-01,23,437
1334,2023-12-01,32,768
1335,2023-12-01,13,208
1336,2023-12-01,7,140
1337,2023-12-01,199,2388
1338,2023-12-01,17,187
1339,2023-12-01,36,432
1340,2023-12-01,33,297
1341,2023-12-01,25,375
1342,2023-12-01,20,340
1343,2023-12-01,21,420
1344,2023-12-01,9,162
1345,2023-12-01,4,52
1346,2023-12-01,27,351
1347,2023-12-01,3,54
1348,2023-12-01,6,138
1349,2023-12-01,3,45
1350,2023-12-01,56,840
1351,2023-12-01,11,110
1352,2023-12-01,35,630
1353,2023-12-01,6,114
1354,2023-12-01,3,60
1355,2023-12-01,48,576
1356,2023-12-01,5,55
1357,2023-12-01,6,60
1358,2023-12-01,140,2380
1359,2023-12-01,9,162
1361,2023-12-01,7,154
1363,2023-12-01,34,816
1364,2023-12-01,25,600
1365,2023-12-01,5,55
1366,2023-12-01,6,102
1367,2023-12-01,5,40
1368,2023-12-01,24,504
1369,2023-12-01,2,24
1371,2023-12-01,9,126
1372,2023-12-01,70,560
1373,2023-12-01,67,603
1374,2023-12-01,5,105
1375,2023-12-01,107,1605
1376,2023-12-01,5,75
1377,2023-12-01,4,44
1378,2023-12-01,149,3278
1379,2023-12-01,12,240
1380,2023-12-01,4,44
1381,2023-12-01,7,147
1382,2023-12-01,6,108
1385,2023-12-01,2,46
1386,2023-12-01,6,84
1387,2023-12-01,30,570
1388,2023-12-01,19,228
1389,2023-12-01,33,330
1391,2023-12-01,16,176
1393,2023-12-01,16,336
1394,2023-12-01,18,324
1395,2023-12-01,9,72
1396,2023-12-01,3,24
1397,2023-12-01,5,65
1398,2023-12-01,13,117
1399,2023-12-01,3,63
1400,2023-12-01,27,540
1401,2023-12-01,5,120
1402,2023-12-01,174,1740
1403,2023-12-01,14,112
1404,2023-12-01,6,126
1405,2023-12-01,93,837
1407,2023-12-01,5,40
1408,2023-12-01,3,45
1409,2023-12-01,23,368
1410,2023-12-01,20,460
1411,2023-12-01,14,238
1412,2023-12-01,25,225
1413,2023-12-01,8,144
1414,2023-12-01,7,112
1415,2023-12-01,4,92
1416,2023-12-01,4,32
1417,2023-12-01,34,714
1418,2023-12-01,19,285
1419,2023-12-01,9,144
1420,2023-12-01,252,2016
1421,2023-12-01,13,117
1422,2023-12-01,25,600
1423,2023-12-01,4,100
1425,2023-12-01,5,125
1426,2023-12-01,9,117
1427,2023-12-01,3,42
1428,2023-12-01,67,938
1430,2023-12-01,4,80
1431,2023-12-01,16,352
1432,2023-12-01,6,108
1433,2023-12-01,21,462
1434,2023-12-01,7,98
1435,2023-12-01,3,66
1436,2023-12-01,22,550
1437,2023-12-01,10,160
1438,2023-12-01,36,828
1439,2023-12-01,38,798
1440,2023-12-01,19,418
1441,2023-12-01,16,272
1442,2023-12-01,2,26
1443,2023-12-01,102,918
1444,2023-12-01,41,820
1445,2023-12-01,2,36
1446,2023-12-01,3,30
1447,2023-12-01,18,216
1448,2023-12-01,53,424
1449,2023-12-01,1,14
1450,2023-12-01,12,156
1451,2023-12-01,11,99
1452,2023-12-01,39,390
1453,2023-12-01,6,60
1454,2023-12-01,5,120
1455,2023-12-01,14,252
1456,2023-12-01,4,56
1457,2023-12-01,42,672
1458,2023-12-01,22,198
1459,2023-12-01,4,72
1460,2023-12-01,12,300
1461,2023-12-01,5,55
1462,2023-12-01,6,126
1463,2023-12-01,4,60
1464,2023-12-01,11,99
1465,2023-12-01,9,90
1466,2023-12-01,6,60
1467,2023-12-01,10,130
1468,2023-12-01,40,480
1469,2023-12-01,4,44
1470,2023-12-01,8,64
1471,2023-12-01,146,2628
1472,2023-12-01,7,175
1473,2023-12-01,26,260
1474,2023-12-01,47,846
1475,2023-12-01,3,60
1476,2023-12-01,46,966
1477,2023-12-01,20,440
1478,2023-12-01,10,150
1479,2023-12-01,5,85
1480,2023-12-01,6,84
1481,2023-12-01,39,312
1483,2023-12-01,43,559
1484,2023-12-01,6,114
1485,2023-12-01,3,48
1486,2023-12-01,7,91
1487,2023-12-01,14,126
1488,2023-12-01,24,432
1489,2023-12-01,2,18
1490,2023-12-01,17,357
1491,2023-12-01,3,66
1492,2023-12-01,10,180
1493,2023-12-01,2,48
1494,2023-12-01,28,392
1495,2023-12-01,6,108
1496,2023-12-01,6,48
1497,2023-12-01,1,20
1498,2023-12-01,3,33
1499,2023-12-01,21,378
1500,2023-12-01,3,42
1501,2023-12-01,46,920
1502,2023-12-01,5,45
1503,2023-12-01,18,378
1504,2023-12-01,7,112
1505,2023-12-01,6,84
1506,2023-12-01,27,351
1507,2023-12-01,16,288
1508,2023-12-01,21,273
1509,2023-12-01,4,76
1510,2023-12-01,33,594
1511,2023-12-01,3,69
1512,2023-12-01,4,32
1513,2023-12-01,3,27
1514,2023-12-01,11,242
1515,2023-12-01,8,176
1516,2023-12-01,8,184
1517,2023-12-01,22,418
1518,2023-12-01,9,189
1519,2023-12-01,10,80
1520,2023-12-01,12,96
1521,2023-12-01,5,85
1522,2023-12-01,31,496
1523,2023-12-01,15,345
1524,2023-12-01,202,4444
1525,2023-12-01,29,580
1526,2023-12-01,24,480
1527,2023-12-01,3,30
1528,2023-12-01,4,76
1529,2023-12-01,4,32
1530,2023-12-01,100,2300
1531,2023-12-01,3,24
1532,2023-12-01,7,91
1533,2023-12-01,40,1000
1534,2023-12-01,6,102
1002,2024-01-01,6,48
1004,2024-01-01,2,44
1005,2024-01-01,31,341
1006,2024-01-01,3,36
1007,2024-01-01,24,264
1008,2024-01-01,22,308
1009,2024-01-01,31,403
1010,2024-01-01,8,112
1011,2024-01-01,21,189
1012,2024-01-01,47,611
1013,2024-01-01,42,882
1015,2024-01-01,41,533
1016,2024-01-01,7,91
1017,2024-01-01,7,84
1018,2024-01-01,8,136
1020,2024-01-01,5,75
1022,2024-01-01,3,30
1023,2024-01-01,16,288
1024,2024-01-01,5,45
1025,2024-01-01,32,320
1026,2024-01-01,252,2268
1027,2024-01-01,21,420
1028,2024-01-01,7,168
1029,2024-01-01,2,40
1030,2024-01-01,16,224
1033,2024-01-01,13,286
1034,2024-01-01,11,231
1035,2024-01-01,2,42
1036,2024-01-01,16,176
1037,2024-01-01,23,230
1038,2024-01-01,14,112
1039,2024-01-01,4,64
1040,2024-01-01,41,492
1041,2024-01-01,29,435
1042,2024-01-01,22,396
1043,2024-01-01,38,608
1044,2024-01-01,6,90
1045,2024-01-01,47,423
1047,2024-01-01,5,50
1048,2024-01-01,14,294
1051,2024-01-01,3,63
1052,2024-01-01,11,176
1053,2024-01-01,59,649
1056,2024-01-01,16,400
1057,2024-01-01,3,63
1059,2024-01-01,146,3504
1060,2024-01-01,18,396
1061,2024-01-01,15,210
1062,2024-01-01,40,520
1063,2024-01-01,20,480
1064,2024-01-01,141,3243
1065,2024-01-01,8,88
1067,2024-01-01,11,275
1069,2024-01-01,8,192
1071,2024-01-01,3,63
1072,2024-01-01,2,24
1073,2024-01-01,13,260
1075,2024-01-01,6,150
1076,2024-01-01,64,1216
1077,2024-01-01,5,120
1078,2024-01-01,30,570
1079,2024-01-01,24,336
1080,2024-01-01,4,84
1081,2024-01-01,1,24
1082,2024-01-01,7,126
1085,2024-01-01,10,250
1086,2024-01-01,1,22
1088,2024-01-01,12,192
1089,2024-01-01,47,1128
1091,2024-01-01,1,17
1092,2024-01-01,5,100
1093,2024-01-01,95,950
1094,2024-01-01,91,819
1096,2024-01-01,9,81
1098,2024-01-01,50,550
1099,2024-01-01,10,180
1100,2024-01-01,3,36
1101,2024-01-01,11,198
1102,2024-01-01,4,92
1103,2024-01-01,20,280
1105,2024-01-01,4,80
1107,2024-01-01,11,253
1108,2024-01-01,15,270
1109,2024-01-01,36,504
1110,2024-01-01,11,242
1111,2024-01-01,4,36
1112,2024-01-01,7,84
1113,2024-01-01,94,2256
1114,2024-01-01,7,77
1115,2024-01-01,135,1620
1116,2024-01-01,6,48
1117,2024-01-01,6,84
1118,2024-01-01,28,616
1120,2024-01-01,3,66
1121,2024-01-01,3,27
1122,2024-01-01,61,732
1124,2024-01-01,16,272
1126,2024-01-01,8,112
1127,2024-01-01,51,1275
1129,2024-01-01,4,84
1130,2024-01-01,9,153
1131,2024-01-01,6,84
1134,2024-01-01,41,902
1135,2024-01-01,4,64
1137,2024-01-01,2,20
1138,2024-01-01,6,126
1139,2024-01-01,7,70
1140,2024-01-01,30,660
1141,2024-01-01,39,858
1142,2024-01-01,9,171
1143,2024-01-01,128,2304
1144,2024-01-01,17,136
1145,2024-01-01,4,84
1146,2024-01-01,9,99
1147,2024-01-01,28,448
1148,2024-01-01,10,120
1149,2024-01-01,11,242
1151,2024-01-01,37,666
1152,2024-01-01,8,96
1153,2024-01-01,9,162
1154,2024-01-01,39,858
1155,2024-01-01,2,42
1157,2024-01-01,46,644
1158,2024-01-01,5,120
1159,2024-01-01,2,24
1160,2024-01-01,7,140
1161,2024-01-01,1,15
1162,2024-01-01,6,60
1164,2024-01-01,4,88
1166,2024-01-01,6,54
1167,2024-01-01,7,77
1168,2024-01-01,13,156
1170,2024-01-01,7,154
1171,2024-01-01,35,805
1172,2024-01-01,26,338
1174,2024-01-01,16,240
1175,2024-01-01,34,306
1177,2024-01-01,8,104
1178,2024-01-01,2,42
1179,2024-01-01,12,192
1181,2024-01-01,12,156
1183,2024-01-01,9,207
1184,2024-01-01,8,184
1185,2024-01-01,29,377
1186,2024-01-01,25,525
1187,2024-01-01,82,1640
1188,2024-01-01,14,294
1189,2024-01-01,41,574
1191,2024-01-01,7,161
1192,2024-01-01,31,403
1193,2024-01-01,41,574
1194,2024-01-01,14,322
1195,2024-01-01,15,180
1196,2024-01-01,15,240
1197,2024-01-01,5,55
1198,2024-01-01,36,792
1199,2024-01-01,34,306
1200,2024-01-01,166,3486
1202,2024-01-01,5,75
1203,2024-01-01,64,1280
1204,2024-01-01,3,42
1205,2024-01-01,6,150
1207,2024-01-01,11,231
1208,2024-01-01,34,408
1209,2024-01-01,14,154
1210,2024-01-01,3,51
1211,2024-01-01,15,360
1212,2024-01-01,21,357
1213,2024-01-01,157,1256
1214,2024-01-01,3,69
1216,2024-01-01,7,140
1218,2024-01-01,8,184
1219,2024-01-01,9,90
1220,2024-01-01,22,286
1221,2024-01-01,26,494
1222,2024-01-01,35,735
1223,2024-01-01,41,574
1224,2024-01-01,18,360
1225,2024-01-01,2,48
1226,2024-01-01,6,138
1227,2024-01-01,74,1480
1229,2024-01-01,11,121
1231,2024-01-01,33,495
1232,2024-01-01,3,51
1233,2024-01-01,5,105
1234,2024-01-01,118,1534
1235,2024-01-01,8,112
1236,2024-01-01,6,114
1237,2024-01-01,2,32
1238,2024-01-01,6,144
1239,2024-01-01,5,60
1240,2024-01-01,4,56
1241,2024-01-01,6,60
1242,2024-01-01,20,280
1243,2024-01-01,2,36
1244,2024-01-01,10,110
1245,2024-01-01,11,253
1246,2024-01-01,5,85
1247,2024-01-01,3,66
1249,2024-01-01,4,60
1250,2024-01-01,19,304
1251,2024-01-01,4,44
1252,2024-01-01,8,128
1253,2024-01-01,4,96
1254,2024-01-01,8,64
1256,2024-01-01,9,81
1257,2024-01-01,3,45
1258,2024-01-01,21,483
1259,2024-01-01,192,1728
1261,2024-01-01,172,2064
1262,2024-01-01,361,5054
1263,2024-01-01,9,99
1264,2024-01-01,43,387
1265,2024-01-01,14,112
1266,2024-01-01,74,740
1267,2024-01-01,12,252
1268,2024-01-01,84,1848
1270,2024-01-01,107,1926
1271,2024-01-01,12,264
1272,2024-01-01,87,1131
1273,2024-01-01,11,264
1274,2024-01-01,160,2240
1275,2024-01-01,125,2875
1276,2024-01-01,10,130
1278,2024-01-01,6,66
1279,2024-01-01,5,80
1281,2024-01-01,31,310
1282,2024-01-01,10,130
1284,2024-01-01,136,2992
1285,2024-01-01,95,760
1286,2024-01-01,6,138
1287,2024-01-01,101,2121
1288,2024-01-01,6,102
1289,2024-01-01,8,96
1291,2024-01-01,127,2032
1293,2024-01-01,34,850
1294,2024-01-01,24,312
1295,2024-01-01,4,52
1296,2024-01-01,10,120
1297,2024-01-01,3,60
1298,2024-01-01,3,63
1299,2024-01-01,8,184
1301,2024-01-01,7,133
1302,2024-01-01,10,230
1303,2024-01-01,4,92
1304,2024-01-01,16,352
1305,2024-01-01,5,45
1306,2024-01-01,5,90
1307,2024-01-01,8,120
1308,2024-01-01,9,153
1309,2024-01-01,17,289
1310,2024-01-01,20,340
1311,2024-01-01,1,17
1312,2024-01-01,10,140
1314,2024-01-01,13,234
1315,2024-01-01,6,132
1317,2024-01-01,6,66
1318,2024-01-01,34,544
1319,2024-01-01,5,120
1320,2024-01-01,10,230
1321,2024-01-01,10,240
1322,2024-01-01,181,2534
1323,2024-01-01,8,72
1324,2024-01-01,9,153
1325,2024-01-01,31,589
1326,2024-01-01,9,207
1327,2024-01-01,157,3925
1328,2024-01-01,4,68
1329,2024-01-01,42,882
1331,2024-01-01,14,350
1332,2024-01-01,3,72
1333,2024-01-01,22,308
1334,2024-01-01,22,484
1335,2024-01-01,17,374
1336,2024-01-01,7,147
1337,2024-01-01,228,2508
1338,2024-01-01,17,306
1339,2024-01-01,35,735
1340,2024-01-01,29,464
1341,2024-01-01,23,552
1342,2024-01-01,20,380
1343,2024-01-01,21,504
1344,2024-01-01,8,168
1345,2024-01-01,3,66
1346,2024-01-01,45,720
1347,2024-01-01,3,66
1348,2024-01-01,7,140
1349,2024-01-01,3,63
1350,2024-01-01,40,960
1351,2024-01-01,8,160
1352,2024-01-01,30,420
1353,2024-01-01,3,63
1354,2024-01-01,3,27
1355,2024-01-01,48,528
1356,2024-01-01,6,60
1357,2024-01-01,8,144
1358,2024-01-01,144,3024
1359,2024-01-01,9,216
1361,2024-01-01,9,126
1363,2024-01-01,32,480
1364,2024-01-01,21,483
1365,2024-01-01,7,63
1366,2024-01-01,7,70
1367,2024-01-01,6,60
1368,2024-01-01,25,550
1369,2024-01-01,3,39
1371,2024-01-01,8,200
1372,2024-01-01,61,610
1373,2024-01-01,62,1550
1374,2024-01-01,6,114
1375,2024-01-01,155,2015
1376,2024-01-01,7,140
1377,2024-01-01,3,69
1378,2024-01-01,138,1104
1379,2024-01-01,15,195
1380,2024-01-01,5,125
1381,2024-01-01,7,140
1382,2024-01-01,7,98
1385,2024-01-01,2,50
1386,2024-01-01,6,150
1387,2024-01-01,28,308
1388,2024-01-01,22,220
1389,2024-01-01,31,527
1393,2024-01-01,17,323
1394,2024-01-01,16,384
1395,2024-01-01,9,216
1396,2024-01-01,2,22
1397,2024-01-01,5,60
1398,2024-01-01,12,228
1399,2024-01-01,2,28
1400,2024-01-01,22,550
1401,2024-01-01,3,30
1402,2024-01-01,170,3910
1403,2024-01-01,15,360
1404,2024-01-01,6,120
1405,2024-01-01,73,1168
1407,2024-01-01,4,36
1408,2024-01-01,3,33
1409,2024-01-01,19,475
1410,2024-01-01,25,375
1411,2024-01-01,13,195
1412,2024-01-01,27,513
1413,2024-01-01,9,81
1414,2024-01-01,7,147
1415,2024-01-01,4,40
1416,2024-01-01,5,110
1417,2024-01-01,38,494
1418,2024-01-01,21,483
1419,2024-01-01,9,189
1420,2024-01-01,247,4199
1421,2024-01-01,13,247
1422,2024-01-01,27,513
1423,2024-01-01,4,52
1425,2024-01-01,6,102
1426,2024-01-01,6,90
1427,2024-01-01,3,27
1428,2024-01-01,55,550
1432,2024-01-01,7,56
1433,2024-01-01,20,360
1434,2024-01-01,6,108
1435,2024-01-01,4,60
1436,2024-01-01,22,330
1437,2024-01-01,10,240
1438,2024-01-01,24,552
1439,2024-01-01,37,740
1440,2024-01-01,21,168
1441,2024-01-01,17,136
1442,2024-01-01,2,30
1443,2024-01-01,103,1854
1444,2024-01-01,36,468
1445,2024-01-01,2,46
1447,2024-01-01,24,360
1448,2024-01-01,60,600
1449,2024-01-01,1,25
1450,2024-01-01,12,168
1451,2024-01-01,11,88
1452,2024-01-01,44,484
1453,2024-01-01,6,132
1454,2024-01-01,5,90
1455,2024-01-01,9,153
1456,2024-01-01,4,76
1457,2024-01-01,49,392
1458,2024-01-01,34,748
1459,2024-01-01,4,40
1460,2024-01-01,9,180
1461,2024-01-01,4,96
1462,2024-01-01,5,45
1463,2024-01-01,4,80
1464,2024-01-01,9,72
1465,2024-01-01,10,200
1466,2024-01-01,6,102
1467,2024-01-01,8,168
1468,2024-01-01,39,702
1469,2024-01-01,3,54
1470,2024-01-01,8,160
1471,2024-01-01,145,1740
1472,2024-01-01,6,84
1473,2024-01-01,23,368
1474,2024-01-01,50,1250
1475,2024-01-01,2,24
1476,2024-01-01,61,488
1477,2024-01-01,20,420
1478,2024-01-01,10,150
1479,2024-01-01,4,76
1480,2024-01-01,6,66
1481,2024-01-01,34,748
1483,2024-01-01,42,504
1484,2024-01-01,5,80
1485,2024-01-01,2,36
1486,2024-01-01,8,200
1487,2024-01-01,17,306
1488,2024-01-01,23,276
1489,2024-01-01,2,18
1490,2024-01-01,10,120
1491,2024-01-01,1,16
1492,2024-01-01,10,220
1493,2024-01-01,1,11
1494,2024-01-01,45,855
1495,2024-01-01,5,95
1496,2024-01-01,7,168
1497,2024-01-01,1,22
1498,2024-01-01,4,68
1499,2024-01-01,20,460
1500,2024-01-01,3,54
1501,2024-01-01,40,440
1502,2024-01-01,5,55
1503,2024-01-01,21,336
1505,2024-01-01,7,70
1506,2024-01-01,26,468
1507,2024-01-01,15,210
1508,2024-01-01,21,315
1509,2024-01-01,2,40
1510,2024-01-01,33,594
1511,2024-01-01,3,75
1512,2024-01-01,5,75
1513,2024-01-01,3,69
1514,2024-01-01,9,216
1515,2024-01-01,8,104
1516,2024-01-01,13,221
1517,2024-01-01,20,380
1518,2024-01-01,7,112
1519,2024-01-01,9,81
1520,2024-01-01,13,169
1521,2024-01-01,5,115
1522,2024-01-01,39,819
1523,2024-01-01,15,315
1524,2024-01-01,160,4000
1525,2024-01-01,35,525
1526,2024-01-01,32,800
1527,2024-01-01,4,84
1528,2024-01-01,4,36
1529,2024-01-01,6,144
1530,2024-01-01,75,1425
1531,2024-01-01,3,33
1532,2024-01-01,7,161
1533,2024-01-01,45,585
1534,2024-01-01,7,84
1535,2024-01-01,27,351
1536,2024-01-01,5,105
1537,2024-01-01,7,70
1538,2024-01-01,9,189
1539,2024-01-01,131,2489
1540,2024-01-01,27,351
1541,2024-01-01,84,840
1542,2024-01-01,4,68
1543,2024-01-01,10,100
1544,2024-01-01,8,176
1545,2024-01-01,38,874
1546,2024-01-01,37,592
1547,2024-01-01,4,84
1548,2024-01-01,21,294
1549,2024-01-01,4,56
1550,2024-01-01,30,420
1551,2024-01-01,46,1150
1552,2024-01-01,3,27
1553,2024-01-01,188,4136
1554,2024-01-01,43,903
1555,2024-01-01,7,84
1556,2024-01-01,10,80
1557,2024-01-01,59,767
1558,2024-01-01,17,323
1559,2024-01-01,45,990
1560,2024-01-01,25,525
1561,2024-01-01,6,66
1562,2024-01-01,6,102
1563,2024-01-01,7,56
1564,2024-01-01,21,210
1565,2024-01-01,4,32
1566,2024-01-01,2,16
1567,2024-01-01,251,4267
1568,2024-01-01,3,39
1569,2024-01-01,135,2025
1570,2024-01-01,27,648
1571,2024-01-01,10,250
1572,2024-01-01,24,240
1573,2024-01-01,11,253
1574,2024-01-01,9,207
1575,2024-01-01,40,360
1576,2024-01-01,7,56
1577,2024-01-01,12,168
1578,2024-01-01,8,152
1579,2024-01-01,6,48
1580,2024-01-01,39,936
1581,2024-01-01,16,128
1582,2024-01-01,9,180
1002,2024-02-01,5,105
1004,2024-02-01,3,54
1005,2024-02-01,37,666
1006,2024-02-01,4,76
1007,2024-02-01,30,540
1008,2024-02-01,23,322
1009,2024-02-01,31,279
1010,2024-02-01,5,65
1011,2024-02-01,23,414
1012,2024-02-01,39,741
1013,2024-02-01,57,912
1015,2024-02-01,34,782
1016,2024-02-01,8,144
1017,2024-02-01,7,105
1018,2024-02-01,7,84
1020,2024-02-01,5,105
1022,2024-02-01,3,57
1023,2024-02-01,15,120
1025,2024-02-01,32,768
1026,2024-02-01,252,5544
1027,2024-02-01,25,350
1028,2024-02-01,7,63
1029,2024-02-01,2,50
1030,2024-02-01,15,375
1033,2024-02-01,14,210
1034,2024-02-01,8,64
1035,2024-02-01,2,42
1036,2024-02-01,9,189
1037,2024-02-01,21,210
1038,2024-02-01,16,304
1039,2024-02-01,4,32
1040,2024-02-01,40,400
1041,2024-02-01,31,248
1042,2024-02-01,25,525
1043,2024-02-01,41,984
1044,2024-02-01,5,55
1045,2024-02-01,48,576
1047,2024-02-01,5,70
1048,2024-02-01,14,308
1051,2024-02-01,3,51
1052,2024-02-01,14,168
1053,2024-02-01,48,1008
1056,2024-02-01,12,204
1057,2024-02-01,3,69
1059,2024-02-01,154,2464
1060,2024-02-01,20,400
1061,2024-02-01,16,192
1062,2024-02-01,36,360
1063,2024-02-01,20,440
1064,2024-02-01,128,2560
1065,2024-02-01,7,98
1067,2024-02-01,10,120
1069,2024-02-01,8,144
1071,2024-02-01,3,60
1072,2024-02-01,1,10
1075,2024-02-01,5,80
1076,2024-02-01,65,1625
1077,2024-02-01,5,120
1078,2024-02-01,36,720
1079,2024-02-01,23,506
1080,2024-02-01,7,56
1082,2024-02-01,8,120
1085,2024-02-01,15,180
1086,2024-02-01,1,14
1088,2024-02-01,13,143
1089,2024-02-01,67,871
1091,2024-02-01,1,14
1092,2024-02-01,5,45
1093,2024-02-01,104,1248
1094,2024-02-01,88,2024
1096,2024-02-01,7,140
1098,2024-02-01,50,500
1099,2024-02-01,9,198
1100,2024-02-01,2,18
1101,2024-02-01,11,121
1102,2024-02-01,5,95
1103,2024-02-01,16,288
1105,2024-02-01,5,85
1107,2024-02-01,10,210
1108,2024-02-01,13,221
1109,2024-02-01,38,570
1110,2024-02-01,13,195
1111,2024-02-01,3,75
1112,2024-02-01,6,60
1113,2024-02-01,78,936
1114,2024-02-01,7,168
1115,2024-02-01,123,1599
1116,2024-02-01,7,175
1117,2024-02-01,6,96
1118,2024-02-01,38,684
1120,2024-02-01,3,72
1122,2024-02-01,52,936
1124,2024-02-01,18,432
1126,2024-02-01,8,168
1127,2024-02-01,51,459
1129,2024-02-01,5,120
1130,2024-02-01,9,162
1131,2024-02-01,7,98
1134,2024-02-01,52,624
1135,2024-02-01,4,48
1137,2024-02-01,2,30
1138,2024-02-01,7,126
1139,2024-02-01,7,147
1140,2024-02-01,27,405
1141,2024-02-01,37,666
1142,2024-02-01,7,84
1143,2024-02-01,138,1380
1144,2024-02-01,16,272
1145,2024-02-01,3,45
1146,2024-02-01,10,240
1147,2024-02-01,27,378
1148,2024-02-01,10,100
1149,2024-02-01,12,180
1151,2024-02-01,32,800
1152,2024-02-01,12,228
1153,2024-02-01,8,64
1154,2024-02-01,38,532
1155,2024-02-01,1,24
1157,2024-02-01,59,1180
1158,2024-02-01,5,55
1159,2024-02-01,2,34
1160,2024-02-01,7,84
1161,2024-02-01,1,25
1162,2024-02-01,8,96
1164,2024-02-01,3,75
1166,2024-02-01,5,45
1167,2024-02-01,7,77
1168,2024-02-01,15,210
1170,2024-02-01,32,384
1171,2024-02-01,30,270
1172,2024-02-01,21,252
1174,2024-02-01,15,255
1175,2024-02-01,33,627
1177,2024-02-01,8,112
1178,2024-02-01,3,75
1179,2024-02-01,11,88
1181,2024-02-01,12,204
1183,2024-02-01,10,140
1184,2024-02-01,8,144
1185,2024-02-01,27,648
1186,2024-02-01,31,620
1187,2024-02-01,85,1615
1188,2024-02-01,15,255
1189,2024-02-01,42,1050
1191,2024-02-01,10,160
1192,2024-02-01,31,310
1193,2024-02-01,29,348
1194,2024-02-01,18,216
1195,2024-02-01,17,255
1196,2024-02-01,14,112
1197,2024-02-01,5,70
1198,2024-02-01,33,429
1199,2024-02-01,33,462
1200,2024-02-01,181,3801
1202,2024-02-01,5,110
1203,2024-02-01,71,710
1204,2024-02-01,3,66
1205,2024-02-01,7,56
1207,2024-02-01,13,195
1208,2024-02-01,36,684
1209,2024-02-01,13,312
1210,2024-02-01,3,36
1211,2024-02-01,12,300
1212,2024-02-01,23,299
1213,2024-02-01,146,2044
1214,2024-02-01,3,24
1216,2024-02-01,6,150
1218,2024-02-01,9,198
1219,2024-02-01,8,80
1221,2024-02-01,26,390
1222,2024-02-01,31,620
1223,2024-02-01,42,672
1224,2024-02-01,14,294
1225,2024-02-01,2,34
1226,2024-02-01,5,85
1227,2024-02-01,61,1403
1229,2024-02-01,13,312
1231,2024-02-01,33,264
1232,2024-02-01,2,42
1233,2024-02-01,6,72
1234,2024-02-01,81,1620
1235,2024-02-01,7,126
1236,2024-02-01,7,105
1237,2024-02-01,3,48
1238,2024-02-01,6,108
1239,2024-02-01,6,48
1240,2024-02-01,5,45
1241,2024-02-01,6,102
1242,2024-02-01,21,252
1244,2024-02-01,10,240
1245,2024-02-01,10,250
1246,2024-02-01,6,120
1247,2024-02-01,3,36
1249,2024-02-01,4,52
1250,2024-02-01,15,270
1251,2024-02-01,4,84
1252,2024-02-01,9,72
1253,2024-02-01,4,68
1254,2024-02-01,9,216
1256,2024-02-01,9,72
1257,2024-02-01,3,69
1258,2024-02-01,21,315
1259,2024-02-01,199,4577
1261,2024-02-01,211,2743
1262,2024-02-01,271,5420
1263,2024-02-01,8,96
1264,2024-02-01,40,600
1265,2024-02-01,12,240
1266,2024-02-01,67,1340
1267,2024-02-01,13,169
1268,2024-02-01,80,1200
1270,2024-02-01,79,1817
1271,2024-02-01,11,275
1272,2024-02-01,77,1540
1273,2024-02-01,11,220
1274,2024-02-01,140,1120
1275,2024-02-01,143,2860
1276,2024-02-01,10,190
1278,2024-02-01,5,120
1279,2024-02-01,6,144
1281,2024-02-01,30,390
1282,2024-02-01,12,108
1284,2024-02-01,131,1179
1285,2024-02-01,103,1751
1286,2024-02-01,7,133
1287,2024-02-01,104,2288
1288,2024-02-01,5,75
1289,2024-02-01,10,110
1291,2024-02-01,122,1586
1293,2024-02-01,29,638
1294,2024-02-01,26,546
1295,2024-02-01,3,66
1296,2024-02-01,8,88
1297,2024-02-01,3,39
1298,2024-02-01,3,27
1299,2024-02-01,6,138
1301,2024-02-01,6,90
1302,2024-02-01,12,300
1303,2024-02-01,3,57
1304,2024-02-01,17,289
1305,2024-02-01,8,96
1306,2024-02-01,4,80
1307,2024-02-01,12,156
1308,2024-02-01,11,220
1309,2024-02-01,23,575
1310,2024-02-01,38,380
1311,2024-02-01,1,21
1312,2024-02-01,10,180
1314,2024-02-01,9,117
1315,2024-02-01,4,48
1317,2024-02-01,7,119
1318,2024-02-01,34,646
1319,2024-02-01,5,75
1320,2024-02-01,11,209
1321,2024-02-01,9,144
1322,2024-02-01,137,1370
1323,2024-02-01,8,80
1324,2024-02-01,9,198
1325,2024-02-01,31,465
1326,2024-02-01,7,133
1327,2024-02-01,116,2436
1328,2024-02-01,4,64
1329,2024-02-01,44,1100
1331,2024-02-01,13,143
1332,2024-02-01,3,60
1333,2024-02-01,24,408
1334,2024-02-01,22,484
1335,2024-02-01,16,400
1336,2024-02-01,9,171
1337,2024-02-01,239,5497
1338,2024-02-01,20,320
1339,2024-02-01,48,768
1340,2024-02-01,23,414
1341,2024-02-01,21,231
1342,2024-02-01,22,484
1343,2024-02-01,19,171
1344,2024-02-01,11,231
1345,2024-02-01,5,75
1346,2024-02-01,48,1056
1347,2024-02-01,4,80
1348,2024-02-01,6,138
1350,2024-02-01,37,370
1351,2024-02-01,6,144
1352,2024-02-01,32,448
1353,2024-02-01,3,45
1354,2024-02-01,3,24
1355,2024-02-01,38,722
1356,2024-02-01,5,85
1357,2024-02-01,9,198
1358,2024-02-01,98,1568
1359,2024-02-01,11,143
1361,2024-02-01,10,120
1363,2024-02-01,35,665
1364,2024-02-01,27,486
1365,2024-02-01,6,54
1366,2024-02-01,6,54
1367,2024-02-01,7,168
1369,2024-02-01,4,84
1371,2024-02-01,9,162
1372,2024-02-01,54,594
1373,2024-02-01,59,1239
1374,2024-02-01,5,100
1375,2024-02-01,135,1890
1376,2024-02-01,7,98
1377,2024-02-01,3,24
1378,2024-02-01,173,1557
1379,2024-02-01,15,360
1380,2024-02-01,5,90
1381,2024-02-01,6,114
1382,2024-02-01,6,54
1385,2024-02-01,3,57
1386,2024-02-01,8,152
1387,2024-02-01,36,360
1388,2024-02-01,20,420
1389,2024-02-01,30,510
1393,2024-02-01,15,195
1394,2024-02-01,17,340
1395,2024-02-01,9,117
1396,2024-02-01,3,30
1397,2024-02-01,6,144
1398,2024-02-01,13,247
1399,2024-02-01,1,17
1400,2024-02-01,26,338
1401,2024-02-01,3,75
1402,2024-02-01,86,1118
1403,2024-02-01,17,221
1404,2024-02-01,6,78
1405,2024-02-01,93,2232
1407,2024-02-01,5,65
1408,2024-02-01,4,68
1409,2024-02-01,17,306
1410,2024-02-01,21,462
1411,2024-02-01,10,220
1412,2024-02-01,19,418
1413,2024-02-01,11,231
1414,2024-02-01,6,72
1416,2024-02-01,4,92
1417,2024-02-01,36,576
1418,2024-02-01,23,575
1419,2024-02-01,10,170
1420,2024-02-01,243,4860
1422,2024-02-01,28,616
1423,2024-02-01,7,56
1425,2024-02-01,6,132
1426,2024-02-01,8,136
1427,2024-02-01,4,100
1428,2024-02-01,23,253
1432,2024-02-01,6,54
1433,2024-02-01,23,529
1434,2024-02-01,6,150
1435,2024-02-01,5,105
1436,2024-02-01,23,483
1437,2024-02-01,11,132
1438,2024-02-01,19,171
1439,2024-02-01,35,595
1440,2024-02-01,22,374
1441,2024-02-01,13,117
1442,2024-02-01,2,32
1443,2024-02-01,124,1736
1444,2024-02-01,39,858
1445,2024-02-01,3,24
1447,2024-02-01,26,312
1448,2024-02-01,53,901
1449,2024-02-01,1,18
1450,2024-02-01,11,99
1451,2024-02-01,9,225
1452,2024-02-01,46,828
1453,2024-02-01,5,70
1454,2024-02-01,5,90
1455,2024-02-01,10,90
1456,2024-02-01,5,55
1457,2024-02-01,50,550
1458,2024-02-01,36,900
1459,2024-02-01,4,60
1460,2024-02-01,12,156
1461,2024-02-01,4,44
1462,2024-02-01,6,72
1463,2024-02-01,5,70
1464,2024-02-01,8,192
1465,2024-02-01,7,63
1466,2024-02-01,6,78
1467,2024-02-01,8,80
1468,2024-02-01,39,546
1469,2024-02-01,4,80
1470,2024-02-01,9,117
1471,2024-02-01,148,3404
1472,2024-02-01,7,119
1473,2024-02-01,20,300
1474,2024-02-01,50,850
1475,2024-02-01,2,22
1476,2024-02-01,50,1200
1477,2024-02-01,22,330
1478,2024-02-01,12,252
1479,2024-02-01,4,96
1480,2024-02-01,6,108
1481,2024-02-01,42,1008
1483,2024-02-01,47,705
1484,2024-02-01,4,76
1485,2024-02-01,2,38
1486,2024-02-01,8,184
1487,2024-02-01,16,144
1488,2024-02-01,24,192
1489,2024-02-01,2,18
1490,2024-02-01,9,198
1491,2024-02-01,1,16
1492,2024-02-01,10,120
1493,2024-02-01,2,16
1494,2024-02-01,51,510
1495,2024-02-01,8,72
1496,2024-02-01,7,77
1497,2024-02-01,1,21
1498,2024-02-01,4,48
1499,2024-02-01,27,351
1500,2024-02-01,3,63
1501,2024-02-01,42,672
1502,2024-02-01,8,144
1503,2024-02-01,15,135
1505,2024-02-01,6,90
1506,2024-02-01,23,368
1507,2024-02-01,14,140
1508,2024-02-01,20,480
1509,2024-02-01,2,42
1510,2024-02-01,37,851
1511,2024-02-01,4,88
1512,2024-02-01,5,45
1513,2024-02-01,3,27
1514,2024-02-01,8,88
1515,2024-02-01,7,56
1516,2024-02-01,9,99
1517,2024-02-01,21,399
1518,2024-02-01,6,72
1519,2024-02-01,8,96
1520,2024-02-01,12,192
1521,2024-02-01,4,96
1522,2024-02-01,31,527
1523,2024-02-01,14,196
1524,2024-02-01,216,5184
1525,2024-02-01,28,252
1526,2024-02-01,33,726
1527,2024-02-01,4,40
1528,2024-02-01,4,84
1529,2024-02-01,5,85
1530,2024-02-01,49,1225
1531,2024-02-01,4,56
1532,2024-02-01,6,66
1533,2024-02-01,47,799
1534,2024-02-01,6,138
1536,2024-02-01,5,120
1537,2024-02-01,9,153
1538,2024-02-01,6,126
1539,2024-02-01,128,1792
1540,2024-02-01,22,550
1541,2024-02-01,90,1890
1542,2024-02-01,4,96
1543,2024-02-01,7,147
1544,2024-02-01,8,104
1545,2024-02-01,35,560
1546,2024-02-01,37,518
1547,2024-02-01,2,32
1548,2024-02-01,22,286
1549,2024-02-01,3,30
1550,2024-02-01,29,551
1551,2024-02-01,54,972
1552,2024-02-01,3,42
1553,2024-02-01,187,4114
1554,2024-02-01,47,705
1555,2024-02-01,8,88
1556,2024-02-01,6,144
1557,2024-02-01,55,935
1558,2024-02-01,13,273
1559,2024-02-01,51,459
1560,2024-02-01,26,650
1561,2024-02-01,8,192
1562,2024-02-01,5,120
1563,2024-02-01,7,91
1564,2024-02-01,22,308
1565,2024-02-01,4,48
1566,2024-02-01,2,48
1568,2024-02-01,4,92
1569,2024-02-01,140,1820
1570,2024-02-01,29,435
1571,2024-02-01,9,180
1572,2024-02-01,20,340
1573,2024-02-01,8,136
1574,2024-02-01,11,275
1575,2024-02-01,36,576
1576,2024-02-01,6,84
1577,2024-02-01,12,132
1578,2024-02-01,4,44
1579,2024-02-01,5,65
1580,2024-02-01,39,429
1581,2024-02-01,16,160
1582,2024-02-01,8,120
1583,2024-02-01,17,425
1584,2024-02-01,3,33
1585,2024-02-01,15,180
1586,2024-02-01,3,33
1587,2024-02-01,4,88
1588,2024-02-01,8,160
1589,2024-02-01,4,64
1590,2024-02-01,33,825
1591,2024-02-01,5,115
1592,2024-02-01,15,165
1593,2024-02-01,12,240
1594,2024-02-01,10,190
1595,2024-02-01,2,18
1596,2024-02-01,6,114
1597,2024-02-01,3,51
1598,2024-02-01,98,2058
1599,2024-02-01,8,104
1600,2024-02-01,14,336
1601,2024-02-01,8,80
1602,2024-02-01,55,1100
1603,2024-02-01,4,48
1604,2024-02-01,5,100
1605,2024-02-01,98,2058
1606,2024-02-01,8,104
1607,2024-02-01,15,210
1608,2024-02-01,13,130
1609,2024-02-01,99,2079
1610,2024-02-01,41,861
1611,2024-02-01,28,532
1612,2024-02-01,72,792
1613,2024-02-01,5,115
1614,2024-02-01,8,104
1615,2024-02-01,6,66
1616,2024-02-01,5,60
1617,2024-02-01,35,560
1618,2024-02-01,6,60
1619,2024-02-01,6,78
1620,2024-02-01,85,1530
1621,2024-02-01,8,200
1622,2024-02-01,7,105
1623,2024-02-01,3,75
1624,2024-02-01,3,42
1625,2024-02-01,21,462
1626,2024-02-01,43,688
1627,2024-02-01,20,400
1628,2024-02-01,10,80
1629,2024-02-01,6,84
1630,2024-02-01,117,2808
1631,2024-02-01,41,1025
1632,2024-02-01,10,190
1633,2024-02-01,10,120
1634,2024-02-01,11,242
1635,2024-02-01,25,550
1002,2024-03-01,7,147
1004,2024-03-01,3,72
1005,2024-03-01,36,432
1006,2024-03-01,3,60
1007,2024-03-01,33,297
1008,2024-03-01,28,532
1009,2024-03-01,26,286
1010,2024-03-01,6,48
1011,2024-03-01,24,576
1012,2024-03-01,47,940
1013,2024-03-01,110,2310
1015,2024-03-01,35,420
1016,2024-03-01,10,110
1017,2024-03-01,7,63
1018,2024-03-01,6,114
1020,2024-03-01,5,45
1022,2024-03-01,2,42
1025,2024-03-01,29,493
1026,2024-03-01,324,7776
1027,2024-03-01,27,675
1028,2024-03-01,8,136
1029,2024-03-01,2,40
1030,2024-03-01,17,425
1033,2024-03-01,14,336
1034,2024-03-01,10,230
1035,2024-03-01,2,50
1036,2024-03-01,8,168
1037,2024-03-01,17,136
1038,2024-03-01,16,240
1039,2024-03-01,4,96
1040,2024-03-01,49,1225
1041,2024-03-01,22,462
1042,2024-03-01,30,480
1043,2024-03-01,38,380
1044,2024-03-01,7,133
1045,2024-03-01,63,1512
1047,2024-03-01,3,33
1048,2024-03-01,13,143
1051,2024-03-01,3,63
1052,2024-03-01,12,108
1053,2024-03-01,42,756
1056,2024-03-01,12,276
1057,2024-03-01,4,96
1059,2024-03-01,146,3066
1060,2024-03-01,21,231
1061,2024-03-01,16,272
1062,2024-03-01,39,819
1063,2024-03-01,20,260
1064,2024-03-01,116,1856
1065,2024-03-01,8,64
1067,2024-03-01,8,136
1069,2024-03-01,6,48
1071,2024-03-01,1,20
1072,2024-03-01,2,46
1075,2024-03-01,4,96
1076,2024-03-01,58,638
1078,2024-03-01,26,234
1079,2024-03-01,21,441
1080,2024-03-01,5,110
1082,2024-03-01,7,105
1085,2024-03-01,14,168
1086,2024-03-01,1,25
1088,2024-03-01,8,184
1089,2024-03-01,68,1360
1091,2024-03-01,3,36
1092,2024-03-01,3,60
1093,2024-03-01,99,990
1094,2024-03-01,85,1360
1096,2024-03-01,8,152
1098,2024-03-01,45,1125
1099,2024-03-01,10,80
1100,2024-03-01,2,46
1101,2024-03-01,15,300
1102,2024-03-01,5,125
1107,2024-03-01,9,207
1108,2024-03-01,13,143
1109,2024-03-01,43,989
1110,2024-03-01,11,99
1111,2024-03-01,4,56
1112,2024-03-01,6,108
1113,2024-03-01,68,1020
1114,2024-03-01,6,72
1115,2024-03-01,136,1360
1116,2024-03-01,6,48
1117,2024-03-01,6,48
1118,2024-03-01,31,589
1120,2024-03-01,3,42
1122,2024-03-01,46,1012
1124,2024-03-01,16,160
1126,2024-03-01,7,161
1127,2024-03-01,48,384
1129,2024-03-01,5,75
1130,2024-03-01,10,120
1131,2024-03-01,6,78
1134,2024-03-01,53,1325
1135,2024-03-01,4,84
1137,2024-03-01,2,20
1138,2024-03-01,6,144
1139,2024-03-01,6,48
1140,2024-03-01,26,312
1141,2024-03-01,42,588
1142,2024-03-01,9,72
1143,2024-03-01,148,2220
1144,2024-03-01,15,345
1145,2024-03-01,3,33
1146,2024-03-01,11,242
1147,2024-03-01,24,216
1148,2024-03-01,10,160
1149,2024-03-01,11,132
1151,2024-03-01,48,768
1152,2024-03-01,10,180
1153,2024-03-01,8,168
1154,2024-03-01,47,658
1155,2024-03-01,2,48
1157,2024-03-01,55,1210
1158,2024-03-01,5,90
1159,2024-03-01,2,26
1160,2024-03-01,8,192
1161,2024-03-01,1,23
1164,2024-03-01,3,75
1167,2024-03-01,8,200
1168,2024-03-01,12,252
1170,2024-03-01,34,408
1171,2024-03-01,28,392
1172,2024-03-01,16,272
1174,2024-03-01,17,153
1175,2024-03-01,21,210
1177,2024-03-01,7,77
1178,2024-03-01,2,16
1179,2024-03-01,14,224
1181,2024-03-01,13,234
1183,2024-03-01,8,64
1184,2024-03-01,7,175
1185,2024-03-01,24,504
1186,2024-03-01,28,336
1187,2024-03-01,97,1358
1188,2024-03-01,9,198
1189,2024-03-01,40,480
1191,2024-03-01,9,126
1192,2024-03-01,26,624
1193,2024-03-01,31,775
1194,2024-03-01,13,117
1195,2024-03-01,14,182
1196,2024-03-01,17,238
1197,2024-03-01,5,125
1198,2024-03-01,40,320
1199,2024-03-01,38,456
1200,2024-03-01,192,4032
1202,2024-03-01,5,65
1203,2024-03-01,43,688
1204,2024-03-01,3,66
1205,2024-03-01,6,132
1207,2024-03-01,11,110
1208,2024-03-01,27,270
1209,2024-03-01,13,234
1210,2024-03-01,3,66
1211,2024-03-01,10,200
1212,2024-03-01,21,189
1213,2024-03-01,147,2352
1214,2024-03-01,3,54
1216,2024-03-01,4,64
1218,2024-03-01,7,91
1219,2024-03-01,8,176
1221,2024-03-01,27,621
1222,2024-03-01,31,713
1223,2024-03-01,46,782
1224,2024-03-01,14,182
1225,2024-03-01,2,34
1226,2024-03-01,5,45
1227,2024-03-01,10,100
1229,2024-03-01,12,228
1231,2024-03-01,37,777
1232,2024-03-01,2,20
1233,2024-03-01,6,132
1234,2024-03-01,82,902
1235,2024-03-01,7,133
1236,2024-03-01,9,225
1237,2024-03-01,4,32
1238,2024-03-01,6,126
1239,2024-03-01,9,216
1240,2024-03-01,5,55
1241,2024-03-01,5,50
1242,2024-03-01,15,165
1244,2024-03-01,7,56
1245,2024-03-01,12,264
1246,2024-03-01,6,72
1247,2024-03-01,3,60
1249,2024-03-01,4,80
1250,2024-03-01,13,208
1251,2024-03-01,6,114
1252,2024-03-01,9,162
1253,2024-03-01,3,51
1254,2024-03-01,9,126
1256,2024-03-01,8,168
1257,2024-03-01,3,63
1258,2024-03-01,17,153
1259,2024-03-01,138,1794
1261,2024-03-01,184,3864
1262,2024-03-01,347,3470
1263,2024-03-01,7,119
1264,2024-03-01,49,588
1265,2024-03-01,35,385
1266,2024-03-01,63,1008
1267,2024-03-01,15,240
1268,2024-03-01,77,1617
1270,2024-03-01,97,2037
1271,2024-03-01,14,252
1272,2024-03-01,75,1050
1273,2024-03-01,13,130
1274,2024-03-01,169,3549
1275,2024-03-01,98,882
1276,2024-03-01,12,288
1278,2024-03-01,5,75
1279,2024-03-01,5,40
1281,2024-03-01,27,675
1282,2024-03-01,12,180
1284,2024-03-01,146,3358
1285,2024-03-01,114,1482
1286,2024-03-01,5,115
1287,2024-03-01,95,760
1288,2024-03-01,6,150
1289,2024-03-01,8,128
1291,2024-03-01,113,1130
1293,2024-03-01,32,352
1295,2024-03-01,3,63
1296,2024-03-01,9,144
1297,2024-03-01,3,63
1298,2024-03-01,4,60
1299,2024-03-01,5,60
1301,2024-03-01,7,77
1302,2024-03-01,11,231
1303,2024-03-01,2,30
1304,2024-03-01,16,304
1305,2024-03-01,8,64
1306,2024-03-01,8,96
1307,2024-03-01,11,220
1308,2024-03-01,9,81
1309,2024-03-01,25,600
1310,2024-03-01,41,943
1311,2024-03-01,2,28
1312,2024-03-01,9,72
1314,2024-03-01,10,160
1315,2024-03-01,8,160
1317,2024-03-01,6,96
1318,2024-03-01,32,768
1319,2024-03-01,6,120
1320,2024-03-01,13,117
1321,2024-03-01,7,77
1322,2024-03-01,144,2448
1323,2024-03-01,9,72
1324,2024-03-01,9,180
1325,2024-03-01,29,725
1326,2024-03-01,6,66
1327,2024-03-01,91,2093
1328,2024-03-01,5,70
1329,2024-03-01,35,280
1331,2024-03-01,15,135
1332,2024-03-01,3,45
1333,2024-03-01,22,220
1334,2024-03-01,18,234
1335,2024-03-01,13,143
1336,2024-03-01,6,96
1337,2024-03-01,229,1832
1338,2024-03-01,21,420
1339,2024-03-01,49,588
1340,2024-03-01,21,378
1341,2024-03-01,26,390
1342,2024-03-01,25,500
1343,2024-03-01,22,264
1344,2024-03-01,9,225
1346,2024-03-01,44,440
1347,2024-03-01,4,56
1348,2024-03-01,8,184
1350,2024-03-01,29,348
1351,2024-03-01,6,114
1352,2024-03-01,35,770
1353,2024-03-01,3,54
1354,2024-03-01,3,66
1355,2024-03-01,43,1075
1356,2024-03-01,5,105
1357,2024-03-01,8,144
1358,2024-03-01,105,945
1359,2024-03-01,10,210
1361,2024-03-01,9,117
1363,2024-03-01,43,688
1364,2024-03-01,24,288
1365,2024-03-01,6,126
1366,2024-03-01,6,72
1367,2024-03-01,7,126
1369,2024-03-01,4,76
1371,2024-03-01,7,112
1372,2024-03-01,55,715
1373,2024-03-01,75,1125
1374,2024-03-01,6,150
1375,2024-03-01,163,1630
1376,2024-03-01,6,48
1377,2024-03-01,3,72
1378,2024-03-01,162,2916
1379,2024-03-01,14,182
1380,2024-03-01,5,45
1381,2024-03-01,7,175
1382,2024-03-01,7,77
1385,2024-03-01,3,66
1386,2024-03-01,8,104
1387,2024-03-01,32,256
1388,2024-03-01,19,190
1389,2024-03-01,33,561
1393,2024-03-01,16,320
1394,2024-03-01,14,266
1395,2024-03-01,10,130
1396,2024-03-01,3,30
1397,2024-03-01,6,114
1398,2024-03-01,13,325
1399,2024-03-01,1,18
1400,2024-03-01,29,290
1402,2024-03-01,106,1802
1403,2024-03-01,15,255
1404,2024-03-01,7,175
1405,2024-03-01,118,2714
1407,2024-03-01,7,56
1408,2024-03-01,3,30
1409,2024-03-01,21,378
1410,2024-03-01,24,240
1411,2024-03-01,12,252
1412,2024-03-01,27,459
1413,2024-03-01,11,187
1414,2024-03-01,7,105
1416,2024-03-01,3,39
1417,2024-03-01,44,1056
1418,2024-03-01,17,238
1419,2024-03-01,9,207
1420,2024-03-01,200,2400
1422,2024-03-01,35,700
1423,2024-03-01,6,78
1425,2024-03-01,5,50
1426,2024-03-01,8,128
1427,2024-03-01,5,85
1428,2024-03-01,10,250
1432,2024-03-01,6,96
1433,2024-03-01,21,399
1434,2024-03-01,6,48
1435,2024-03-01,5,70
1436,2024-03-01,29,638
1437,2024-03-01,9,117
1438,2024-03-01,15,195
1439,2024-03-01,32,672
1440,2024-03-01,19,228
1441,2024-03-01,17,340
1442,2024-03-01,2,26
1443,2024-03-01,116,928
1444,2024-03-01,30,330
1445,2024-03-01,3,45
1447,2024-03-01,25,550
1448,2024-03-01,52,520
1449,2024-03-01,1,17
1450,2024-03-01,13,299
1451,2024-03-01,9,180
1452,2024-03-01,41,369
1453,2024-03-01,5,110
1455,2024-03-01,12,288
1456,2024-03-01,6,150
1457,2024-03-01,41,574
1458,2024-03-01,32,544
1459,2024-03-01,4,40
1460,2024-03-01,10,150
1461,2024-03-01,4,88
1462,2024-03-01,6,150
1463,2024-03-01,4,88
1464,2024-03-01,8,112
1465,2024-03-01,8,192
1466,2024-03-01,6,72
1468,2024-03-01,30,750
1469,2024-03-01,4,36
1470,2024-03-01,4,72
1471,2024-03-01,96,2400
1472,2024-03-01,6,132
1473,2024-03-01,23,483
1474,2024-03-01,39,702
1475,2024-03-01,3,60
1476,2024-03-01,69,1518
1477,2024-03-01,23,345
1478,2024-03-01,9,135
1479,2024-03-01,3,63
1480,2024-03-01,5,85
1481,2024-03-01,40,1000
1483,2024-03-01,45,630
1484,2024-03-01,7,98
1485,2024-03-01,2,26
1486,2024-03-01,8,96
1487,2024-03-01,14,252
1488,2024-03-01,27,351
1489,2024-03-01,2,38
1490,2024-03-01,9,162
1491,2024-03-01,1,15
1492,2024-03-01,10,200
1493,2024-03-01,2,34
1494,2024-03-01,40,720
1495,2024-03-01,8,72
1496,2024-03-01,7,63
1497,2024-03-01,1,23
1498,2024-03-01,3,63
1499,2024-03-01,24,312
1500,2024-03-01,2,50
1501,2024-03-01,39,741
1502,2024-03-01,7,175
1503,2024-03-01,13,286
1505,2024-03-01,5,95
1507,2024-03-01,16,336
1508,2024-03-01,18,342
1509,2024-03-01,2,16
1510,2024-03-01,24,384
1511,2024-03-01,4,44
1512,2024-03-01,5,45
1513,2024-03-01,3,45
1514,2024-03-01,9,189
1515,2024-03-01,7,147
1516,2024-03-01,8,88
1517,2024-03-01,19,228
1518,2024-03-01,4,76
1519,2024-03-01,7,175
1520,2024-03-01,14,210
1521,2024-03-01,5,85
1522,2024-03-01,32,672
1523,2024-03-01,17,255
1524,2024-03-01,183,2745
1525,2024-03-01,33,330
1526,2024-03-01,32,384
1527,2024-03-01,4,100
1528,2024-03-01,9,153
1529,2024-03-01,4,96
1530,2024-03-01,47,1128
1531,2024-03-01,4,84
1532,2024-03-01,6,132
1533,2024-03-01,33,264
1534,2024-03-01,8,168
1536,2024-03-01,6,60
1537,2024-03-01,8,136
1539,2024-03-01,192,2880
1540,2024-03-01,24,264
1541,2024-03-01,71,568
1542,2024-03-01,5,105
1543,2024-03-01,7,56
1544,2024-03-01,8,120
1545,2024-03-01,37,888
1546,2024-03-01,26,650
1547,2024-03-01,3,60
1548,2024-03-01,22,308
1549,2024-03-01,3,48
1550,2024-03-01,32,512
1551,2024-03-01,50,600
1552,2024-03-01,5,65
1553,2024-03-01,177,1947
1554,2024-03-01,47,423
1555,2024-03-01,7,98
1556,2024-03-01,5,40
1557,2024-03-01,43,817
1558,2024-03-01,14,168
1559,2024-03-01,45,630
1560,2024-03-01,29,406
1561,2024-03-01,8,64
1562,2024-03-01,6,96
1563,2024-03-01,8,200
1564,2024-03-01,23,207
1565,2024-03-01,4,32
1566,2024-03-01,3,33
1568,2024-03-01,4,68
1569,2024-03-01,138,1380
1570,2024-03-01,27,432
1571,2024-03-01,11,99
1572,2024-03-01,24,240
1573,2024-03-01,10,210
1574,2024-03-01,14,280
1575,2024-03-01,40,800
1576,2024-03-01,6,114
1577,2024-03-01,12,156
1578,2024-03-01,5,120
1579,2024-03-01,4,36
1580,2024-03-01,41,779
1581,2024-03-01,19,475
1582,2024-03-01,9,72
1583,2024-03-01,9,225
1585,2024-03-01,13,117
1586,2024-03-01,3,72
1587,2024-03-01,3,51
1588,2024-03-01,7,70
1589,2024-03-01,3,36
1590,2024-03-01,38,950
1591,2024-03-01,7,77
1592,2024-03-01,17,187
1593,2024-03-01,10,170
1594,2024-03-01,11,231
1595,2024-03-01,2,22
1596,2024-03-01,8,128
1597,2024-03-01,4,44
1598,2024-03-01,92,2208
1599,2024-03-01,9,108
1600,2024-03-01,17,204
1601,2024-03-01,8,128
1602,2024-03-01,49,637
1603,2024-03-01,3,69
1604,2024-03-01,4,36
1605,2024-03-01,104,2080
1606,2024-03-01,10,200
1607,2024-03-01,15,300
1608,2024-03-01,11,110
1609,2024-03-01,85,2040
1610,2024-03-01,36,288
1611,2024-03-01,24,552
1612,2024-03-01,95,1235
1613,2024-03-01,5,90
1614,2024-03-01,6,72
1615,2024-03-01,6,150
1616,2024-03-01,4,76
1617,2024-03-01,33,660
1619,2024-03-01,5,90
1620,2024-03-01,88,1408
1621,2024-03-01,7,161
1622,2024-03-01,7,168
1623,2024-03-01,4,32
1624,2024-03-01,3,54
1625,2024-03-01,16,336
1626,2024-03-01,38,608
1627,2024-03-01,22,264
1628,2024-03-01,10,170
1629,2024-03-01,6,114
1630,2024-03-01,109,1526
1631,2024-03-01,41,656
1632,2024-03-01,10,190
1634,2024-03-01,13,312
1635,2024-03-01,27,648
1636,2024-03-01,20,280
1637,2024-03-01,5,70
1638,2024-03-01,33,759
1639,2024-03-01,5,80
1640,2024-03-01,35,455
1641,2024-03-01,10,110
1642,2024-03-01,6,102
1643,2024-03-01,2,18
1644,2024-03-01,10,180
1645,2024-03-01,8,112
1646,2024-03-01,80,1280
1647,2024-03-01,14,294
1648,2024-03-01,3,57
1649,2024-03-01,3,27
1650,2024-03-01,57,513
1651,2024-03-01,9,135
1652,2024-03-01,6,96
1653,2024-03-01,20,180
1654,2024-03-01,2,36
1655,2024-03-01,22,220
1656,2024-03-01,43,387
1657,2024-03-01,65,1430
1658,2024-03-01,28,420
1659,2024-03-01,7,84
1660,2024-03-01,7,168
1661,2024-03-01,6,144
1662,2024-03-01,11,264
1663,2024-03-01,7,63
1664,2024-03-01,13,260
1665,2024-03-01,8,104
1666,2024-03-01,6,96
1667,2024-03-01,18,144
1668,2024-03-01,3,72
1669,2024-03-01,11,275
1670,2024-03-01,4,100
1671,2024-03-01,6,132
1672,2024-03-01,19,152
1673,2024-03-01,2,38
1674,2024-03-01,13,182
1675,2024-03-01,5,90
1676,2024-03-01,6,90
1677,2024-03-01,13,247
1678,2024-03-01,20,440
1679,2024-03-01,12,132
1680,2024-03-01,3,42
1002,2024-04-01,5,40
1004,2024-04-01,3,27
1005,2024-04-01,36,792
1006,2024-04-01,3,45
1007,2024-04-01,32,736
1008,2024-04-01,28,420
1009,2024-04-01,27,378
1010,2024-04-01,5,65
1011,2024-04-01,23,299
1012,2024-04-01,46,644
1013,2024-04-01,132,1848
1016,2024-04-01,9,135
1017,2024-04-01,7,161
1018,2024-04-01,8,152
1020,2024-04-01,6,144
1022,2024-04-01,3,57
1025,2024-04-01,32,704
1026,2024-04-01,299,2392
1027,2024-04-01,23,368
1028,2024-04-01,7,126
1029,2024-04-01,3,33
1033,2024-04-01,14,280
1034,2024-04-01,12,288
1035,2024-04-01,2,16
1036,2024-04-01,8,184
1037,2024-04-01,19,456
1038,2024-04-01,16,240
1039,2024-04-01,4,88
1040,2024-04-01,41,697
1041,2024-04-01,28,448
1042,2024-04-01,35,490
1043,2024-04-01,41,615
1044,2024-04-01,6,84
1045,2024-04-01,55,935
1047,2024-04-01,4,68
1048,2024-04-01,13,117
1051,2024-04-01,5,60
1052,2024-04-01,10,130
1053,2024-04-01,43,989
1056,2024-04-01,13,260
1057,2024-04-01,4,60
1059,2024-04-01,130,2860
1060,2024-04-01,20,500
1062,2024-04-01,37,444
1063,2024-04-01,19,456
1064,2024-04-01,141,2961
1065,2024-04-01,8,96
1067,2024-04-01,6,102
1069,2024-04-01,7,91
1071,2024-04-01,2,34
1072,2024-04-01,2,38
1075,2024-04-01,4,48
1076,2024-04-01,57,855
1078,2024-04-01,28,420
1079,2024-04-01,22,418
1080,2024-04-01,5,105
1082,2024-04-01,5,65
1085,2024-04-01,12,240
1088,2024-04-01,10,240
1089,2024-04-01,68,1700
1091,2024-04-01,2,26
1092,2024-04-01,3,51
1093,2024-04-01,101,2525
1094,2024-04-01,91,2093
1096,2024-04-01,7,98
1098,2024-04-01,46,552
1099,2024-04-01,11,154
1100,2024-04-01,2,38
1101,2024-04-01,13,299
1102,2024-04-01,5,75
1107,2024-04-01,10,120
1108,2024-04-01,12,168
1109,2024-04-01,42,1008
1110,2024-04-01,10,80
1111,2024-04-01,5,110
1112,2024-04-01,6,54
1113,2024-04-01,51,1020
1114,2024-04-01,7,77
1115,2024-04-01,119,1785
1116,2024-04-01,7,77
1117,2024-04-01,6,120
1118,2024-04-01,34,612
1120,2024-04-01,3,33
1122,2024-04-01,49,1078
1124,2024-04-01,13,182
1126,2024-04-01,10,100
1127,2024-04-01,51,1122
1129,2024-04-01,4,56
1130,2024-04-01,10,80
1131,2024-04-01,7,63
1134,2024-04-01,55,495
1137,2024-04-01,2,20
1138,2024-04-01,8,128
1139,2024-04-01,5,110
1140,2024-04-01,23,230
1141,2024-04-01,45,765
1142,2024-04-01,8,112
1143,2024-04-01,131,2882
1144,2024-04-01,17,289
1146,2024-04-01,9,108
1147,2024-04-01,27,216
1148,2024-04-01,10,80
1151,2024-04-01,36,828
1152,2024-04-01,12,156
1153,2024-04-01,9,153
1154,2024-04-01,37,518
1155,2024-04-01,1,20
1157,2024-04-01,50,850
1158,2024-04-01,5,75
1159,2024-04-01,2,32
1160,2024-04-01,9,216
1161,2024-04-01,1,20
1164,2024-04-01,3,30
1167,2024-04-01,10,100
1168,2024-04-01,9,144
1170,2024-04-01,37,555
1171,2024-04-01,27,243
1172,2024-04-01,19,323
1174,2024-04-01,14,308
1175,2024-04-01,19,475
1177,2024-04-01,7,154
1178,2024-04-01,2,22
1179,2024-04-01,15,270
1181,2024-04-01,15,135
1183,2024-04-01,6,102
1184,2024-04-01,6,138
1185,2024-04-01,26,286
1186,2024-04-01,28,420
1187,2024-04-01,87,1131
1188,2024-04-01,10,130
1189,2024-04-01,38,494
1191,2024-04-01,10,130
1192,2024-04-01,25,400
1193,2024-04-01,34,374
1194,2024-04-01,18,288
1195,2024-04-01,14,196
1196,2024-04-01,16,336
1197,2024-04-01,5,65
1198,2024-04-01,37,703
1199,2024-04-01,39,741
1200,2024-04-01,204,2652
1202,2024-04-01,5,100
1203,2024-04-01,36,900
1205,2024-04-01,6,90
1207,2024-04-01,11,209
1208,2024-04-01,28,532
1209,2024-04-01,12,144
1210,2024-04-01,3,36
1211,2024-04-01,7,63
1212,2024-04-01,20,400
1213,2024-04-01,165,1485
1214,2024-04-01,2,16
1216,2024-04-01,4,96
1218,2024-04-01,10,250
1219,2024-04-01,8,144
1221,2024-04-01,30,570
1222,2024-04-01,29,725
1223,2024-04-01,55,1265
1224,2024-04-01,15,180
1225,2024-04-01,2,30
1226,2024-04-01,7,168
1227,2024-04-01,8,192
1229,2024-04-01,13,130
1231,2024-04-01,35,840
1232,2024-04-01,2,38
1233,2024-04-01,6,72
1234,2024-04-01,65,1300
1235,2024-04-01,8,72
1236,2024-04-01,9,171
1237,2024-04-01,3,69
1238,2024-04-01,5,75
1239,2024-04-01,8,184
1240,2024-04-01,4,40
1241,2024-04-01,3,39
1242,2024-04-01,15,255
1244,2024-04-01,9,216
1245,2024-04-01,7,133
1246,2024-04-01,7,56
1247,2024-04-01,2,22
1249,2024-04-01,4,40
1250,2024-04-01,14,196
1251,2024-04-01,5,70
1252,2024-04-01,10,220
1253,2024-04-01,3,45
1254,2024-04-01,8,200
1256,2024-04-01,10,180
1257,2024-04-01,2,20
1258,2024-04-01,17,204
1259,2024-04-01,170,2210
1261,2024-04-01,252,6300
1262,2024-04-01,370,9250
1263,2024-04-01,9,135
1264,2024-04-01,52,936
1265,2024-04-01,53,1060
1266,2024-04-01,75,1650
1267,2024-04-01,16,192
1268,2024-04-01,71,1349
1270,2024-04-01,91,1547
1271,2024-04-01,9,108
1272,2024-04-01,109,2289
1273,2024-04-01,12,300
1274,2024-04-01,122,1098
1275,2024-04-01,115,1380
1276,2024-04-01,12,240
1278,2024-04-01,4,88
1279,2024-04-01,6,66
1281,2024-04-01,35,280
1282,2024-04-01,10,190
1284,2024-04-01,138,2622
1285,2024-04-01,115,1495
1286,2024-04-01,6,114
1287,2024-04-01,118,1062
1288,2024-04-01,6,84
1289,2024-04-01,8,136
1291,2024-04-01,109,1308
1293,2024-04-01,29,696
1295,2024-04-01,3,39
1296,2024-04-01,6,60
1297,2024-04-01,3,66
1298,2024-04-01,3,72
1299,2024-04-01,6,84
1301,2024-04-01,5,115
1302,2024-04-01,10,250
1303,2024-04-01,2,24
1304,2024-04-01,13,260
1305,2024-04-01,4,96
1306,2024-04-01,7,70
1307,2024-04-01,11,99
1308,2024-04-01,10,110
1309,2024-04-01,23,483
1310,2024-04-01,38,950
1311,2024-04-01,1,8
1312,2024-04-01,11,154
1314,2024-04-01,10,80
1315,2024-04-01,11,143
1317,2024-04-01,7,77
1318,2024-04-01,33,396
1319,2024-04-01,7,91
1320,2024-04-01,12,156
1321,2024-04-01,8,136
1322,2024-04-01,95,1900
1323,2024-04-01,9,216
1324,2024-04-01,9,144
1325,2024-04-01,34,544
1326,2024-04-01,6,144
1327,2024-04-01,127,2032
1328,2024-04-01,4,80
1329,2024-04-01,44,1012
1331,2024-04-01,13,221
1332,2024-04-01,4,52
1333,2024-04-01,20,160
1334,2024-04-01,18,288
1335,2024-04-01,13,117
1336,2024-04-01,7,91
1337,2024-04-01,231,4158
1338,2024-04-01,17,374
1339,2024-04-01,69,1311
1340,2024-04-01,23,345
1341,2024-04-01,28,420
1342,2024-04-01,22,220
1343,2024-04-01,26,468
1344,2024-04-01,8,72
1346,2024-04-01,44,924
1347,2024-04-01,3,27
1348,2024-04-01,9,117
1350,2024-04-01,36,468
1351,2024-04-01,6,102
1352,2024-04-01,34,306
1353,2024-04-01,3,60
1354,2024-04-01,2,16
1355,2024-04-01,38,494
1356,2024-04-01,4,40
1357,2024-04-01,9,207
1358,2024-04-01,92,1104
1359,2024-04-01,13,156
1361,2024-04-01,8,144
1363,2024-04-01,50,400
1364,2024-04-01,14,280
1365,2024-04-01,7,126
1366,2024-04-01,5,90
1367,2024-04-01,3,51
1369,2024-04-01,5,50
1371,2024-04-01,6,132
1372,2024-04-01,56,1008
1373,2024-04-01,44,792
1374,2024-04-01,6,48
1375,2024-04-01,155,1550
1376,2024-04-01,7,154
1377,2024-04-01,3,36
1378,2024-04-01,192,3840
1379,2024-04-01,16,384
1380,2024-04-01,5,60
1381,2024-04-01,7,56
1382,2024-04-01,3,33
1385,2024-04-01,4,40
1386,2024-04-01,9,162
1387,2024-04-01,37,814
1388,2024-04-01,21,168
1389,2024-04-01,33,594
1393,2024-04-01,16,368
1394,2024-04-01,18,180
1395,2024-04-01,10,190
1396,2024-04-01,3,39
1397,2024-04-01,7,70
1398,2024-04-01,18,216
1399,2024-04-01,1,18
1400,2024-04-01,27,567
1402,2024-04-01,82,1066
1403,2024-04-01,17,323
1404,2024-04-01,6,132
1405,2024-04-01,101,1919
1407,2024-04-01,8,160
1408,2024-04-01,3,69
1409,2024-04-01,24,456
1410,2024-04-01,28,224
1411,2024-04-01,9,126
1412,2024-04-01,22,220
1413,2024-04-01,11,187
1414,2024-04-01,7,56
1416,2024-04-01,4,68
1417,2024-04-01,53,848
1419,2024-04-01,9,117
1420,2024-04-01,243,4131
1422,2024-04-01,37,333
1423,2024-04-01,7,168
1425,2024-04-01,5,120
1426,2024-04-01,5,50
1427,2024-04-01,5,60
1428,2024-04-01,29,232
1432,2024-04-01,6,48
1433,2024-04-01,23,230
1434,2024-04-01,6,132
1435,2024-04-01,6,48
1436,2024-04-01,32,352
1437,2024-04-01,11,154
1438,2024-04-01,17,425
1439,2024-04-01,30,690
1440,2024-04-01,19,323
1441,2024-04-01,16,336
1442,2024-04-01,2,16
1443,2024-04-01,136,2448
1444,2024-04-01,30,300
1445,2024-04-01,2,30
1447,2024-04-01,25,425
1448,2024-04-01,41,328
1449,2024-04-01,1,17
1450,2024-04-01,13,234
1451,2024-04-01,10,120
1452,2024-04-01,41,902
1453,2024-04-01,5,45
1455,2024-04-01,11,231
1456,2024-04-01,7,147
1457,2024-04-01,50,550
1458,2024-04-01,26,494
1460,2024-04-01,12,276
1461,2024-04-01,4,72
1462,2024-04-01,5,40
1464,2024-04-01,8,112
1465,2024-04-01,8,128
1466,2024-04-01,6,132
1468,2024-04-01,28,252
1469,2024-04-01,3,36
1470,2024-04-01,5,50
1471,2024-04-01,76,1444
1473,2024-04-01,23,230
1474,2024-04-01,56,1176
1475,2024-04-01,2,30
1476,2024-04-01,85,1105
1477,2024-04-01,20,440
1478,2024-04-01,6,90
1479,2024-04-01,3,72
1480,2024-04-01,2,34
1481,2024-04-01,37,407
1483,2024-04-01,41,738
1484,2024-04-01,6,150
1485,2024-04-01,2,44
1486,2024-04-01,7,147
1487,2024-04-01,14,322
1488,2024-04-01,24,456
1489,2024-04-01,3,51
1490,2024-04-01,11,88
1491,2024-04-01,1,12
1492,2024-04-01,9,90
1493,2024-04-01,3,69
1494,2024-04-01,41,574
1495,2024-04-01,7,168
1496,2024-04-01,6,60
1497,2024-04-01,1,18
1498,2024-04-01,3,51
1499,2024-04-01,25,400
1500,2024-04-01,2,42
1501,2024-04-01,34,748
1502,2024-04-01,7,77
1503,2024-04-01,17,306
1505,2024-04-01,5,100
1507,2024-04-01,12,120
1508,2024-04-01,15,345
1509,2024-04-01,2,42
1510,2024-04-01,27,270
1511,2024-04-01,4,100
1512,2024-04-01,5,60
1513,2024-04-01,2,28
1514,2024-04-01,11,110
1515,2024-04-01,6,114
1516,2024-04-01,7,168
1517,2024-04-01,23,299
1518,2024-04-01,4,92
1519,2024-04-01,7,91
1520,2024-04-01,11,143
1521,2024-04-01,5,110
1522,2024-04-01,27,378
1523,2024-04-01,15,375
1524,2024-04-01,226,2712
1525,2024-04-01,30,450
1526,2024-04-01,45,540
1527,2024-04-01,4,64
1528,2024-04-01,8,152
1529,2024-04-01,5,80
1530,2024-04-01,77,770
1531,2024-04-01,3,42
1532,2024-04-01,7,140
1533,2024-04-01,36,432
1534,2024-04-01,6,78
1536,2024-04-01,6,120
1537,2024-04-01,9,216
1539,2024-04-01,181,1629
1540,2024-04-01,22,528
1541,2024-04-01,50,1050
1542,2024-04-01,4,72
1543,2024-04-01,7,70
1544,2024-04-01,7,140
1545,2024-04-01,38,646
1546,2024-04-01,29,493
1548,2024-04-01,21,189
1549,2024-04-01,3,72
1550,2024-04-01,32,640
1551,2024-04-01,49,980
1553,2024-04-01,138,1932
1554,2024-04-01,39,780
1555,2024-04-01,5,110
1556,2024-04-01,5,75
1557,2024-04-01,39,741
1558,2024-04-01,15,270
1559,2024-04-01,55,550
1561,2024-04-01,7,154
1562,2024-04-01,6,150
1563,2024-04-01,7,84
1564,2024-04-01,29,580
1565,2024-04-01,2,50
1566,2024-04-01,3,42
1568,2024-04-01,4,32
1569,2024-04-01,121,1089
1570,2024-04-01,24,192
1571,2024-04-01,6,138
1572,2024-04-01,28,532
1573,2024-04-01,7,63
1574,2024-04-01,14,154
1575,2024-04-01,37,296
1576,2024-04-01,4,32
1577,2024-04-01,11,242
1578,2024-04-01,5,70
1579,2024-04-01,4,52
1580,2024-04-01,36,648
1581,2024-04-01,19,266
1582,2024-04-01,10,230
1583,2024-04-01,12,288
1585,2024-04-01,35,385
1586,2024-04-01,4,60
1587,2024-04-01,4,84
1588,2024-04-01,6,96
1589,2024-04-01,3,48
1590,2024-04-01,39,936
1591,2024-04-01,6,66
1592,2024-04-01,16,160
1593,2024-04-01,14,182
1594,2024-04-01,11,209
1595,2024-04-01,2,40
1596,2024-04-01,6,144
1597,2024-04-01,4,64
1598,2024-04-01,100,2400
1599,2024-04-01,9,117
1600,2024-04-01,14,252
1601,2024-04-01,9,198
1602,2024-04-01,62,992
1603,2024-04-01,4,88
1604,2024-04-01,4,48
1605,2024-04-01,90,990
1606,2024-04-01,12,300
1607,2024-04-01,14,238
1608,2024-04-01,10,100
1609,2024-04-01,76,912
1610,2024-04-01,38,456
1611,2024-04-01,25,475
1612,2024-04-01,79,869
1613,2024-04-01,4,88
1614,2024-04-01,6,48
1615,2024-04-01,9,171
1616,2024-04-01,4,32
1617,2024-04-01,35,490
1619,2024-04-01,5,75
1620,2024-04-01,100,2300
1621,2024-04-01,6,108
1622,2024-04-01,9,144
1623,2024-04-01,3,75
1624,2024-04-01,3,60
1625,2024-04-01,17,221
1626,2024-04-01,33,759
1627,2024-04-01,19,190
1628,2024-04-01,9,81
1629,2024-04-01,5,40
1630,2024-04-01,154,2772
1631,2024-04-01,43,903
1634,2024-04-01,12,204
1635,2024-04-01,37,851
1636,2024-04-01,24,288
1637,2024-04-01,5,40
1638,2024-04-01,25,625
1639,2024-04-01,5,85
1640,2024-04-01,48,384
1641,2024-04-01,8,160
1642,2024-04-01,4,40
1643,2024-04-01,2,24
1644,2024-04-01,8,168
1645,2024-04-01,7,70
1646,2024-04-01,60,1500
1647,2024-04-01,11,176
1648,2024-04-01,3,69
1649,2024-04-01,4,56
1650,2024-04-01,51,663
1651,2024-04-01,7,161
1652,2024-04-01,6,114
1653,2024-04-01,21,252
1654,2024-04-01,3,24
1655,2024-04-01,22,242
1656,2024-04-01,46,1104
1657,2024-04-01,62,744
1658,2024-04-01,36,900
1659,2024-04-01,6,108
1660,2024-04-01,7,133
1661,2024-04-01,5,95
1662,2024-04-01,10,250
1663,2024-04-01,6,126
1664,2024-04-01,14,280
1665,2024-04-01,6,120
1666,2024-04-01,5,50
1667,2024-04-01,20,220
1668,2024-04-01,3,24
1669,2024-04-01,9,189
1670,2024-04-01,4,100
1671,2024-04-01,7,119
1672,2024-04-01,20,280
1673,2024-04-01,2,40
1674,2024-04-01,16,304
1675,2024-04-01,6,126
1676,2024-04-01,6,78
1677,2024-04-01,15,165
1678,2024-04-01,18,234
1679,2024-04-01,10,250
1680,2024-04-01,3,24
1681,2024-04-01,17,170
1682,2024-04-01,3,75
1683,2024-04-01,11,187
1684,2024-04-01,28,700
1685,2024-04-01,164,2132
1686,2024-04-01,12,252
1687,2024-04-01,10,120
1688,2024-04-01,3,27
1689,2024-04-01,89,1424
1690,2024-04-01,5,110
1691,2024-04-01,4,36
1692,2024-04-01,2,24
1693,2024-04-01,4,56
1694,2024-04-01,12,144
1695,2024-04-01,5,110
1696,2024-04-01,5,50
1697,2024-04-01,46,1104
1698,2024-04-01,22,264
1699,2024-04-01,34,272
1700,2024-04-01,3,24
1701,2024-04-01,3,66
1702,2024-04-01,5,120
1703,2024-04-01,9,135
1704,2024-04-01,3,51
1705,2024-04-01,7,133
1706,2024-04-01,4,40
1707,2024-04-01,7,56
1708,2024-04-01,146,1168
1709,2024-04-01,12,156
1710,2024-04-01,4,60
1711,2024-04-01,162,3240
1712,2024-04-01,4,80
1713,2024-04-01,4,40
1714,2024-04-01,96,960
1715,2024-04-01,11,231
1716,2024-04-01,4,92
1717,2024-04-01,12,264
1718,2024-04-01,8,192
1719,2024-04-01,20,220
1720,2024-04-01,12,252
1721,2024-04-01,18,360
1722,2024-04-01,23,276
1723,2024-04-01,6,72
1724,2024-04-01,3,39
1725,2024-04-01,166,1494
1726,2024-04-01,3,27
1727,2024-04-01,6,90
1728,2024-04-01,10,120
1729,2024-04-01,13,182
1730,2024-04-01,3,54
1731,2024-04-01,27,351
1732,2024-04-01,6,114
1733,2024-04-01,62,1426
1734,2024-04-01,10,210
1002,2024-05-01,7,154
1004,2024-05-01,2,34
1005,2024-05-01,29,319
1006,2024-05-01,3,63
1007,2024-05-01,27,297
1008,2024-05-01,30,570
1009,2024-05-01,26,572
1010,2024-05-01,5,45
1011,2024-05-01,21,504
1012,2024-05-01,55,1155
1013,2024-05-01,161,2415
1016,2024-05-01,8,112
1017,2024-05-01,6,114
1018,2024-05-01,8,136
1020,2024-05-01,5,105
1022,2024-05-01,3,51
1025,2024-05-01,27,540
1026,2024-05-01,242,1936
1027,2024-05-01,34,680
1028,2024-05-01,7,175
1029,2024-05-01,2,20
1033,2024-05-01,14,336
1034,2024-05-01,11,154
1035,2024-05-01,2,20
1036,2024-05-01,7,98
1037,2024-05-01,18,360
1038,2024-05-01,15,300
1039,2024-05-01,4,100
1040,2024-05-01,37,444
1041,2024-05-01,22,418
1042,2024-05-01,28,476
1043,2024-05-01,39,936
1044,2024-05-01,6,78
1045,2024-05-01,62,1178
1047,2024-05-01,4,88
1048,2024-05-01,12,276
1051,2024-05-01,3,39
1052,2024-05-01,12,252
1053,2024-05-01,50,1150
1056,2024-05-01,11,209
1057,2024-05-01,4,40
1059,2024-05-01,167,2004
1060,2024-05-01,19,323
1062,2024-05-01,47,470
1063,2024-05-01,23,552
1064,2024-05-01,141,1833
1065,2024-05-01,7,98
1067,2024-05-01,3,66
1069,2024-05-01,7,70
1071,2024-05-01,2,44
1072,2024-05-01,2,50
1075,2024-05-01,4,56
1076,2024-05-01,58,1392
1078,2024-05-01,30,720
1079,2024-05-01,24,360
1080,2024-05-01,7,161
1082,2024-05-01,6,108
1085,2024-05-01,15,315
1088,2024-05-01,10,190
1089,2024-05-01,68,1496
1091,2024-05-01,2,46
1092,2024-05-01,4,88
1093,2024-05-01,106,1590
1094,2024-05-01,73,949
1096,2024-05-01,6,114
1098,2024-05-01,43,645
1099,2024-05-01,9,126
1100,2024-05-01,2,18
1101,2024-05-01,13,273
1102,2024-05-01,5,40
1107,2024-05-01,9,207
1108,2024-05-01,12,108
1109,2024-05-01,45,900
1110,2024-05-01,10,140
1111,2024-05-01,5,40
1112,2024-05-01,8,144
1113,2024-05-01,59,826
1114,2024-05-01,6,54
1115,2024-05-01,139,1529
1116,2024-05-01,6,138
1117,2024-05-01,6,72
1118,2024-05-01,40,800
1120,2024-05-01,3,57
1122,2024-05-01,59,590
1124,2024-05-01,15,270
1126,2024-05-01,9,108
1127,2024-05-01,51,1224
1129,2024-05-01,4,56
1130,2024-05-01,9,108
1131,2024-05-01,7,70
1134,2024-05-01,54,486
1137,2024-05-01,2,48
1138,2024-05-01,7,91
1139,2024-05-01,5,75
1140,2024-05-01,21,504
1141,2024-05-01,46,1150
1142,2024-05-01,8,104
1143,2024-05-01,77,1078
1144,2024-05-01,17,425
1146,2024-05-01,11,231
1147,2024-05-01,27,513
1148,2024-05-01,9,144
1151,2024-05-01,41,1025
1152,2024-05-01,11,121
1153,2024-05-01,7,91
1154,2024-05-01,43,645
1155,2024-05-01,2,28
1157,2024-05-01,61,1220
1158,2024-05-01,6,84
1159,2024-05-01,2,42
1160,2024-05-01,8,64
1161,2024-05-01,1,23
1164,2024-05-01,3,36
1167,2024-05-01,12,276
1168,2024-05-01,9,144
1170,2024-05-01,36,432
1171,2024-05-01,29,551
1172,2024-05-01,25,350
1174,2024-05-01,15,210
1175,2024-05-01,20,240
1177,2024-05-01,8,152
1178,2024-05-01,2,48
1179,2024-05-01,15,345
1181,2024-05-01,13,182
1183,2024-05-01,5,50
1184,2024-05-01,8,112
1185,2024-05-01,21,378
1186,2024-05-01,32,448
1187,2024-05-01,66,726
1188,2024-05-01,9,153
1189,2024-05-01,41,820
1191,2024-05-01,9,225
1192,2024-05-01,22,352
1193,2024-05-01,31,434
1194,2024-05-01,15,135
1195,2024-05-01,17,221
1196,2024-05-01,19,304
1197,2024-05-01,4,52
1198,2024-05-01,34,816
1199,2024-05-01,35,840
1200,2024-05-01,233,1864
1202,2024-05-01,5,45
1203,2024-05-01,25,375
1205,2024-05-01,4,96
1207,2024-05-01,12,144
1208,2024-05-01,31,434
1209,2024-05-01,17,323
1210,2024-05-01,3,75
1211,2024-05-01,9,99
1212,2024-05-01,23,414
1213,2024-05-01,165,3465
1214,2024-05-01,3,66
1216,2024-05-01,4,60
1218,2024-05-01,6,138
1219,2024-05-01,9,117
1221,2024-05-01,25,225
1222,2024-05-01,30,300
1223,2024-05-01,59,1180
1224,2024-05-01,16,176
1225,2024-05-01,2,40
1226,2024-05-01,8,168
1227,2024-05-01,6,150
1229,2024-05-01,14,126
1231,2024-05-01,30,570
1232,2024-05-01,2,20
1233,2024-05-01,5,120
1234,2024-05-01,66,660
1235,2024-05-01,8,152
1236,2024-05-01,9,216
1237,2024-05-01,4,68
1238,2024-05-01,5,75
1239,2024-05-01,7,77
1240,2024-05-01,5,125
1241,2024-05-01,3,45
1242,2024-05-01,22,242
1244,2024-05-01,6,132
1245,2024-05-01,6,48
1246,2024-05-01,5,45
1247,2024-05-01,3,54
1249,2024-05-01,5,90
1250,2024-05-01,12,288
1251,2024-05-01,6,54
1253,2024-05-01,3,51
1254,2024-05-01,7,175
1256,2024-05-01,10,200
1257,2024-05-01,3,75
1258,2024-05-01,21,525
1259,2024-05-01,144,1872
1261,2024-05-01,289,3468
1262,2024-05-01,334,4008
1263,2024-05-01,9,117
1264,2024-05-01,47,799
1265,2024-05-01,41,451
1266,2024-05-01,76,836
1267,2024-05-01,15,360
1268,2024-05-01,71,994
1270,2024-05-01,63,1323
1271,2024-05-01,10,100
1272,2024-05-01,93,1767
1273,2024-05-01,9,126
1274,2024-05-01,128,1280
1275,2024-05-01,96,960
1276,2024-05-01,12,180
1279,2024-05-01,6,60
1281,2024-05-01,34,476
1282,2024-05-01,9,198
1284,2024-05-01,148,2368
1285,2024-05-01,94,940
1286,2024-05-01,7,98
1287,2024-05-01,112,1008
1288,2024-05-01,5,50
1289,2024-05-01,11,143
1291,2024-05-01,127,1778
1293,2024-05-01,38,532
1295,2024-05-01,2,36
1296,2024-05-01,6,120
1297,2024-05-01,3,60
1298,2024-05-01,3,69
1299,2024-05-01,7,84
1301,2024-05-01,6,120
1302,2024-05-01,11,264
1303,2024-05-01,3,66
1304,2024-05-01,10,90
1305,2024-05-01,4,64
1306,2024-05-01,7,84
1307,2024-05-01,13,143
1308,2024-05-01,10,120
1309,2024-05-01,24,264
1310,2024-05-01,33,693
1311,2024-05-01,1,23
1312,2024-05-01,10,240
1314,2024-05-01,8,152
1315,2024-05-01,6,132
1317,2024-05-01,7,63
1318,2024-05-01,28,448
1319,2024-05-01,7,105
1320,2024-05-01,12,144
1321,2024-05-01,9,180
1322,2024-05-01,143,3003
1323,2024-05-01,9,189
1324,2024-05-01,9,207
1326,2024-05-01,7,112
1327,2024-05-01,132,1980
1328,2024-05-01,5,80
1329,2024-05-01,50,1050
1331,2024-05-01,8,192
1332,2024-05-01,4,76
1333,2024-05-01,16,400
1334,2024-05-01,16,320
1335,2024-05-01,13,286
1336,2024-05-01,7,63
1337,2024-05-01,383,7660
1338,2024-05-01,17,187
1339,2024-05-01,51,663
1340,2024-05-01,24,240
1341,2024-05-01,29,725
1342,2024-05-01,20,460
1343,2024-05-01,26,260
1344,2024-05-01,8,72
1346,2024-05-01,36,612
1347,2024-05-01,4,44
1348,2024-05-01,9,144
1350,2024-05-01,31,403
1351,2024-05-01,5,65
1352,2024-05-01,32,800
1353,2024-05-01,2,24
1354,2024-05-01,2,32
1355,2024-05-01,48,480
1356,2024-05-01,6,84
1357,2024-05-01,8,200
1358,2024-05-01,82,738
1361,2024-05-01,12,132
1363,2024-05-01,53,742
1364,2024-05-01,17,153
1365,2024-05-01,7,126
1367,2024-05-01,4,52
1369,2024-05-01,4,32
1371,2024-05-01,9,153
1372,2024-05-01,48,1104
1373,2024-05-01,43,817
1374,2024-05-01,6,114
1375,2024-05-01,137,3014
1376,2024-05-01,6,126
1377,2024-05-01,3,66
1378,2024-05-01,176,2640
1379,2024-05-01,13,221
1380,2024-05-01,6,102
1381,2024-05-01,6,150
1382,2024-05-01,3,48
1385,2024-05-01,3,69
1386,2024-05-01,9,198
1387,2024-05-01,44,1100
1388,2024-05-01,24,384
1389,2024-05-01,33,264
1393,2024-05-01,19,361
1394,2024-05-01,16,240
1395,2024-05-01,11,176
1397,2024-05-01,7,161
1398,2024-05-01,18,450
1399,2024-05-01,0,0
1400,2024-05-01,26,624
1402,2024-05-01,85,765
1403,2024-05-01,18,342
1404,2024-05-01,6,132
1405,2024-05-01,109,1308
1407,2024-05-01,5,125
1408,2024-05-01,4,76
1409,2024-05-01,20,380
1410,2024-05-01,25,625
1411,2024-05-01,11,154
1412,2024-05-01,25,450
1413,2024-05-01,9,144
1414,2024-05-01,7,105
1416,2024-05-01,4,40
1417,2024-05-01,53,848
1419,2024-05-01,8,200
1420,2024-05-01,187,4488
1422,2024-05-01,33,264
1423,2024-05-01,6,102
1425,2024-05-01,4,72
1426,2024-05-01,3,54
1427,2024-05-01,6,96
1428,2024-05-01,28,364
1432,2024-05-01,6,84
1433,2024-05-01,20,460
1434,2024-05-01,6,120
1435,2024-05-01,4,36
1436,2024-05-01,29,435
1437,2024-05-01,9,198
1438,2024-05-01,15,330
1439,2024-05-01,34,408
1440,2024-05-01,25,200
1441,2024-05-01,18,396
1442,2024-05-01,2,16
1443,2024-05-01,115,2875
1444,2024-05-01,24,432
1445,2024-05-01,2,40
1447,2024-05-01,23,207
1448,2024-05-01,44,704
1449,2024-05-01,1,11
1450,2024-05-01,12,108
1451,2024-05-01,10,190
1452,2024-05-01,45,765
1453,2024-05-01,5,100
1455,2024-05-01,14,182
1456,2024-05-01,7,161
1457,2024-05-01,49,637
1458,2024-05-01,28,700
1460,2024-05-01,9,108
1461,2024-05-01,4,76
1462,2024-05-01,5,50
1464,2024-05-01,9,108
1465,2024-05-01,9,108
1466,2024-05-01,6,66
1468,2024-05-01,29,348
1469,2024-05-01,2,30
1470,2024-05-01,5,55
1471,2024-05-01,74,1480
1473,2024-05-01,19,304
1474,2024-05-01,68,1564
1475,2024-05-01,3,30
1476,2024-05-01,80,960
1477,2024-05-01,20,480
1478,2024-05-01,7,175
1479,2024-05-01,3,69
1480,2024-05-01,2,48
1481,2024-05-01,36,324
1483,2024-05-01,40,520
1484,2024-05-01,9,180
1485,2024-05-01,1,25
1486,2024-05-01,6,90
1487,2024-05-01,18,342
1488,2024-05-01,27,297
1489,2024-05-01,2,48
1490,2024-05-01,14,168
1491,2024-05-01,2,36
1492,2024-05-01,9,153
1493,2024-05-01,3,75
1494,2024-05-01,39,780
1495,2024-05-01,8,184
1496,2024-05-01,7,105
1497,2024-05-01,1,20
1498,2024-05-01,4,92
1499,2024-05-01,21,462
1500,2024-05-01,3,27
1501,2024-05-01,36,864
1502,2024-05-01,8,96
1503,2024-05-01,19,475
1505,2024-05-01,6,120
1507,2024-05-01,8,64
1508,2024-05-01,16,192
1509,2024-05-01,2,22
1510,2024-05-01,28,308
1511,2024-05-01,4,100
1512,2024-05-01,5,125
1513,2024-05-01,2,18
1514,2024-05-01,11,242
1515,2024-05-01,7,161
1516,2024-05-01,6,138
1517,2024-05-01,28,420
1518,2024-05-01,3,27
1519,2024-05-01,7,77
1520,2024-05-01,10,80
1521,2024-05-01,5,110
1522,2024-05-01,29,290
1523,2024-05-01,11,275
1524,2024-05-01,254,2032
1525,2024-05-01,35,805
1526,2024-05-01,40,800
1527,2024-05-01,4,76
1528,2024-05-01,9,198
1529,2024-05-01,4,60
1530,2024-05-01,76,988
1531,2024-05-01,7,98
1532,2024-05-01,5,120
1533,2024-05-01,34,850
1534,2024-05-01,6,78
1536,2024-05-01,6,114
1537,2024-05-01,8,80
1539,2024-05-01,201,3015
1540,2024-05-01,23,575
1541,2024-05-01,57,513
1542,2024-05-01,3,36
1543,2024-05-01,8,128
1544,2024-05-01,10,150
1545,2024-05-01,41,984
1546,2024-05-01,27,378
1548,2024-05-01,24,528
1549,2024-05-01,2,46
1550,2024-05-01,35,455
1551,2024-05-01,51,1173
1553,2024-05-01,109,2725
1554,2024-05-01,43,731
1555,2024-05-01,4,76
1556,2024-05-01,5,110
1557,2024-05-01,45,450
1558,2024-05-01,15,255
1559,2024-05-01,50,950
1561,2024-05-01,7,126
1562,2024-05-01,6,102
1563,2024-05-01,5,55
1564,2024-05-01,22,220
1565,2024-05-01,2,22
1566,2024-05-01,2,42
1568,2024-05-01,4,56
1569,2024-05-01,152,3040
1570,2024-05-01,26,546
1571,2024-05-01,7,70
1572,2024-05-01,30,390
1573,2024-05-01,7,70
1574,2024-05-01,12,216
1575,2024-05-01,39,507
1576,2024-05-01,4,48
1577,2024-05-01,12,300
1578,2024-05-01,5,115
1579,2024-05-01,7,133
1580,2024-05-01,41,451
1581,2024-05-01,23,575
1582,2024-05-01,10,200
1583,2024-05-01,9,171
1585,2024-05-01,46,460
1586,2024-05-01,5,85
1587,2024-05-01,3,60
1588,2024-05-01,6,54
1589,2024-05-01,3,69
1590,2024-05-01,31,558
1591,2024-05-01,7,105
1592,2024-05-01,19,266
1593,2024-05-01,10,110
1594,2024-05-01,10,150
1595,2024-05-01,2,18
1596,2024-05-01,9,207
1597,2024-05-01,5,80
1598,2024-05-01,162,2106
1599,2024-05-01,11,187
1600,2024-05-01,17,425
1601,2024-05-01,9,135
1602,2024-05-01,56,504
1603,2024-05-01,4,92
1604,2024-05-01,5,120
1605,2024-05-01,57,798
1606,2024-05-01,11,231
1607,2024-05-01,15,150
1608,2024-05-01,9,144
1609,2024-05-01,99,1980
1610,2024-05-01,36,360
1611,2024-05-01,20,440
1612,2024-05-01,59,1003
1613,2024-05-01,4,80
1614,2024-05-01,6,150
1615,2024-05-01,8,80
1616,2024-05-01,3,42
1617,2024-05-01,33,429
1619,2024-05-01,7,119
1620,2024-05-01,102,1326
1621,2024-05-01,7,133
1622,2024-05-01,9,207
1623,2024-05-01,3,33
1624,2024-05-01,3,33
1625,2024-05-01,18,270
1626,2024-05-01,35,525
1627,2024-05-01,21,399
1628,2024-05-01,9,108
1629,2024-05-01,5,85
1630,2024-05-01,117,1287
1631,2024-05-01,42,798
1634,2024-05-01,13,273
1635,2024-05-01,41,738
1636,2024-05-01,33,330
1637,2024-05-01,5,50
1638,2024-05-01,25,475
1639,2024-05-01,4,68
1640,2024-05-01,51,612
1641,2024-05-01,10,240
1642,2024-05-01,5,110
1643,2024-05-01,3,36
1645,2024-05-01,10,240
1646,2024-05-01,63,1008
1647,2024-05-01,16,144
1648,2024-05-01,1,11
1649,2024-05-01,4,72
1650,2024-05-01,45,585
1651,2024-05-01,8,176
1652,2024-05-01,6,150
1653,2024-05-01,21,273
1654,2024-05-01,2,50
1655,2024-05-01,21,525
1656,2024-05-01,47,987
1657,2024-05-01,55,990
1658,2024-05-01,39,936
1659,2024-05-01,6,60
1660,2024-05-01,7,168
1661,2024-05-01,6,144
1662,2024-05-01,10,190
1663,2024-05-01,6,150
1665,2024-05-01,7,119
1666,2024-05-01,7,168
1667,2024-05-01,11,176
1668,2024-05-01,4,32
1669,2024-05-01,9,162
1670,2024-05-01,5,120
1671,2024-05-01,8,72
1672,2024-05-01,17,153
1673,2024-05-01,3,72
1674,2024-05-01,11,121
1675,2024-05-01,8,200
1676,2024-05-01,7,63
1677,2024-05-01,15,165
1678,2024-05-01,18,198
1679,2024-05-01,8,88
1680,2024-05-01,3,30
1681,2024-05-01,16,144
1682,2024-05-01,4,56
1683,2024-05-01,13,312
1684,2024-05-01,31,465
1685,2024-05-01,103,2266
1686,2024-05-01,12,252
1687,2024-05-01,13,208
1688,2024-05-01,4,100
1689,2024-05-01,91,1729
1690,2024-05-01,5,70
1691,2024-05-01,5,55
1692,2024-05-01,2,28
1693,2024-05-01,5,95
1694,2024-05-01,15,345
1695,2024-05-01,6,144
1696,2024-05-01,6,150
1697,2024-05-01,53,1219
1698,2024-05-01,22,550
1699,2024-05-01,24,264
1700,2024-05-01,2,16
1701,2024-05-01,1,16
1702,2024-05-01,6,90
1703,2024-05-01,8,104
1704,2024-05-01,2,34
1705,2024-05-01,7,161
1706,2024-05-01,3,24
1707,2024-05-01,7,63
1708,2024-05-01,200,2600
1709,2024-05-01,10,160
1710,2024-05-01,4,88
1711,2024-05-01,95,2280
1712,2024-05-01,4,80
1713,2024-05-01,4,36
1714,2024-05-01,90,1710
1715,2024-05-01,13,286
1716,2024-05-01,4,60
1717,2024-05-01,11,220
1718,2024-05-01,9,171
1719,2024-05-01,20,380
1720,2024-05-01,9,72
1721,2024-05-01,17,425
1722,2024-05-01,19,475
1723,2024-05-01,6,126
1724,2024-05-01,3,48
1725,2024-05-01,150,1800
1726,2024-05-01,4,56
1727,2024-05-01,6,120
1728,2024-05-01,8,112
1729,2024-05-01,15,270
1730,2024-05-01,4,56
1731,2024-05-01,24,576
1732,2024-05-01,6,84
1733,2024-05-01,67,1273
1734,2024-05-01,12,228
1735,2024-05-01,6,78
1736,2024-05-01,8,144
1737,2024-05-01,9,72
1738,2024-05-01,28,224
1739,2024-05-01,117,2457
1740,2024-05-01,26,624
1741,2024-05-01,31,372
1742,2024-05-01,20,400
1743,2024-05-01,7,84
1744,2024-05-01,9,171
1745,2024-05-01,16,128
1746,2024-05-01,56,896
1747,2024-05-01,4,64
1748,2024-05-01,9,207
1749,2024-05-01,3,27
1750,2024-05-01,4,32
1751,2024-05-01,176,3872
1752,2024-05-01,28,336
1753,2024-05-01,1,24
1754,2024-05-01,2,24
1755,2024-05-01,2,32
1756,2024-05-01,20,220
1757,2024-05-01,5,100
1758,2024-05-01,7,56
1759,2024-05-01,88,880
1760,2024-05-01,17,136
1761,2024-05-01,6,66
1762,2024-05-01,7,161
1763,2024-05-01,19,342
1764,2024-05-01,6,150
1765,2024-05-01,53,1060
1766,2024-05-01,36,288
1767,2024-05-01,110,2420
1768,2024-05-01,4,48
1769,2024-05-01,26,650
1770,2024-05-01,14,182
1771,2024-05-01,11,231
1772,2024-05-01,31,434
1773,2024-05-01,58,812
1774,2024-05-01,19,437
1775,2024-05-01,25,400
1776,2024-05-01,5,80
1777,2024-05-01,2,24
1778,2024-05-01,5,110
1779,2024-05-01,12,96
1780,2024-05-01,9,144
1781,2024-05-01,8,80
1782,2024-05-01,3,27
1783,2024-05-01,39,585
1002,2024-06-01,7,126
1004,2024-06-01,1,10
1005,2024-06-01,24,528
1006,2024-06-01,2,30
1007,2024-06-01,27,675
1008,2024-06-01,36,504
1009,2024-06-01,31,248
1010,2024-06-01,5,95
1011,2024-06-01,23,230
1012,2024-06-01,36,396
1013,2024-06-01,172,3956
1016,2024-06-01,8,64
1017,2024-06-01,5,105
1018,2024-06-01,8,200
1020,2024-06-01,6,114
1022,2024-06-01,3,69
1025,2024-06-01,26,338
1026,2024-06-01,196,3724
1027,2024-06-01,47,1034
1028,2024-06-01,6,54
1029,2024-06-01,2,48
1033,2024-06-01,11,121
1035,2024-06-01,2,34
1036,2024-06-01,6,108
1037,2024-06-01,18,414
1038,2024-06-01,15,150
1039,2024-06-01,5,100
1040,2024-06-01,39,585
1041,2024-06-01,26,416
1042,2024-06-01,29,232
1043,2024-06-01,40,760
1044,2024-06-01,6,54
1045,2024-06-01,58,754
1047,2024-06-01,2,34
1048,2024-06-01,11,209
1051,2024-06-01,6,96
1052,2024-06-01,11,253
1053,2024-06-01,45,630
1056,2024-06-01,17,153
1057,2024-06-01,4,76
1059,2024-06-01,187,2057
1060,2024-06-01,16,128
1062,2024-06-01,46,966
1063,2024-06-01,18,324
1064,2024-06-01,123,1722
1065,2024-06-01,7,147
1067,2024-06-01,6,102
1069,2024-06-01,8,160
1071,2024-06-01,3,33
1072,2024-06-01,2,38
1075,2024-06-01,4,52
1076,2024-06-01,45,405
1078,2024-06-01,35,735
1079,2024-06-01,31,620
1080,2024-06-01,6,96
1085,2024-06-01,11,88
1088,2024-06-01,13,182
1089,2024-06-01,68,1224
1091,2024-06-01,2,16
1092,2024-06-01,4,76
1093,2024-06-01,123,1353
1094,2024-06-01,90,1260
1096,2024-06-01,7,105
1098,2024-06-01,46,598
1099,2024-06-01,9,99
1100,2024-06-01,2,22
1101,2024-06-01,11,242
1102,2024-06-01,6,66
1107,2024-06-01,8,152
1108,2024-06-01,12,288
1109,2024-06-01,46,690
1110,2024-06-01,11,132
1111,2024-06-01,5,90
1112,2024-06-01,10,220
1113,2024-06-01,53,1007
1114,2024-06-01,7,126
1115,2024-06-01,122,2074
1116,2024-06-01,6,102
1117,2024-06-01,5,85
1118,2024-06-01,37,592
1120,2024-06-01,3,72
1122,2024-06-01,46,874
1124,2024-06-01,14,350
1126,2024-06-01,10,190
1127,2024-06-01,39,468
1129,2024-06-01,2,20
1130,2024-06-01,9,81
1131,2024-06-01,6,132
1134,2024-06-01,42,840
1137,2024-06-01,2,38
1139,2024-06-01,5,115
1140,2024-06-01,21,168
1141,2024-06-01,41,861
1143,2024-06-01,88,1408
1144,2024-06-01,18,288
1146,2024-06-01,11,121
1147,2024-06-01,34,714
1148,2024-06-01,10,100
1151,2024-06-01,45,1035
1152,2024-06-01,11,231
1153,2024-06-01,7,105
1154,2024-06-01,40,440
1155,2024-06-01,2,26
1157,2024-06-01,45,360
1158,2024-06-01,5,105
1159,2024-06-01,1,25
1160,2024-06-01,6,120
1161,2024-06-01,1,19
1164,2024-06-01,3,63
1167,2024-06-01,12,264
1168,2024-06-01,9,189
1170,2024-06-01,55,715
1171,2024-06-01,25,550
1172,2024-06-01,28,588
1174,2024-06-01,11,176
1175,2024-06-01,16,400
1177,2024-06-01,7,70
1178,2024-06-01,2,24
1179,2024-06-01,16,224
1181,2024-06-01,13,234
1183,2024-06-01,5,110
1184,2024-06-01,8,192
1185,2024-06-01,25,400
1186,2024-06-01,30,420
1187,2024-06-01,63,1134
1188,2024-06-01,10,210
1189,2024-06-01,37,518
1191,2024-06-01,9,225
1192,2024-06-01,23,437
1193,2024-06-01,43,1075
1194,2024-06-01,13,143
1195,2024-06-01,12,108
1196,2024-06-01,23,276
1197,2024-06-01,4,56
1198,2024-06-01,33,462
1199,2024-06-01,28,420
1200,2024-06-01,204,2040
1202,2024-06-01,4,80
1203,2024-06-01,24,216
1205,2024-06-01,4,84
1207,2024-06-01,12,276
1208,2024-06-01,35,350
1209,2024-06-01,19,228
1210,2024-06-01,3,48
1211,2024-06-01,9,153
1212,2024-06-01,18,198
1213,2024-06-01,165,1650
1214,2024-06-01,3,51
1216,2024-06-01,4,40
1218,2024-06-01,7,168
1219,2024-06-01,11,253
1221,2024-06-01,23,276
1222,2024-06-01,28,420
1223,2024-06-01,53,1325
1224,2024-06-01,15,375
1225,2024-06-01,1,18
1226,2024-06-01,11,264
1227,2024-06-01,8,168
1229,2024-06-01,12,108
1231,2024-06-01,34,680
1232,2024-06-01,2,30
1233,2024-06-01,5,80
1234,2024-06-01,67,1005
1235,2024-06-01,7,147
1236,2024-06-01,10,90
1237,2024-06-01,3,60
1238,2024-06-01,8,160
1239,2024-06-01,5,115
1240,2024-06-01,4,72
1241,2024-06-01,3,75
1242,2024-06-01,17,153
1244,2024-06-01,8,176
1245,2024-06-01,7,105
1246,2024-06-01,4,96
1247,2024-06-01,3,39
1249,2024-06-01,5,70
1250,2024-06-01,12,216
1251,2024-06-01,5,90
1253,2024-06-01,3,39
1254,2024-06-01,8,64
1256,2024-06-01,10,80
1257,2024-06-01,3,75
1258,2024-06-01,17,323
1259,2024-06-01,150,1950
1261,2024-06-01,216,1728
1262,2024-06-01,357,2856
1263,2024-06-01,7,168
1264,2024-06-01,48,672
1265,2024-06-01,38,684
1266,2024-06-01,71,781
1267,2024-06-01,10,160
1268,2024-06-01,75,825
1270,2024-06-01,82,820
1271,2024-06-01,8,80
1272,2024-06-01,115,1495
1273,2024-06-01,11,132
1274,2024-06-01,131,1572
1275,2024-06-01,142,3124
1276,2024-06-01,10,240
1279,2024-06-01,6,60
1281,2024-06-01,36,396
1282,2024-06-01,9,72
1284,2024-06-01,150,2850
1285,2024-06-01,106,1166
1286,2024-06-01,7,105
1287,2024-06-01,116,1392
1288,2024-06-01,5,45
1289,2024-06-01,12,216
1291,2024-06-01,102,2040
1293,2024-06-01,34,748
1295,2024-06-01,2,32
1296,2024-06-01,7,91
1297,2024-06-01,2,18
1298,2024-06-01,3,39
1299,2024-06-01,7,161
1301,2024-06-01,4,40
1302,2024-06-01,10,190
1303,2024-06-01,3,45
1304,2024-06-01,14,126
1305,2024-06-01,4,32
1306,2024-06-01,7,105
1307,2024-06-01,15,150
1308,2024-06-01,13,169
1309,2024-06-01,25,550
1310,2024-06-01,33,528
1311,2024-06-01,1,23
1312,2024-06-01,6,78
1314,2024-06-01,7,126
1315,2024-06-01,7,154
1317,2024-06-01,7,154
1318,2024-06-01,29,232
1319,2024-06-01,6,120
1320,2024-06-01,9,72
1321,2024-06-01,10,190
1322,2024-06-01,125,2500
1323,2024-06-01,10,230
1324,2024-06-01,11,121
1326,2024-06-01,7,98
1327,2024-06-01,139,1112
1328,2024-06-01,4,64
1329,2024-06-01,50,600
1331,2024-06-01,8,88
1332,2024-06-01,5,95
1333,2024-06-01,16,352
1334,2024-06-01,20,420
1335,2024-06-01,14,266
1336,2024-06-01,9,99
1337,2024-06-01,344,6880
1338,2024-06-01,19,418
1339,2024-06-01,50,1200
1340,2024-06-01,20,400
1341,2024-06-01,45,585
1342,2024-06-01,19,247
1343,2024-06-01,29,493
1344,2024-06-01,3,27
1346,2024-06-01,53,901
1347,2024-06-01,3,45
1348,2024-06-01,10,160
1350,2024-06-01,30,330
1351,2024-06-01,5,95
1352,2024-06-01,29,551
1353,2024-06-01,1,23
1354,2024-06-01,2,24
1355,2024-06-01,44,352
1356,2024-06-01,5,70
1357,2024-06-01,8,128
1358,2024-06-01,80,1200
1361,2024-06-01,8,152
1363,2024-06-01,49,588
1364,2024-06-01,17,204
1365,2024-06-01,6,84
1367,2024-06-01,5,65
1369,2024-06-01,3,48
1371,2024-06-01,9,153
1372,2024-06-01,47,940
1373,2024-06-01,49,686
1374,2024-06-01,5,90
1375,2024-06-01,155,1705
1376,2024-06-01,7,133
1377,2024-06-01,3,36
1378,2024-06-01,115,1725
1379,2024-06-01,16,384
1380,2024-06-01,5,90
1381,2024-06-01,5,50
1382,2024-06-01,3,66
1385,2024-06-01,4,52
1386,2024-06-01,11,176
1387,2024-06-01,30,690
1388,2024-06-01,24,336
1389,2024-06-01,41,451
1393,2024-06-01,20,200
1394,2024-06-01,14,210
1395,2024-06-01,8,136
1397,2024-06-01,7,70
1398,2024-06-01,17,408
1400,2024-06-01,39,351
1402,2024-06-01,86,2064
1403,2024-06-01,20,260
1404,2024-06-01,7,175
1405,2024-06-01,105,1470
1407,2024-06-01,3,63
1408,2024-06-01,3,42
1409,2024-06-01,21,420
1410,2024-06-01,25,250
1411,2024-06-01,10,100
1412,2024-06-01,22,462
1413,2024-06-01,8,200
1414,2024-06-01,9,90
1416,2024-06-01,4,100
1417,2024-06-01,54,486
1419,2024-06-01,7,119
1420,2024-06-01,180,3420
1422,2024-06-01,37,666
1423,2024-06-01,5,120
1425,2024-06-01,6,96
1426,2024-06-01,3,69
1427,2024-06-01,4,52
1428,2024-06-01,10,180
1432,2024-06-01,9,225
1433,2024-06-01,16,272
1434,2024-06-01,7,56
1435,2024-06-01,4,68
1436,2024-06-01,28,616
1437,2024-06-01,8,200
1438,2024-06-01,20,280
1439,2024-06-01,28,700
1441,2024-06-01,18,144
1442,2024-06-01,2,22
1443,2024-06-01,129,1032
1444,2024-06-01,31,372
1445,2024-06-01,2,26
1447,2024-06-01,28,280
1448,2024-06-01,48,480
1449,2024-06-01,1,25
1450,2024-06-01,11,209
1451,2024-06-01,8,72
1452,2024-06-01,47,1081
1453,2024-06-01,3,63
1455,2024-06-01,10,100
1456,2024-06-01,10,100
1457,2024-06-01,49,490
1458,2024-06-01,28,448
1460,2024-06-01,12,192
1461,2024-06-01,4,76
1462,2024-06-01,7,126
1464,2024-06-01,9,162
1465,2024-06-01,12,216
1466,2024-06-01,9,171
1468,2024-06-01,30,570
1469,2024-06-01,2,30
1470,2024-06-01,5,100
1471,2024-06-01,91,728
1473,2024-06-01,21,399
1474,2024-06-01,57,1140
1475,2024-06-01,3,69
1476,2024-06-01,73,1679
1477,2024-06-01,18,360
1478,2024-06-01,8,168
1479,2024-06-01,3,45
1480,2024-06-01,2,32
1481,2024-06-01,43,1032
1483,2024-06-01,37,888
1484,2024-06-01,9,81
1485,2024-06-01,1,11
1486,2024-06-01,6,102
1487,2024-06-01,19,209
1488,2024-06-01,30,600
1489,2024-06-01,3,39
1490,2024-06-01,17,272
1491,2024-06-01,2,20
1492,2024-06-01,8,96
1493,2024-06-01,3,60
1494,2024-06-01,48,1104
1495,2024-06-01,9,126
1496,2024-06-01,7,105
1497,2024-06-01,1,14
1498,2024-06-01,5,105
1499,2024-06-01,22,242
1500,2024-06-01,3,24
1501,2024-06-01,35,700
1502,2024-06-01,7,168
1503,2024-06-01,21,189
1505,2024-06-01,4,60
1507,2024-06-01,8,160
1508,2024-06-01,17,221
1509,2024-06-01,2,38
1510,2024-06-01,28,700
1511,2024-06-01,3,69
1512,2024-06-01,4,36
1513,2024-06-01,1,13
1514,2024-06-01,11,253
1515,2024-06-01,5,50
1516,2024-06-01,5,90
1517,2024-06-01,28,560
1518,2024-06-01,3,63
1519,2024-06-01,7,175
1520,2024-06-01,9,207
1521,2024-06-01,5,95
1522,2024-06-01,25,375
1523,2024-06-01,8,192
1524,2024-06-01,249,4482
1525,2024-06-01,33,330
1526,2024-06-01,44,1012
1527,2024-06-01,4,36
1528,2024-06-01,10,140
1529,2024-06-01,5,75
1530,2024-06-01,66,1650
1531,2024-06-01,7,140
1532,2024-06-01,8,152
1533,2024-06-01,36,324
1534,2024-06-01,6,48
1536,2024-06-01,5,110
1537,2024-06-01,11,165
1539,2024-06-01,166,1992
1540,2024-06-01,30,450
1541,2024-06-01,43,817
1542,2024-06-01,3,63
1543,2024-06-01,6,102
1544,2024-06-01,11,143
1545,2024-06-01,42,420
1546,2024-06-01,25,250
1548,2024-06-01,23,483
1549,2024-06-01,2,30
1550,2024-06-01,38,836
1551,2024-06-01,52,780
1553,2024-06-01,107,1498
1554,2024-06-01,51,510
1555,2024-06-01,5,105
1556,2024-06-01,4,68
1557,2024-06-01,37,370
1558,2024-06-01,16,192
1559,2024-06-01,40,880
1561,2024-06-01,6,120
1562,2024-06-01,8,144
1563,2024-06-01,5,100
1564,2024-06-01,29,725
1565,2024-06-01,3,69
1566,2024-06-01,3,27
1568,2024-06-01,3,51
1569,2024-06-01,202,3030
1570,2024-06-01,33,297
1571,2024-06-01,6,138
1572,2024-06-01,24,288
1573,2024-06-01,7,105
1574,2024-06-01,10,140
1575,2024-06-01,37,666
1576,2024-06-01,3,63
1577,2024-06-01,12,252
1578,2024-06-01,3,66
1579,2024-06-01,7,84
1580,2024-06-01,41,328
1581,2024-06-01,22,176
1582,2024-06-01,10,160
1583,2024-06-01,6,102
1585,2024-06-01,54,810
1586,2024-06-01,5,120
1587,2024-06-01,4,92
1588,2024-06-01,6,48
1589,2024-06-01,3,63
1590,2024-06-01,33,627
1591,2024-06-01,8,184
1592,2024-06-01,37,666
1593,2024-06-01,10,240
1594,2024-06-01,13,247
1595,2024-06-01,2,18
1596,2024-06-01,9,81
1597,2024-06-01,4,36
1598,2024-06-01,123,1107
1599,2024-06-01,8,184
1600,2024-06-01,18,378
1601,2024-06-01,11,176
1602,2024-06-01,58,928
1603,2024-06-01,4,96
1604,2024-06-01,4,60
1605,2024-06-01,67,603
1606,2024-06-01,12,120
1607,2024-06-01,11,220
1608,2024-06-01,8,144
1609,2024-06-01,120,1440
1610,2024-06-01,42,1008
1611,2024-06-01,11,187
1612,2024-06-01,56,504
1613,2024-06-01,4,84
1614,2024-06-01,5,80
1615,2024-06-01,9,180
1616,2024-06-01,4,88
1617,2024-06-01,31,713
1619,2024-06-01,7,126
1620,2024-06-01,116,1740
1621,2024-06-01,7,154
1622,2024-06-01,7,175
1624,2024-06-01,2,16
1625,2024-06-01,15,270
1626,2024-06-01,35,735
1627,2024-06-01,23,299
1628,2024-06-01,8,64
1629,2024-06-01,5,40
1630,2024-06-01,103,1957
1631,2024-06-01,37,370
1634,2024-06-01,15,240
1635,2024-06-01,45,1035
1636,2024-06-01,40,920
1637,2024-06-01,6,102
1638,2024-06-01,24,480
1639,2024-06-01,5,90
1640,2024-06-01,47,564
1641,2024-06-01,9,72
1642,2024-06-01,5,55
1643,2024-06-01,3,57
1645,2024-06-01,10,240
1646,2024-06-01,45,675
1647,2024-06-01,18,342
1648,2024-06-01,1,22
1649,2024-06-01,4,76
1650,2024-06-01,35,665
1651,2024-06-01,10,150
1652,2024-06-01,7,105
1653,2024-06-01,17,221
1654,2024-06-01,2,36
1655,2024-06-01,18,360
1656,2024-06-01,43,559
1657,2024-06-01,48,1200
1658,2024-06-01,31,403
1659,2024-06-01,5,120
1660,2024-06-01,6,54
1661,2024-06-01,5,55
1662,2024-06-01,10,140
1663,2024-06-01,7,154
1665,2024-06-01,6,144
1666,2024-06-01,7,56
1667,2024-06-01,13,312
1668,2024-06-01,4,68
1669,2024-06-01,8,120
1670,2024-06-01,6,66
1671,2024-06-01,9,99
1672,2024-06-01,19,437
1673,2024-06-01,3,51
1674,2024-06-01,12,108
1675,2024-06-01,7,161
1676,2024-06-01,7,119
1677,2024-06-01,13,117
1678,2024-06-01,17,408
1679,2024-06-01,9,135
1680,2024-06-01,3,72
1681,2024-06-01,23,322
1682,2024-06-01,3,42
1683,2024-06-01,12,228
1684,2024-06-01,24,336
1685,2024-06-01,123,2829
1686,2024-06-01,12,132
1687,2024-06-01,7,140
1688,2024-06-01,3,72
1689,2024-06-01,101,1717
1690,2024-06-01,5,105
1691,2024-06-01,4,48
1692,2024-06-01,2,26
1693,2024-06-01,4,56
1694,2024-06-01,13,182
1695,2024-06-01,4,48
1696,2024-06-01,6,60
1697,2024-06-01,62,1550
1698,2024-06-01,26,494
1699,2024-06-01,18,180
1700,2024-06-01,3,24
1701,2024-06-01,1,21
1702,2024-06-01,7,126
1703,2024-06-01,6,54
1704,2024-06-01,1,8
1705,2024-06-01,7,175
1706,2024-06-01,3,45
1707,2024-06-01,6,138
1708,2024-06-01,166,3320
1709,2024-06-01,8,176
1710,2024-06-01,4,88
1711,2024-06-01,94,1786
1712,2024-06-01,4,64
1713,2024-06-01,4,40
1714,2024-06-01,102,2550
1715,2024-06-01,12,240
1716,2024-06-01,4,84
1718,2024-06-01,9,225
1719,2024-06-01,23,483
1720,2024-06-01,9,99
1721,2024-06-01,19,475
1722,2024-06-01,24,264
1723,2024-06-01,6,138
1724,2024-06-01,3,75
1725,2024-06-01,175,1925
1726,2024-06-01,3,42
1727,2024-06-01,6,84
1728,2024-06-01,10,110
1729,2024-06-01,15,375
1730,2024-06-01,6,66
1731,2024-06-01,24,432
1732,2024-06-01,6,66
1733,2024-06-01,83,913
1734,2024-06-01,11,143
1735,2024-06-01,5,90
1736,2024-06-01,7,161
1737,2024-06-01,9,99
1738,2024-06-01,26,208
1739,2024-06-01,121,2178
1740,2024-06-01,31,682
1741,2024-06-01,26,468
1742,2024-06-01,31,558
1743,2024-06-01,8,176
1745,2024-06-01,15,345
1746,2024-06-01,48,912
1747,2024-06-01,6,102
1748,2024-06-01,10,250
1749,2024-06-01,5,110
1750,2024-06-01,5,50
1751,2024-06-01,201,1809
1752,2024-06-01,33,297
1753,2024-06-01,1,13
1754,2024-06-01,2,28
1755,2024-06-01,2,22
1756,2024-06-01,19,399
1757,2024-06-01,6,120
1758,2024-06-01,8,200
1759,2024-06-01,96,2016
1760,2024-06-01,12,192
1761,2024-06-01,7,63
1762,2024-06-01,8,184
1763,2024-06-01,14,140
1764,2024-06-01,4,92
1765,2024-06-01,44,484
1766,2024-06-01,44,484
1767,2024-06-01,123,2952
1768,2024-06-01,5,75
1769,2024-06-01,24,288
1770,2024-06-01,13,117
1771,2024-06-01,11,154
1772,2024-06-01,30,450
1773,2024-06-01,54,540
1774,2024-06-01,20,320
1775,2024-06-01,24,288
1776,2024-06-01,5,45
1778,2024-06-01,4,44
1779,2024-06-01,14,350
1780,2024-06-01,10,130
1781,2024-06-01,7,147
1782,2024-06-01,4,72
1783,2024-06-01,36,684
1784,2024-06-01,6,78
1785,2024-06-01,8,160
1786,2024-06-01,17,306
1787,2024-06-01,55,440
1788,2024-06-01,82,1230
1789,2024-06-01,4,72
1790,2024-06-01,2,32
1791,2024-06-01,25,375
1792,2024-06-01,6,72
1793,2024-06-01,4,44
1794,2024-06-01,18,252
1795,2024-06-01,8,96
1796,2024-06-01,58,1334
1797,2024-06-01,19,475
1798,2024-06-01,5,70
1799,2024-06-01,12,144
1800,2024-06-01,35,735
1801,2024-06-01,45,1080
1802,2024-06-01,166,1992
1803,2024-06-01,6,84
1804,2024-06-01,9,180
1805,2024-06-01,7,56
1806,2024-06-01,12,108
1807,2024-06-01,10,130
1808,2024-06-01,5,120
1809,2024-06-01,43,430
1810,2024-06-01,8,176
1811,2024-06-01,2,34
1812,2024-06-01,14,112
1813,2024-06-01,7,56
1814,2024-06-01,39,897
1815,2024-06-01,4,88
1816,2024-06-01,8,192
1817,2024-06-01,34,816
1818,2024-06-01,20,380
1819,2024-06-01,11,253
1820,2024-06-01,9,225
1821,2024-06-01,13,130
1822,2024-06-01,11,264
1823,2024-06-01,11,165
1824,2024-06-01,2,34
1825,2024-06-01,19,304
1826,2024-06-01,31,527
1827,2024-06-01,4,100
1828,2024-06-01,25,350
1829,2024-06-01,18,360
1830,2024-06-01,30,480
1831,2024-06-01,8,144
1832,2024-06-01,2,32
1833,2024-06-01,8,136
1834,2024-06-01,12,216
1835,2024-06-01,2,26
1836,2024-06-01,4,36
1002,2024-07-01,7,126
1004,2024-07-01,1,16
1005,2024-07-01,28,392
1006,2024-07-01,1,24
1007,2024-07-01,26,650
1008,2024-07-01,28,532
1010,2024-07-01,3,69
1011,2024-07-01,11,121
1012,2024-07-01,42,1050
1013,2024-07-01,167,3674
1016,2024-07-01,8,80
1017,2024-07-01,6,60
1020,2024-07-01,4,36
1022,2024-07-01,2,18
1025,2024-07-01,19,399
1026,2024-07-01,220,1760
1027,2024-07-01,42,966
1028,2024-07-01,8,176
1029,2024-07-01,3,36
1033,2024-07-01,11,154
1035,2024-07-01,2,36
1036,2024-07-01,7,147
1037,2024-07-01,18,234
1038,2024-07-01,18,360
1039,2024-07-01,4,84
1040,2024-07-01,51,1020
1041,2024-07-01,33,693
1042,2024-07-01,28,364
1043,2024-07-01,40,520
1044,2024-07-01,6,90
1045,2024-07-01,64,1600
1047,2024-07-01,3,57
1048,2024-07-01,10,90
1051,2024-07-01,7,133
1052,2024-07-01,17,323
1053,2024-07-01,37,518
1056,2024-07-01,16,224
1057,2024-07-01,2,22
1059,2024-07-01,179,2864
1060,2024-07-01,15,240
1062,2024-07-01,34,374
1063,2024-07-01,17,391
1064,2024-07-01,140,1260
1065,2024-07-01,6,60
1067,2024-07-01,7,133
1069,2024-07-01,9,171
1071,2024-07-01,3,33
1072,2024-07-01,2,50
1075,2024-07-01,2,22
1076,2024-07-01,52,416
1078,2024-07-01,27,216
1079,2024-07-01,36,756
1080,2024-07-01,6,78
1085,2024-07-01,41,861
1088,2024-07-01,13,299
1089,2024-07-01,66,660
1091,2024-07-01,3,57
1092,2024-07-01,4,76
1093,2024-07-01,100,2000
1094,2024-07-01,76,912
1096,2024-07-01,8,72
1098,2024-07-01,46,506
1099,2024-07-01,10,150
1100,2024-07-01,2,18
1102,2024-07-01,6,48
1107,2024-07-01,11,253
1108,2024-07-01,15,210
1109,2024-07-01,39,897
1110,2024-07-01,12,180
1111,2024-07-01,4,100
1112,2024-07-01,9,81
1113,2024-07-01,71,1633
1114,2024-07-01,6,96
1115,2024-07-01,127,1778
1116,2024-07-01,5,120
1117,2024-07-01,4,80
1118,2024-07-01,36,468
1120,2024-07-01,3,63
1124,2024-07-01,15,345
1126,2024-07-01,10,200
1127,2024-07-01,45,405
1129,2024-07-01,2,38
1130,2024-07-01,6,90
1131,2024-07-01,6,60
1134,2024-07-01,33,726
1137,2024-07-01,2,28
1139,2024-07-01,5,80
1140,2024-07-01,24,456
1141,2024-07-01,40,680
1143,2024-07-01,82,820
1144,2024-07-01,18,414
1146,2024-07-01,12,288
1147,2024-07-01,28,252
1148,2024-07-01,10,250
1151,2024-07-01,39,546
1152,2024-07-01,9,162
1153,2024-07-01,7,70
1154,2024-07-01,47,517
1157,2024-07-01,45,765
1158,2024-07-01,5,65
1159,2024-07-01,1,25
1160,2024-07-01,5,120
1161,2024-07-01,1,23
1164,2024-07-01,3,69
1167,2024-07-01,14,140
1168,2024-07-01,10,170
1170,2024-07-01,55,605
1171,2024-07-01,26,416
1172,2024-07-01,29,493
1174,2024-07-01,11,110
1175,2024-07-01,20,340
1177,2024-07-01,8,176
1178,2024-07-01,3,72
1179,2024-07-01,14,196
1181,2024-07-01,14,182
1183,2024-07-01,6,114
1184,2024-07-01,7,91
1185,2024-07-01,22,242
1186,2024-07-01,29,551
1187,2024-07-01,65,715
1188,2024-07-01,9,144
1189,2024-07-01,33,627
1191,2024-07-01,10,130
1192,2024-07-01,25,450
1193,2024-07-01,42,630
1194,2024-07-01,15,345
1195,2024-07-01,11,220
1196,2024-07-01,28,448
1197,2024-07-01,5,110
1198,2024-07-01,23,391
1199,2024-07-01,21,504
1200,2024-07-01,224,2912
1202,2024-07-01,4,44
1203,2024-07-01,15,345
1205,2024-07-01,6,90
1207,2024-07-01,14,294
1208,2024-07-01,37,555
1209,2024-07-01,16,192
1210,2024-07-01,2,34
1211,2024-07-01,10,230
1212,2024-07-01,25,325
1213,2024-07-01,164,3936
1214,2024-07-01,4,84
1216,2024-07-01,4,56
1218,2024-07-01,8,160
1219,2024-07-01,10,220
1221,2024-07-01,21,462
1222,2024-07-01,28,672
1223,2024-07-01,50,1200
1224,2024-07-01,12,252
1225,2024-07-01,2,28
1226,2024-07-01,11,275
1227,2024-07-01,12,168
1229,2024-07-01,9,126
1231,2024-07-01,35,840
1232,2024-07-01,2,16
1233,2024-07-01,5,70
1234,2024-07-01,74,1554
1235,2024-07-01,7,105
1236,2024-07-01,9,198
1237,2024-07-01,3,39
1238,2024-07-01,7,98
1239,2024-07-01,5,60
1240,2024-07-01,4,84
1241,2024-07-01,3,66
1242,2024-07-01,16,288
1244,2024-07-01,8,184
1245,2024-07-01,8,168
1246,2024-07-01,4,100
1247,2024-07-01,3,45
1249,2024-07-01,4,32
1250,2024-07-01,12,120
1251,2024-07-01,5,95
1253,2024-07-01,2,22
1254,2024-07-01,9,171
1256,2024-07-01,9,216
1257,2024-07-01,2,26
1258,2024-07-01,22,506
1259,2024-07-01,108,2160
1261,2024-07-01,237,3792
1262,2024-07-01,343,6174
1263,2024-07-01,9,198
1264,2024-07-01,40,760
1265,2024-07-01,34,748
1266,2024-07-01,84,1932
1267,2024-07-01,18,432
1268,2024-07-01,90,1800
1270,2024-07-01,85,935
1271,2024-07-01,8,168
1273,2024-07-01,13,104
1274,2024-07-01,112,896
1275,2024-07-01,126,1008
1279,2024-07-01,6,48
1281,2024-07-01,35,770
1282,2024-07-01,10,110
1284,2024-07-01,150,1650
1285,2024-07-01,120,1920
1286,2024-07-01,6,48
1287,2024-07-01,96,2304
1288,2024-07-01,6,132
1289,2024-07-01,9,72
1291,2024-07-01,51,408
1293,2024-07-01,36,540
1295,2024-07-01,2,30
1296,2024-07-01,7,63
1297,2024-07-01,3,51
1299,2024-07-01,6,120
1301,2024-07-01,5,80
1302,2024-07-01,11,187
1303,2024-07-01,3,39
1304,2024-07-01,12,120
1305,2024-07-01,4,88
1306,2024-07-01,8,112
1307,2024-07-01,14,140
1308,2024-07-01,12,276
1309,2024-07-01,23,529
1310,2024-07-01,36,792
1311,2024-07-01,0,0
1312,2024-07-01,6,96
1314,2024-07-01,6,144
1315,2024-07-01,6,96
1317,2024-07-01,7,154
1318,2024-07-01,29,638
1319,2024-07-01,7,126
1320,2024-07-01,11,220
1321,2024-07-01,8,64
1322,2024-07-01,109,1962
1323,2024-07-01,9,216
1324,2024-07-01,10,160
1326,2024-07-01,7,77
1327,2024-07-01,110,1870
1328,2024-07-01,4,96
1329,2024-07-01,40,360
1331,2024-07-01,11,110
1332,2024-07-01,5,60
1333,2024-07-01,18,378
1334,2024-07-01,15,330
1335,2024-07-01,13,247
1336,2024-07-01,8,168
1337,2024-07-01,351,5616
1338,2024-07-01,16,208
1339,2024-07-01,50,700
1340,2024-07-01,18,396
1341,2024-07-01,29,319
1342,2024-07-01,23,230
1343,2024-07-01,24,264
1344,2024-07-01,3,39
1346,2024-07-01,65,1430
1347,2024-07-01,4,64
1348,2024-07-01,8,80
1350,2024-07-01,28,420
1351,2024-07-01,5,100
1352,2024-07-01,29,725
1353,2024-07-01,2,34
1354,2024-07-01,2,38
1355,2024-07-01,45,1080
1356,2024-07-01,6,54
1357,2024-07-01,11,209
1358,2024-07-01,61,1464
1361,2024-07-01,7,133
1363,2024-07-01,53,1166
1364,2024-07-01,19,437
1367,2024-07-01,5,105
1369,2024-07-01,4,100
1372,2024-07-01,49,784
1373,2024-07-01,53,1272
1374,2024-07-01,5,105
1375,2024-07-01,152,1672
1376,2024-07-01,7,105
1377,2024-07-01,3,57
1378,2024-07-01,168,4032
1379,2024-07-01,15,255
1380,2024-07-01,5,75
1381,2024-07-01,7,63
1382,2024-07-01,3,60
1385,2024-07-01,4,56
1386,2024-07-01,9,180
1387,2024-07-01,30,420
1388,2024-07-01,21,210
1389,2024-07-01,36,792
1393,2024-07-01,21,294
1394,2024-07-01,14,196
1395,2024-07-01,8,88
1397,2024-07-01,7,56
1398,2024-07-01,18,342
1400,2024-07-01,39,351
1402,2024-07-01,102,1938
1403,2024-07-01,20,160
1404,2024-07-01,7,147
1405,2024-07-01,150,2400
1407,2024-07-01,3,33
1409,2024-07-01,18,414
1410,2024-07-01,25,600
1411,2024-07-01,8,184
1412,2024-07-01,18,414
1413,2024-07-01,9,225
1414,2024-07-01,11,187
1416,2024-07-01,5,45
1417,2024-07-01,52,1300
1419,2024-07-01,7,56
1420,2024-07-01,157,2198
1422,2024-07-01,37,814
1423,2024-07-01,4,64
1425,2024-07-01,5,95
1426,2024-07-01,4,96
1427,2024-07-01,4,64
1428,2024-07-01,12,204
1432,2024-07-01,9,171
1433,2024-07-01,15,165
1434,2024-07-01,7,154
1435,2024-07-01,7,126
1436,2024-07-01,27,459
1437,2024-07-01,9,108
1438,2024-07-01,21,294
1439,2024-07-01,31,713
1441,2024-07-01,8,120
1442,2024-07-01,2,28
1443,2024-07-01,126,2394
1444,2024-07-01,36,900
1445,2024-07-01,2,38
1447,2024-07-01,29,406
1448,2024-07-01,45,450
1449,2024-07-01,0,0
1450,2024-07-01,11,88
1451,2024-07-01,6,84
1452,2024-07-01,42,798
1453,2024-07-01,4,36
1455,2024-07-01,12,156
1456,2024-07-01,8,144
1457,2024-07-01,56,784
1458,2024-07-01,29,493
1460,2024-07-01,10,180
1461,2024-07-01,4,92
1462,2024-07-01,6,114
1464,2024-07-01,8,136
1465,2024-07-01,11,132
1466,2024-07-01,7,70
1468,2024-07-01,28,504
1469,2024-07-01,2,24
1470,2024-07-01,5,105
1471,2024-07-01,108,1944
1473,2024-07-01,20,160
1474,2024-07-01,58,1102
1475,2024-07-01,3,45
1476,2024-07-01,95,1995
1477,2024-07-01,22,264
1478,2024-07-01,8,192
1479,2024-07-01,3,24
1480,2024-07-01,2,26
1481,2024-07-01,43,1032
1483,2024-07-01,32,640
1484,2024-07-01,11,132
1485,2024-07-01,1,16
1486,2024-07-01,5,40
1487,2024-07-01,19,418
1488,2024-07-01,28,700
1489,2024-07-01,3,39
1490,2024-07-01,24,192
1491,2024-07-01,1,12
1492,2024-07-01,7,126
1493,2024-07-01,3,48
1494,2024-07-01,41,943
1495,2024-07-01,11,121
1496,2024-07-01,8,168
1497,2024-07-01,1,19
1498,2024-07-01,6,72
1499,2024-07-01,24,600
1500,2024-07-01,3,48
1501,2024-07-01,36,360
1502,2024-07-01,8,184
1503,2024-07-01,15,360
1505,2024-07-01,5,60
1507,2024-07-01,8,192
1508,2024-07-01,19,266
1509,2024-07-01,3,48
1510,2024-07-01,23,207
1511,2024-07-01,3,27
1512,2024-07-01,3,39
1513,2024-07-01,1,19
1514,2024-07-01,9,162
1515,2024-07-01,6,72
1516,2024-07-01,4,92
1517,2024-07-01,29,551
1518,2024-07-01,3,57
1519,2024-07-01,6,120
1520,2024-07-01,9,117
1521,2024-07-01,5,85
1522,2024-07-01,23,368
1523,2024-07-01,8,120
1524,2024-07-01,259,4144
1525,2024-07-01,33,462
1526,2024-07-01,40,960
1527,2024-07-01,4,64
1528,2024-07-01,9,153
1529,2024-07-01,6,150
1530,2024-07-01,72,1800
1531,2024-07-01,8,128
1532,2024-07-01,7,133
1533,2024-07-01,35,560
1534,2024-07-01,7,84
1536,2024-07-01,5,45
1537,2024-07-01,12,204
1539,2024-07-01,206,4326
1540,2024-07-01,28,420
1541,2024-07-01,56,896
1542,2024-07-01,4,40
1543,2024-07-01,9,180
1544,2024-07-01,9,207
1545,2024-07-01,45,720
1546,2024-07-01,37,888
1548,2024-07-01,33,792
1549,2024-07-01,2,28
1551,2024-07-01,52,416
1553,2024-07-01,88,1584
1554,2024-07-01,45,495
1555,2024-07-01,7,133
1556,2024-07-01,4,44
1557,2024-07-01,41,328
1558,2024-07-01,11,132
1559,2024-07-01,44,440
1561,2024-07-01,4,32
1562,2024-07-01,8,64
1563,2024-07-01,6,54
1564,2024-07-01,31,403
1565,2024-07-01,3,57
1566,2024-07-01,3,63
1568,2024-07-01,3,45
1569,2024-07-01,153,1683
1570,2024-07-01,44,1100
1571,2024-07-01,9,81
1572,2024-07-01,28,644
1573,2024-07-01,6,84
1574,2024-07-01,12,120
1575,2024-07-01,39,468
1576,2024-07-01,3,27
1577,2024-07-01,11,231
1578,2024-07-01,3,63
1579,2024-07-01,6,114
1580,2024-07-01,29,725
1581,2024-07-01,26,260
1582,2024-07-01,10,160
1583,2024-07-01,6,150
1585,2024-07-01,51,561
1586,2024-07-01,5,90
1587,2024-07-01,4,76
1588,2024-07-01,8,136
1589,2024-07-01,3,66
1590,2024-07-01,31,775
1591,2024-07-01,7,154
1592,2024-07-01,40,680
1593,2024-07-01,12,300
1594,2024-07-01,8,72
1595,2024-07-01,2,24
1596,2024-07-01,10,80
1597,2024-07-01,4,32
1598,2024-07-01,133,3192
1599,2024-07-01,10,210
1600,2024-07-01,15,315
1602,2024-07-01,48,864
1603,2024-07-01,4,68
1604,2024-07-01,3,72
1605,2024-07-01,46,828
1607,2024-07-01,12,300
1608,2024-07-01,9,153
1609,2024-07-01,117,2106
1610,2024-07-01,47,611
1611,2024-07-01,8,192
1612,2024-07-01,76,684
1613,2024-07-01,4,76
1614,2024-07-01,6,138
1615,2024-07-01,7,56
1616,2024-07-01,3,33
1617,2024-07-01,29,261
1619,2024-07-01,7,133
1620,2024-07-01,106,1378
1621,2024-07-01,7,161
1622,2024-07-01,7,175
1624,2024-07-01,1,21
1625,2024-07-01,16,320
1626,2024-07-01,36,576
1627,2024-07-01,16,208
1628,2024-07-01,7,168
1629,2024-07-01,5,125
1630,2024-07-01,90,1800
1631,2024-07-01,44,1056
1634,2024-07-01,15,150
1635,2024-07-01,38,836
1636,2024-07-01,36,324
1637,2024-07-01,6,90
1638,2024-07-01,23,368
1639,2024-07-01,6,102
1640,2024-07-01,54,918
1641,2024-07-01,10,160
1642,2024-07-01,4,48
1643,2024-07-01,3,42
1645,2024-07-01,9,198
1646,2024-07-01,18,288
1647,2024-07-01,18,396
1648,2024-07-01,1,14
1649,2024-07-01,2,40
1650,2024-07-01,31,496
1651,2024-07-01,9,207
1652,2024-07-01,5,80
1653,2024-07-01,21,441
1656,2024-07-01,45,945
1657,2024-07-01,43,473
1658,2024-07-01,27,459
1659,2024-07-01,5,75
1660,2024-07-01,6,150
1661,2024-07-01,6,150
1662,2024-07-01,11,264
1663,2024-07-01,5,55
1665,2024-07-01,5,105
1666,2024-07-01,6,144
1667,2024-07-01,14,196
1668,2024-07-01,3,54
1669,2024-07-01,10,240
1670,2024-07-01,7,84
1672,2024-07-01,21,462
1673,2024-07-01,3,75
1674,2024-07-01,15,255
1675,2024-07-01,9,198
1676,2024-07-01,7,56
1677,2024-07-01,14,322
1678,2024-07-01,21,525
1679,2024-07-01,7,98
1680,2024-07-01,3,30
1681,2024-07-01,23,460
1682,2024-07-01,3,66
1683,2024-07-01,13,104
1684,2024-07-01,26,286
1685,2024-07-01,123,1722
1686,2024-07-01,15,150
1687,2024-07-01,5,90
1688,2024-07-01,4,52
1689,2024-07-01,73,1460
1690,2024-07-01,6,96
1691,2024-07-01,4,56
1692,2024-07-01,3,57
1694,2024-07-01,19,399
1695,2024-07-01,5,110
1696,2024-07-01,7,105
1697,2024-07-01,58,1334
1698,2024-07-01,24,600
1699,2024-07-01,11,242
1700,2024-07-01,3,54
1701,2024-07-01,2,40
1702,2024-07-01,5,70
1703,2024-07-01,7,147
1704,2024-07-01,2,18
1705,2024-07-01,6,84
1706,2024-07-01,3,42
1707,2024-07-01,8,144
1708,2024-07-01,179,2327
1709,2024-07-01,8,80
1710,2024-07-01,5,55
1711,2024-07-01,87,957
1712,2024-07-01,4,60
1713,2024-07-01,5,125
1714,2024-07-01,84,1596
1715,2024-07-01,11,275
1716,2024-07-01,3,45
1718,2024-07-01,10,120
1719,2024-07-01,26,390
1720,2024-07-01,8,128
1721,2024-07-01,17,391
1722,2024-07-01,21,525
1723,2024-07-01,5,110
1724,2024-07-01,3,60
1725,2024-07-01,155,3875
1726,2024-07-01,4,40
1727,2024-07-01,6,54
1728,2024-07-01,9,90
1729,2024-07-01,14,322
1730,2024-07-01,5,85
1731,2024-07-01,23,368
1732,2024-07-01,5,120
1733,2024-07-01,52,832
1734,2024-07-01,5,50
1736,2024-07-01,8,128
1737,2024-07-01,12,156
1738,2024-07-01,39,546
1739,2024-07-01,121,2420
1740,2024-07-01,31,775
1741,2024-07-01,23,253
1742,2024-07-01,34,510
1743,2024-07-01,6,48
1745,2024-07-01,22,550
1746,2024-07-01,54,1296
1747,2024-07-01,5,120
1748,2024-07-01,8,184
1749,2024-07-01,5,115
1750,2024-07-01,5,115
1751,2024-07-01,230,2990
1752,2024-07-01,28,336
1754,2024-07-01,2,42
1755,2024-07-01,2,46
1756,2024-07-01,19,152
1757,2024-07-01,5,55
1758,2024-07-01,6,48
1759,2024-07-01,109,2725
1760,2024-07-01,10,150
1761,2024-07-01,7,126
1762,2024-07-01,6,90
1763,2024-07-01,15,180
1764,2024-07-01,6,48
1765,2024-07-01,35,770
1766,2024-07-01,45,1125
1767,2024-07-01,86,1376
1769,2024-07-01,24,408
1770,2024-07-01,13,299
1771,2024-07-01,10,220
1772,2024-07-01,30,480
1773,2024-07-01,56,1232
1774,2024-07-01,25,600
1775,2024-07-01,25,275
1776,2024-07-01,6,90
1778,2024-07-01,4,64
1779,2024-07-01,13,299
1780,2024-07-01,10,240
1781,2024-07-01,3,45
1782,2024-07-01,4,60
1783,2024-07-01,41,902
1784,2024-07-01,7,77
1785,2024-07-01,7,84
1786,2024-07-01,16,336
1787,2024-07-01,53,848
1788,2024-07-01,92,1472
1789,2024-07-01,4,92
1790,2024-07-01,2,50
1791,2024-07-01,24,432
1792,2024-07-01,5,40
1793,2024-07-01,4,96
1794,2024-07-01,20,160
1796,2024-07-01,54,432
1797,2024-07-01,21,441
1798,2024-07-01,5,40
1799,2024-07-01,11,231
1800,2024-07-01,36,900
1801,2024-07-01,39,858
1802,2024-07-01,161,2093
1803,2024-07-01,6,54
1804,2024-07-01,8,72
1805,2024-07-01,6,108
1806,2024-07-01,11,143
1807,2024-07-01,9,180
1808,2024-07-01,7,140
1809,2024-07-01,41,533
1810,2024-07-01,9,81
1811,2024-07-01,2,22
1812,2024-07-01,16,224
1813,2024-07-01,7,63
1814,2024-07-01,33,825
1816,2024-07-01,8,152
1817,2024-07-01,31,682
1818,2024-07-01,25,425
1819,2024-07-01,9,99
1820,2024-07-01,8,136
1821,2024-07-01,15,270
1822,2024-07-01,9,207
1823,2024-07-01,13,182
1824,2024-07-01,2,46
1825,2024-07-01,18,342
1826,2024-07-01,26,364
1827,2024-07-01,5,80
1828,2024-07-01,43,903
1829,2024-07-01,15,360
1830,2024-07-01,25,350
1831,2024-07-01,6,132
1832,2024-07-01,2,26
1833,2024-07-01,7,119
1834,2024-07-01,13,260
1835,2024-07-01,2,24
1836,2024-07-01,5,100
1837,2024-07-01,5,115
1838,2024-07-01,5,120
1839,2024-07-01,4,64
1840,2024-07-01,6,132
1841,2024-07-01,28,532
1842,2024-07-01,9,189
1843,2024-07-01,2,16
1844,2024-07-01,12,204
1845,2024-07-01,2,26
1846,2024-07-01,121,1573
1847,2024-07-01,38,342
1848,2024-07-01,5,55
1849,2024-07-01,28,336
1850,2024-07-01,10,90
1851,2024-07-01,19,304
1852,2024-07-01,11,165
1853,2024-07-01,5,65
1854,2024-07-01,9,99
1855,2024-07-01,5,110
1856,2024-07-01,14,238
1857,2024-07-01,46,506
1858,2024-07-01,41,369
1859,2024-07-01,3,45
1860,2024-07-01,5,105
1861,2024-07-01,12,192
1862,2024-07-01,31,589
1863,2024-07-01,12,216
1864,2024-07-01,19,247
1865,2024-07-01,32,576
1866,2024-07-01,30,240
1867,2024-07-01,3,66
1868,2024-07-01,18,432
1869,2024-07-01,35,665
1870,2024-07-01,4,68
1871,2024-07-01,13,143
1872,2024-07-01,13,286
1873,2024-07-01,5,90
1874,2024-07-01,25,350
1875,2024-07-01,36,540
1876,2024-07-01,7,105
1877,2024-07-01,7,119
1878,2024-07-01,8,152
1879,2024-07-01,32,608
1880,2024-07-01,6,102
1881,2024-07-01,108,864
1882,2024-07-01,10,90
1883,2024-07-01,23,529
1884,2024-07-01,18,378
1885,2024-07-01,4,40
1886,2024-07-01,2,40
1887,2024-07-01,3,30
1888,2024-07-01,22,308
1889,2024-07-01,9,198
1890,2024-07-01,34,510
1891,2024-07-01,4,52
1892,2024-07-01,155,1705
1893,2024-07-01,9,225
1894,2024-07-01,12,144
1895,2024-07-01,59,1475
1896,2024-07-01,13,247
1897,2024-07-01,6,96
1898,2024-07-01,13,169
1899,2024-07-01,32,768
1900,2024-07-01,11,165
1901,2024-07-01,4,72
1002,2024-08-01,7,84
1004,2024-08-01,1,14
1005,2024-08-01,21,210
1006,2024-08-01,1,9
1007,2024-08-01,27,486
1008,2024-08-01,30,270
1010,2024-08-01,2,36
1011,2024-08-01,12,96
1012,2024-08-01,45,990
1013,2024-08-01,155,1240
1016,2024-08-01,9,171
1017,2024-08-01,6,96
1020,2024-08-01,4,68
1022,2024-08-01,2,28
1025,2024-08-01,28,224
1026,2024-08-01,166,1992
1027,2024-08-01,38,646
1028,2024-08-01,5,95
1029,2024-08-01,2,18
1033,2024-08-01,9,117
1035,2024-08-01,2,50
1036,2024-08-01,7,77
1037,2024-08-01,18,306
1038,2024-08-01,15,150
1039,2024-08-01,4,96
1040,2024-08-01,46,598
1041,2024-08-01,27,351
1042,2024-08-01,27,216
1043,2024-08-01,45,540
1044,2024-08-01,7,77
1045,2024-08-01,63,1449
1047,2024-08-01,2,50
1048,2024-08-01,13,208
1051,2024-08-01,8,128
1052,2024-08-01,15,360
1053,2024-08-01,43,430
1056,2024-08-01,14,280
1057,2024-08-01,1,19
1059,2024-08-01,179,2148
1060,2024-08-01,19,380
1062,2024-08-01,49,1225
1063,2024-08-01,18,198
1064,2024-08-01,141,2538
1065,2024-08-01,35,840
1067,2024-08-01,8,128
1069,2024-08-01,6,120
1071,2024-08-01,5,55
1072,2024-08-01,2,38
1075,2024-08-01,2,22
1076,2024-08-01,51,816
1078,2024-08-01,29,435
1079,2024-08-01,23,437
1080,2024-08-01,5,115
1085,2024-08-01,41,820
1088,2024-08-01,12,144
1089,2024-08-01,59,1298
1091,2024-08-01,3,60
1092,2024-08-01,4,52
1093,2024-08-01,104,1872
1094,2024-08-01,79,1738
1096,2024-08-01,8,144
1098,2024-08-01,32,544
1099,2024-08-01,15,150
1100,2024-08-01,2,18
1102,2024-08-01,5,45
1107,2024-08-01,14,252
1108,2024-08-01,16,384
1109,2024-08-01,33,726
1110,2024-08-01,12,276
1111,2024-08-01,5,115
1112,2024-08-01,13,260
1113,2024-08-01,58,812
1114,2024-08-01,6,120
1115,2024-08-01,126,1764
1116,2024-08-01,5,65
1117,2024-08-01,5,100
1118,2024-08-01,33,759
1120,2024-08-01,3,72
1124,2024-08-01,12,168
1126,2024-08-01,10,220
1127,2024-08-01,47,846
1129,2024-08-01,2,44
1130,2024-08-01,7,105
1131,2024-08-01,6,120
1134,2024-08-01,32,736
1137,2024-08-01,2,40
1139,2024-08-01,5,85
1140,2024-08-01,27,432
1141,2024-08-01,32,800
1143,2024-08-01,65,1300
1144,2024-08-01,15,315
1146,2024-08-01,10,100
1147,2024-08-01,28,280
1148,2024-08-01,6,114
1151,2024-08-01,32,672
1152,2024-08-01,7,126
1153,2024-08-01,9,135
1154,2024-08-01,50,750
1157,2024-08-01,34,306
1158,2024-08-01,5,105
1159,2024-08-01,2,32
1160,2024-08-01,7,161
1161,2024-08-01,1,23
1164,2024-08-01,3,30
1167,2024-08-01,14,112
1168,2024-08-01,8,160
1170,2024-08-01,70,1610
1172,2024-08-01,31,589
1174,2024-08-01,17,340
1175,2024-08-01,21,504
1177,2024-08-01,5,90
1178,2024-08-01,2,30
1179,2024-08-01,13,221
1181,2024-08-01,12,300
1183,2024-08-01,6,72
1184,2024-08-01,6,96
1185,2024-08-01,26,312
1186,2024-08-01,24,264
1187,2024-08-01,51,1020
1188,2024-08-01,8,72
1189,2024-08-01,31,496
1192,2024-08-01,21,189
1194,2024-08-01,21,441
1195,2024-08-01,11,132
1196,2024-08-01,26,650
1197,2024-08-01,6,60
1198,2024-08-01,32,768
1199,2024-08-01,18,378
1200,2024-08-01,230,4600
1202,2024-08-01,3,51
1203,2024-08-01,28,644
1205,2024-08-01,6,60
1207,2024-08-01,15,195
1208,2024-08-01,32,576
1209,2024-08-01,16,176
1210,2024-08-01,2,38
1211,2024-08-01,15,270
1212,2024-08-01,18,306
1213,2024-08-01,151,3322
1214,2024-08-01,4,76
1216,2024-08-01,4,80
1218,2024-08-01,7,161
1219,2024-08-01,10,250
1221,2024-08-01,19,152
1222,2024-08-01,27,567
1223,2024-08-01,60,780
1224,2024-08-01,13,169
1226,2024-08-01,9,126
1227,2024-08-01,14,266
1229,2024-08-01,11,165
1231,2024-08-01,38,950
1232,2024-08-01,2,32
1233,2024-08-01,4,96
1234,2024-08-01,67,938
1235,2024-08-01,6,114
1236,2024-08-01,8,128
1237,2024-08-01,3,54
1238,2024-08-01,6,72
1239,2024-08-01,6,108
1240,2024-08-01,4,60
1241,2024-08-01,3,69
1242,2024-08-01,17,323
1244,2024-08-01,8,192
1245,2024-08-01,7,77
1246,2024-08-01,4,72
1247,2024-08-01,2,18
1249,2024-08-01,5,70
1250,2024-08-01,35,560
1251,2024-08-01,3,72
1253,2024-08-01,3,27
1254,2024-08-01,10,80
1256,2024-08-01,11,143
1257,2024-08-01,2,44
1258,2024-08-01,23,230
1259,2024-08-01,110,1760
1261,2024-08-01,222,4884
1262,2024-08-01,279,5580
1263,2024-08-01,9,180
1264,2024-08-01,52,624
1265,2024-08-01,33,759
1266,2024-08-01,79,869
1267,2024-08-01,17,272
1268,2024-08-01,105,2100
1270,2024-08-01,87,1653
1271,2024-08-01,8,64
1273,2024-08-01,11,143
1274,2024-08-01,158,2370
1275,2024-08-01,104,2600
1279,2024-08-01,6,102
1281,2024-08-01,36,612
1282,2024-08-01,10,250
1284,2024-08-01,158,2686
1285,2024-08-01,105,2520
1286,2024-08-01,5,105
1287,2024-08-01,87,1740
1288,2024-08-01,5,50
1289,2024-08-01,12,156
1291,2024-08-01,71,639
1293,2024-08-01,29,406
1295,2024-08-01,2,34
1296,2024-08-01,7,154
1297,2024-08-01,3,69
1299,2024-08-01,6,126
1301,2024-08-01,4,36
1302,2024-08-01,12,96
1303,2024-08-01,3,36
1304,2024-08-01,8,72
1305,2024-08-01,4,76
1306,2024-08-01,7,147
1307,2024-08-01,13,234
1308,2024-08-01,12,276
1309,2024-08-01,22,242
1310,2024-08-01,40,720
1311,2024-08-01,0,0
1312,2024-08-01,6,90
1314,2024-08-01,8,72
1315,2024-08-01,10,140
1317,2024-08-01,6,84
1318,2024-08-01,31,651
1319,2024-08-01,7,105
1320,2024-08-01,12,276
1321,2024-08-01,7,112
1322,2024-08-01,102,1326
1323,2024-08-01,9,90
1324,2024-08-01,9,126
1326,2024-08-01,6,78
1327,2024-08-01,103,2266
1328,2024-08-01,5,125
1329,2024-08-01,46,644
1331,2024-08-01,10,200
1332,2024-08-01,4,72
1333,2024-08-01,21,399
1334,2024-08-01,11,242
1335,2024-08-01,12,108
1336,2024-08-01,7,105
1337,2024-08-01,408,6936
1338,2024-08-01,18,324
1339,2024-08-01,52,624
1340,2024-08-01,17,204
1341,2024-08-01,30,510
1342,2024-08-01,24,480
1343,2024-08-01,18,180
1344,2024-08-01,4,40
1346,2024-08-01,56,672
1347,2024-08-01,5,80
1348,2024-08-01,9,144
1350,2024-08-01,31,651
1351,2024-08-01,5,40
1352,2024-08-01,30,420
1353,2024-08-01,2,26
1354,2024-08-01,2,42
1355,2024-08-01,42,840
1356,2024-08-01,7,91
1357,2024-08-01,11,264
1358,2024-08-01,64,1216
1361,2024-08-01,7,84
1363,2024-08-01,53,424
1364,2024-08-01,20,420
1367,2024-08-01,5,90
1369,2024-08-01,3,75
1372,2024-08-01,46,552
1373,2024-08-01,59,944
1374,2024-08-01,5,55
1375,2024-08-01,134,2948
1376,2024-08-01,7,63
1377,2024-08-01,3,66
1378,2024-08-01,164,3608
1379,2024-08-01,13,169
1380,2024-08-01,6,66
1381,2024-08-01,8,64
1382,2024-08-01,4,48
1385,2024-08-01,3,36
1386,2024-08-01,10,250
1387,2024-08-01,38,798
1388,2024-08-01,25,475
1389,2024-08-01,41,697
1393,2024-08-01,23,414
1394,2024-08-01,18,162
1395,2024-08-01,11,88
1397,2024-08-01,6,108
1398,2024-08-01,17,238
1400,2024-08-01,44,660
1402,2024-08-01,98,784
1403,2024-08-01,19,152
1404,2024-08-01,6,150
1405,2024-08-01,106,1802
1407,2024-08-01,3,27
1409,2024-08-01,21,168
1410,2024-08-01,31,744
1411,2024-08-01,8,112
1412,2024-08-01,16,224
1413,2024-08-01,9,225
1414,2024-08-01,10,190
1416,2024-08-01,5,115
1417,2024-08-01,60,1020
1419,2024-08-01,6,96
1420,2024-08-01,172,3440
1422,2024-08-01,30,570
1425,2024-08-01,5,50
1426,2024-08-01,4,36
1427,2024-08-01,4,100
1428,2024-08-01,16,128
1432,2024-08-01,7,56
1433,2024-08-01,9,153
1434,2024-08-01,4,72
1435,2024-08-01,7,175
1436,2024-08-01,33,528
1437,2024-08-01,9,162
1438,2024-08-01,16,128
1439,2024-08-01,32,416
1441,2024-08-01,7,77
1442,2024-08-01,1,16
1443,2024-08-01,111,1665
1444,2024-08-01,45,765
1445,2024-08-01,3,45
1447,2024-08-01,29,232
1448,2024-08-01,50,1200
1449,2024-08-01,0,0
1450,2024-08-01,11,220
1451,2024-08-01,6,78
1452,2024-08-01,44,352
1453,2024-08-01,4,68
1455,2024-08-01,12,264
1456,2024-08-01,8,72
1457,2024-08-01,55,1045
1458,2024-08-01,31,527
1460,2024-08-01,10,220
1461,2024-08-01,4,92
1462,2024-08-01,6,48
1464,2024-08-01,9,108
1465,2024-08-01,10,80
1466,2024-08-01,9,189
1468,2024-08-01,30,660
1469,2024-08-01,2,30
1470,2024-08-01,5,125
1471,2024-08-01,109,2071
1473,2024-08-01,24,432
1474,2024-08-01,54,594
1475,2024-08-01,4,80
1476,2024-08-01,75,1650
1477,2024-08-01,19,152
1478,2024-08-01,7,126
1479,2024-08-01,4,68
1480,2024-08-01,2,46
1481,2024-08-01,50,1150
1483,2024-08-01,30,240
1484,2024-08-01,12,240
1486,2024-08-01,5,100
1487,2024-08-01,17,323
1488,2024-08-01,28,504
1490,2024-08-01,26,390
1491,2024-08-01,2,18
1492,2024-08-01,9,171
1493,2024-08-01,3,54
1494,2024-08-01,30,510
1495,2024-08-01,9,126
1496,2024-08-01,7,140
1497,2024-08-01,1,23
1498,2024-08-01,7,126
1499,2024-08-01,25,350
1500,2024-08-01,2,50
1501,2024-08-01,44,1100
1502,2024-08-01,7,154
1503,2024-08-01,17,187
1505,2024-08-01,4,72
1507,2024-08-01,4,72
1508,2024-08-01,20,360
1509,2024-08-01,3,45
1510,2024-08-01,24,288
1511,2024-08-01,2,40
1512,2024-08-01,3,48
1513,2024-08-01,1,19
1514,2024-08-01,10,160
1515,2024-08-01,5,65
1516,2024-08-01,5,40
1517,2024-08-01,35,770
1518,2024-08-01,3,39
1519,2024-08-01,6,150
1520,2024-08-01,9,198
1521,2024-08-01,4,64
1522,2024-08-01,24,456
1523,2024-08-01,5,45
1524,2024-08-01,255,5610
1525,2024-08-01,31,589
1526,2024-08-01,47,846
1527,2024-08-01,5,50
1528,2024-08-01,9,207
1529,2024-08-01,6,138
1530,2024-08-01,64,1536
1531,2024-08-01,7,133
1532,2024-08-01,7,63
1533,2024-08-01,28,420
1534,2024-08-01,7,84
1536,2024-08-01,5,50
1537,2024-08-01,10,90
1539,2024-08-01,168,1344
1540,2024-08-01,24,432
1541,2024-08-01,54,1296
1542,2024-08-01,4,80
1543,2024-08-01,10,170
1544,2024-08-01,10,210
1545,2024-08-01,45,1125
1546,2024-08-01,40,760
1548,2024-08-01,35,455
1549,2024-08-01,1,19
1551,2024-08-01,55,825
1553,2024-08-01,113,2147
1554,2024-08-01,50,650
1555,2024-08-01,7,98
1556,2024-08-01,4,52
1557,2024-08-01,41,902
1558,2024-08-01,7,126
1559,2024-08-01,43,559
1561,2024-08-01,4,40
1562,2024-08-01,5,75
1563,2024-08-01,5,40
1564,2024-08-01,36,360
1565,2024-08-01,3,27
1566,2024-08-01,3,51
1568,2024-08-01,2,38
1569,2024-08-01,119,2142
1570,2024-08-01,49,931
1571,2024-08-01,9,189
1572,2024-08-01,22,374
1573,2024-08-01,3,48
1574,2024-08-01,13,169
1575,2024-08-01,51,1173
1576,2024-08-01,4,64
1577,2024-08-01,8,200
1578,2024-08-01,5,50
1579,2024-08-01,8,104
1580,2024-08-01,34,782
1581,2024-08-01,36,864
1582,2024-08-01,9,180
1583,2024-08-01,6,90
1585,2024-08-01,52,1196
1586,2024-08-01,5,45
1587,2024-08-01,3,48
1588,2024-08-01,7,77
1590,2024-08-01,39,585
1592,2024-08-01,38,456
1593,2024-08-01,10,90
1594,2024-08-01,10,190
1595,2024-08-01,2,42
1596,2024-08-01,12,204
1597,2024-08-01,5,60
1598,2024-08-01,137,1507
1599,2024-08-01,11,154
1600,2024-08-01,17,204
1602,2024-08-01,50,1200
1603,2024-08-01,4,80
1605,2024-08-01,60,1140
1607,2024-08-01,16,288
1608,2024-08-01,9,207
1609,2024-08-01,135,1620
1610,2024-08-01,54,918
1611,2024-08-01,8,128
1612,2024-08-01,75,675
1613,2024-08-01,4,92
1614,2024-08-01,7,98
1615,2024-08-01,8,88
1616,2024-08-01,3,66
1617,2024-08-01,27,324
1619,2024-08-01,6,144
1620,2024-08-01,116,1624
1621,2024-08-01,7,77
1622,2024-08-01,11,220
1624,2024-08-01,1,16
1625,2024-08-01,17,425
1626,2024-08-01,35,385
1627,2024-08-01,19,247
1629,2024-08-01,4,56
1630,2024-08-01,97,2134
1631,2024-08-01,33,792
1634,2024-08-01,19,228
1635,2024-08-01,48,816
1636,2024-08-01,42,588
1637,2024-08-01,6,84
1638,2024-08-01,25,325
1639,2024-08-01,6,138
1640,2024-08-01,47,1175
1641,2024-08-01,11,242
1642,2024-08-01,4,88
1643,2024-08-01,3,30
1645,2024-08-01,8,88
1646,2024-08-01,14,154
1647,2024-08-01,18,360
1649,2024-08-01,2,22
1650,2024-08-01,36,648
1651,2024-08-01,5,55
1652,2024-08-01,7,84
1653,2024-08-01,21,462
1656,2024-08-01,64,1088
1657,2024-08-01,38,798
1658,2024-08-01,23,276
1659,2024-08-01,4,52
1660,2024-08-01,4,44
1661,2024-08-01,6,60
1662,2024-08-01,11,275
1663,2024-08-01,5,120
1666,2024-08-01,5,65
1667,2024-08-01,14,126
1668,2024-08-01,4,52
1670,2024-08-01,6,54
1672,2024-08-01,16,368
1673,2024-08-01,3,24
1674,2024-08-01,15,375
1675,2024-08-01,9,144
1677,2024-08-01,13,312
1678,2024-08-01,20,360
1679,2024-08-01,8,104
1680,2024-08-01,3,51
1681,2024-08-01,26,416
1682,2024-08-01,2,28
1683,2024-08-01,12,204
1684,2024-08-01,23,575
1685,2024-08-01,88,880
1686,2024-08-01,13,104
1687,2024-08-01,5,45
1688,2024-08-01,4,88
1689,2024-08-01,53,1272
1690,2024-08-01,5,50
1691,2024-08-01,4,56
1692,2024-08-01,3,27
1694,2024-08-01,17,272
1695,2024-08-01,5,60
1696,2024-08-01,7,133
1697,2024-08-01,52,1040
1698,2024-08-01,24,312
1699,2024-08-01,14,238
1700,2024-08-01,2,24
1701,2024-08-01,2,26
1702,2024-08-01,7,70
1703,2024-08-01,8,80
1704,2024-08-01,2,36
1705,2024-08-01,6,78
1706,2024-08-01,3,57
1707,2024-08-01,10,220
1708,2024-08-01,160,1920
1709,2024-08-01,7,154
1710,2024-08-01,5,75
1711,2024-08-01,92,1196
1712,2024-08-01,3,69
1713,2024-08-01,5,95
1714,2024-08-01,83,830
1715,2024-08-01,10,230
1716,2024-08-01,2,42
1718,2024-08-01,9,180
1719,2024-08-01,21,168
1720,2024-08-01,7,84
1721,2024-08-01,31,465
1722,2024-08-01,21,504
1723,2024-08-01,6,150
1724,2024-08-01,2,42
1725,2024-08-01,150,2100
1726,2024-08-01,4,32
1727,2024-08-01,4,100
1728,2024-08-01,9,81
1729,2024-08-01,15,315
1730,2024-08-01,6,90
1731,2024-08-01,22,286
1732,2024-08-01,4,48
1733,2024-08-01,49,1176
1734,2024-08-01,7,168
1736,2024-08-01,6,114
1737,2024-08-01,7,161
1738,2024-08-01,35,770
1739,2024-08-01,117,2223
1740,2024-08-01,25,250
1741,2024-08-01,22,352
1742,2024-08-01,34,748
1743,2024-08-01,6,96
1745,2024-08-01,20,240
1746,2024-08-01,43,989
1747,2024-08-01,6,126
1748,2024-08-01,9,72
1749,2024-08-01,5,40
1750,2024-08-01,4,88
1751,2024-08-01,247,3458
1752,2024-08-01,27,270
1754,2024-08-01,2,22
1755,2024-08-01,1,11
1756,2024-08-01,15,240
1757,2024-08-01,5,55
1758,2024-08-01,8,144
1759,2024-08-01,113,2825
1760,2024-08-01,10,220
1761,2024-08-01,6,48
1762,2024-08-01,6,54
1763,2024-08-01,18,270
1764,2024-08-01,7,70
1765,2024-08-01,27,513
1766,2024-08-01,44,836
1767,2024-08-01,86,1204
1769,2024-08-01,22,462
1770,2024-08-01,13,221
1771,2024-08-01,11,121
1772,2024-08-01,31,403
1773,2024-08-01,54,432
1774,2024-08-01,21,504
1775,2024-08-01,24,240
1776,2024-08-01,7,154
1778,2024-08-01,5,50
1779,2024-08-01,15,300
1780,2024-08-01,10,180
1781,2024-08-01,3,24
1782,2024-08-01,4,84
1783,2024-08-01,34,816
1784,2024-08-01,7,147
1785,2024-08-01,7,84
1786,2024-08-01,15,300
1787,2024-08-01,70,1610
1788,2024-08-01,60,480
1789,2024-08-01,6,84
1790,2024-08-01,3,39
1791,2024-08-01,23,299
1792,2024-08-01,3,66
1793,2024-08-01,4,44
1794,2024-08-01,23,437
1796,2024-08-01,53,901
1797,2024-08-01,29,232
1798,2024-08-01,5,105
1799,2024-08-01,11,209
1800,2024-08-01,28,616
1801,2024-08-01,36,864
1802,2024-08-01,152,1216
1803,2024-08-01,6,54
1804,2024-08-01,7,147
1805,2024-08-01,10,230
1806,2024-08-01,9,81
1807,2024-08-01,8,144
1808,2024-08-01,6,72
1809,2024-08-01,48,1056
1810,2024-08-01,9,144
1811,2024-08-01,2,30
1812,2024-08-01,14,196
1813,2024-08-01,6,120
1814,2024-08-01,37,740
1816,2024-08-01,7,63
1817,2024-08-01,39,312
1818,2024-08-01,14,336
1819,2024-08-01,9,81
1820,2024-08-01,9,90
1821,2024-08-01,19,380
1822,2024-08-01,10,120
1823,2024-08-01,10,150
1824,2024-08-01,2,18
1825,2024-08-01,19,437
1826,2024-08-01,24,480
1827,2024-08-01,4,60
1828,2024-08-01,33,825
1829,2024-08-01,14,252
1830,2024-08-01,26,598
1831,2024-08-01,7,98
1832,2024-08-01,2,30
1833,2024-08-01,8,112
1834,2024-08-01,11,176
1835,2024-08-01,2,30
1836,2024-08-01,5,95
1837,2024-08-01,5,95
1838,2024-08-01,5,45
1839,2024-08-01,5,125
1840,2024-08-01,6,54
1841,2024-08-01,34,612
1842,2024-08-01,8,160
1843,2024-08-01,2,30
1844,2024-08-01,13,260
1845,2024-08-01,2,28
1846,2024-08-01,107,1070
1847,2024-08-01,36,432
1848,2024-08-01,5,120
1849,2024-08-01,31,713
1850,2024-08-01,7,112
1851,2024-08-01,16,128
1852,2024-08-01,8,104
1853,2024-08-01,5,105
1854,2024-08-01,7,126
1855,2024-08-01,5,70
1856,2024-08-01,11,220
1857,2024-08-01,43,989
1858,2024-08-01,33,330
1859,2024-08-01,4,44
1860,2024-08-01,3,63
1861,2024-08-01,14,294
1862,2024-08-01,39,741
1863,2024-08-01,13,143
1864,2024-08-01,17,323
1865,2024-08-01,27,540
1866,2024-08-01,33,594
1867,2024-08-01,4,52
1868,2024-08-01,20,320
1869,2024-08-01,39,429
1870,2024-08-01,4,64
1871,2024-08-01,17,187
1872,2024-08-01,17,391
1873,2024-08-01,5,40
1874,2024-08-01,31,310
1875,2024-08-01,36,540
1876,2024-08-01,5,105
1877,2024-08-01,3,39
1878,2024-08-01,4,56
1879,2024-08-01,34,272
1880,2024-08-01,5,115
1881,2024-08-01,125,2500
1882,2024-08-01,14,224
1883,2024-08-01,33,462
1884,2024-08-01,20,280
1886,2024-08-01,2,22
1887,2024-08-01,2,16
1888,2024-08-01,24,528
1889,2024-08-01,8,72
1890,2024-08-01,33,363
1891,2024-08-01,4,52
1892,2024-08-01,127,2286
1893,2024-08-01,5,85
1895,2024-08-01,51,510
1896,2024-08-01,15,375
1897,2024-08-01,7,91
1898,2024-08-01,12,168
1899,2024-08-01,32,352
1900,2024-08-01,7,175
1901,2024-08-01,4,36
1902,2024-08-01,35,455
1903,2024-08-01,20,200
1904,2024-08-01,19,361
1905,2024-08-01,3,57
1906,2024-08-01,25,300
1907,2024-08-01,12,252
1908,2024-08-01,4,40
1909,2024-08-01,3,42
1910,2024-08-01,8,72
1911,2024-08-01,4,52
1912,2024-08-01,167,3340
1913,2024-08-01,47,893
1914,2024-08-01,111,1443
1915,2024-08-01,42,378
1916,2024-08-01,5,40
1917,2024-08-01,36,576
1918,2024-08-01,3,48
1919,2024-08-01,29,319
1920,2024-08-01,20,200
1921,2024-08-01,3,51
1922,2024-08-01,6,48
1923,2024-08-01,4,92
1924,2024-08-01,43,731
1925,2024-08-01,4,40
1926,2024-08-01,8,120
1927,2024-08-01,4,68
1928,2024-08-01,26,468
1929,2024-08-01,11,231
1930,2024-08-01,16,176
1931,2024-08-01,11,253
1932,2024-08-01,6,60
1933,2024-08-01,35,525
1934,2024-08-01,13,169
1935,2024-08-01,53,583
1936,2024-08-01,22,440
1937,2024-08-01,2,18
1938,2024-08-01,61,1525
1939,2024-08-01,4,56
1940,2024-08-01,38,912
1941,2024-08-01,18,432
1942,2024-08-01,7,98
1943,2024-08-01,10,200
1944,2024-08-01,84,840
1945,2024-08-01,8,112
1946,2024-08-01,12,228
1947,2024-08-01,10,190
1948,2024-08-01,11,209
1949,2024-08-01,6,150
1950,2024-08-01,24,384
1951,2024-08-01,8,104
1952,2024-08-01,36,396
1953,2024-08-01,2,46
1954,2024-08-01,4,84
1955,2024-08-01,3,42
1956,2024-08-01,17,425
1957,2024-08-01,6,66
1958,2024-08-01,2,48
1959,2024-08-01,33,660
1960,2024-08-01,18,414
1961,2024-08-01,6,96
1962,2024-08-01,14,252
1963,2024-08-01,16,320
1964,2024-08-01,36,720
1965,2024-08-01,12,132
1966,2024-08-01,6,102
1967,2024-08-01,35,875
1968,2024-08-01,32,384
1002,2024-09-01,10,230
1004,2024-09-01,1,17
1005,2024-09-01,24,264
1006,2024-09-01,1,23
1007,2024-09-01,24,312
1008,2024-09-01,29,435
1010,2024-09-01,3,60
1011,2024-09-01,12,300
1012,2024-09-01,47,658
1013,2024-09-01,165,1980
1016,2024-09-01,9,81
1017,2024-09-01,3,69
1020,2024-09-01,7,168
1022,2024-09-01,2,28
1025,2024-09-01,18,396
1026,2024-09-01,151,3775
1027,2024-09-01,52,884
1028,2024-09-01,6,144
1029,2024-09-01,2,20
1033,2024-09-01,12,180
1035,2024-09-01,3,48
1036,2024-09-01,7,161
1037,2024-09-01,22,220
1038,2024-09-01,15,135
1039,2024-09-01,4,68
1040,2024-09-01,46,368
1041,2024-09-01,30,300
1042,2024-09-01,23,483
1043,2024-09-01,41,451
1044,2024-09-01,7,154
1045,2024-09-01,64,1152
1047,2024-09-01,2,42
1048,2024-09-01,13,299
1051,2024-09-01,8,64
1052,2024-09-01,11,253
1053,2024-09-01,44,528
1056,2024-09-01,13,169
1057,2024-09-01,2,46
1059,2024-09-01,186,4464
1060,2024-09-01,15,165
1062,2024-09-01,45,495
1063,2024-09-01,17,136
1064,2024-09-01,125,2500
1065,2024-09-01,38,912
1067,2024-09-01,12,276
1069,2024-09-01,6,150
1071,2024-09-01,5,70
1072,2024-09-01,2,24
1075,2024-09-01,2,44
1076,2024-09-01,45,1125
1078,2024-09-01,17,136
1079,2024-09-01,22,220
1080,2024-09-01,5,95
1085,2024-09-01,33,396
1088,2024-09-01,12,300
1089,2024-09-01,61,793
1091,2024-09-01,3,51
1092,2024-09-01,5,115
1093,2024-09-01,93,1302
1094,2024-09-01,80,960
1096,2024-09-01,7,91
1098,2024-09-01,30,750
1099,2024-09-01,15,120
1100,2024-09-01,2,38
1102,2024-09-01,6,78
1107,2024-09-01,14,266
1108,2024-09-01,11,264
1109,2024-09-01,39,468
1110,2024-09-01,15,225
1111,2024-09-01,6,126
1112,2024-09-01,11,132
1113,2024-09-01,67,1072
1115,2024-09-01,118,944
1116,2024-09-01,6,114
1117,2024-09-01,2,16
1118,2024-09-01,37,814
1120,2024-09-01,3,60
1124,2024-09-01,13,312
1126,2024-09-01,9,135
1127,2024-09-01,45,450
1129,2024-09-01,2,46
1130,2024-09-01,5,40
1131,2024-09-01,6,54
1134,2024-09-01,34,680
1137,2024-09-01,1,22
1139,2024-09-01,5,40
1140,2024-09-01,23,460
1141,2024-09-01,34,476
1143,2024-09-01,66,1188
1144,2024-09-01,18,216
1146,2024-09-01,7,105
1147,2024-09-01,24,600
1148,2024-09-01,7,91
1151,2024-09-01,18,360
1152,2024-09-01,8,80
1153,2024-09-01,7,133
1154,2024-09-01,49,441
1157,2024-09-01,42,504
1158,2024-09-01,6,120
1159,2024-09-01,2,40
1160,2024-09-01,7,56
1161,2024-09-01,1,16
1164,2024-09-01,3,69
1167,2024-09-01,9,153
1168,2024-09-01,8,80
1170,2024-09-01,69,897
1172,2024-09-01,32,544
1174,2024-09-01,12,180
1175,2024-09-01,24,480
1177,2024-09-01,7,126
1178,2024-09-01,2,48
1179,2024-09-01,13,221
1181,2024-09-01,12,204
1183,2024-09-01,7,161
1184,2024-09-01,6,48
1185,2024-09-01,22,220
1186,2024-09-01,32,480
1187,2024-09-01,59,1180
1188,2024-09-01,9,126
1189,2024-09-01,41,820
1192,2024-09-01,27,621
1194,2024-09-01,19,475
1195,2024-09-01,9,144
1196,2024-09-01,24,408
1197,2024-09-01,5,75
1198,2024-09-01,31,279
1199,2024-09-01,16,272
1200,2024-09-01,187,3366
1202,2024-09-01,2,44
1203,2024-09-01,28,532
1205,2024-09-01,5,95
1207,2024-09-01,12,168
1208,2024-09-01,41,451
1209,2024-09-01,8,192
1210,2024-09-01,2,24
1211,2024-09-01,15,330
1212,2024-09-01,22,462
1213,2024-09-01,154,1694
1214,2024-09-01,3,63
1216,2024-09-01,4,92
1218,2024-09-01,8,104
1219,2024-09-01,11,264
1221,2024-09-01,14,126
1222,2024-09-01,27,243
1223,2024-09-01,63,756
1224,2024-09-01,4,48
1226,2024-09-01,10,100
1227,2024-09-01,16,384
1229,2024-09-01,8,128
1231,2024-09-01,56,952
1232,2024-09-01,2,40
1233,2024-09-01,5,125
1234,2024-09-01,70,1540
1235,2024-09-01,6,72
1236,2024-09-01,8,136
1237,2024-09-01,3,60
1238,2024-09-01,6,54
1239,2024-09-01,7,98
1240,2024-09-01,3,54
1241,2024-09-01,4,92
1242,2024-09-01,16,176
1244,2024-09-01,9,99
1245,2024-09-01,9,180
1246,2024-09-01,3,63
1247,2024-09-01,3,72
1249,2024-09-01,6,126
1250,2024-09-01,29,522
1251,2024-09-01,7,56
1253,2024-09-01,3,72
1254,2024-09-01,9,108
1256,2024-09-01,10,80
1257,2024-09-01,2,42
1258,2024-09-01,25,600
1259,2024-09-01,117,2808
1261,2024-09-01,213,3195
1262,2024-09-01,295,2655
1263,2024-09-01,9,207
1264,2024-09-01,45,1125
1265,2024-09-01,36,540
1266,2024-09-01,72,1152
1267,2024-09-01,17,391
1268,2024-09-01,90,1980
1270,2024-09-01,112,2688
1271,2024-09-01,6,84
1273,2024-09-01,10,90
1274,2024-09-01,155,2790
1275,2024-09-01,87,2001
1279,2024-09-01,8,120
1281,2024-09-01,36,756
1282,2024-09-01,9,90
1284,2024-09-01,153,3519
1285,2024-09-01,94,1692
1286,2024-09-01,5,100
1287,2024-09-01,67,1407
1288,2024-09-01,6,66
1289,2024-09-01,11,231
1291,2024-09-01,90,1620
1293,2024-09-01,31,248
1295,2024-09-01,3,27
1296,2024-09-01,7,147
1297,2024-09-01,4,40
1299,2024-09-01,4,72
1301,2024-09-01,4,88
1302,2024-09-01,12,168
1303,2024-09-01,3,39
1304,2024-09-01,10,170
1305,2024-09-01,2,18
1307,2024-09-01,14,350
1308,2024-09-01,11,99
1309,2024-09-01,24,360
1310,2024-09-01,33,462
1311,2024-09-01,0,0
1312,2024-09-01,6,126
1314,2024-09-01,7,133
1315,2024-09-01,13,156
1317,2024-09-01,5,40
1318,2024-09-01,31,465
1320,2024-09-01,12,132
1321,2024-09-01,9,72
1322,2024-09-01,107,856
1323,2024-09-01,9,72
1324,2024-09-01,6,108
1326,2024-09-01,7,161
1327,2024-09-01,68,1088
1328,2024-09-01,5,80
1329,2024-09-01,50,1000
1331,2024-09-01,6,144
1332,2024-09-01,4,56
1333,2024-09-01,26,468
1334,2024-09-01,15,345
1335,2024-09-01,12,144
1336,2024-09-01,8,96
1337,2024-09-01,356,3204
1338,2024-09-01,12,168
1339,2024-09-01,47,987
1340,2024-09-01,17,408
1341,2024-09-01,34,714
1342,2024-09-01,24,528
1343,2024-09-01,18,180
1344,2024-09-01,3,60
1346,2024-09-01,42,420
1347,2024-09-01,6,138
1348,2024-09-01,8,104
1350,2024-09-01,9,180
1351,2024-09-01,8,200
1352,2024-09-01,32,416
1353,2024-09-01,2,42
1354,2024-09-01,2,16
1355,2024-09-01,46,644
1356,2024-09-01,7,91
1357,2024-09-01,10,90
1358,2024-09-01,60,1440
1361,2024-09-01,5,125
1363,2024-09-01,48,1008
1364,2024-09-01,16,320
1367,2024-09-01,3,48
1369,2024-09-01,3,48
1372,2024-09-01,44,704
1373,2024-09-01,63,882
1374,2024-09-01,4,92
1375,2024-09-01,139,2502
1376,2024-09-01,6,114
1377,2024-09-01,4,48
1378,2024-09-01,119,2737
1379,2024-09-01,12,132
1380,2024-09-01,7,70
1381,2024-09-01,7,175
1382,2024-09-01,6,102
1385,2024-09-01,2,46
1386,2024-09-01,11,154
1387,2024-09-01,30,720
1388,2024-09-01,23,345
1389,2024-09-01,41,328
1393,2024-09-01,19,437
1394,2024-09-01,20,200
1395,2024-09-01,11,275
1397,2024-09-01,6,120
1400,2024-09-01,47,705
1402,2024-09-01,9,189
1403,2024-09-01,27,351
1404,2024-09-01,6,108
1405,2024-09-01,95,1235
1407,2024-09-01,2,28
1409,2024-09-01,21,273
1410,2024-09-01,22,440
1411,2024-09-01,8,168
1412,2024-09-01,13,117
1413,2024-09-01,9,207
1414,2024-09-01,8,128
1416,2024-09-01,6,48
1417,2024-09-01,52,416
1419,2024-09-01,7,154
1420,2024-09-01,146,3212
1422,2024-09-01,37,370
1425,2024-09-01,5,50
1426,2024-09-01,3,63
1427,2024-09-01,4,44
1428,2024-09-01,14,238
1432,2024-09-01,9,144
1433,2024-09-01,11,154
1434,2024-09-01,4,80
1435,2024-09-01,7,77
1436,2024-09-01,31,682
1437,2024-09-01,11,132
1438,2024-09-01,17,204
1439,2024-09-01,32,608
1441,2024-09-01,7,147
1442,2024-09-01,1,13
1443,2024-09-01,119,1904
1444,2024-09-01,33,264
1445,2024-09-01,2,26
1447,2024-09-01,24,288
1448,2024-09-01,38,570
1449,2024-09-01,0,0
1450,2024-09-01,12,180
1451,2024-09-01,7,119
1452,2024-09-01,50,650
1453,2024-09-01,4,60
1455,2024-09-01,14,182
1456,2024-09-01,8,200
1457,2024-09-01,55,1100
1458,2024-09-01,31,620
1460,2024-09-01,9,171
1461,2024-09-01,5,105
1462,2024-09-01,4,76
1464,2024-09-01,8,88
1465,2024-09-01,14,126
1466,2024-09-01,7,154
1468,2024-09-01,15,165
1469,2024-09-01,3,39
1470,2024-09-01,3,75
1471,2024-09-01,103,1545
1473,2024-09-01,21,210
1474,2024-09-01,68,1700
1475,2024-09-01,4,64
1476,2024-09-01,74,1554
1477,2024-09-01,12,240
1478,2024-09-01,7,168
1479,2024-09-01,4,68
1480,2024-09-01,3,54
1481,2024-09-01,42,588
1483,2024-09-01,32,448
1484,2024-09-01,12,204
1486,2024-09-01,4,72
1487,2024-09-01,19,475
1488,2024-09-01,24,408
1490,2024-09-01,26,286
1491,2024-09-01,1,9
1492,2024-09-01,9,90
1493,2024-09-01,3,27
1494,2024-09-01,26,338
1495,2024-09-01,8,64
1496,2024-09-01,5,120
1497,2024-09-01,1,10
1498,2024-09-01,6,120
1499,2024-09-01,21,315
1500,2024-09-01,2,46
1501,2024-09-01,44,748
1502,2024-09-01,7,91
1503,2024-09-01,17,408
1505,2024-09-01,5,90
1507,2024-09-01,4,56
1508,2024-09-01,20,260
1509,2024-09-01,4,92
1510,2024-09-01,25,550
1511,2024-09-01,4,44
1512,2024-09-01,3,36
1513,2024-09-01,2,28
1514,2024-09-01,10,230
1515,2024-09-01,6,48
1516,2024-09-01,4,60
1517,2024-09-01,28,616
1518,2024-09-01,2,50
1519,2024-09-01,4,44
1520,2024-09-01,9,117
1521,2024-09-01,4,84
1522,2024-09-01,18,450
1523,2024-09-01,5,75
1524,2024-09-01,265,5300
1525,2024-09-01,21,462
1526,2024-09-01,68,952
1527,2024-09-01,4,96
1528,2024-09-01,8,64
1529,2024-09-01,7,133
1530,2024-09-01,64,1344
1531,2024-09-01,8,136
1532,2024-09-01,7,70
1533,2024-09-01,36,540
1534,2024-09-01,7,161
1536,2024-09-01,5,90
1537,2024-09-01,12,264
1539,2024-09-01,165,1815
1540,2024-09-01,26,234
1541,2024-09-01,60,960
1542,2024-09-01,5,90
1543,2024-09-01,12,252
1544,2024-09-01,8,72
1545,2024-09-01,28,644
1546,2024-09-01,46,506
1548,2024-09-01,34,408
1549,2024-09-01,1,14
1553,2024-09-01,109,981
1554,2024-09-01,48,1056
1555,2024-09-01,7,84
1556,2024-09-01,3,33
1557,2024-09-01,38,950
1558,2024-09-01,10,180
1559,2024-09-01,42,588
1561,2024-09-01,5,110
1562,2024-09-01,5,105
1563,2024-09-01,5,40
1564,2024-09-01,29,232
1565,2024-09-01,3,57
1566,2024-09-01,3,69
1568,2024-09-01,2,36
1569,2024-09-01,121,2178
1570,2024-09-01,44,836
1571,2024-09-01,9,108
1572,2024-09-01,26,572
1573,2024-09-01,4,100
1574,2024-09-01,10,210
1575,2024-09-01,38,874
1576,2024-09-01,5,95
1577,2024-09-01,9,198
1578,2024-09-01,7,63
1579,2024-09-01,7,84
1580,2024-09-01,40,400
1581,2024-09-01,31,310
1582,2024-09-01,8,72
1583,2024-09-01,13,117
1585,2024-09-01,54,1134
1586,2024-09-01,4,68
1587,2024-09-01,3,51
1588,2024-09-01,8,184
1590,2024-09-01,39,546
1592,2024-09-01,40,920
1593,2024-09-01,9,135
1594,2024-09-01,9,135
1595,2024-09-01,2,38
1596,2024-09-01,12,216
1597,2024-09-01,4,56
1598,2024-09-01,150,2700
1599,2024-09-01,9,153
1600,2024-09-01,18,288
1602,2024-09-01,56,1120
1603,2024-09-01,3,63
1605,2024-09-01,74,1036
1607,2024-09-01,15,270
1608,2024-09-01,10,240
1609,2024-09-01,83,913
1610,2024-09-01,51,561
1611,2024-09-01,10,80
1612,2024-09-01,112,1008
1613,2024-09-01,5,40
1614,2024-09-01,5,100
1615,2024-09-01,8,120
1616,2024-09-01,2,36
1617,2024-09-01,18,288
1619,2024-09-01,7,140
1620,2024-09-01,138,1932
1621,2024-09-01,7,133
1622,2024-09-01,8,200
1624,2024-09-01,2,42
1625,2024-09-01,19,361
1626,2024-09-01,38,532
1627,2024-09-01,16,256
1629,2024-09-01,5,100
1630,2024-09-01,98,1470
1631,2024-09-01,48,1200
1634,2024-09-01,16,176
1635,2024-09-01,44,968
1636,2024-09-01,37,481
1637,2024-09-01,6,126
1638,2024-09-01,29,377
1639,2024-09-01,6,60
1640,2024-09-01,53,1007
1641,2024-09-01,11,110
1642,2024-09-01,4,68
1643,2024-09-01,5,115
1645,2024-09-01,8,144
1646,2024-09-01,12,168
1647,2024-09-01,17,136
1649,2024-09-01,2,26
1650,2024-09-01,37,518
1651,2024-09-01,4,36
1652,2024-09-01,6,102
1653,2024-09-01,19,323
1656,2024-09-01,56,1400
1657,2024-09-01,43,903
1658,2024-09-01,21,399
1659,2024-09-01,5,80
1660,2024-09-01,4,84
1661,2024-09-01,6,72
1662,2024-09-01,9,171
1663,2024-09-01,4,76
1666,2024-09-01,6,126
1667,2024-09-01,17,425
1668,2024-09-01,4,40
1670,2024-09-01,6,114
1672,2024-09-01,16,368
1673,2024-09-01,3,24
1674,2024-09-01,14,168
1675,2024-09-01,9,153
1677,2024-09-01,36,792
1678,2024-09-01,21,462
1679,2024-09-01,6,126
1680,2024-09-01,4,64
1681,2024-09-01,16,144
1682,2024-09-01,1,10
1683,2024-09-01,15,180
1684,2024-09-01,33,594
1685,2024-09-01,96,1920
1686,2024-09-01,13,247
1687,2024-09-01,5,110
1688,2024-09-01,4,32
1689,2024-09-01,59,590
1690,2024-09-01,6,138
1691,2024-09-01,4,92
1692,2024-09-01,3,60
1694,2024-09-01,18,252
1695,2024-09-01,5,75
1696,2024-09-01,7,119
1697,2024-09-01,45,990
1698,2024-09-01,20,500
1699,2024-09-01,11,198
1700,2024-09-01,2,46
1701,2024-09-01,2,22
1702,2024-09-01,5,40
1703,2024-09-01,5,60
1704,2024-09-01,1,10
1705,2024-09-01,6,72
1706,2024-09-01,4,88
1707,2024-09-01,8,152
1708,2024-09-01,200,2800
1709,2024-09-01,6,90
1710,2024-09-01,5,75
1711,2024-09-01,99,2079
1712,2024-09-01,3,57
1713,2024-09-01,4,76
1714,2024-09-01,69,1587
1715,2024-09-01,13,299
1716,2024-09-01,1,15
1718,2024-09-01,10,110
1719,2024-09-01,28,392
1720,2024-09-01,8,160
1721,2024-09-01,41,328
1722,2024-09-01,21,420
1723,2024-09-01,6,54
1724,2024-09-01,2,36
1725,2024-09-01,123,2952
1726,2024-09-01,3,30
1727,2024-09-01,3,66
1728,2024-09-01,9,171
1729,2024-09-01,15,255
1730,2024-09-01,5,50
1731,2024-09-01,21,252
1732,2024-09-01,4,80
1733,2024-09-01,59,826
1734,2024-09-01,6,72
1736,2024-09-01,10,220
1737,2024-09-01,6,120
1738,2024-09-01,40,400
1739,2024-09-01,107,2461
1740,2024-09-01,26,650
1741,2024-09-01,23,437
1742,2024-09-01,28,560
1743,2024-09-01,7,140
1745,2024-09-01,22,198
1746,2024-09-01,53,583
1747,2024-09-01,5,45
1748,2024-09-01,8,184
1749,2024-09-01,5,80
1750,2024-09-01,6,60
1751,2024-09-01,257,2827
1752,2024-09-01,32,640
1754,2024-09-01,2,30
1755,2024-09-01,2,44
1756,2024-09-01,14,140
1757,2024-09-01,5,75
1758,2024-09-01,7,154
1759,2024-09-01,96,1440
1760,2024-09-01,11,110
1761,2024-09-01,6,78
1762,2024-09-01,6,66
1763,2024-09-01,18,324
1764,2024-09-01,7,140
1765,2024-09-01,26,234
1766,2024-09-01,42,588
1767,2024-09-01,89,1958
1769,2024-09-01,23,368
1770,2024-09-01,12,264
1771,2024-09-01,10,90
1772,2024-09-01,35,315
1773,2024-09-01,64,768
1774,2024-09-01,23,322
1776,2024-09-01,5,60
1778,2024-09-01,3,72
1779,2024-09-01,12,204
1780,2024-09-01,9,81
1781,2024-09-01,3,57
1782,2024-09-01,3,45
1783,2024-09-01,11,198
1784,2024-09-01,4,72
1785,2024-09-01,5,120
1786,2024-09-01,15,195
1787,2024-09-01,57,1425
1788,2024-09-01,36,288
1789,2024-09-01,5,105
1790,2024-09-01,3,36
1791,2024-09-01,26,546
1792,2024-09-01,3,63
1793,2024-09-01,5,100
1794,2024-09-01,19,475
1796,2024-09-01,47,893
1797,2024-09-01,25,525
1799,2024-09-01,12,168
1800,2024-09-01,19,475
1801,2024-09-01,48,576
1802,2024-09-01,180,4140
1803,2024-09-01,5,100
1804,2024-09-01,7,105
1805,2024-09-01,11,88
1806,2024-09-01,7,154
1807,2024-09-01,9,144
1808,2024-09-01,4,72
1809,2024-09-01,38,608
1810,2024-09-01,7,91
1811,2024-09-01,2,30
1812,2024-09-01,15,225
1813,2024-09-01,6,144
1814,2024-09-01,30,420
1816,2024-09-01,10,140
1817,2024-09-01,42,1050
1818,2024-09-01,18,324
1819,2024-09-01,12,108
1820,2024-09-01,10,180
1821,2024-09-01,20,240
1822,2024-09-01,9,189
1823,2024-09-01,14,224
1824,2024-09-01,2,16
1825,2024-09-01,21,252
1826,2024-09-01,13,130
1827,2024-09-01,5,125
1828,2024-09-01,22,198
1829,2024-09-01,10,110
1830,2024-09-01,19,361
1831,2024-09-01,8,136
1832,2024-09-01,3,66
1833,2024-09-01,7,154
1834,2024-09-01,14,350
1835,2024-09-01,2,44
1836,2024-09-01,6,150
1837,2024-09-01,4,68
1838,2024-09-01,5,55
1839,2024-09-01,4,80
1840,2024-09-01,6,66
1841,2024-09-01,36,540
1842,2024-09-01,8,152
1844,2024-09-01,11,110
1845,2024-09-01,3,69
1846,2024-09-01,124,1488
1848,2024-09-01,8,72
1849,2024-09-01,31,279
1850,2024-09-01,7,140
1851,2024-09-01,18,216
1852,2024-09-01,9,198
1853,2024-09-01,4,56
1854,2024-09-01,7,147
1855,2024-09-01,4,32
1856,2024-09-01,7,175
1857,2024-09-01,40,840
1858,2024-09-01,34,680
1859,2024-09-01,4,88
1860,2024-09-01,2,44
1861,2024-09-01,13,234
1863,2024-09-01,17,289
1864,2024-09-01,44,836
1865,2024-09-01,29,493
1866,2024-09-01,31,527
1867,2024-09-01,3,60
1868,2024-09-01,24,264
1869,2024-09-01,44,440
1870,2024-09-01,4,88
1871,2024-09-01,16,352
1872,2024-09-01,17,374
1873,2024-09-01,5,50
1874,2024-09-01,28,504
1875,2024-09-01,30,330
1876,2024-09-01,5,115
1877,2024-09-01,4,84
1878,2024-09-01,5,75
1879,2024-09-01,30,540
1880,2024-09-01,5,50
1881,2024-09-01,92,1104
1882,2024-09-01,16,352
1883,2024-09-01,27,243
1884,2024-09-01,19,380
1886,2024-09-01,2,46
1887,2024-09-01,3,39
1888,2024-09-01,27,648
1889,2024-09-01,8,160
1890,2024-09-01,22,550
1891,2024-09-01,5,90
1892,2024-09-01,117,2808
1893,2024-09-01,6,102
1895,2024-09-01,51,561
1896,2024-09-01,19,380
1897,2024-09-01,6,138
1898,2024-09-01,12,264
1899,2024-09-01,45,450
1900,2024-09-01,6,60
1901,2024-09-01,5,85
1902,2024-09-01,35,525
1903,2024-09-01,22,528
1904,2024-09-01,22,506
1906,2024-09-01,26,650
1907,2024-09-01,10,110
1908,2024-09-01,3,36
1909,2024-09-01,3,63
1910,2024-09-01,8,152
1911,2024-09-01,4,32
1912,2024-09-01,189,1890
1913,2024-09-01,36,720
1914,2024-09-01,100,2100
1915,2024-09-01,37,703
1916,2024-09-01,5,40
1917,2024-09-01,41,779
1918,2024-09-01,3,57
1919,2024-09-01,25,450
1920,2024-09-01,20,260
1921,2024-09-01,3,66
1922,2024-09-01,7,168
1923,2024-09-01,3,27
1924,2024-09-01,43,1032
1925,2024-09-01,3,51
1926,2024-09-01,6,150
1927,2024-09-01,2,36
1928,2024-09-01,18,162
1929,2024-09-01,13,130
1930,2024-09-01,15,315
1931,2024-09-01,8,88
1932,2024-09-01,6,126
1933,2024-09-01,36,720
1934,2024-09-01,10,250
1935,2024-09-01,55,1375
1936,2024-09-01,30,690
1937,2024-09-01,2,30
1938,2024-09-01,64,1088
1939,2024-09-01,6,120
1940,2024-09-01,41,1025
1941,2024-09-01,24,408
1942,2024-09-01,8,128
1943,2024-09-01,11,88
1944,2024-09-01,62,1426
1945,2024-09-01,6,84
1946,2024-09-01,10,250
1947,2024-09-01,9,198
1948,2024-09-01,11,242
1949,2024-09-01,3,24
1950,2024-09-01,28,532
1951,2024-09-01,7,91
1952,2024-09-01,33,264
1953,2024-09-01,2,26
1954,2024-09-01,3,42
1955,2024-09-01,3,57
1956,2024-09-01,20,280
1957,2024-09-01,7,175
1959,2024-09-01,30,360
1960,2024-09-01,20,500
1961,2024-09-01,5,45
1962,2024-09-01,13,195
1963,2024-09-01,16,208
1964,2024-09-01,25,275
1965,2024-09-01,14,308
1966,2024-09-01,6,102
1967,2024-09-01,24,456
1968,2024-09-01,28,420
1969,2024-09-01,9,162
1970,2024-09-01,37,888
1971,2024-09-01,17,136
1972,2024-09-01,18,270
1973,2024-09-01,137,1644
1974,2024-09-01,2,44
1975,2024-09-01,235,4935
1976,2024-09-01,29,290
1977,2024-09-01,6,120
1978,2024-09-01,93,1209
1979,2024-09-01,6,138
1980,2024-09-01,8,112
1981,2024-09-01,43,688
1982,2024-09-01,12,252
1983,2024-09-01,6,108
1984,2024-09-01,3,48
1985,2024-09-01,20,240
1986,2024-09-01,19,152
1987,2024-09-01,12,300
1988,2024-09-01,9,171
1989,2024-09-01,15,360
1990,2024-09-01,4,72
1991,2024-09-01,16,304
1992,2024-09-01,14,196
1993,2024-09-01,53,1272
1994,2024-09-01,2,48
1995,2024-09-01,6,54
1996,2024-09-01,13,208
1997,2024-09-01,19,399
1998,2024-09-01,3,57
1999,2024-09-01,50,1100
2000,2024-09-01,8,128
2001,2024-09-01,4,56
2002,2024-09-01,3,54
2003,2024-09-01,6,54
2004,2024-09-01,77,1540
2005,2024-09-01,3,66
2006,2024-09-01,41,779
2007,2024-09-01,3,60
2008,2024-09-01,13,169
2009,2024-09-01,201,4623
2010,2024-09-01,14,252
2011,2024-09-01,15,225
2012,2024-09-01,37,444
2013,2024-09-01,7,98
2014,2024-09-01,3,60
2015,2024-09-01,74,814
2016,2024-09-01,7,119
2017,2024-09-01,6,126
2018,2024-09-01,27,324
2019,2024-09-01,34,748
2020,2024-09-01,7,161
2021,2024-09-01,37,629
2022,2024-09-01,43,430
1002,2024-10-01,9,207
1004,2024-10-01,1,24
1005,2024-10-01,34,748
1006,2024-10-01,1,24
1007,2024-10-01,35,455
1008,2024-10-01,29,435
1010,2024-10-01,4,52
1011,2024-10-01,15,210
1012,2024-10-01,51,663
1013,2024-10-01,167,2672
1016,2024-10-01,7,91
1017,2024-10-01,2,46
1020,2024-10-01,9,108
1022,2024-10-01,3,42
1025,2024-10-01,23,207
1026,2024-10-01,152,1672
1027,2024-10-01,38,684
1028,2024-10-01,5,120
1029,2024-10-01,2,22
1033,2024-10-01,13,143
1035,2024-10-01,4,56
1036,2024-10-01,5,105
1037,2024-10-01,22,176
1038,2024-10-01,12,156
1039,2024-10-01,4,84
1040,2024-10-01,50,450
1042,2024-10-01,27,297
1043,2024-10-01,41,328
1045,2024-10-01,71,1136
1047,2024-10-01,2,48
1048,2024-10-01,11,88
1051,2024-10-01,9,207
1052,2024-10-01,12,156
1053,2024-10-01,33,528
1056,2024-10-01,14,182
1057,2024-10-01,2,36
1059,2024-10-01,227,2497
1060,2024-10-01,15,195
1062,2024-10-01,47,658
1063,2024-10-01,12,264
1064,2024-10-01,127,1270
1065,2024-10-01,41,615
1067,2024-10-01,4,76
1069,2024-10-01,5,120
1071,2024-10-01,5,45
1072,2024-10-01,2,46
1075,2024-10-01,2,20
1076,2024-10-01,43,430
1078,2024-10-01,17,391
1079,2024-10-01,22,308
1080,2024-10-01,7,98
1085,2024-10-01,36,864
1088,2024-10-01,11,132
1089,2024-10-01,64,1536
1091,2024-10-01,3,48
1092,2024-10-01,5,115
1093,2024-10-01,78,1170
1094,2024-10-01,68,612
1096,2024-10-01,8,152
1098,2024-10-01,31,403
1099,2024-10-01,14,336
1100,2024-10-01,2,18
1102,2024-10-01,6,132
1107,2024-10-01,14,154
1108,2024-10-01,10,100
1109,2024-10-01,49,833
1110,2024-10-01,13,104
1111,2024-10-01,5,115
1112,2024-10-01,13,169
1113,2024-10-01,74,1406
1115,2024-10-01,122,1586
1116,2024-10-01,5,80
1117,2024-10-01,2,18
1118,2024-10-01,32,608
1120,2024-10-01,2,24
1124,2024-10-01,14,210
1126,2024-10-01,9,126
1127,2024-10-01,47,564
1129,2024-10-01,2,40
1130,2024-10-01,5,120
1131,2024-10-01,6,90
1134,2024-10-01,36,684
1137,2024-10-01,1,19
1139,2024-10-01,5,65
1140,2024-10-01,21,420
1141,2024-10-01,26,494
1143,2024-10-01,69,1242
1144,2024-10-01,16,336
1146,2024-10-01,8,136
1147,2024-10-01,24,336
1148,2024-10-01,6,144
1151,2024-10-01,21,357
1152,2024-10-01,10,110
1153,2024-10-01,7,133
1154,2024-10-01,47,1128
1157,2024-10-01,55,1320
1158,2024-10-01,4,84
1159,2024-10-01,2,28
1160,2024-10-01,5,40
1161,2024-10-01,1,11
1164,2024-10-01,3,24
1167,2024-10-01,11,231
1168,2024-10-01,8,96
1170,2024-10-01,64,1216
1172,2024-10-01,39,429
1174,2024-10-01,12,204
1175,2024-10-01,17,238
1177,2024-10-01,7,77
1178,2024-10-01,2,48
1179,2024-10-01,13,260
1181,2024-10-01,13,260
1183,2024-10-01,7,154
1184,2024-10-01,6,114
1185,2024-10-01,13,221
1186,2024-10-01,32,416
1187,2024-10-01,65,585
1188,2024-10-01,10,200
1189,2024-10-01,27,567
1192,2024-10-01,25,600
1194,2024-10-01,21,441
1195,2024-10-01,9,207
1196,2024-10-01,20,180
1197,2024-10-01,5,60
1198,2024-10-01,33,363
1199,2024-10-01,18,414
1200,2024-10-01,191,2483
1202,2024-10-01,3,48
1203,2024-10-01,26,650
1205,2024-10-01,5,60
1207,2024-10-01,11,88
1208,2024-10-01,47,470
1209,2024-10-01,9,135
1210,2024-10-01,3,27
1211,2024-10-01,13,299
1212,2024-10-01,18,234
1213,2024-10-01,143,3289
1214,2024-10-01,4,88
1216,2024-10-01,4,88
1218,2024-10-01,6,126
1219,2024-10-01,8,88
1221,2024-10-01,16,368
1222,2024-10-01,25,475
1223,2024-10-01,56,1064
1224,2024-10-01,4,84
1227,2024-10-01,16,176
1229,2024-10-01,8,128
1231,2024-10-01,52,1092
1232,2024-10-01,1,9
1233,2024-10-01,5,65
1234,2024-10-01,91,2093
1235,2024-10-01,7,77
1236,2024-10-01,8,160
1237,2024-10-01,2,42
1238,2024-10-01,4,88
1239,2024-10-01,8,152
1240,2024-10-01,3,51
1241,2024-10-01,3,45
1242,2024-10-01,15,120
1244,2024-10-01,9,72
1245,2024-10-01,9,189
1246,2024-10-01,4,32
1247,2024-10-01,3,33
1249,2024-10-01,5,120
1250,2024-10-01,28,616
1251,2024-10-01,8,128
1253,2024-10-01,3,75
1254,2024-10-01,10,240
1256,2024-10-01,12,228
1257,2024-10-01,3,63
1258,2024-10-01,28,336
1259,2024-10-01,158,3792
1261,2024-10-01,305,7625
1262,2024-10-01,280,6160
1263,2024-10-01,6,120
1264,2024-10-01,40,840
1265,2024-10-01,45,540
1266,2024-10-01,74,592
1267,2024-10-01,14,196
1268,2024-10-01,93,1116
1270,2024-10-01,104,1248
1271,2024-10-01,5,80
1273,2024-10-01,9,198
1274,2024-10-01,169,2366
1275,2024-10-01,97,2037
1279,2024-10-01,8,120
1281,2024-10-01,35,595
1282,2024-10-01,10,140
1284,2024-10-01,115,2875
1285,2024-10-01,97,1746
1286,2024-10-01,5,90
1287,2024-10-01,60,1440
1288,2024-10-01,7,140
1289,2024-10-01,12,156
1291,2024-10-01,72,1800
1293,2024-10-01,29,580
1295,2024-10-01,2,48
1296,2024-10-01,7,91
1297,2024-10-01,4,44
1299,2024-10-01,4,40
1301,2024-10-01,5,90
1302,2024-10-01,11,264
1303,2024-10-01,3,30
1304,2024-10-01,9,189
1305,2024-10-01,2,34
1307,2024-10-01,14,168
1308,2024-10-01,12,132
1309,2024-10-01,27,567
1310,2024-10-01,40,720
1311,2024-10-01,1,25
1312,2024-10-01,5,125
1314,2024-10-01,8,88
1315,2024-10-01,15,150
1317,2024-10-01,4,96
1318,2024-10-01,37,333
1320,2024-10-01,10,80
1321,2024-10-01,10,80
1322,2024-10-01,112,2240
1323,2024-10-01,9,90
1324,2024-10-01,10,100
1326,2024-10-01,9,126
1327,2024-10-01,35,560
1328,2024-10-01,5,120
1329,2024-10-01,51,510
1331,2024-10-01,8,136
1332,2024-10-01,3,69
1333,2024-10-01,22,506
1334,2024-10-01,13,299
1335,2024-10-01,13,312
1336,2024-10-01,8,128
1337,2024-10-01,345,6555
1338,2024-10-01,13,104
1339,2024-10-01,48,960
1340,2024-10-01,21,483
1341,2024-10-01,31,248
1342,2024-10-01,27,459
1343,2024-10-01,18,162
1344,2024-10-01,3,48
1346,2024-10-01,40,880
1347,2024-10-01,7,112
1348,2024-10-01,8,152
1350,2024-10-01,11,231
1351,2024-10-01,6,72
1352,2024-10-01,46,598
1353,2024-10-01,2,20
1354,2024-10-01,2,48
1355,2024-10-01,47,752
1356,2024-10-01,8,112
1358,2024-10-01,60,600
1361,2024-10-01,5,45
1363,2024-10-01,48,816
1364,2024-10-01,20,280
1367,2024-10-01,7,175
1369,2024-10-01,2,30
1372,2024-10-01,43,731
1373,2024-10-01,58,812
1374,2024-10-01,3,24
1375,2024-10-01,140,2940
1376,2024-10-01,6,90
1377,2024-10-01,3,75
1378,2024-10-01,82,1230
1379,2024-10-01,12,204
1380,2024-10-01,7,91
1381,2024-10-01,7,63
1382,2024-10-01,3,48
1385,2024-10-01,3,33
1386,2024-10-01,9,81
1387,2024-10-01,29,667
1388,2024-10-01,21,273
1389,2024-10-01,32,288
1393,2024-10-01,22,396
1394,2024-10-01,16,240
1395,2024-10-01,11,176
1397,2024-10-01,7,56
1400,2024-10-01,50,850
1402,2024-10-01,13,195
1403,2024-10-01,24,360
1404,2024-10-01,7,175
1405,2024-10-01,91,1820
1407,2024-10-01,1,23
1409,2024-10-01,22,396
1410,2024-10-01,17,204
1411,2024-10-01,8,152
1412,2024-10-01,16,352
1413,2024-10-01,8,64
1414,2024-10-01,8,152
1416,2024-10-01,4,72
1417,2024-10-01,37,814
1419,2024-10-01,7,126
1420,2024-10-01,118,1534
1422,2024-10-01,32,576
1425,2024-10-01,4,76
1426,2024-10-01,3,27
1427,2024-10-01,3,60
1428,2024-10-01,25,575
1432,2024-10-01,7,105
1433,2024-10-01,7,175
1434,2024-10-01,4,52
1435,2024-10-01,6,102
1436,2024-10-01,26,442
1437,2024-10-01,5,100
1438,2024-10-01,14,308
1439,2024-10-01,28,308
1441,2024-10-01,7,168
1442,2024-10-01,1,25
1443,2024-10-01,118,944
1444,2024-10-01,34,340
1445,2024-10-01,2,16
1447,2024-10-01,28,588
1448,2024-10-01,47,517
1449,2024-10-01,0,0
1450,2024-10-01,12,156
1451,2024-10-01,8,176
1452,2024-10-01,49,539
1453,2024-10-01,4,40
1455,2024-10-01,17,391
1456,2024-10-01,7,98
1457,2024-10-01,56,728
1458,2024-10-01,38,836
1460,2024-10-01,4,52
1461,2024-10-01,4,84
1462,2024-10-01,4,84
1464,2024-10-01,8,144
1465,2024-10-01,10,120
1466,2024-10-01,8,144
1468,2024-10-01,17,272
1469,2024-10-01,3,54
1470,2024-10-01,4,32
1471,2024-10-01,98,1470
1473,2024-10-01,24,576
1474,2024-10-01,64,768
1475,2024-10-01,3,75
1476,2024-10-01,72,720
1477,2024-10-01,11,88
1478,2024-10-01,7,112
1479,2024-10-01,4,80
1480,2024-10-01,3,69
1481,2024-10-01,43,903
1483,2024-10-01,35,770
1484,2024-10-01,11,110
1486,2024-10-01,6,126
1487,2024-10-01,15,240
1488,2024-10-01,19,190
1490,2024-10-01,12,300
1491,2024-10-01,1,10
1492,2024-10-01,11,242
1493,2024-10-01,3,45
1494,2024-10-01,32,544
1495,2024-10-01,7,119
1496,2024-10-01,8,80
1497,2024-10-01,1,15
1498,2024-10-01,6,132
1499,2024-10-01,19,380
1500,2024-10-01,2,44
1501,2024-10-01,45,765
1503,2024-10-01,14,182
1505,2024-10-01,7,133
1507,2024-10-01,3,75
1508,2024-10-01,21,273
1509,2024-10-01,4,100
1510,2024-10-01,19,380
1511,2024-10-01,4,92
1512,2024-10-01,3,48
1513,2024-10-01,2,26
1514,2024-10-01,9,207
1515,2024-10-01,6,144
1516,2024-10-01,4,68
1517,2024-10-01,19,190
1518,2024-10-01,2,46
1519,2024-10-01,3,66
1520,2024-10-01,9,108
1521,2024-10-01,4,52
1522,2024-10-01,13,247
1523,2024-10-01,5,70
1524,2024-10-01,260,6240
1525,2024-10-01,20,380
1526,2024-10-01,60,1320
1527,2024-10-01,4,92
1528,2024-10-01,10,230
1529,2024-10-01,7,133
1530,2024-10-01,73,1533
1531,2024-10-01,7,63
1532,2024-10-01,6,84
1533,2024-10-01,32,704
1534,2024-10-01,7,175
1536,2024-10-01,5,100
1537,2024-10-01,10,100
1539,2024-10-01,160,3520
1540,2024-10-01,23,276
1541,2024-10-01,58,464
1542,2024-10-01,4,60
1544,2024-10-01,7,140
1545,2024-10-01,33,297
1546,2024-10-01,40,320
1548,2024-10-01,32,800
1549,2024-10-01,1,22
1553,2024-10-01,111,2220
1554,2024-10-01,33,660
1555,2024-10-01,8,200
1556,2024-10-01,3,57
1557,2024-10-01,44,748
1558,2024-10-01,12,228
1559,2024-10-01,40,800
1561,2024-10-01,5,70
1562,2024-10-01,6,120
1563,2024-10-01,5,70
1564,2024-10-01,39,429
1565,2024-10-01,3,45
1566,2024-10-01,2,24
1568,2024-10-01,2,34
1569,2024-10-01,173,1384
1570,2024-10-01,39,819
1571,2024-10-01,9,90
1572,2024-10-01,19,266
1573,2024-10-01,3,60
1574,2024-10-01,9,153
1575,2024-10-01,57,1140
1576,2024-10-01,4,68
1577,2024-10-01,9,90
1578,2024-10-01,8,152
1579,2024-10-01,6,66
1580,2024-10-01,31,372
1581,2024-10-01,32,480
1582,2024-10-01,7,154
1583,2024-10-01,35,490
1585,2024-10-01,57,1425
1586,2024-10-01,4,52
1587,2024-10-01,2,26
1588,2024-10-01,6,120
1590,2024-10-01,37,370
1592,2024-10-01,41,369
1593,2024-10-01,9,216
1594,2024-10-01,9,90
1595,2024-10-01,2,40
1596,2024-10-01,13,117
1597,2024-10-01,4,48
1598,2024-10-01,124,1364
1600,2024-10-01,18,306
1602,2024-10-01,61,1159
1603,2024-10-01,3,33
1605,2024-10-01,71,639
1607,2024-10-01,18,432
1608,2024-10-01,9,99
1609,2024-10-01,75,1050
1610,2024-10-01,71,1633
1611,2024-10-01,12,156
1612,2024-10-01,116,2784
1613,2024-10-01,5,95
1614,2024-10-01,6,66
1615,2024-10-01,8,176
1616,2024-10-01,2,48
1617,2024-10-01,18,144
1619,2024-10-01,7,98
1620,2024-10-01,133,2261
1621,2024-10-01,6,48
1622,2024-10-01,9,162
1624,2024-10-01,1,11
1625,2024-10-01,15,375
1626,2024-10-01,34,408
1627,2024-10-01,14,112
1629,2024-10-01,4,52
1630,2024-10-01,85,2040
1631,2024-10-01,43,473
1634,2024-10-01,16,192
1635,2024-10-01,41,656
1637,2024-10-01,7,91
1638,2024-10-01,28,420
1639,2024-10-01,6,132
1640,2024-10-01,60,660
1641,2024-10-01,12,216
1642,2024-10-01,4,56
1643,2024-10-01,5,125
1645,2024-10-01,6,150
1646,2024-10-01,15,195
1647,2024-10-01,18,288
1649,2024-10-01,2,46
1650,2024-10-01,32,640
1651,2024-10-01,5,125
1652,2024-10-01,6,90
1653,2024-10-01,22,330
1656,2024-10-01,61,488
1657,2024-10-01,39,390
1658,2024-10-01,27,216
1659,2024-10-01,5,75
1660,2024-10-01,5,60
1661,2024-10-01,6,54
1662,2024-10-01,11,132
1663,2024-10-01,4,80
1666,2024-10-01,7,147
1667,2024-10-01,16,368
1668,2024-10-01,4,40
1670,2024-10-01,6,114
1672,2024-10-01,17,425
1673,2024-10-01,2,32
1674,2024-10-01,14,322
1675,2024-10-01,9,72
1677,2024-10-01,32,736
1678,2024-10-01,16,384
1679,2024-10-01,4,80
1680,2024-10-01,4,68
1681,2024-10-01,17,272
1682,2024-10-01,1,21
1683,2024-10-01,14,140
1684,2024-10-01,34,850
1685,2024-10-01,117,2808
1686,2024-10-01,12,300
1687,2024-10-01,5,60
1688,2024-10-01,3,42
1689,2024-10-01,67,737
1690,2024-10-01,8,80
1691,2024-10-01,4,80
1692,2024-10-01,3,39
1694,2024-10-01,17,170
1695,2024-10-01,5,80
1696,2024-10-01,5,95
1697,2024-10-01,38,798
1698,2024-10-01,19,266
1699,2024-10-01,14,154
1700,2024-10-01,2,50
1701,2024-10-01,2,30
1702,2024-10-01,7,119
1703,2024-10-01,3,57
1704,2024-10-01,1,8
1705,2024-10-01,6,60
1706,2024-10-01,4,80
1707,2024-10-01,7,161
1708,2024-10-01,154,3234
1709,2024-10-01,3,72
1710,2024-10-01,5,125
1711,2024-10-01,98,882
1712,2024-10-01,4,76
1713,2024-10-01,5,125
1714,2024-10-01,77,1386
1715,2024-10-01,12,216
1716,2024-10-01,2,22
1718,2024-10-01,9,189
1719,2024-10-01,27,567
1720,2024-10-01,8,96
1721,2024-10-01,41,697
1722,2024-10-01,18,180
1723,2024-10-01,6,132
1724,2024-10-01,2,50
1725,2024-10-01,138,2484
1726,2024-10-01,3,57
1727,2024-10-01,3,72
1728,2024-10-01,8,112
1729,2024-10-01,14,140
1730,2024-10-01,5,45
1731,2024-10-01,24,408
1732,2024-10-01,6,144
1733,2024-10-01,52,884
1734,2024-10-01,3,75
1736,2024-10-01,8,128
1737,2024-10-01,8,72
1738,2024-10-01,38,532
1739,2024-10-01,91,1911
1740,2024-10-01,28,336
1741,2024-10-01,21,336
1742,2024-10-01,25,575
1743,2024-10-01,7,84
1745,2024-10-01,28,308
1746,2024-10-01,42,966
1747,2024-10-01,4,96
1748,2024-10-01,6,72
1749,2024-10-01,5,70
1750,2024-10-01,5,100
1751,2024-10-01,249,2988
1752,2024-10-01,24,504
1754,2024-10-01,2,30
1755,2024-10-01,2,20
1756,2024-10-01,18,288
1757,2024-10-01,4,52
1758,2024-10-01,11,220
1759,2024-10-01,96,1248
1760,2024-10-01,12,120
1761,2024-10-01,5,105
1762,2024-10-01,4,44
1763,2024-10-01,13,104
1764,2024-10-01,8,168
1765,2024-10-01,26,416
1766,2024-10-01,51,510
1767,2024-10-01,70,1680
1769,2024-10-01,24,408
1770,2024-10-01,16,192
1771,2024-10-01,9,144
1772,2024-10-01,36,756
1773,2024-10-01,74,1480
1774,2024-10-01,24,576
1776,2024-10-01,6,48
1778,2024-10-01,2,24
1779,2024-10-01,13,195
1780,2024-10-01,9,108
1781,2024-10-01,3,54
1782,2024-10-01,4,60
1783,2024-10-01,12,216
1784,2024-10-01,4,68
1785,2024-10-01,5,70
1786,2024-10-01,14,280
1787,2024-10-01,43,688
1788,2024-10-01,44,968
1789,2024-10-01,5,75
1790,2024-10-01,2,18
1791,2024-10-01,29,551
1793,2024-10-01,4,84
1794,2024-10-01,16,352
1796,2024-10-01,43,344
1797,2024-10-01,24,528
1799,2024-10-01,11,143
1800,2024-10-01,27,594
1801,2024-10-01,46,1150
1802,2024-10-01,186,1488
1803,2024-10-01,4,40
1804,2024-10-01,6,48
1805,2024-10-01,9,225
1806,2024-10-01,10,210
1807,2024-10-01,9,162
1808,2024-10-01,5,50
1809,2024-10-01,39,546
1810,2024-10-01,8,144
1811,2024-10-01,2,44
1812,2024-10-01,16,224
1813,2024-10-01,3,69
1814,2024-10-01,28,308
1816,2024-10-01,8,80
1817,2024-10-01,23,230
1818,2024-10-01,22,176
1819,2024-10-01,11,264
1820,2024-10-01,9,198
1821,2024-10-01,21,399
1822,2024-10-01,11,253
1823,2024-10-01,13,182
1824,2024-10-01,2,50
1825,2024-10-01,19,190
1826,2024-10-01,13,247
1828,2024-10-01,22,374
1829,2024-10-01,8,144
1830,2024-10-01,12,192
1831,2024-10-01,7,126
1832,2024-10-01,3,72
1833,2024-10-01,7,168
1834,2024-10-01,13,195
1835,2024-10-01,1,17
1836,2024-10-01,5,125
1837,2024-10-01,4,32
1838,2024-10-01,5,125
1839,2024-10-01,4,92
1840,2024-10-01,9,99
1841,2024-10-01,20,480
1842,2024-10-01,8,184
1844,2024-10-01,10,150
1845,2024-10-01,4,76
1846,2024-10-01,115,1265
1848,2024-10-01,7,91
1849,2024-10-01,28,672
1850,2024-10-01,7,154
1851,2024-10-01,16,256
1852,2024-10-01,10,160
1853,2024-10-01,3,54
1854,2024-10-01,8,120
1855,2024-10-01,5,40
1856,2024-10-01,9,90
1857,2024-10-01,44,484
1858,2024-10-01,50,600
1859,2024-10-01,4,76
1863,2024-10-01,17,357
1864,2024-10-01,39,858
1865,2024-10-01,36,360
1866,2024-10-01,29,696
1867,2024-10-01,3,24
1868,2024-10-01,21,315
1869,2024-10-01,40,400
1870,2024-10-01,4,40
1871,2024-10-01,15,285
1872,2024-10-01,15,300
1873,2024-10-01,5,80
1874,2024-10-01,30,420
1875,2024-10-01,27,594
1876,2024-10-01,5,60
1877,2024-10-01,4,92
1878,2024-10-01,6,132
1879,2024-10-01,34,442
1880,2024-10-01,5,70
1881,2024-10-01,112,1232
1882,2024-10-01,17,374
1883,2024-10-01,22,264
1884,2024-10-01,21,315
1886,2024-10-01,1,20
1887,2024-10-01,2,38
1888,2024-10-01,28,252
1889,2024-10-01,7,112
1890,2024-10-01,24,456
1891,2024-10-01,5,65
1892,2024-10-01,109,872
1893,2024-10-01,7,119
1895,2024-10-01,53,901
1896,2024-10-01,21,441
1897,2024-10-01,7,161
1898,2024-10-01,12,240
1899,2024-10-01,50,450
1900,2024-10-01,6,102
1901,2024-10-01,5,45
1902,2024-10-01,49,588
1903,2024-10-01,19,304
1904,2024-10-01,20,320
1906,2024-10-01,25,250
1907,2024-10-01,12,204
1909,2024-10-01,3,33
1910,2024-10-01,7,119
1911,2024-10-01,4,72
1912,2024-10-01,139,2085
1913,2024-10-01,29,232
1914,2024-10-01,123,2952
1915,2024-10-01,42,546
1916,2024-10-01,4,92
1917,2024-10-01,37,888
1918,2024-10-01,3,42
1919,2024-10-01,25,525
1921,2024-10-01,2,20
1922,2024-10-01,4,32
1923,2024-10-01,4,64
1924,2024-10-01,24,312
1925,2024-10-01,4,96
1926,2024-10-01,7,140
1927,2024-10-01,3,63
1928,2024-10-01,21,168
1929,2024-10-01,9,198
1930,2024-10-01,11,198
1931,2024-10-01,8,200
1932,2024-10-01,6,132
1933,2024-10-01,63,1323
1934,2024-10-01,10,110
1935,2024-10-01,52,1248
1936,2024-10-01,34,510
1937,2024-10-01,2,30
1938,2024-10-01,84,1932
1939,2024-10-01,5,85
1940,2024-10-01,42,798
1941,2024-10-01,16,208
1942,2024-10-01,6,126
1943,2024-10-01,10,80
1944,2024-10-01,68,1020
1945,2024-10-01,7,77
1946,2024-10-01,10,210
1947,2024-10-01,10,120
1948,2024-10-01,13,169
1949,2024-10-01,4,96
1950,2024-10-01,26,468
1951,2024-10-01,5,120
1952,2024-10-01,37,851
1953,2024-10-01,2,44
1954,2024-10-01,3,48
1955,2024-10-01,3,66
1956,2024-10-01,15,270
1957,2024-10-01,7,133
1959,2024-10-01,37,518
1960,2024-10-01,28,392
1961,2024-10-01,4,100
1962,2024-10-01,12,132
1963,2024-10-01,16,400
1964,2024-10-01,39,546
1965,2024-10-01,17,136
1966,2024-10-01,6,102
1967,2024-10-01,29,406
1968,2024-10-01,38,684
1969,2024-10-01,5,55
1970,2024-10-01,42,378
1971,2024-10-01,17,391
1972,2024-10-01,18,270
1973,2024-10-01,131,3275
1975,2024-10-01,140,3500
1976,2024-10-01,29,493
1977,2024-10-01,8,96
1979,2024-10-01,7,77
1980,2024-10-01,7,70
1981,2024-10-01,39,312
1982,2024-10-01,15,210
1983,2024-10-01,6,120
1984,2024-10-01,2,32
1985,2024-10-01,19,456
1986,2024-10-01,17,204
1987,2024-10-01,14,126
1988,2024-10-01,10,250
1989,2024-10-01,17,187
1990,2024-10-01,5,115
1991,2024-10-01,23,253
1992,2024-10-01,13,104
1993,2024-10-01,75,675
1994,2024-10-01,2,16
1995,2024-10-01,6,48
1996,2024-10-01,12,204
1997,2024-10-01,17,204
1998,2024-10-01,3,48
1999,2024-10-01,54,864
2000,2024-10-01,8,200
2001,2024-10-01,4,88
2002,2024-10-01,3,39
2003,2024-10-01,7,70
2004,2024-10-01,62,1178
2005,2024-10-01,3,24
2006,2024-10-01,37,629
2007,2024-10-01,5,90
2008,2024-10-01,13,273
2009,2024-10-01,155,3100
2010,2024-10-01,14,140
2012,2024-10-01,41,615
2013,2024-10-01,9,189
2014,2024-10-01,5,90
2015,2024-10-01,69,759
2016,2024-10-01,10,170
2017,2024-10-01,7,119
2018,2024-10-01,21,504
2019,2024-10-01,31,248
2020,2024-10-01,6,60
2021,2024-10-01,28,392
2022,2024-10-01,43,946
2023,2024-10-01,4,84
2024,2024-10-01,11,165
2025,2024-10-01,2,20
2026,2024-10-01,16,288
2027,2024-10-01,2,22
2028,2024-10-01,34,646
2029,2024-10-01,7,77
2030,2024-10-01,32,512
2031,2024-10-01,16,224
2032,2024-10-01,8,128
2033,2024-10-01,14,252
2034,2024-10-01,8,184
2035,2024-10-01,6,84
2036,2024-10-01,9,225
2037,2024-10-01,2,48
2038,2024-10-01,20,320
2039,2024-10-01,99,1881
2040,2024-10-01,22,198
2041,2024-10-01,25,300
2042,2024-10-01,5,60
2043,2024-10-01,7,133
2044,2024-10-01,3,69
2045,2024-10-01,5,65
2046,2024-10-01,53,901
2047,2024-10-01,40,640
2048,2024-10-01,9,117
2049,2024-10-01,46,828
2050,2024-10-01,9,216
2051,2024-10-01,4,48
2052,2024-10-01,9,117
2053,2024-10-01,4,52
2054,2024-10-01,6,114
2055,2024-10-01,6,114
2056,2024-10-01,6,90
2057,2024-10-01,11,99
2058,2024-10-01,13,221
2059,2024-10-01,3,39
2060,2024-10-01,8,160
2061,2024-10-01,40,320
2062,2024-10-01,114,2280
2063,2024-10-01,6,150
2064,2024-10-01,8,96
2065,2024-10-01,11,121
2066,2024-10-01,24,240
2067,2024-10-01,5,80
2068,2024-10-01,11,88
2069,2024-10-01,15,360
2070,2024-10-01,12,204
2071,2024-10-01,8,136
2072,2024-10-01,58,1102
2073,2024-10-01,8,136
2074,2024-10-01,37,703
1002,2024-11-01,8,176
1004,2024-11-01,1,10
1005,2024-11-01,32,576
1006,2024-11-01,1,9
1007,2024-11-01,35,315
1008,2024-11-01,26,442
1010,2024-11-01,3,63
1011,2024-11-01,17,425
1012,2024-11-01,50,950
1013,2024-11-01,194,4074
1016,2024-11-01,7,91
1017,2024-11-01,2,16
1020,2024-11-01,9,144
1022,2024-11-01,3,24
1025,2024-11-01,23,575
1026,2024-11-01,163,1956
1027,2024-11-01,36,468
1028,2024-11-01,6,102
1029,2024-11-01,2,20
1033,2024-11-01,10,250
1035,2024-11-01,4,64
1036,2024-11-01,5,45
1037,2024-11-01,8,72
1038,2024-11-01,13,247
1039,2024-11-01,5,45
1040,2024-11-01,46,644
1042,2024-11-01,24,600
1043,2024-11-01,50,550
1045,2024-11-01,71,1491
1047,2024-11-01,3,24
1048,2024-11-01,10,120
1051,2024-11-01,8,104
1052,2024-11-01,11,231
1053,2024-11-01,40,600
1056,2024-11-01,15,195
1057,2024-11-01,3,75
1059,2024-11-01,253,3795
1060,2024-11-01,19,475
1062,2024-11-01,41,451
1063,2024-11-01,10,90
1064,2024-11-01,95,2280
1065,2024-11-01,40,800
1067,2024-11-01,4,80
1069,2024-11-01,4,80
1071,2024-11-01,7,70
1072,2024-11-01,2,42
1075,2024-11-01,2,28
1076,2024-11-01,46,1104
1078,2024-11-01,17,306
1079,2024-11-01,22,198
1080,2024-11-01,8,72
1085,2024-11-01,38,380
1088,2024-11-01,12,276
1089,2024-11-01,67,1608
1091,2024-11-01,2,46
1092,2024-11-01,5,65
1093,2024-11-01,65,910
1094,2024-11-01,75,750
1096,2024-11-01,7,126
1098,2024-11-01,39,975
1099,2024-11-01,15,330
1102,2024-11-01,9,81
1107,2024-11-01,14,112
1108,2024-11-01,11,264
1109,2024-11-01,44,396
1110,2024-11-01,13,156
1111,2024-11-01,4,80
1112,2024-11-01,12,156
1113,2024-11-01,62,682
1115,2024-11-01,99,891
1116,2024-11-01,3,63
1117,2024-11-01,1,21
1118,2024-11-01,27,351
1120,2024-11-01,3,57
1124,2024-11-01,13,195
1126,2024-11-01,9,162
1127,2024-11-01,51,1224
1129,2024-11-01,2,42
1130,2024-11-01,5,80
1131,2024-11-01,5,115
1134,2024-11-01,48,1056
1137,2024-11-01,1,11
1139,2024-11-01,4,96
1140,2024-11-01,23,575
1141,2024-11-01,39,507
1143,2024-11-01,72,936
1144,2024-11-01,17,306
1146,2024-11-01,8,104
1147,2024-11-01,28,560
1148,2024-11-01,6,144
1151,2024-11-01,22,418
1152,2024-11-01,9,180
1153,2024-11-01,6,84
1154,2024-11-01,46,690
1157,2024-11-01,48,864
1158,2024-11-01,4,72
1159,2024-11-01,2,20
1160,2024-11-01,6,66
1161,2024-11-01,1,11
1164,2024-11-01,3,54
1167,2024-11-01,9,171
1168,2024-11-01,11,165
1170,2024-11-01,54,594
1172,2024-11-01,32,320
1174,2024-11-01,10,130
1175,2024-11-01,15,285
1177,2024-11-01,6,102
1178,2024-11-01,2,24
1179,2024-11-01,14,154
1181,2024-11-01,13,299
1183,2024-11-01,8,152
1184,2024-11-01,4,36
1185,2024-11-01,14,238
1186,2024-11-01,30,600
1187,2024-11-01,60,1260
1188,2024-11-01,9,207
1189,2024-11-01,24,264
1192,2024-11-01,23,506
1194,2024-11-01,13,273
1195,2024-11-01,7,168
1196,2024-11-01,24,336
1197,2024-11-01,4,56
1198,2024-11-01,31,713
1199,2024-11-01,26,572
1200,2024-11-01,193,3860
1202,2024-11-01,3,72
1203,2024-11-01,27,297
1205,2024-11-01,3,60
1207,2024-11-01,12,252
1208,2024-11-01,40,760
1209,2024-11-01,11,88
1210,2024-11-01,2,26
1211,2024-11-01,14,294
1212,2024-11-01,17,374
1213,2024-11-01,151,2114
1214,2024-11-01,3,60
1216,2024-11-01,5,65
1218,2024-11-01,6,120
1219,2024-11-01,10,110
1221,2024-11-01,11,121
1222,2024-11-01,23,552
1223,2024-11-01,49,784
1227,2024-11-01,20,460
1229,2024-11-01,9,108
1231,2024-11-01,45,630
1232,2024-11-01,1,14
1233,2024-11-01,4,44
1234,2024-11-01,85,1445
1235,2024-11-01,8,120
1236,2024-11-01,7,126
1237,2024-11-01,2,30
1238,2024-11-01,3,69
1239,2024-11-01,10,80
1240,2024-11-01,3,30
1241,2024-11-01,4,100
1242,2024-11-01,12,108
1244,2024-11-01,10,150
1245,2024-11-01,10,130
1246,2024-11-01,4,44
1247,2024-11-01,3,27
1249,2024-11-01,5,60
1250,2024-11-01,26,442
1251,2024-11-01,5,40
1254,2024-11-01,7,112
1256,2024-11-01,12,288
1257,2024-11-01,3,39
1258,2024-11-01,19,285
1259,2024-11-01,139,3475
1261,2024-11-01,271,6233
1262,2024-11-01,255,6120
1263,2024-11-01,7,98
1265,2024-11-01,38,304
1266,2024-11-01,82,902
1267,2024-11-01,10,100
1268,2024-11-01,80,1280
1270,2024-11-01,88,1584
1271,2024-11-01,5,115
1273,2024-11-01,9,135
1274,2024-11-01,180,4500
1275,2024-11-01,98,1862
1279,2024-11-01,7,126
1281,2024-11-01,40,760
1282,2024-11-01,8,96
1284,2024-11-01,133,2660
1285,2024-11-01,94,1504
1286,2024-11-01,5,110
1287,2024-11-01,74,1406
1288,2024-11-01,5,70
1289,2024-11-01,14,182
1291,2024-11-01,102,2244
1293,2024-11-01,25,600
1295,2024-11-01,3,33
1296,2024-11-01,6,120
1297,2024-11-01,4,84
1299,2024-11-01,5,95
1301,2024-11-01,3,27
1302,2024-11-01,11,198
1303,2024-11-01,2,16
1304,2024-11-01,12,288
1305,2024-11-01,2,28
1307,2024-11-01,15,360
1308,2024-11-01,13,247
1309,2024-11-01,26,442
1310,2024-11-01,38,722
1311,2024-11-01,0,0
1312,2024-11-01,5,85
1314,2024-11-01,9,180
1315,2024-11-01,13,104
1317,2024-11-01,6,96
1318,2024-11-01,30,390
1320,2024-11-01,16,240
1321,2024-11-01,10,90
1322,2024-11-01,127,2794
1323,2024-11-01,9,72
1324,2024-11-01,9,153
1326,2024-11-01,10,160
1327,2024-11-01,75,1200
1328,2024-11-01,6,114
1329,2024-11-01,46,874
1331,2024-11-01,11,165
1332,2024-11-01,3,36
1333,2024-11-01,22,374
1334,2024-11-01,13,156
1335,2024-11-01,15,180
1336,2024-11-01,6,144
1337,2024-11-01,378,6426
1338,2024-11-01,14,154
1339,2024-11-01,58,1102
1340,2024-11-01,20,340
1341,2024-11-01,30,720
1342,2024-11-01,27,675
1343,2024-11-01,17,204
1344,2024-11-01,3,33
1346,2024-11-01,33,660
1347,2024-11-01,7,175
1348,2024-11-01,7,126
1350,2024-11-01,11,220
1351,2024-11-01,5,80
1352,2024-11-01,39,897
1353,2024-11-01,2,22
1354,2024-11-01,2,48
1355,2024-11-01,55,1155
1356,2024-11-01,10,180
1358,2024-11-01,62,1550
1361,2024-11-01,5,95
1363,2024-11-01,64,1472
1364,2024-11-01,20,240
1367,2024-11-01,7,63
1369,2024-11-01,3,36
1372,2024-11-01,50,1250
1373,2024-11-01,74,814
1374,2024-11-01,4,32
1375,2024-11-01,145,1160
1376,2024-11-01,6,60
1377,2024-11-01,4,36
1378,2024-11-01,72,1008
1379,2024-11-01,17,255
1380,2024-11-01,5,120
1381,2024-11-01,7,168
1382,2024-11-01,3,51
1385,2024-11-01,3,39
1386,2024-11-01,11,253
1387,2024-11-01,28,588
1388,2024-11-01,22,286
1389,2024-11-01,34,374
1393,2024-11-01,14,196
1394,2024-11-01,16,384
1395,2024-11-01,10,110
1397,2024-11-01,6,84
1400,2024-11-01,44,528
1402,2024-11-01,7,140
1403,2024-11-01,26,234
1404,2024-11-01,5,105
1405,2024-11-01,112,2576
1407,2024-11-01,1,19
1409,2024-11-01,24,264
1410,2024-11-01,18,414
1411,2024-11-01,3,51
1412,2024-11-01,14,322
1413,2024-11-01,9,180
1414,2024-11-01,8,72
1416,2024-11-01,4,68
1417,2024-11-01,40,680
1419,2024-11-01,7,147
1420,2024-11-01,143,2145
1422,2024-11-01,37,518
1425,2024-11-01,4,76
1426,2024-11-01,3,75
1427,2024-11-01,2,24
1428,2024-11-01,33,330
1432,2024-11-01,6,84
1433,2024-11-01,10,200
1434,2024-11-01,3,66
1435,2024-11-01,6,102
1436,2024-11-01,23,253
1437,2024-11-01,6,84
1438,2024-11-01,13,169
1439,2024-11-01,31,713
1441,2024-11-01,7,70
1442,2024-11-01,1,11
1443,2024-11-01,137,1507
1444,2024-11-01,40,320
1445,2024-11-01,2,22
1447,2024-11-01,24,192
1448,2024-11-01,49,735
1449,2024-11-01,1,13
1450,2024-11-01,11,242
1451,2024-11-01,6,132
1452,2024-11-01,48,432
1453,2024-11-01,4,44
1455,2024-11-01,19,209
1456,2024-11-01,8,168
1457,2024-11-01,55,1045
1458,2024-11-01,35,805
1460,2024-11-01,3,30
1461,2024-11-01,5,115
1462,2024-11-01,4,96
1464,2024-11-01,9,216
1465,2024-11-01,9,126
1466,2024-11-01,8,152
1468,2024-11-01,13,234
1469,2024-11-01,3,57
1470,2024-11-01,3,45
1471,2024-11-01,115,1610
1473,2024-11-01,16,208
1474,2024-11-01,68,544
1475,2024-11-01,2,48
1476,2024-11-01,99,1089
1477,2024-11-01,12,132
1478,2024-11-01,7,91
1479,2024-11-01,4,36
1480,2024-11-01,5,95
1481,2024-11-01,55,1155
1483,2024-11-01,30,390
1484,2024-11-01,12,132
1486,2024-11-01,7,63
1487,2024-11-01,13,156
1488,2024-11-01,21,210
1490,2024-11-01,11,154
1491,2024-11-01,1,16
1492,2024-11-01,12,168
1493,2024-11-01,3,27
1494,2024-11-01,21,357
1495,2024-11-01,8,88
1496,2024-11-01,9,153
1497,2024-11-01,1,22
1498,2024-11-01,6,120
1499,2024-11-01,20,200
1500,2024-11-01,1,9
1501,2024-11-01,43,688
1503,2024-11-01,20,500
1505,2024-11-01,8,120
1507,2024-11-01,3,30
1508,2024-11-01,18,378
1509,2024-11-01,4,40
1510,2024-11-01,18,270
1511,2024-11-01,4,48
1512,2024-11-01,3,66
1513,2024-11-01,2,36
1514,2024-11-01,10,210
1515,2024-11-01,6,72
1516,2024-11-01,4,80
1517,2024-11-01,25,450
1519,2024-11-01,2,26
1520,2024-11-01,9,117
1521,2024-11-01,5,85
1522,2024-11-01,12,276
1523,2024-11-01,5,80
1524,2024-11-01,271,4065
1525,2024-11-01,39,390
1526,2024-11-01,67,737
1527,2024-11-01,3,30
1528,2024-11-01,10,210
1529,2024-11-01,7,77
1530,2024-11-01,73,1095
1531,2024-11-01,8,184
1532,2024-11-01,5,95
1533,2024-11-01,35,525
1534,2024-11-01,6,120
1536,2024-11-01,4,56
1537,2024-11-01,12,180
1539,2024-11-01,129,1032
1540,2024-11-01,29,493
1541,2024-11-01,67,1541
1542,2024-11-01,8,112
1544,2024-11-01,7,70
1545,2024-11-01,30,450
1546,2024-11-01,46,874
1548,2024-11-01,30,450
1549,2024-11-01,1,22
1553,2024-11-01,110,1430
1554,2024-11-01,29,406
1555,2024-11-01,8,128
1556,2024-11-01,4,48
1557,2024-11-01,39,819
1558,2024-11-01,11,198
1559,2024-11-01,39,351
1561,2024-11-01,6,138
1562,2024-11-01,5,45
1563,2024-11-01,4,80
1564,2024-11-01,38,760
1565,2024-11-01,2,26
1566,2024-11-01,2,30
1568,2024-11-01,2,36
1569,2024-11-01,184,2760
1570,2024-11-01,32,544
1571,2024-11-01,12,192
1572,2024-11-01,17,187
1573,2024-11-01,3,39
1574,2024-11-01,8,144
1575,2024-11-01,57,1368
1576,2024-11-01,4,84
1577,2024-11-01,9,180
1578,2024-11-01,9,108
1579,2024-11-01,8,176
1580,2024-11-01,30,720
1581,2024-11-01,35,280
1582,2024-11-01,6,120
1583,2024-11-01,39,312
1585,2024-11-01,59,590
1586,2024-11-01,3,57
1587,2024-11-01,3,42
1588,2024-11-01,6,60
1590,2024-11-01,34,510
1592,2024-11-01,38,494
1593,2024-11-01,6,126
1594,2024-11-01,6,84
1595,2024-11-01,1,19
1596,2024-11-01,10,80
1597,2024-11-01,4,40
1598,2024-11-01,147,2352
1600,2024-11-01,18,180
1602,2024-11-01,59,590
1603,2024-11-01,3,33
1605,2024-11-01,77,1001
1607,2024-11-01,20,460
1608,2024-11-01,7,91
1609,2024-11-01,90,2250
1610,2024-11-01,59,1239
1611,2024-11-01,14,252
1612,2024-11-01,106,2438
1613,2024-11-01,6,144
1615,2024-11-01,8,96
1617,2024-11-01,15,360
1619,2024-11-01,5,95
1620,2024-11-01,135,3240
1621,2024-11-01,7,98
1622,2024-11-01,10,130
1625,2024-11-01,13,143
1626,2024-11-01,32,256
1627,2024-11-01,8,112
1629,2024-11-01,4,88
1630,2024-11-01,71,1065
1631,2024-11-01,42,420
1634,2024-11-01,20,480
1635,2024-11-01,47,1081
1637,2024-11-01,8,200
1638,2024-11-01,33,792
1639,2024-11-01,5,65
1640,2024-11-01,36,468
1641,2024-11-01,12,180
1642,2024-11-01,4,52
1643,2024-11-01,4,48
1645,2024-11-01,6,60
1646,2024-11-01,66,1518
1647,2024-11-01,17,357
1649,2024-11-01,2,16
1650,2024-11-01,39,468
1651,2024-11-01,6,144
1652,2024-11-01,6,84
1653,2024-11-01,21,399
1656,2024-11-01,62,992
1657,2024-11-01,44,880
1658,2024-11-01,25,250
1659,2024-11-01,5,115
1660,2024-11-01,4,68
1661,2024-11-01,6,90
1662,2024-11-01,9,153
1663,2024-11-01,4,100
1666,2024-11-01,9,90
1667,2024-11-01,15,330
1668,2024-11-01,4,56
1670,2024-11-01,5,120
1672,2024-11-01,19,285
1673,2024-11-01,3,69
1674,2024-11-01,18,432
1675,2024-11-01,8,168
1677,2024-11-01,20,300
1678,2024-11-01,16,144
1679,2024-11-01,3,51
1680,2024-11-01,4,60
1681,2024-11-01,18,414
1682,2024-11-01,1,20
1683,2024-11-01,12,168
1684,2024-11-01,34,782
1685,2024-11-01,95,2090
1686,2024-11-01,14,196
1687,2024-11-01,5,100
1688,2024-11-01,4,44
1689,2024-11-01,63,1512
1690,2024-11-01,12,132
1691,2024-11-01,4,48
1692,2024-11-01,3,33
1694,2024-11-01,19,247
1695,2024-11-01,6,114
1696,2024-11-01,5,85
1697,2024-11-01,42,966
1698,2024-11-01,18,306
1699,2024-11-01,12,216
1700,2024-11-01,2,28
1701,2024-11-01,1,9
1702,2024-11-01,6,78
1703,2024-11-01,4,36
1704,2024-11-01,1,24
1705,2024-11-01,6,126
1706,2024-11-01,4,32
1707,2024-11-01,8,96
1708,2024-11-01,147,2352
1709,2024-11-01,4,72
1710,2024-11-01,6,96
1711,2024-11-01,84,1512
1712,2024-11-01,4,76
1713,2024-11-01,5,75
1714,2024-11-01,65,1625
1715,2024-11-01,9,171
1716,2024-11-01,2,20
1718,2024-11-01,11,231
1719,2024-11-01,26,572
1720,2024-11-01,9,189
1721,2024-11-01,31,310
1722,2024-11-01,22,484
1723,2024-11-01,6,54
1724,2024-11-01,3,60
1725,2024-11-01,152,1520
1726,2024-11-01,2,40
1727,2024-11-01,4,32
1728,2024-11-01,8,168
1729,2024-11-01,14,350
1730,2024-11-01,5,110
1731,2024-11-01,17,391
1732,2024-11-01,6,102
1734,2024-11-01,5,55
1736,2024-11-01,8,184
1737,2024-11-01,7,84
1738,2024-11-01,39,819
1739,2024-11-01,97,2231
1740,2024-11-01,26,286
1741,2024-11-01,21,441
1742,2024-11-01,24,288
1743,2024-11-01,8,88
1745,2024-11-01,23,184
1746,2024-11-01,42,672
1747,2024-11-01,4,92
1748,2024-11-01,8,88
1749,2024-11-01,6,90
1750,2024-11-01,6,114
1751,2024-11-01,246,5658
1752,2024-11-01,27,675
1754,2024-11-01,2,38
1755,2024-11-01,2,50
1756,2024-11-01,17,425
1758,2024-11-01,11,220
1759,2024-11-01,106,2014
1760,2024-11-01,10,80
1761,2024-11-01,6,66
1762,2024-11-01,4,40
1763,2024-11-01,13,195
1764,2024-11-01,11,121
1765,2024-11-01,23,391
1766,2024-11-01,45,900
1767,2024-11-01,76,1140
1769,2024-11-01,16,160
1770,2024-11-01,18,180
1771,2024-11-01,9,108
1772,2024-11-01,32,768
1773,2024-11-01,62,496
1774,2024-11-01,25,350
1776,2024-11-01,7,91
1778,2024-11-01,3,33
1779,2024-11-01,12,168
1780,2024-11-01,12,108
1781,2024-11-01,3,36
1782,2024-11-01,3,54
1783,2024-11-01,16,256
1784,2024-11-01,3,72
1785,2024-11-01,6,120
1786,2024-11-01,20,440
1787,2024-11-01,39,819
1788,2024-11-01,36,288
1789,2024-11-01,5,80
1790,2024-11-01,2,40
1791,2024-11-01,27,459
1793,2024-11-01,5,110
1794,2024-11-01,18,450
1796,2024-11-01,45,450
1797,2024-11-01,30,720
1799,2024-11-01,15,270
1800,2024-11-01,27,513
1801,2024-11-01,40,320
1802,2024-11-01,188,2820
1803,2024-11-01,4,56
1804,2024-11-01,6,150
1805,2024-11-01,8,120
1806,2024-11-01,8,184
1807,2024-11-01,9,81
1808,2024-11-01,5,110
1809,2024-11-01,51,918
1810,2024-11-01,6,60
1811,2024-11-01,2,44
1812,2024-11-01,14,238
1813,2024-11-01,4,76
1814,2024-11-01,26,494
1816,2024-11-01,8,176
1817,2024-11-01,25,525
1818,2024-11-01,19,323
1819,2024-11-01,6,96
1820,2024-11-01,9,117
1821,2024-11-01,18,234
1822,2024-11-01,7,140
1823,2024-11-01,11,275
1824,2024-11-01,2,30
1825,2024-11-01,21,252
1826,2024-11-01,9,207
1828,2024-11-01,16,304
1829,2024-11-01,5,45
1830,2024-11-01,8,80
1831,2024-11-01,8,168
1832,2024-11-01,3,63
1833,2024-11-01,7,56
1834,2024-11-01,13,195
1835,2024-11-01,1,24
1836,2024-11-01,6,138
1837,2024-11-01,9,72
1838,2024-11-01,6,150
1839,2024-11-01,5,50
1840,2024-11-01,8,192
1841,2024-11-01,20,500
1842,2024-11-01,5,40
1844,2024-11-01,11,154
1845,2024-11-01,4,80
1846,2024-11-01,114,2280
1848,2024-11-01,7,105
1849,2024-11-01,27,540
1850,2024-11-01,5,120
1851,2024-11-01,18,360
1852,2024-11-01,6,60
1853,2024-11-01,2,16
1854,2024-11-01,8,200
1855,2024-11-01,4,96
1856,2024-11-01,7,112
1857,2024-11-01,46,1058
1858,2024-11-01,36,648
1859,2024-11-01,4,96
1863,2024-11-01,17,153
1864,2024-11-01,36,684
1865,2024-11-01,25,200
1866,2024-11-01,31,434
1867,2024-11-01,2,34
1868,2024-11-01,20,280
1869,2024-11-01,40,480
1870,2024-11-01,4,84
1871,2024-11-01,14,350
1872,2024-11-01,12,144
1873,2024-11-01,5,115
1874,2024-11-01,23,414
1875,2024-11-01,26,338
1876,2024-11-01,4,76
1877,2024-11-01,3,30
1878,2024-11-01,7,154
1879,2024-11-01,29,348
1880,2024-11-01,6,96
1881,2024-11-01,124,3100
1882,2024-11-01,18,270
1883,2024-11-01,24,408
1884,2024-11-01,21,504
1886,2024-11-01,2,24
1887,2024-11-01,2,38
1888,2024-11-01,24,552
1889,2024-11-01,6,60
1890,2024-11-01,24,312
1891,2024-11-01,5,110
1892,2024-11-01,87,1566
1893,2024-11-01,5,75
1895,2024-11-01,52,416
1896,2024-11-01,26,468
1897,2024-11-01,7,63
1898,2024-11-01,15,315
1899,2024-11-01,55,1210
1900,2024-11-01,8,72
1901,2024-11-01,6,90
1902,2024-11-01,44,616
1903,2024-11-01,22,396
1904,2024-11-01,22,198
1906,2024-11-01,27,243
1907,2024-11-01,10,240
1909,2024-11-01,3,72
1910,2024-11-01,9,225
1911,2024-11-01,4,60
1912,2024-11-01,155,2480
1913,2024-11-01,26,416
1914,2024-11-01,141,2115
1915,2024-11-01,40,760
1917,2024-11-01,40,760
1918,2024-11-01,3,57
1919,2024-11-01,20,220
1921,2024-11-01,3,36
1922,2024-11-01,3,66
1923,2024-11-01,4,84
1924,2024-11-01,28,476
1925,2024-11-01,3,24
1926,2024-11-01,6,108
1927,2024-11-01,3,39
1928,2024-11-01,20,500
1929,2024-11-01,8,120
1931,2024-11-01,8,104
1933,2024-11-01,57,627
1934,2024-11-01,12,252
1935,2024-11-01,40,360
1936,2024-11-01,31,775
1937,2024-11-01,2,42
1938,2024-11-01,73,1314
1939,2024-11-01,4,84
1940,2024-11-01,42,672
1941,2024-11-01,17,306
1942,2024-11-01,5,75
1943,2024-11-01,10,210
1944,2024-11-01,81,1215
1945,2024-11-01,5,65
1946,2024-11-01,9,126
1947,2024-11-01,9,135
1948,2024-11-01,13,247
1949,2024-11-01,5,40
1950,2024-11-01,25,275
1951,2024-11-01,5,80
1953,2024-11-01,3,75
1954,2024-11-01,3,51
1955,2024-11-01,2,20
1956,2024-11-01,15,180
1957,2024-11-01,7,84
1959,2024-11-01,38,798
1960,2024-11-01,28,700
1962,2024-11-01,13,130
1963,2024-11-01,47,893
1964,2024-11-01,42,672
1965,2024-11-01,16,144
1966,2024-11-01,5,50
1967,2024-11-01,27,270
1968,2024-11-01,37,777
1969,2024-11-01,5,115
1970,2024-11-01,42,504
1971,2024-11-01,25,600
1972,2024-11-01,19,399
1973,2024-11-01,127,1397
1975,2024-11-01,130,2860
1976,2024-11-01,28,588
1977,2024-11-01,8,192
1979,2024-11-01,7,140
1980,2024-11-01,6,132
1981,2024-11-01,42,798
1982,2024-11-01,20,260
1983,2024-11-01,6,138
1984,2024-11-01,1,15
1985,2024-11-01,18,216
1986,2024-11-01,16,224
1987,2024-11-01,12,108
1988,2024-11-01,9,126
1989,2024-11-01,20,400
1990,2024-11-01,3,66
1991,2024-11-01,19,380
1992,2024-11-01,8,200
1993,2024-11-01,78,1248
1994,2024-11-01,2,22
1995,2024-11-01,5,115
1996,2024-11-01,11,242
1997,2024-11-01,16,400
1998,2024-11-01,3,66
1999,2024-11-01,46,782
2000,2024-11-01,11,231
2001,2024-11-01,5,95
2003,2024-11-01,7,140
2005,2024-11-01,4,68
2006,2024-11-01,49,784
2007,2024-11-01,4,68
2008,2024-11-01,12,300
2009,2024-11-01,143,2431
2010,2024-11-01,10,220
2012,2024-11-01,37,851
2013,2024-11-01,5,90
2014,2024-11-01,4,36
2015,2024-11-01,79,1580
2016,2024-11-01,6,84
2017,2024-11-01,9,81
2018,2024-11-01,17,136
2019,2024-11-01,35,665
2020,2024-11-01,6,90
2021,2024-11-01,30,360
2022,2024-11-01,46,828
2023,2024-11-01,4,76
2024,2024-11-01,11,275
2025,2024-11-01,2,20
2026,2024-11-01,20,240
2027,2024-11-01,2,20
2028,2024-11-01,24,360
2029,2024-11-01,7,84
2030,2024-11-01,42,546
2031,2024-11-01,17,289
2032,2024-11-01,8,96
2033,2024-11-01,21,399
2034,2024-11-01,7,140
2035,2024-11-01,10,190
2036,2024-11-01,9,135
2037,2024-11-01,3,36
2038,2024-11-01,14,210
2039,2024-11-01,107,2140
2040,2024-11-01,21,273
2041,2024-11-01,19,456
2042,2024-11-01,4,60
2043,2024-11-01,7,70
2044,2024-11-01,3,33
2045,2024-11-01,4,40
2046,2024-11-01,54,918
2047,2024-11-01,39,819
2049,2024-11-01,39,663
2050,2024-11-01,9,135
2051,2024-11-01,5,120
2052,2024-11-01,11,209
2053,2024-11-01,5,55
2054,2024-11-01,7,77
2055,2024-11-01,7,168
2056,2024-11-01,6,60
2057,2024-11-01,10,90
2058,2024-11-01,14,112
2059,2024-11-01,3,60
2060,2024-11-01,7,77
2061,2024-11-01,41,451
2062,2024-11-01,159,2385
2063,2024-11-01,6,54
2064,2024-11-01,8,72
2065,2024-11-01,11,143
2066,2024-11-01,22,550
2067,2024-11-01,7,63
2068,2024-11-01,12,192
2069,2024-11-01,13,221
2070,2024-11-01,12,96
2071,2024-11-01,8,160
2072,2024-11-01,56,784
2073,2024-11-01,8,144
2074,2024-11-01,30,420
2075,2024-11-01,6,138
2076,2024-11-01,48,528
2077,2024-11-01,11,110
2078,2024-11-01,38,798
2079,2024-11-01,112,1120
2080,2024-11-01,5,65
2081,2024-11-01,12,144
2082,2024-11-01,2,38
2083,2024-11-01,21,420
2084,2024-11-01,4,44
2085,2024-11-01,56,504
2086,2024-11-01,6,144
2087,2024-11-01,25,425
2088,2024-11-01,9,189
2089,2024-11-01,12,276
2090,2024-11-01,4,72
2091,2024-11-01,50,1100
2092,2024-11-01,7,63
2093,2024-11-01,7,126
2094,2024-11-01,9,108
2095,2024-11-01,46,920
2096,2024-11-01,62,620
2097,2024-11-01,2,44
2098,2024-11-01,28,672
2099,2024-11-01,120,3000
2100,2024-11-01,10,170
2101,2024-11-01,112,1456
2102,2024-11-01,10,150
2103,2024-11-01,20,160
2104,2024-11-01,13,325
2105,2024-11-01,25,550
2106,2024-11-01,18,198
2107,2024-11-01,9,153
2108,2024-11-01,174,3480
2109,2024-11-01,31,682
2110,2024-11-01,17,408
2111,2024-11-01,21,315
2112,2024-11-01,9,153
2113,2024-11-01,2,40
2114,2024-11-01,8,200
2115,2024-11-01,11,88
2116,2024-11-01,4,44
2117,2024-11-01,7,63
2118,2024-11-01,17,391
2119,2024-11-01,19,190
2120,2024-11-01,37,296
2121,2024-11-01,12,204
2122,2024-11-01,3,48
2123,2024-11-01,107,963
2124,2024-11-01,24,432
2125,2024-11-01,2,16
2126,2024-11-01,4,96
2127,2024-11-01,35,770
2128,2024-11-01,25,375
2129,2024-11-01,7,63
2130,2024-11-01,4,68
2131,2024-11-01,17,408
1002,2024-12-01,7,175
1004,2024-12-01,1,11
1005,2024-12-01,27,594
1006,2024-12-01,1,22
1007,2024-12-01,29,638
1008,2024-12-01,31,589
1010,2024-12-01,3,24
1011,2024-12-01,17,272
1012,2024-12-01,55,1375
1013,2024-12-01,203,4466
1016,2024-12-01,6,144
1017,2024-12-01,1,20
1020,2024-12-01,9,90
1022,2024-12-01,3,54
1025,2024-12-01,23,460
1026,2024-12-01,155,1705
1027,2024-12-01,39,624
1028,2024-12-01,7,168
1029,2024-12-01,2,34
1033,2024-12-01,7,70
1035,2024-12-01,3,39
1036,2024-12-01,6,96
1037,2024-12-01,12,240
1038,2024-12-01,15,180
1039,2024-12-01,6,60
1040,2024-12-01,40,440
1042,2024-12-01,33,297
1043,2024-12-01,43,645
1045,2024-12-01,73,1168
1047,2024-12-01,2,38
1048,2024-12-01,7,70
1051,2024-12-01,8,120
1052,2024-12-01,9,216
1053,2024-12-01,44,836
1056,2024-12-01,15,300
1057,2024-12-01,3,36
1059,2024-12-01,247,5681
1060,2024-12-01,18,306
1062,2024-12-01,38,608
1063,2024-12-01,13,312
1064,2024-12-01,113,1243
1065,2024-12-01,47,893
1067,2024-12-01,6,126
1069,2024-12-01,4,68
1071,2024-12-01,9,189
1072,2024-12-01,8,104
1075,2024-12-01,1,9
1076,2024-12-01,37,888
1078,2024-12-01,13,273
1079,2024-12-01,26,520
1080,2024-12-01,5,95
1085,2024-12-01,43,387
1088,2024-12-01,13,104
1089,2024-12-01,51,510
1091,2024-12-01,2,22
1092,2024-12-01,6,126
1093,2024-12-01,74,1776
1094,2024-12-01,77,1848
1096,2024-12-01,7,91
1098,2024-12-01,59,826
1099,2024-12-01,13,104
1102,2024-12-01,9,171
1107,2024-12-01,10,230
1108,2024-12-01,10,120
1109,2024-12-01,52,572
1110,2024-12-01,12,264
1111,2024-12-01,5,55
1112,2024-12-01,11,242
1113,2024-12-01,54,1350
1115,2024-12-01,85,765
1116,2024-12-01,4,60
1117,2024-12-01,1,9
1118,2024-12-01,23,414
1120,2024-12-01,3,30
1124,2024-12-01,15,330
1126,2024-12-01,9,189
1127,2024-12-01,51,918
1129,2024-12-01,2,16
1130,2024-12-01,5,80
1131,2024-12-01,6,144
1134,2024-12-01,39,312
1137,2024-12-01,1,24
1139,2024-12-01,5,125
1140,2024-12-01,31,248
1141,2024-12-01,29,348
1143,2024-12-01,77,1386
1144,2024-12-01,15,165
1146,2024-12-01,7,140
1147,2024-12-01,25,350
1148,2024-12-01,6,60
1151,2024-12-01,22,484
1152,2024-12-01,9,117
1153,2024-12-01,9,108
1154,2024-12-01,42,546
1157,2024-12-01,38,532
1158,2024-12-01,5,80
1160,2024-12-01,6,54
1161,2024-12-01,1,17
1164,2024-12-01,3,69
1167,2024-12-01,9,216
1168,2024-12-01,11,209
1170,2024-12-01,45,720
1172,2024-12-01,46,782
1174,2024-12-01,8,160
1175,2024-12-01,12,192
1177,2024-12-01,6,102
1178,2024-12-01,2,38
1179,2024-12-01,14,126
1181,2024-12-01,12,180
1183,2024-12-01,9,180
1184,2024-12-01,4,60
1185,2024-12-01,17,323
1186,2024-12-01,28,532
1187,2024-12-01,55,880
1188,2024-12-01,10,180
1189,2024-12-01,25,275
1192,2024-12-01,25,525
1194,2024-12-01,12,156
1195,2024-12-01,8,200
1196,2024-12-01,27,648
1197,2024-12-01,4,92
1198,2024-12-01,29,667
1199,2024-12-01,26,520
1200,2024-12-01,243,6075
1202,2024-12-01,2,26
1203,2024-12-01,32,704
1205,2024-12-01,3,39
1207,2024-12-01,10,210
1208,2024-12-01,44,660
1209,2024-12-01,12,120
1210,2024-12-01,2,46
1211,2024-12-01,14,252
1212,2024-12-01,16,160
1213,2024-12-01,165,2475
1214,2024-12-01,2,30
1216,2024-12-01,5,95
1218,2024-12-01,5,120
1219,2024-12-01,10,250
1221,2024-12-01,10,100
1222,2024-12-01,21,399
1223,2024-12-01,52,624
1227,2024-12-01,32,608
1229,2024-12-01,10,170
1231,2024-12-01,47,517
1232,2024-12-01,1,8
1233,2024-12-01,5,60
1234,2024-12-01,45,540
1235,2024-12-01,10,140
1236,2024-12-01,7,91
1237,2024-12-01,1,21
1238,2024-12-01,2,46
1239,2024-12-01,8,192
1240,2024-12-01,4,40
1241,2024-12-01,5,50
1242,2024-12-01,10,120
1244,2024-12-01,12,252
1245,2024-12-01,9,108
1246,2024-12-01,3,60
1247,2024-12-01,3,51
1249,2024-12-01,5,60
1250,2024-12-01,26,234
1251,2024-12-01,5,45
1254,2024-12-01,7,168
1256,2024-12-01,12,288
1257,2024-12-01,3,45
1258,2024-12-01,16,192
1259,2024-12-01,123,1599
1261,2024-12-01,293,4981
1262,2024-12-01,295,5310
1263,2024-12-01,7,70
1265,2024-12-01,33,462
1266,2024-12-01,76,1824
1267,2024-12-01,13,143
1268,2024-12-01,85,1870
1270,2024-12-01,113,1356
1271,2024-12-01,5,60
1273,2024-12-01,8,104
1274,2024-12-01,193,3860
1275,2024-12-01,101,909
1279,2024-12-01,7,91
1281,2024-12-01,39,858
1282,2024-12-01,10,180
1284,2024-12-01,148,3700
1285,2024-12-01,98,1960
1286,2024-12-01,5,90
1287,2024-12-01,79,1580
1288,2024-12-01,5,95
1289,2024-12-01,19,399
1291,2024-12-01,120,2400
1293,2024-12-01,32,672
1296,2024-12-01,8,128
1297,2024-12-01,2,50
1299,2024-12-01,6,84
1301,2024-12-01,2,26
1302,2024-12-01,10,180
1304,2024-12-01,14,154
1305,2024-12-01,2,50
1307,2024-12-01,13,247
1308,2024-12-01,10,130
1309,2024-12-01,27,351
1310,2024-12-01,45,360
1311,2024-12-01,0,0
1312,2024-12-01,5,60
1314,2024-12-01,9,162
1315,2024-12-01,16,384
1317,2024-12-01,4,96
1318,2024-12-01,37,777
1320,2024-12-01,16,368
1321,2024-12-01,5,125
1322,2024-12-01,140,1960
1323,2024-12-01,9,108
1324,2024-12-01,8,96
1326,2024-12-01,8,104
1327,2024-12-01,13,325
1328,2024-12-01,6,84
1329,2024-12-01,42,924
1332,2024-12-01,3,75
1333,2024-12-01,23,368
1334,2024-12-01,16,288
1335,2024-12-01,13,208
1336,2024-12-01,6,60
1337,2024-12-01,323,6783
1338,2024-12-01,14,154
1339,2024-12-01,49,490
1340,2024-12-01,25,500
1341,2024-12-01,23,552
1342,2024-12-01,26,442
1343,2024-12-01,19,418
1344,2024-12-01,2,28
1346,2024-12-01,34,578
1347,2024-12-01,7,140
1348,2024-12-01,9,126
1350,2024-12-01,14,182
1351,2024-12-01,7,84
1352,2024-12-01,39,468
1353,2024-12-01,3,57
1354,2024-12-01,2,40
1355,2024-12-01,60,1320
1356,2024-12-01,9,198
1358,2024-12-01,47,1034
1361,2024-12-01,6,96
1363,2024-12-01,67,670
1364,2024-12-01,20,440
1367,2024-12-01,8,96
1369,2024-12-01,2,18
1372,2024-12-01,41,492
1373,2024-12-01,81,1296
1374,2024-12-01,3,42
1375,2024-12-01,124,992
1376,2024-12-01,6,84
1377,2024-12-01,3,57
1378,2024-12-01,67,871
1379,2024-12-01,16,400
1380,2024-12-01,5,50
1381,2024-12-01,7,140
1382,2024-12-01,1,9
1385,2024-12-01,3,69
1386,2024-12-01,10,200
1387,2024-12-01,24,240
1388,2024-12-01,16,176
1389,2024-12-01,31,248
1393,2024-12-01,16,304
1394,2024-12-01,20,220
1395,2024-12-01,10,230
1397,2024-12-01,6,102
1400,2024-12-01,42,924
1402,2024-12-01,13,221
1403,2024-12-01,28,224
1404,2024-12-01,6,72
1405,2024-12-01,83,996
1409,2024-12-01,21,483
1410,2024-12-01,22,330
1411,2024-12-01,2,28
1412,2024-12-01,14,308
1413,2024-12-01,10,230
1414,2024-12-01,8,184
1416,2024-12-01,5,50
1417,2024-12-01,43,602
1419,2024-12-01,6,66
1420,2024-12-01,145,2610
1422,2024-12-01,33,495
1425,2024-12-01,4,84
1426,2024-12-01,3,51
1427,2024-12-01,2,42
1428,2024-12-01,41,492
1432,2024-12-01,5,60
1433,2024-12-01,6,72
1434,2024-12-01,2,16
1435,2024-12-01,7,147
1436,2024-12-01,27,621
1437,2024-12-01,6,90
1438,2024-12-01,11,165
1439,2024-12-01,26,468
1441,2024-12-01,8,80
1442,2024-12-01,1,19
1443,2024-12-01,120,3000
1444,2024-12-01,40,880
1445,2024-12-01,4,100
1447,2024-12-01,26,416
1448,2024-12-01,48,1200
1449,2024-12-01,0,0
1450,2024-12-01,12,228
1451,2024-12-01,6,72
1452,2024-12-01,52,676
1453,2024-12-01,3,33
1455,2024-12-01,22,506
1457,2024-12-01,58,1392
1458,2024-12-01,39,975
1460,2024-12-01,6,108
1461,2024-12-01,4,44
1462,2024-12-01,4,52
1464,2024-12-01,9,198
1465,2024-12-01,10,130
1466,2024-12-01,8,88
1468,2024-12-01,16,192
1469,2024-12-01,3,72
1470,2024-12-01,4,72
1471,2024-12-01,112,2352
1473,2024-12-01,9,171
1474,2024-12-01,68,1428
1475,2024-12-01,2,16
1476,2024-12-01,105,2100
1477,2024-12-01,13,117
1478,2024-12-01,7,161
1479,2024-12-01,4,84
1480,2024-12-01,6,102
1481,2024-12-01,65,585
1483,2024-12-01,26,390
1484,2024-12-01,12,204
1486,2024-12-01,7,161
1487,2024-12-01,16,256
1488,2024-12-01,18,198
1490,2024-12-01,12,252
1491,2024-12-01,1,25
1492,2024-12-01,12,288
1494,2024-12-01,27,216
1495,2024-12-01,7,98
1496,2024-12-01,13,143
1497,2024-12-01,2,20
1498,2024-12-01,6,144
1499,2024-12-01,25,425
1500,2024-12-01,2,18
1501,2024-12-01,40,560
1503,2024-12-01,17,289
1505,2024-12-01,6,144
1507,2024-12-01,2,44
1508,2024-12-01,13,312
1509,2024-12-01,5,80
1510,2024-12-01,13,234
1512,2024-12-01,4,68
1513,2024-12-01,1,13
1514,2024-12-01,13,273
1515,2024-12-01,7,105
1516,2024-12-01,5,85
1517,2024-12-01,28,476
1519,2024-12-01,1,21
1520,2024-12-01,8,128
1521,2024-12-01,5,110
1522,2024-12-01,16,224
1523,2024-12-01,5,105
1524,2024-12-01,248,6200
1525,2024-12-01,38,608
1526,2024-12-01,68,1428
1527,2024-12-01,4,68
1528,2024-12-01,12,132
1529,2024-12-01,7,119
1530,2024-12-01,86,2064
1531,2024-12-01,8,184
1532,2024-12-01,5,40
1533,2024-12-01,36,540
1534,2024-12-01,7,168
1536,2024-12-01,5,90
1537,2024-12-01,13,104
1539,2024-12-01,126,3150
1540,2024-12-01,28,644
1541,2024-12-01,65,1365
1542,2024-12-01,6,72
1544,2024-12-01,7,84
1545,2024-12-01,37,666
1546,2024-12-01,55,825
1548,2024-12-01,23,391
1549,2024-12-01,2,28
1553,2024-12-01,107,1391
1554,2024-12-01,24,264
1555,2024-12-01,9,99
1556,2024-12-01,5,60
1557,2024-12-01,40,320
1558,2024-12-01,11,275
1559,2024-12-01,44,748
1561,2024-12-01,8,72
1562,2024-12-01,6,72
1563,2024-12-01,4,64
1564,2024-12-01,37,629
1565,2024-12-01,4,64
1566,2024-12-01,2,44
1568,2024-12-01,2,20
1569,2024-12-01,174,3480
1570,2024-12-01,35,350
1571,2024-12-01,8,120
1572,2024-12-01,16,320
1573,2024-12-01,2,48
1574,2024-12-01,8,112
1575,2024-12-01,55,1155
1576,2024-12-01,4,36
1577,2024-12-01,12,156
1578,2024-12-01,9,171
1579,2024-12-01,7,98
1580,2024-12-01,29,696
1581,2024-12-01,43,516
1582,2024-12-01,7,56
1583,2024-12-01,51,459
1585,2024-12-01,65,1235
1586,2024-12-01,2,42
1587,2024-12-01,2,34
1588,2024-12-01,6,90
1590,2024-12-01,31,775
1592,2024-12-01,41,410
1593,2024-12-01,7,56
1594,2024-12-01,8,152
1595,2024-12-01,1,24
1596,2024-12-01,13,260
1597,2024-12-01,5,55
1598,2024-12-01,145,2610
1600,2024-12-01,16,240
1602,2024-12-01,55,605
1603,2024-12-01,4,88
1605,2024-12-01,68,1292
1607,2024-12-01,20,160
1608,2024-12-01,6,102
1609,2024-12-01,97,2134
1610,2024-12-01,94,1316
1611,2024-12-01,20,480
1612,2024-12-01,100,1200
1613,2024-12-01,7,161
1615,2024-12-01,9,180
1617,2024-12-01,19,437
1619,2024-12-01,5,60
1620,2024-12-01,124,2232
1621,2024-12-01,8,160
1622,2024-12-01,10,130
1625,2024-12-01,14,224
1626,2024-12-01,43,645
1627,2024-12-01,10,130
1629,2024-12-01,3,42
1630,2024-12-01,68,1700
1631,2024-12-01,47,423
1634,2024-12-01,17,306
1635,2024-12-01,44,660
1637,2024-12-01,7,133
1638,2024-12-01,32,736
1639,2024-12-01,5,40
1640,2024-12-01,34,680
1641,2024-12-01,13,299
1642,2024-12-01,4,44
1643,2024-12-01,3,63
1645,2024-12-01,6,132
1646,2024-12-01,69,897
1647,2024-12-01,14,196
1649,2024-12-01,2,28
1650,2024-12-01,36,468
1651,2024-12-01,5,115
1652,2024-12-01,5,125
1653,2024-12-01,17,255
1656,2024-12-01,53,848
1657,2024-12-01,38,570
1658,2024-12-01,10,150
1659,2024-12-01,6,138
1660,2024-12-01,6,66
1661,2024-12-01,6,54
1663,2024-12-01,4,52
1666,2024-12-01,10,100
1667,2024-12-01,17,425
1668,2024-12-01,4,32
1670,2024-12-01,6,90
1672,2024-12-01,14,280
1673,2024-12-01,3,24
1674,2024-12-01,18,198
1675,2024-12-01,7,140
1677,2024-12-01,19,418
1678,2024-12-01,19,266
1679,2024-12-01,5,115
1680,2024-12-01,4,48
1681,2024-12-01,17,323
1682,2024-12-01,2,40
1683,2024-12-01,10,100
1684,2024-12-01,31,248
1685,2024-12-01,93,1302
1686,2024-12-01,15,270
1687,2024-12-01,6,90
1688,2024-12-01,4,76
1689,2024-12-01,74,1628
1690,2024-12-01,10,240
1691,2024-12-01,5,110
1692,2024-12-01,3,57
1694,2024-12-01,21,483
1695,2024-12-01,6,96
1696,2024-12-01,4,92
1697,2024-12-01,35,840
1698,2024-12-01,18,342
1699,2024-12-01,21,420
1700,2024-12-01,2,48
1701,2024-12-01,1,19
1702,2024-12-01,7,126
1703,2024-12-01,4,96
1704,2024-12-01,1,18
1705,2024-12-01,5,115
1706,2024-12-01,4,80
1707,2024-12-01,5,70
1708,2024-12-01,120,1320
1709,2024-12-01,4,76
1710,2024-12-01,5,50
1711,2024-12-01,62,992
1712,2024-12-01,5,40
1713,2024-12-01,3,39
1714,2024-12-01,91,1547
1715,2024-12-01,12,216
1716,2024-12-01,2,24
1718,2024-12-01,11,143
1719,2024-12-01,26,208
1720,2024-12-01,6,120
1721,2024-12-01,34,408
1722,2024-12-01,20,220
1723,2024-12-01,6,60
1724,2024-12-01,3,33
1725,2024-12-01,154,1694
1726,2024-12-01,3,33
1727,2024-12-01,4,52
1728,2024-12-01,9,216
1730,2024-12-01,3,57
1731,2024-12-01,15,225
1732,2024-12-01,6,114
1734,2024-12-01,8,96
1736,2024-12-01,10,120
1737,2024-12-01,6,60
1738,2024-12-01,40,840
1739,2024-12-01,113,904
1740,2024-12-01,27,351
1741,2024-12-01,19,285
1742,2024-12-01,27,486
1743,2024-12-01,8,160
1745,2024-12-01,25,375
1746,2024-12-01,43,1075
1747,2024-12-01,5,85
1748,2024-12-01,7,63
1749,2024-12-01,5,65
1750,2024-12-01,6,96
1751,2024-12-01,288,4032
1752,2024-12-01,23,391
1754,2024-12-01,2,42
1755,2024-12-01,2,48
1756,2024-12-01,41,697
1758,2024-12-01,11,99
1759,2024-12-01,116,1160
1760,2024-12-01,12,288
1761,2024-12-01,4,72
1762,2024-12-01,5,95
1763,2024-12-01,18,360
1764,2024-12-01,11,231
1765,2024-12-01,20,340
1766,2024-12-01,17,170
1767,2024-12-01,73,1241
1769,2024-12-01,15,345
1770,2024-12-01,15,330
1771,2024-12-01,9,81
1772,2024-12-01,31,713
1773,2024-12-01,68,952
1774,2024-12-01,37,296
1776,2024-12-01,5,115
1778,2024-12-01,3,63
1779,2024-12-01,14,168
1780,2024-12-01,9,207
1781,2024-12-01,3,60
1782,2024-12-01,3,54
1783,2024-12-01,12,96
1784,2024-12-01,3,57
1785,2024-12-01,10,160
1786,2024-12-01,18,306
1787,2024-12-01,37,925
1788,2024-12-01,29,290
1789,2024-12-01,5,120
1790,2024-12-01,2,28
1791,2024-12-01,24,264
1793,2024-12-01,3,27
1794,2024-12-01,14,140
1796,2024-12-01,43,731
1797,2024-12-01,28,644
1799,2024-12-01,15,255
1800,2024-12-01,17,289
1801,2024-12-01,46,874
1802,2024-12-01,226,4520
1803,2024-12-01,3,63
1804,2024-12-01,5,105
1805,2024-12-01,10,130
1806,2024-12-01,12,216
1807,2024-12-01,10,210
1808,2024-12-01,7,154
1809,2024-12-01,65,1365
1810,2024-12-01,6,90
1811,2024-12-01,2,18
1812,2024-12-01,15,315
1813,2024-12-01,3,57
1814,2024-12-01,27,486
1816,2024-12-01,9,144
1817,2024-12-01,29,319
1818,2024-12-01,15,150
1819,2024-12-01,9,180
1820,2024-12-01,7,161
1821,2024-12-01,20,160
1822,2024-12-01,12,216
1823,2024-12-01,12,228
1824,2024-12-01,2,50
1825,2024-12-01,22,528
1826,2024-12-01,10,100
1828,2024-12-01,18,432
1829,2024-12-01,7,133
1830,2024-12-01,14,308
1831,2024-12-01,9,171
1832,2024-12-01,3,54
1833,2024-12-01,7,168
1834,2024-12-01,12,276
1835,2024-12-01,1,17
1836,2024-12-01,6,72
1837,2024-12-01,10,100
1838,2024-12-01,5,55
1839,2024-12-01,5,95
1840,2024-12-01,9,180
1841,2024-12-01,14,280
1842,2024-12-01,6,48
1844,2024-12-01,12,156
1845,2024-12-01,3,51
1846,2024-12-01,106,2650
1848,2024-12-01,6,90
1849,2024-12-01,29,348
1850,2024-12-01,6,150
1851,2024-12-01,20,380
1852,2024-12-01,5,110
1853,2024-12-01,1,15
1854,2024-12-01,9,198
1855,2024-12-01,6,114
1856,2024-12-01,4,32
1857,2024-12-01,46,1150
1858,2024-12-01,35,420
1859,2024-12-01,3,39
1864,2024-12-01,40,960
1865,2024-12-01,23,184
1866,2024-12-01,32,288
1867,2024-12-01,2,24
1868,2024-12-01,24,192
1869,2024-12-01,43,688
1870,2024-12-01,4,100
1871,2024-12-01,14,238
1872,2024-12-01,12,132
1873,2024-12-01,5,55
1874,2024-12-01,20,160
1875,2024-12-01,26,286
1876,2024-12-01,5,55
1877,2024-12-01,3,54
1878,2024-12-01,6,48
1879,2024-12-01,31,775
1880,2024-12-01,4,88
1881,2024-12-01,94,2256
1882,2024-12-01,17,425
1883,2024-12-01,25,625
1884,2024-12-01,24,192
1886,2024-12-01,2,28
1887,2024-12-01,2,42
1888,2024-12-01,29,232
1889,2024-12-01,7,126
1890,2024-12-01,26,208
1891,2024-12-01,4,36
1892,2024-12-01,54,1296
1893,2024-12-01,6,150
1895,2024-12-01,55,770
1896,2024-12-01,14,252
1897,2024-12-01,8,96
1898,2024-12-01,16,128
1899,2024-12-01,44,352
1900,2024-12-01,6,114
1901,2024-12-01,6,120
1902,2024-12-01,51,408
1903,2024-12-01,25,550
1904,2024-12-01,27,648
1906,2024-12-01,16,400
1907,2024-12-01,8,192
1909,2024-12-01,3,33
1910,2024-12-01,8,200
1911,2024-12-01,4,56
1912,2024-12-01,173,2595
1913,2024-12-01,30,720
1914,2024-12-01,129,1032
1915,2024-12-01,41,492
1917,2024-12-01,33,792
1919,2024-12-01,23,322
1921,2024-12-01,3,42
1922,2024-12-01,4,64
1923,2024-12-01,3,33
1924,2024-12-01,24,504
1925,2024-12-01,5,90
1926,2024-12-01,6,96
1927,2024-12-01,3,72
1928,2024-12-01,21,399
1929,2024-12-01,8,72
1931,2024-12-01,8,136
1933,2024-12-01,60,960
1934,2024-12-01,13,325
1935,2024-12-01,39,624
1936,2024-12-01,33,297
1937,2024-12-01,1,9
1938,2024-12-01,72,1296
1939,2024-12-01,4,72
1940,2024-12-01,39,858
1941,2024-12-01,17,374
1942,2024-12-01,7,126
1943,2024-12-01,9,207
1944,2024-12-01,113,1130
1945,2024-12-01,5,60
1946,2024-12-01,11,154
1947,2024-12-01,10,220
1948,2024-12-01,13,208
1949,2024-12-01,5,125
1950,2024-12-01,22,330
1951,2024-12-01,6,78
1953,2024-12-01,3,66
1954,2024-12-01,3,75
1955,2024-12-01,2,24
1956,2024-12-01,11,198
1957,2024-12-01,6,78
1959,2024-12-01,36,828
1960,2024-12-01,40,520
1962,2024-12-01,12,216
1963,2024-12-01,50,1000
1964,2024-12-01,46,644
1965,2024-12-01,17,272
1966,2024-12-01,5,45
1967,2024-12-01,30,510
1968,2024-12-01,36,648
1970,2024-12-01,31,279
1971,2024-12-01,29,609
1972,2024-12-01,24,216
1973,2024-12-01,163,3423
1975,2024-12-01,111,1443
1976,2024-12-01,33,594
1977,2024-12-01,10,80
1979,2024-12-01,8,200
1980,2024-12-01,6,48
1981,2024-12-01,39,663
1982,2024-12-01,19,247
1983,2024-12-01,6,108
1987,2024-12-01,15,120
1988,2024-12-01,10,230
1989,2024-12-01,14,322
1990,2024-12-01,3,33
1991,2024-12-01,20,320
1992,2024-12-01,9,108
1993,2024-12-01,64,1600
1994,2024-12-01,1,25
1995,2024-12-01,5,45
1996,2024-12-01,12,180
1997,2024-12-01,14,266
1998,2024-12-01,3,54
1999,2024-12-01,41,410
2000,2024-12-01,32,608
2001,2024-12-01,4,80
2003,2024-12-01,8,160
2005,2024-12-01,4,44
2006,2024-12-01,40,360
2007,2024-12-01,3,72
2008,2024-12-01,14,336
2009,2024-12-01,128,2304
2010,2024-12-01,15,375
2012,2024-12-01,41,1025
2013,2024-12-01,5,110
2015,2024-12-01,83,1660
2016,2024-12-01,6,102
2017,2024-12-01,9,225
2018,2024-12-01,17,238
2019,2024-12-01,38,684
2020,2024-12-01,8,200
2021,2024-12-01,26,598
2022,2024-12-01,38,684
2023,2024-12-01,3,30
2024,2024-12-01,10,160
2025,2024-12-01,2,38
2026,2024-12-01,21,420
2027,2024-12-01,3,72
2028,2024-12-01,28,588
2029,2024-12-01,9,108
2030,2024-12-01,42,756
2031,2024-12-01,14,350
2032,2024-12-01,9,144
2033,2024-12-01,18,252
2035,2024-12-01,10,240
2036,2024-12-01,11,132
2037,2024-12-01,2,44
2038,2024-12-01,14,322
2039,2024-12-01,112,2464
2040,2024-12-01,20,500
2041,2024-12-01,21,252
2042,2024-12-01,5,40
2043,2024-12-01,6,108
2044,2024-12-01,3,63
2045,2024-12-01,4,64
2046,2024-12-01,34,816
2047,2024-12-01,39,780
2049,2024-12-01,49,392
2050,2024-12-01,10,80
2051,2024-12-01,5,120
2052,2024-12-01,12,192
2053,2024-12-01,2,20
2054,2024-12-01,8,160
2055,2024-12-01,7,175
2056,2024-12-01,6,150
2057,2024-12-01,13,286
2058,2024-12-01,14,168
2059,2024-12-01,2,50
2060,2024-12-01,7,77
2061,2024-12-01,49,637
2062,2024-12-01,140,2380
2063,2024-12-01,6,120
2064,2024-12-01,8,112
2067,2024-12-01,6,126
2068,2024-12-01,11,198
2070,2024-12-01,9,162
2071,2024-12-01,7,84
2072,2024-12-01,55,1210
2073,2024-12-01,9,126
2074,2024-12-01,31,527
2075,2024-12-01,9,207
2076,2024-12-01,52,1040
2077,2024-12-01,10,90
2078,2024-12-01,37,703
2079,2024-12-01,135,2700
2080,2024-12-01,5,80
2081,2024-12-01,12,120
2082,2024-12-01,1,9
2083,2024-12-01,24,504
2084,2024-12-01,5,40
2085,2024-12-01,81,729
2086,2024-12-01,5,80
2087,2024-12-01,18,324
2088,2024-12-01,6,90
2089,2024-12-01,11,88
2090,2024-12-01,4,88
2091,2024-12-01,43,473
2092,2024-12-01,7,70
2093,2024-12-01,7,175
2094,2024-12-01,9,162
2095,2024-12-01,41,369
2096,2024-12-01,62,1488
2097,2024-12-01,1,17
2098,2024-12-01,30,690
2099,2024-12-01,163,1630
2100,2024-12-01,10,90
2101,2024-12-01,112,1120
2102,2024-12-01,11,220
2103,2024-12-01,17,323
2104,2024-12-01,15,255
2105,2024-12-01,21,210
2106,2024-12-01,20,220
2107,2024-12-01,7,147
2108,2024-12-01,231,2079
2109,2024-12-01,28,560
2110,2024-12-01,16,368
2111,2024-12-01,25,525
2112,2024-12-01,11,242
2113,2024-12-01,2,22
2114,2024-12-01,9,144
2115,2024-12-01,13,104
2116,2024-12-01,7,56
2118,2024-12-01,21,483
2119,2024-12-01,18,162
2120,2024-12-01,42,1008
2121,2024-12-01,13,104
2122,2024-12-01,3,54
2123,2024-12-01,109,2725
2124,2024-12-01,29,290
2125,2024-12-01,3,33
2126,2024-12-01,3,24
2127,2024-12-01,29,290
2128,2024-12-01,29,435
2129,2024-12-01,5,90
2130,2024-12-01,4,68
2131,2024-12-01,21,231
2132,2024-12-01,38,380
2133,2024-12-01,8,168
2134,2024-12-01,3,39
2135,2024-12-01,20,280
2136,2024-12-01,5,120
2137,2024-12-01,15,120
2138,2024-12-01,22,308
2139,2024-12-01,37,814
2140,2024-12-01,9,225
2141,2024-12-01,11,231
2142,2024-12-01,2,42
2143,2024-12-01,18,342
2144,2024-12-01,70,560
2145,2024-12-01,19,190
2146,2024-12-01,9,216
2147,2024-12-01,25,375
2148,2024-12-01,39,819
2149,2024-12-01,63,882
2150,2024-12-01,30,690
2151,2024-12-01,2,46
2152,2024-12-01,7,154
2153,2024-12-01,49,1127
2154,2024-12-01,9,126
2155,2024-12-01,27,432
2156,2024-12-01,10,80
2157,2024-12-01,20,360
2158,2024-12-01,35,630
2159,2024-12-01,50,500
2160,2024-12-01,3,45
2161,2024-12-01,57,912
2162,2024-12-01,13,195
2163,2024-12-01,4,96
2164,2024-12-01,5,105
2165,2024-12-01,3,66
2166,2024-12-01,6,132
2167,2024-12-01,9,81
2168,2024-12-01,49,833
2169,2024-12-01,104,1248
2170,2024-12-01,3,33
2171,2024-12-01,26,624
2172,2024-12-01,107,856
2173,2024-12-01,2,22
2174,2024-12-01,50,700
2175,2024-12-01,5,115
2176,2024-12-01,70,1540
2177,2024-12-01,82,1230
2178,2024-12-01,13,234
2179,2024-12-01,8,112
2180,2024-12-01,11,220
2181,2024-12-01,26,208
2182,2024-12-01,6,90
2183,2024-12-01,126,2394
2184,2024-12-01,5,120
2185,2024-12-01,11,198
2186,2024-12-01,17,340
2187,2024-12-01,19,380
2188,2024-12-01,20,260
2189,2024-12-01,183,2013
2190,2024-12-01,5,90
2191,2024-12-01,4,100
2192,2024-12-01,4,76
2193,2024-12-01,104,1144
2194,2024-12-01,5,100
2195,2024-12-01,8,80
1002,2025-01-01,7,119
1004,2025-01-01,1,10
1005,2025-01-01,34,850
1006,2025-01-01,1,23
1007,2025-01-01,37,629
1008,2025-01-01,28,700
1010,2025-01-01,3,30
1011,2025-01-01,19,304
1012,2025-01-01,48,576
1013,2025-01-01,216,5184
1016,2025-01-01,8,104
1017,2025-01-01,2,30
1020,2025-01-01,10,150
1022,2025-01-01,2,32
1025,2025-01-01,20,180
1026,2025-01-01,142,1562
1027,2025-01-01,45,945
1028,2025-01-01,8,152
1029,2025-01-01,1,11
1033,2025-01-01,9,90
1035,2025-01-01,3,51
1036,2025-01-01,3,36
1037,2025-01-01,12,276
1038,2025-01-01,16,288
1039,2025-01-01,6,102
1040,2025-01-01,41,943
1042,2025-01-01,31,496
1043,2025-01-01,38,608
1045,2025-01-01,72,1008
1047,2025-01-01,3,69
1048,2025-01-01,8,88
1051,2025-01-01,12,156
1053,2025-01-01,50,1250
1056,2025-01-01,14,168
1057,2025-01-01,2,20
1059,2025-01-01,258,4902
1060,2025-01-01,18,360
1062,2025-01-01,41,1025
1063,2025-01-01,11,88
1064,2025-01-01,132,2112
1065,2025-01-01,48,624
1067,2025-01-01,3,63
1069,2025-01-01,4,68
1071,2025-01-01,9,117
1072,2025-01-01,8,184
1075,2025-01-01,1,19
1076,2025-01-01,37,518
1078,2025-01-01,13,117
1079,2025-01-01,5,115
1080,2025-01-01,7,77
1085,2025-01-01,38,304
1088,2025-01-01,13,286
1089,2025-01-01,53,1325
1091,2025-01-01,3,75
1092,2025-01-01,6,72
1093,2025-01-01,74,1480
1094,2025-01-01,76,1824
1096,2025-01-01,8,88
1098,2025-01-01,62,1364
1099,2025-01-01,15,150
1102,2025-01-01,8,168
1107,2025-01-01,20,280
1108,2025-01-01,10,180
1109,2025-01-01,36,360
1110,2025-01-01,16,304
1111,2025-01-01,4,80
1112,2025-01-01,11,88
1113,2025-01-01,55,1155
1115,2025-01-01,54,1296
1116,2025-01-01,3,27
1117,2025-01-01,1,24
1118,2025-01-01,20,500
1120,2025-01-01,5,55
1124,2025-01-01,16,240
1126,2025-01-01,9,126
1127,2025-01-01,47,752
1129,2025-01-01,2,34
1130,2025-01-01,6,138
1131,2025-01-01,5,95
1134,2025-01-01,33,297
1137,2025-01-01,1,16
1139,2025-01-01,4,100
1140,2025-01-01,28,560
1143,2025-01-01,54,1350
1144,2025-01-01,21,525
1146,2025-01-01,8,144
1147,2025-01-01,17,323
1148,2025-01-01,4,40
1151,2025-01-01,24,480
1152,2025-01-01,11,242
1153,2025-01-01,9,198
1154,2025-01-01,50,1100
1157,2025-01-01,42,924
1158,2025-01-01,4,52
1160,2025-01-01,6,84
1161,2025-01-01,1,14
1164,2025-01-01,3,57
1167,2025-01-01,9,108
1168,2025-01-01,13,169
1170,2025-01-01,44,924
1172,2025-01-01,49,637
1174,2025-01-01,11,198
1175,2025-01-01,11,110
1177,2025-01-01,6,138
1178,2025-01-01,2,38
1179,2025-01-01,15,240
1181,2025-01-01,12,108
1183,2025-01-01,8,64
1184,2025-01-01,5,125
1185,2025-01-01,15,120
1186,2025-01-01,31,496
1187,2025-01-01,72,936
1188,2025-01-01,10,80
1189,2025-01-01,21,399
1192,2025-01-01,23,368
1194,2025-01-01,13,169
1195,2025-01-01,9,207
1196,2025-01-01,24,240
1197,2025-01-01,3,24
1198,2025-01-01,32,352
1199,2025-01-01,35,280
1200,2025-01-01,222,3996
1202,2025-01-01,2,18
1203,2025-01-01,47,752
1205,2025-01-01,4,92
1207,2025-01-01,11,121
1208,2025-01-01,44,616
1209,2025-01-01,7,140
1210,2025-01-01,2,36
1211,2025-01-01,13,104
1212,2025-01-01,22,462
1213,2025-01-01,165,3300
1214,2025-01-01,2,34
1216,2025-01-01,5,45
1218,2025-01-01,6,150
1219,2025-01-01,9,180
1221,2025-01-01,10,120
1222,2025-01-01,20,280
1223,2025-01-01,51,1020
1227,2025-01-01,32,480
1229,2025-01-01,10,150
1231,2025-01-01,51,561
1232,2025-01-01,1,15
1233,2025-01-01,5,60
1234,2025-01-01,63,945
1235,2025-01-01,9,225
1236,2025-01-01,8,200
1237,2025-01-01,1,12
1238,2025-01-01,2,28
1239,2025-01-01,10,190
1240,2025-01-01,3,72
1241,2025-01-01,4,68
1242,2025-01-01,12,228
1244,2025-01-01,9,207
1245,2025-01-01,11,99
1246,2025-01-01,3,66
1247,2025-01-01,3,66
1249,2025-01-01,4,60
1250,2025-01-01,23,414
1251,2025-01-01,3,51
1256,2025-01-01,11,110
1257,2025-01-01,3,33
1258,2025-01-01,14,168
1259,2025-01-01,148,2812
1261,2025-01-01,305,6100
1262,2025-01-01,391,8211
1263,2025-01-01,6,54
1265,2025-01-01,39,468
1266,2025-01-01,83,1826
1267,2025-01-01,9,81
1268,2025-01-01,91,2184
1270,2025-01-01,130,1950
1271,2025-01-01,5,40
1273,2025-01-01,10,80
1274,2025-01-01,159,3339
1275,2025-01-01,156,2652
1279,2025-01-01,6,138
1281,2025-01-01,42,1050
1282,2025-01-01,9,99
1284,2025-01-01,128,3072
1285,2025-01-01,101,1717
1286,2025-01-01,5,75
1287,2025-01-01,109,872
1288,2025-01-01,6,48
1289,2025-01-01,18,234
1291,2025-01-01,90,2250
1296,2025-01-01,7,70
1297,2025-01-01,2,44
1299,2025-01-01,5,45
1301,2025-01-01,3,51
1302,2025-01-01,10,110
1304,2025-01-01,11,264
1305,2025-01-01,7,133
1307,2025-01-01,13,130
1308,2025-01-01,13,312
1309,2025-01-01,27,405
1310,2025-01-01,61,1220
1312,2025-01-01,5,70
1314,2025-01-01,11,143
1315,2025-01-01,16,144
1317,2025-01-01,4,48
1318,2025-01-01,29,580
1320,2025-01-01,15,225
1321,2025-01-01,5,55
1322,2025-01-01,124,1736
1323,2025-01-01,8,176
1324,2025-01-01,9,225
1326,2025-01-01,9,81
1327,2025-01-01,29,464
1328,2025-01-01,6,90
1329,2025-01-01,48,768
1332,2025-01-01,3,57
1333,2025-01-01,21,189
1334,2025-01-01,20,440
1335,2025-01-01,14,168
1336,2025-01-01,7,98
1337,2025-01-01,277,6371
1338,2025-01-01,10,190
1339,2025-01-01,49,931
1340,2025-01-01,21,399
1341,2025-01-01,19,209
1342,2025-01-01,20,400
1343,2025-01-01,15,210
1344,2025-01-01,3,42
1346,2025-01-01,39,546
1347,2025-01-01,6,108
1348,2025-01-01,10,80
1350,2025-01-01,5,95
1351,2025-01-01,6,108
1352,2025-01-01,35,455
1353,2025-01-01,2,38
1354,2025-01-01,2,38
1355,2025-01-01,55,1210
1356,2025-01-01,12,228
1358,2025-01-01,54,918
1361,2025-01-01,5,65
1363,2025-01-01,69,897
1364,2025-01-01,20,420
1367,2025-01-01,6,126
1369,2025-01-01,2,46
1372,2025-01-01,31,744
1373,2025-01-01,99,2475
1374,2025-01-01,5,95
1375,2025-01-01,136,2720
1376,2025-01-01,9,171
1377,2025-01-01,4,56
1378,2025-01-01,93,837
1380,2025-01-01,5,75
1381,2025-01-01,7,112
1382,2025-01-01,2,42
1385,2025-01-01,3,48
1386,2025-01-01,11,198
1387,2025-01-01,27,459
1388,2025-01-01,9,225
1389,2025-01-01,32,640
1393,2025-01-01,18,414
1394,2025-01-01,22,462
1395,2025-01-01,11,187
1397,2025-01-01,6,150
1400,2025-01-01,60,960
1402,2025-01-01,19,456
1403,2025-01-01,18,198
1404,2025-01-01,5,50
1405,2025-01-01,89,1958
1409,2025-01-01,19,323
1410,2025-01-01,21,168
1411,2025-01-01,2,24
1413,2025-01-01,8,80
1414,2025-01-01,7,161
1416,2025-01-01,4,44
1417,2025-01-01,50,900
1419,2025-01-01,7,84
1420,2025-01-01,163,1630
1422,2025-01-01,39,351
1425,2025-01-01,5,75
1426,2025-01-01,3,63
1427,2025-01-01,2,30
1428,2025-01-01,46,966
1432,2025-01-01,5,95
1433,2025-01-01,6,138
1434,2025-01-01,3,66
1435,2025-01-01,5,60
1436,2025-01-01,25,575
1437,2025-01-01,7,70
1438,2025-01-01,12,216
1439,2025-01-01,38,532
1441,2025-01-01,8,112
1442,2025-01-01,1,10
1443,2025-01-01,116,2668
1444,2025-01-01,36,576
1445,2025-01-01,5,125
1447,2025-01-01,27,216
1448,2025-01-01,52,936
1449,2025-01-01,0,0
1450,2025-01-01,12,264
1451,2025-01-01,6,96
1452,2025-01-01,55,495
1455,2025-01-01,21,294
1457,2025-01-01,59,531
1458,2025-01-01,36,828
1460,2025-01-01,8,96
1461,2025-01-01,4,56
1462,2025-01-01,5,85
1464,2025-01-01,10,180
1465,2025-01-01,9,225
1466,2025-01-01,8,88
1468,2025-01-01,13,130
1469,2025-01-01,4,76
1470,2025-01-01,4,84
1471,2025-01-01,153,1989
1474,2025-01-01,68,1700
1475,2025-01-01,2,44
1476,2025-01-01,119,2975
1477,2025-01-01,11,165
1478,2025-01-01,8,128
1479,2025-01-01,3,24
1480,2025-01-01,3,63
1481,2025-01-01,47,799
1483,2025-01-01,29,232
1484,2025-01-01,11,242
1486,2025-01-01,5,60
1487,2025-01-01,16,352
1488,2025-01-01,22,242
1490,2025-01-01,12,120
1491,2025-01-01,1,8
1494,2025-01-01,28,532
1495,2025-01-01,7,84
1496,2025-01-01,12,180
1497,2025-01-01,2,42
1498,2025-01-01,5,80
1499,2025-01-01,24,192
1500,2025-01-01,1,19
1501,2025-01-01,49,1127
1503,2025-01-01,16,272
1505,2025-01-01,6,48
1507,2025-01-01,2,46
1509,2025-01-01,5,80
1510,2025-01-01,13,130
1512,2025-01-01,3,39
1513,2025-01-01,1,22
1514,2025-01-01,12,168
1515,2025-01-01,7,91
1516,2025-01-01,6,72
1517,2025-01-01,34,612
1519,2025-01-01,1,18
1520,2025-01-01,9,135
1521,2025-01-01,5,115
1522,2025-01-01,17,272
1523,2025-01-01,7,161
1524,2025-01-01,216,4968
1525,2025-01-01,30,630
1526,2025-01-01,51,561
1527,2025-01-01,4,92
1528,2025-01-01,43,430
1529,2025-01-01,6,96
1530,2025-01-01,74,1776
1531,2025-01-01,7,133
1532,2025-01-01,3,72
1533,2025-01-01,32,448
1534,2025-01-01,6,132
1536,2025-01-01,4,88
1537,2025-01-01,11,154
1539,2025-01-01,129,2064
1540,2025-01-01,27,594
1541,2025-01-01,50,1050
1542,2025-01-01,9,90
1544,2025-01-01,11,88
1545,2025-01-01,38,494
1546,2025-01-01,53,795
1549,2025-01-01,2,44
1553,2025-01-01,120,2880
1554,2025-01-01,24,312
1555,2025-01-01,9,108
1556,2025-01-01,5,75
1557,2025-01-01,36,324
1558,2025-01-01,11,154
1559,2025-01-01,38,798
1561,2025-01-01,9,225
1562,2025-01-01,6,108
1563,2025-01-01,4,40
1564,2025-01-01,33,528
1565,2025-01-01,4,40
1566,2025-01-01,2,36
1568,2025-01-01,2,44
1569,2025-01-01,175,2275
1570,2025-01-01,31,744
1571,2025-01-01,11,253
1572,2025-01-01,14,322
1573,2025-01-01,2,44
1574,2025-01-01,7,161
1575,2025-01-01,59,944
1576,2025-01-01,4,36
1577,2025-01-01,7,91
1578,2025-01-01,7,70
1579,2025-01-01,8,176
1580,2025-01-01,28,616
1581,2025-01-01,40,360
1582,2025-01-01,8,176
1583,2025-01-01,60,1140
1585,2025-01-01,58,754
1586,2025-01-01,1,12
1587,2025-01-01,3,33
1588,2025-01-01,5,40
1592,2025-01-01,43,645
1593,2025-01-01,7,140
1594,2025-01-01,7,140
1595,2025-01-01,1,23
1596,2025-01-01,12,96
1597,2025-01-01,5,55
1598,2025-01-01,150,2100
1600,2025-01-01,13,286
1603,2025-01-01,4,96
1605,2025-01-01,63,819
1607,2025-01-01,17,408
1608,2025-01-01,6,132
1609,2025-01-01,126,1386
1610,2025-01-01,98,1176
1611,2025-01-01,22,242
1612,2025-01-01,102,2244
1613,2025-01-01,6,144
1615,2025-01-01,7,133
1617,2025-01-01,19,285
1619,2025-01-01,9,198
1620,2025-01-01,119,2737
1621,2025-01-01,9,90
1622,2025-01-01,13,104
1625,2025-01-01,8,120
1626,2025-01-01,38,646
1627,2025-01-01,11,253
1629,2025-01-01,3,36
1630,2025-01-01,67,1675
1631,2025-01-01,47,846
1634,2025-01-01,19,247
1635,2025-01-01,46,966
1637,2025-01-01,8,128
1638,2025-01-01,32,448
1639,2025-01-01,5,60
1640,2025-01-01,14,126
1641,2025-01-01,12,252
1642,2025-01-01,2,28
1643,2025-01-01,3,42
1645,2025-01-01,5,55
1646,2025-01-01,114,2850
1647,2025-01-01,18,396
1649,2025-01-01,2,36
1650,2025-01-01,37,296
1651,2025-01-01,5,95
1652,2025-01-01,10,200
1653,2025-01-01,16,128
1656,2025-01-01,64,832
1657,2025-01-01,36,864
1658,2025-01-01,16,336
1659,2025-01-01,7,168
1660,2025-01-01,6,126
1663,2025-01-01,4,84
1666,2025-01-01,9,225
1667,2025-01-01,16,144
1668,2025-01-01,5,90
1670,2025-01-01,4,76
1672,2025-01-01,17,238
1673,2025-01-01,2,20
1674,2025-01-01,17,374
1675,2025-01-01,6,150
1677,2025-01-01,20,480
1678,2025-01-01,20,360
1679,2025-01-01,4,76
1680,2025-01-01,4,80
1681,2025-01-01,22,528
1682,2025-01-01,2,22
1683,2025-01-01,10,240
1684,2025-01-01,28,644
1685,2025-01-01,76,760
1686,2025-01-01,16,192
1687,2025-01-01,5,85
1688,2025-01-01,5,110
1689,2025-01-01,89,1513
1690,2025-01-01,8,200
1691,2025-01-01,4,56
1692,2025-01-01,1,16
1694,2025-01-01,18,414
1695,2025-01-01,5,100
1696,2025-01-01,4,36
1697,2025-01-01,41,615
1698,2025-01-01,18,288
1699,2025-01-01,20,300
1700,2025-01-01,2,30
1701,2025-01-01,1,22
1702,2025-01-01,9,144
1703,2025-01-01,4,96
1704,2025-01-01,1,24
1705,2025-01-01,5,115
1706,2025-01-01,4,88
1707,2025-01-01,4,60
1708,2025-01-01,131,1703
1709,2025-01-01,6,144
1710,2025-01-01,4,72
1711,2025-01-01,83,1992
1712,2025-01-01,5,50
1713,2025-01-01,3,39
1714,2025-01-01,100,2000
1715,2025-01-01,13,260
1716,2025-01-01,2,34
1718,2025-01-01,10,130
1719,2025-01-01,28,420
1720,2025-01-01,4,48
1721,2025-01-01,33,330
1722,2025-01-01,23,299
1723,2025-01-01,7,105
1724,2025-01-01,2,18
1725,2025-01-01,123,2706
1726,2025-01-01,3,66
1727,2025-01-01,4,72
1728,2025-01-01,6,150
1730,2025-01-01,3,39
1731,2025-01-01,15,135
1732,2025-01-01,6,102
1734,2025-01-01,5,80
1736,2025-01-01,9,216
1737,2025-01-01,6,54
1738,2025-01-01,41,328
1739,2025-01-01,85,765
1740,2025-01-01,31,465
1741,2025-01-01,20,420
1742,2025-01-01,27,297
1743,2025-01-01,10,220
1745,2025-01-01,26,208
1746,2025-01-01,58,1218
1747,2025-01-01,4,68
1748,2025-01-01,8,80
1749,2025-01-01,4,44
1750,2025-01-01,5,85
1751,2025-01-01,288,4608
1752,2025-01-01,20,340
1754,2025-01-01,2,26
1755,2025-01-01,2,16
1756,2025-01-01,38,608
1758,2025-01-01,11,187
1759,2025-01-01,103,1236
1760,2025-01-01,20,160
1761,2025-01-01,5,85
1762,2025-01-01,6,114
1763,2025-01-01,16,192
1764,2025-01-01,12,96
1765,2025-01-01,21,525
1766,2025-01-01,14,266
1767,2025-01-01,79,869
1769,2025-01-01,10,240
1770,2025-01-01,15,315
1771,2025-01-01,9,225
1772,2025-01-01,31,682
1773,2025-01-01,61,1220
1774,2025-01-01,36,648
1776,2025-01-01,4,60
1778,2025-01-01,2,32
1779,2025-01-01,14,140
1780,2025-01-01,11,176
1781,2025-01-01,4,60
1782,2025-01-01,3,36
1783,2025-01-01,22,484
1784,2025-01-01,4,88
1785,2025-01-01,9,189
1786,2025-01-01,18,324
1787,2025-01-01,48,672
1788,2025-01-01,34,578
1789,2025-01-01,6,72
1790,2025-01-01,2,44
1791,2025-01-01,25,300
1793,2025-01-01,4,52
1794,2025-01-01,6,66
1796,2025-01-01,44,704
1797,2025-01-01,31,248
1799,2025-01-01,10,110
1800,2025-01-01,12,228
1801,2025-01-01,42,462
1802,2025-01-01,223,4906
1803,2025-01-01,4,60
1804,2025-01-01,6,72
1805,2025-01-01,9,162
1806,2025-01-01,13,156
1807,2025-01-01,8,144
1808,2025-01-01,4,100
1809,2025-01-01,75,825
1810,2025-01-01,7,140
1811,2025-01-01,2,42
1812,2025-01-01,14,294
1813,2025-01-01,5,85
1814,2025-01-01,28,420
1816,2025-01-01,8,128
1817,2025-01-01,29,261
1818,2025-01-01,18,162
1819,2025-01-01,9,216
1820,2025-01-01,8,184
1821,2025-01-01,15,375
1823,2025-01-01,11,198
1824,2025-01-01,1,25
1825,2025-01-01,18,396
1826,2025-01-01,10,130
1828,2025-01-01,23,299
1829,2025-01-01,11,220
1830,2025-01-01,16,144
1831,2025-01-01,9,108
1832,2025-01-01,3,72
1833,2025-01-01,7,147
1834,2025-01-01,14,336
1835,2025-01-01,0,0
1836,2025-01-01,6,90
1837,2025-01-01,9,162
1838,2025-01-01,5,90
1839,2025-01-01,4,52
1840,2025-01-01,8,160
1841,2025-01-01,14,238
1842,2025-01-01,6,126
1844,2025-01-01,9,207
1845,2025-01-01,3,75
1846,2025-01-01,126,3150
1848,2025-01-01,7,140
1849,2025-01-01,25,375
1850,2025-01-01,6,72
1851,2025-01-01,19,475
1852,2025-01-01,5,90
1853,2025-01-01,3,36
1854,2025-01-01,9,225
1855,2025-01-01,4,72
1856,2025-01-01,7,140
1857,2025-01-01,41,615
1858,2025-01-01,50,550
1859,2025-01-01,3,54
1864,2025-01-01,37,851
1865,2025-01-01,16,176
1866,2025-01-01,26,546
1867,2025-01-01,2,40
1868,2025-01-01,25,600
1869,2025-01-01,35,490
1870,2025-01-01,5,55
1871,2025-01-01,17,374
1872,2025-01-01,13,325
1873,2025-01-01,5,125
1874,2025-01-01,21,441
1875,2025-01-01,23,483
1876,2025-01-01,4,40
1877,2025-01-01,3,36
1878,2025-01-01,6,72
1879,2025-01-01,32,480
1880,2025-01-01,4,64
1881,2025-01-01,111,2109
1882,2025-01-01,15,255
1883,2025-01-01,28,420
1884,2025-01-01,28,252
1886,2025-01-01,2,26
1887,2025-01-01,2,34
1888,2025-01-01,26,234
1889,2025-01-01,8,184
1890,2025-01-01,14,168
1891,2025-01-01,4,80
1892,2025-01-01,83,1909
1893,2025-01-01,6,66
1895,2025-01-01,60,1440
1896,2025-01-01,13,195
1897,2025-01-01,9,72
1898,2025-01-01,15,375
1899,2025-01-01,50,700
1900,2025-01-01,6,90
1901,2025-01-01,6,96
1902,2025-01-01,50,1000
1903,2025-01-01,24,216
1906,2025-01-01,19,304
1907,2025-01-01,12,132
1909,2025-01-01,3,33
1910,2025-01-01,9,108
1911,2025-01-01,3,60
1912,2025-01-01,182,4368
1913,2025-01-01,36,756
1914,2025-01-01,149,1639
1915,2025-01-01,46,874
1917,2025-01-01,35,525
1919,2025-01-01,29,261
1921,2025-01-01,2,16
1922,2025-01-01,4,44
1924,2025-01-01,23,506
1925,2025-01-01,5,70
1926,2025-01-01,4,68
1927,2025-01-01,3,57
1929,2025-01-01,5,40
1931,2025-01-01,8,72
1933,2025-01-01,63,630
1934,2025-01-01,10,100
1935,2025-01-01,49,882
1936,2025-01-01,39,780
1937,2025-01-01,1,23
1938,2025-01-01,85,1360
1939,2025-01-01,4,76
1940,2025-01-01,40,360
1941,2025-01-01,22,198
1942,2025-01-01,6,60
1943,2025-01-01,9,216
1944,2025-01-01,134,1340
1945,2025-01-01,5,45
1946,2025-01-01,8,184
1947,2025-01-01,8,136
1948,2025-01-01,13,117
1949,2025-01-01,5,100
1950,2025-01-01,22,440
1951,2025-01-01,5,70
1953,2025-01-01,3,63
1954,2025-01-01,3,36
1955,2025-01-01,3,27
1956,2025-01-01,10,100
1957,2025-01-01,6,84
1959,2025-01-01,58,696
1960,2025-01-01,35,280
1962,2025-01-01,13,156
1963,2025-01-01,50,700
1964,2025-01-01,46,368
1965,2025-01-01,17,391
1966,2025-01-01,4,92
1967,2025-01-01,36,396
1968,2025-01-01,42,756
1970,2025-01-01,37,925
1971,2025-01-01,28,224
1972,2025-01-01,22,352
1973,2025-01-01,209,4807
1975,2025-01-01,110,1870
1976,2025-01-01,30,510
1979,2025-01-01,8,184
1980,2025-01-01,6,120
1981,2025-01-01,41,861
1982,2025-01-01,22,176
1983,2025-01-01,9,90
1987,2025-01-01,14,308
1988,2025-01-01,11,231
1989,2025-01-01,15,120
1990,2025-01-01,4,84
1991,2025-01-01,15,255
1992,2025-01-01,8,152
1993,2025-01-01,62,868
1994,2025-01-01,2,46
1995,2025-01-01,5,90
1996,2025-01-01,9,225
1997,2025-01-01,19,437
1998,2025-01-01,2,44
1999,2025-01-01,35,630
2000,2025-01-01,38,418
2001,2025-01-01,5,80
2003,2025-01-01,9,144
2005,2025-01-01,4,100
2006,2025-01-01,42,504
2007,2025-01-01,4,88
2008,2025-01-01,12,132
2009,2025-01-01,152,1672
2010,2025-01-01,15,315
2012,2025-01-01,47,940
2013,2025-01-01,5,75
2015,2025-01-01,66,1056
2016,2025-01-01,4,100
2017,2025-01-01,8,120
2018,2025-01-01,15,300
2019,2025-01-01,42,630
2020,2025-01-01,7,63
2021,2025-01-01,26,598
2022,2025-01-01,33,462
2023,2025-01-01,5,80
2024,2025-01-01,12,156
2025,2025-01-01,3,45
2026,2025-01-01,18,306
2027,2025-01-01,3,36
2028,2025-01-01,29,667
2029,2025-01-01,9,216
2030,2025-01-01,50,850
2031,2025-01-01,13,221
2032,2025-01-01,8,192
2033,2025-01-01,13,143
2035,2025-01-01,6,114
2036,2025-01-01,10,80
2037,2025-01-01,2,48
2038,2025-01-01,12,180
2039,2025-01-01,110,2640
2040,2025-01-01,24,456
2042,2025-01-01,3,66
2043,2025-01-01,8,88
2044,2025-01-01,3,39
2045,2025-01-01,3,36
2046,2025-01-01,36,432
2047,2025-01-01,31,434
2049,2025-01-01,45,450
2050,2025-01-01,10,240
2051,2025-01-01,4,44
2052,2025-01-01,11,253
2053,2025-01-01,4,100
2054,2025-01-01,6,132
2055,2025-01-01,7,70
2056,2025-01-01,6,138
2057,2025-01-01,12,132
2058,2025-01-01,14,322
2059,2025-01-01,3,72
2060,2025-01-01,8,184
2061,2025-01-01,46,552
2062,2025-01-01,148,1184
2063,2025-01-01,7,119
2064,2025-01-01,8,184
2067,2025-01-01,7,91
2068,2025-01-01,9,171
2070,2025-01-01,8,200
2071,2025-01-01,10,160
2072,2025-01-01,54,1026
2073,2025-01-01,9,216
2074,2025-01-01,36,288
2075,2025-01-01,8,192
2076,2025-01-01,48,1200
2077,2025-01-01,10,210
2078,2025-01-01,41,943
2079,2025-01-01,97,1649
2080,2025-01-01,5,105
2081,2025-01-01,13,299
2083,2025-01-01,17,374
2084,2025-01-01,5,45
2085,2025-01-01,100,2500
2086,2025-01-01,5,60
2087,2025-01-01,21,420
2088,2025-01-01,6,108
2089,2025-01-01,12,96
2090,2025-01-01,5,45
2091,2025-01-01,43,1075
2092,2025-01-01,7,175
2094,2025-01-01,7,126
2095,2025-01-01,40,640
2096,2025-01-01,71,1065
2097,2025-01-01,1,12
2098,2025-01-01,22,264
2099,2025-01-01,135,2970
2100,2025-01-01,11,143
2101,2025-01-01,95,2090
2102,2025-01-01,11,165
2103,2025-01-01,18,306
2104,2025-01-01,15,180
2105,2025-01-01,18,414
2106,2025-01-01,23,230
2107,2025-01-01,4,92
2108,2025-01-01,225,2475
2109,2025-01-01,29,261
2110,2025-01-01,15,240
2111,2025-01-01,24,432
2112,2025-01-01,9,90
2113,2025-01-01,1,18
2114,2025-01-01,6,66
2115,2025-01-01,12,216
2116,2025-01-01,7,70
2118,2025-01-01,23,506
2119,2025-01-01,17,255
2120,2025-01-01,56,952
2121,2025-01-01,12,276
2122,2025-01-01,2,18
2123,2025-01-01,92,828
2124,2025-01-01,22,352
2125,2025-01-01,3,39
2126,2025-01-01,3,75
2127,2025-01-01,30,660
2128,2025-01-01,33,759
2129,2025-01-01,5,65
2130,2025-01-01,3,39
2131,2025-01-01,26,260
2132,2025-01-01,32,672
2133,2025-01-01,11,198
2134,2025-01-01,3,42
2135,2025-01-01,17,374
2136,2025-01-01,5,75
2137,2025-01-01,19,304
2138,2025-01-01,28,448
2139,2025-01-01,29,290
2140,2025-01-01,9,198
2141,2025-01-01,11,88
2142,2025-01-01,2,48
2143,2025-01-01,21,399
2144,2025-01-01,67,1675
2145,2025-01-01,18,450
2146,2025-01-01,6,138
2147,2025-01-01,27,432
2148,2025-01-01,44,968
2149,2025-01-01,69,1449
2150,2025-01-01,30,630
2151,2025-01-01,2,50
2152,2025-01-01,7,70
2153,2025-01-01,60,600
2154,2025-01-01,7,126
2155,2025-01-01,25,525
2156,2025-01-01,7,84
2157,2025-01-01,21,483
2158,2025-01-01,29,435
2159,2025-01-01,46,644
2160,2025-01-01,3,27
2161,2025-01-01,69,1725
2162,2025-01-01,11,275
2163,2025-01-01,6,48
2164,2025-01-01,5,45
2165,2025-01-01,3,48
2166,2025-01-01,6,78
2167,2025-01-01,11,242
2169,2025-01-01,83,1328
2170,2025-01-01,3,60
2171,2025-01-01,28,560
2172,2025-01-01,121,2541
2173,2025-01-01,2,16
2174,2025-01-01,56,1008
2175,2025-01-01,4,40
2176,2025-01-01,87,1305
2177,2025-01-01,91,1365
2178,2025-01-01,13,195
2179,2025-01-01,9,72
2180,2025-01-01,11,165
2181,2025-01-01,31,620
2182,2025-01-01,7,91
2183,2025-01-01,112,1568
2184,2025-01-01,5,115
2185,2025-01-01,9,144
2186,2025-01-01,16,368
2187,2025-01-01,23,483
2188,2025-01-01,19,285
2189,2025-01-01,144,1584
2190,2025-01-01,5,55
2191,2025-01-01,4,68
2192,2025-01-01,5,115
2193,2025-01-01,123,1968
2194,2025-01-01,5,110
2195,2025-01-01,7,105
2196,2025-01-01,13,325
2197,2025-01-01,23,299
2198,2025-01-01,3,54
2199,2025-01-01,7,63
2200,2025-01-01,84,2100
2201,2025-01-01,6,96
2202,2025-01-01,4,88
2203,2025-01-01,1,10
2204,2025-01-01,83,1909
2205,2025-01-01,12,300
2206,2025-01-01,40,640
2207,2025-01-01,119,1547
2208,2025-01-01,7,70
2209,2025-01-01,8,200
2210,2025-01-01,7,147
2211,2025-01-01,3,27
2212,2025-01-01,171,1368
2213,2025-01-01,271,4878
2214,2025-01-01,4,100
2215,2025-01-01,7,147
2216,2025-01-01,39,507
2217,2025-01-01,73,1679
2218,2025-01-01,4,36
2219,2025-01-01,29,609
2220,2025-01-01,14,210
2221,2025-01-01,22,264
2222,2025-01-01,2,34
2223,2025-01-01,7,77
2224,2025-01-01,220,4400
2225,2025-01-01,8,112
2226,2025-01-01,8,136
2227,2025-01-01,4,56
2228,2025-01-01,11,143
2229,2025-01-01,18,360
2230,2025-01-01,6,90
2231,2025-01-01,3,60
2232,2025-01-01,6,90
2233,2025-01-01,16,240
2234,2025-01-01,33,363
2235,2025-01-01,2,34
2236,2025-01-01,39,897
2237,2025-01-01,7,140
2238,2025-01-01,12,168
2239,2025-01-01,19,228
2240,2025-01-01,19,190
2241,2025-01-01,8,200
2242,2025-01-01,9,162
2243,2025-01-01,26,416
2244,2025-01-01,5,45
2245,2025-01-01,39,624
2246,2025-01-01,9,108
2247,2025-01-01,4,48
2248,2025-01-01,41,697
2249,2025-01-01,2,40
2250,2025-01-01,6,144
2251,2025-01-01,26,442
2252,2025-01-01,22,374
2253,2025-01-01,34,374
1002,2025-02-01,9,225
1004,2025-02-01,1,12
1005,2025-02-01,34,476
1006,2025-02-01,1,13
1007,2025-02-01,34,272
1008,2025-02-01,26,650
1010,2025-02-01,3,33
1011,2025-02-01,18,270
1012,2025-02-01,49,392
1013,2025-02-01,225,5175
1016,2025-02-01,7,133
1017,2025-02-01,2,20
1020,2025-02-01,12,252
1022,2025-02-01,2,30
1025,2025-02-01,21,336
1026,2025-02-01,156,3120
1027,2025-02-01,32,768
1028,2025-02-01,7,112
1029,2025-02-01,1,22
1033,2025-02-01,7,175
1035,2025-02-01,3,42
1036,2025-02-01,3,57
1037,2025-02-01,15,195
1038,2025-02-01,18,270
1039,2025-02-01,6,150
1040,2025-02-01,40,840
1042,2025-02-01,31,434
1043,2025-02-01,43,860
1045,2025-02-01,76,608
1047,2025-02-01,2,42
1048,2025-02-01,5,85
1051,2025-02-01,13,169
1053,2025-02-01,48,528
1056,2025-02-01,8,88
1057,2025-02-01,2,46
1059,2025-02-01,267,4005
1060,2025-02-01,19,361
1062,2025-02-01,41,492
1064,2025-02-01,137,2740
1065,2025-02-01,46,598
1067,2025-02-01,6,90
1069,2025-02-01,3,45
1071,2025-02-01,7,56
1072,2025-02-01,7,63
1075,2025-02-01,1,11
1076,2025-02-01,46,552
1078,2025-02-01,9,207
1079,2025-02-01,7,140
1080,2025-02-01,5,45
1085,2025-02-01,33,726
1088,2025-02-01,10,180
1089,2025-02-01,49,490
1091,2025-02-01,4,60
1092,2025-02-01,7,91
1093,2025-02-01,89,1068
1094,2025-02-01,71,639
1096,2025-02-01,7,133
1098,2025-02-01,54,486
1099,2025-02-01,12,120
1102,2025-02-01,10,240
1107,2025-02-01,18,306
1108,2025-02-01,10,100
1109,2025-02-01,60,780
1110,2025-02-01,14,336
1111,2025-02-01,5,125
1112,2025-02-01,13,312
1113,2025-02-01,53,636
1115,2025-02-01,53,848
1116,2025-02-01,3,51
1117,2025-02-01,1,14
1118,2025-02-01,20,300
1120,2025-02-01,5,45
1124,2025-02-01,14,196
1126,2025-02-01,8,168
1127,2025-02-01,48,576
1129,2025-02-01,2,42
1130,2025-02-01,7,133
1131,2025-02-01,6,84
1134,2025-02-01,35,665
1137,2025-02-01,1,11
1139,2025-02-01,5,70
1140,2025-02-01,24,504
1143,2025-02-01,45,630
1144,2025-02-01,23,460
1146,2025-02-01,7,147
1147,2025-02-01,17,391
1148,2025-02-01,4,60
1151,2025-02-01,23,276
1152,2025-02-01,9,108
1153,2025-02-01,9,225
1154,2025-02-01,44,704
1157,2025-02-01,42,420
1158,2025-02-01,4,68
1160,2025-02-01,6,84
1161,2025-02-01,1,15
1164,2025-02-01,3,63
1167,2025-02-01,9,126
1168,2025-02-01,14,294
1170,2025-02-01,38,532
1172,2025-02-01,54,702
1174,2025-02-01,19,418
1175,2025-02-01,15,180
1177,2025-02-01,6,60
1178,2025-02-01,2,46
1179,2025-02-01,14,350
1181,2025-02-01,12,120
1183,2025-02-01,7,175
1184,2025-02-01,4,56
1185,2025-02-01,17,340
1186,2025-02-01,29,319
1187,2025-02-01,74,1406
1188,2025-02-01,9,99
1189,2025-02-01,20,300
1192,2025-02-01,23,575
1194,2025-02-01,9,72
1195,2025-02-01,7,63
1196,2025-02-01,21,273
1197,2025-02-01,4,60
1198,2025-02-01,29,348
1199,2025-02-01,31,310
1200,2025-02-01,197,4531
1202,2025-02-01,1,25
1203,2025-02-01,51,1275
1205,2025-02-01,3,57
1207,2025-02-01,13,221
1208,2025-02-01,45,405
1209,2025-02-01,7,147
1210,2025-02-01,2,38
1211,2025-02-01,14,252
1212,2025-02-01,22,308
1213,2025-02-01,154,3850
1214,2025-02-01,1,21
1216,2025-02-01,5,85
1218,2025-02-01,5,115
1219,2025-02-01,10,150
1221,2025-02-01,7,147
1222,2025-02-01,22,220
1223,2025-02-01,45,720
1227,2025-02-01,41,369
1229,2025-02-01,10,120
1231,2025-02-01,42,1008
1234,2025-02-01,41,369
1235,2025-02-01,7,126
1236,2025-02-01,8,128
1237,2025-02-01,1,12
1238,2025-02-01,2,38
1239,2025-02-01,10,190
1240,2025-02-01,3,30
1241,2025-02-01,5,120
1242,2025-02-01,40,480
1244,2025-02-01,9,180
1245,2025-02-01,9,180
1246,2025-02-01,3,27
1247,2025-02-01,3,72
1249,2025-02-01,4,84
1250,2025-02-01,27,270
1251,2025-02-01,4,44
1256,2025-02-01,11,275
1257,2025-02-01,3,69
1258,2025-02-01,18,198
1259,2025-02-01,163,4075
1261,2025-02-01,207,4761
1262,2025-02-01,367,3670
1263,2025-02-01,6,96
1265,2025-02-01,36,432
1266,2025-02-01,71,852
1267,2025-02-01,11,198
1268,2025-02-01,90,1440
1270,2025-02-01,138,1380
1271,2025-02-01,4,92
1273,2025-02-01,3,42
1274,2025-02-01,176,1584
1275,2025-02-01,131,1572
1279,2025-02-01,6,72
1281,2025-02-01,41,615
1282,2025-02-01,8,144
1284,2025-02-01,102,2448
1285,2025-02-01,102,1122
1286,2025-02-01,5,80
1287,2025-02-01,116,1972
1288,2025-02-01,5,70
1289,2025-02-01,14,140
1291,2025-02-01,99,1188
1296,2025-02-01,7,161
1297,2025-02-01,3,42
1299,2025-02-01,6,90
1301,2025-02-01,3,30
1302,2025-02-01,10,210
1304,2025-02-01,14,168
1305,2025-02-01,41,820
1307,2025-02-01,12,240
1308,2025-02-01,10,240
1309,2025-02-01,15,345
1310,2025-02-01,59,590
1312,2025-02-01,4,52
1314,2025-02-01,11,275
1315,2025-02-01,21,189
1317,2025-02-01,4,100
1318,2025-02-01,27,621
1320,2025-02-01,16,320
1321,2025-02-01,5,90
1322,2025-02-01,97,1067
1323,2025-02-01,8,192
1324,2025-02-01,8,72
1326,2025-02-01,10,130
1327,2025-02-01,43,344
1329,2025-02-01,40,640
1332,2025-02-01,2,22
1333,2025-02-01,13,130
1334,2025-02-01,19,190
1335,2025-02-01,12,276
1336,2025-02-01,9,189
1337,2025-02-01,246,6150
1338,2025-02-01,9,108
1339,2025-02-01,54,594
1340,2025-02-01,20,280
1341,2025-02-01,23,552
1342,2025-02-01,23,368
1343,2025-02-01,23,414
1344,2025-02-01,2,18
1346,2025-02-01,31,775
1347,2025-02-01,7,154
1348,2025-02-01,9,135
1350,2025-02-01,3,57
1351,2025-02-01,6,138
1352,2025-02-01,30,240
1353,2025-02-01,3,24
1354,2025-02-01,2,34
1355,2025-02-01,60,540
1356,2025-02-01,12,300
1358,2025-02-01,51,1275
1361,2025-02-01,5,110
1363,2025-02-01,64,960
1364,2025-02-01,24,504
1367,2025-02-01,6,108
1369,2025-02-01,2,16
1372,2025-02-01,33,594
1373,2025-02-01,81,1377
1374,2025-02-01,7,119
1375,2025-02-01,158,2212
1376,2025-02-01,11,99
1377,2025-02-01,4,76
1378,2025-02-01,104,1976
1380,2025-02-01,4,36
1381,2025-02-01,8,184
1382,2025-02-01,2,20
1385,2025-02-01,3,45
1386,2025-02-01,10,160
1387,2025-02-01,23,368
1388,2025-02-01,9,135
1389,2025-02-01,37,666
1393,2025-02-01,22,506
1394,2025-02-01,17,136
1395,2025-02-01,10,130
1397,2025-02-01,6,114
1400,2025-02-01,55,605
1402,2025-02-01,18,306
1403,2025-02-01,20,400
1404,2025-02-01,6,78
1405,2025-02-01,63,1449
1409,2025-02-01,16,208
1410,2025-02-01,21,357
1411,2025-02-01,2,30
1413,2025-02-01,5,75
1414,2025-02-01,5,40
1416,2025-02-01,5,125
1417,2025-02-01,45,720
1419,2025-02-01,7,70
1420,2025-02-01,101,909
1422,2025-02-01,47,658
1426,2025-02-01,3,63
1427,2025-02-01,2,22
1428,2025-02-01,43,473
1432,2025-02-01,6,78
1434,2025-02-01,3,66
1435,2025-02-01,6,78
1436,2025-02-01,30,300
1437,2025-02-01,6,138
1438,2025-02-01,13,260
1439,2025-02-01,40,720
1441,2025-02-01,9,153
1442,2025-02-01,1,24
1443,2025-02-01,120,2040
1444,2025-02-01,33,429
1445,2025-02-01,5,70
1447,2025-02-01,31,279
1448,2025-02-01,57,627
1449,2025-02-01,0,0
1450,2025-02-01,12,276
1451,2025-02-01,6,138
1452,2025-02-01,49,833
1455,2025-02-01,19,323
1457,2025-02-01,57,1254
1458,2025-02-01,34,680
1460,2025-02-01,7,105
1461,2025-02-01,3,66
1462,2025-02-01,5,100
1464,2025-02-01,7,105
1465,2025-02-01,5,125
1466,2025-02-01,8,168
1468,2025-02-01,12,240
1469,2025-02-01,3,42
1470,2025-02-01,4,40
1471,2025-02-01,224,4256
1474,2025-02-01,62,1240
1475,2025-02-01,2,42
1476,2025-02-01,134,2144
1477,2025-02-01,10,230
1478,2025-02-01,5,40
1479,2025-02-01,3,45
1480,2025-02-01,3,66
1481,2025-02-01,56,1008
1483,2025-02-01,32,480
1484,2025-02-01,10,160
1486,2025-02-01,9,108
1487,2025-02-01,16,176
1490,2025-02-01,13,221
1491,2025-02-01,1,20
1494,2025-02-01,38,532
1495,2025-02-01,8,120
1496,2025-02-01,12,156
1497,2025-02-01,2,38
1498,2025-02-01,5,70
1499,2025-02-01,18,396
1500,2025-02-01,2,28
1503,2025-02-01,17,170
1505,2025-02-01,6,66
1507,2025-02-01,2,16
1509,2025-02-01,4,56
1510,2025-02-01,10,100
1512,2025-02-01,4,60
1513,2025-02-01,1,20
1514,2025-02-01,14,154
1515,2025-02-01,8,144
1516,2025-02-01,6,72
1517,2025-02-01,35,805
1519,2025-02-01,1,8
1520,2025-02-01,8,144
1521,2025-02-01,5,80
1522,2025-02-01,19,171
1523,2025-02-01,7,70
1524,2025-02-01,207,1656
1525,2025-02-01,37,777
1526,2025-02-01,68,748
1527,2025-02-01,3,36
1528,2025-02-01,34,272
1529,2025-02-01,4,52
1530,2025-02-01,73,1095
1531,2025-02-01,7,140
1532,2025-02-01,3,48
1533,2025-02-01,37,777
1534,2025-02-01,7,91
1536,2025-02-01,4,96
1537,2025-02-01,12,120
1539,2025-02-01,105,2520
1540,2025-02-01,31,496
1541,2025-02-01,59,767
1542,2025-02-01,8,184
1544,2025-02-01,11,110
1545,2025-02-01,35,455
1546,2025-02-01,53,1325
1549,2025-02-01,2,22
1553,2025-02-01,106,1272
1554,2025-02-01,31,310
1555,2025-02-01,10,250
1556,2025-02-01,6,78
1557,2025-02-01,38,684
1558,2025-02-01,7,70
1559,2025-02-01,44,352
1561,2025-02-01,9,144
1562,2025-02-01,7,175
1563,2025-02-01,4,92
1564,2025-02-01,31,372
1565,2025-02-01,3,48
1566,2025-02-01,2,20
1568,2025-02-01,2,20
1569,2025-02-01,200,4200
1570,2025-02-01,37,333
1571,2025-02-01,10,170
1572,2025-02-01,7,63
1573,2025-02-01,4,60
1574,2025-02-01,7,98
1575,2025-02-01,58,580
1576,2025-02-01,4,64
1577,2025-02-01,6,132
1578,2025-02-01,10,130
1579,2025-02-01,9,189
1580,2025-02-01,27,270
1581,2025-02-01,51,1224
1582,2025-02-01,4,40
1583,2025-02-01,68,1156
1585,2025-02-01,56,1232
1586,2025-02-01,2,44
1587,2025-02-01,3,60
1588,2025-02-01,6,54
1592,2025-02-01,32,736
1593,2025-02-01,7,112
1594,2025-02-01,8,168
1595,2025-02-01,1,16
1596,2025-02-01,11,231
1597,2025-02-01,5,90
1598,2025-02-01,163,1956
1600,2025-02-01,18,198
1603,2025-02-01,4,60
1605,2025-02-01,69,1518
1607,2025-02-01,14,266
1608,2025-02-01,5,125
1609,2025-02-01,128,2816
1610,2025-02-01,98,2058
1611,2025-02-01,18,378
1612,2025-02-01,102,816
1613,2025-02-01,6,150
1615,2025-02-01,6,48
1617,2025-02-01,13,312
1619,2025-02-01,6,108
1620,2025-02-01,138,1656
1621,2025-02-01,9,171
1622,2025-02-01,13,156
1625,2025-02-01,8,184
1626,2025-02-01,39,858
1627,2025-02-01,12,120
1629,2025-02-01,3,45
1630,2025-02-01,68,1428
1631,2025-02-01,55,660
1634,2025-02-01,18,414
1635,2025-02-01,45,855
1637,2025-02-01,9,72
1638,2025-02-01,31,496
1639,2025-02-01,5,75
1640,2025-02-01,12,168
1641,2025-02-01,19,361
1642,2025-02-01,2,42
1643,2025-02-01,3,54
1645,2025-02-01,5,100
1646,2025-02-01,122,2440
1647,2025-02-01,18,324
1649,2025-02-01,3,75
1650,2025-02-01,34,476
1651,2025-02-01,3,54
1652,2025-02-01,10,240
1653,2025-02-01,15,270
1656,2025-02-01,63,819
1657,2025-02-01,34,306
1658,2025-02-01,17,187
1659,2025-02-01,6,48
1660,2025-02-01,7,98
1663,2025-02-01,4,100
1666,2025-02-01,11,209
1667,2025-02-01,16,384
1668,2025-02-01,4,32
1670,2025-02-01,5,60
1672,2025-02-01,16,384
1673,2025-02-01,3,57
1674,2025-02-01,33,693
1675,2025-02-01,6,54
1677,2025-02-01,28,448
1678,2025-02-01,20,460
1679,2025-02-01,5,60
1680,2025-02-01,3,51
1681,2025-02-01,20,220
1682,2025-02-01,3,24
1683,2025-02-01,9,180
1684,2025-02-01,34,748
1686,2025-02-01,14,322
1687,2025-02-01,4,48
1688,2025-02-01,5,100
1689,2025-02-01,117,2340
1690,2025-02-01,8,96
1691,2025-02-01,4,100
1692,2025-02-01,2,22
1694,2025-02-01,17,408
1695,2025-02-01,6,144
1696,2025-02-01,3,48
1697,2025-02-01,37,777
1698,2025-02-01,17,374
1699,2025-02-01,26,338
1700,2025-02-01,2,34
1701,2025-02-01,1,15
1702,2025-02-01,8,96
1703,2025-02-01,4,76
1704,2025-02-01,1,18
1705,2025-02-01,5,110
1706,2025-02-01,3,42
1707,2025-02-01,5,45
1708,2025-02-01,112,2240
1709,2025-02-01,5,65
1710,2025-02-01,5,60
1711,2025-02-01,96,2016
1712,2025-02-01,5,45
1713,2025-02-01,5,85
1714,2025-02-01,85,680
1715,2025-02-01,11,187
1716,2025-02-01,4,64
1718,2025-02-01,8,80
1719,2025-02-01,32,672
1720,2025-02-01,4,52
1721,2025-02-01,19,304
1722,2025-02-01,24,480
1723,2025-02-01,6,60
1725,2025-02-01,136,1496
1726,2025-02-01,3,54
1727,2025-02-01,5,50
1728,2025-02-01,5,60
1730,2025-02-01,3,57
1731,2025-02-01,10,160
1732,2025-02-01,5,90
1734,2025-02-01,6,114
1736,2025-02-01,13,221
1737,2025-02-01,5,120
1738,2025-02-01,36,576
1739,2025-02-01,102,1632
1740,2025-02-01,27,432
1741,2025-02-01,18,252
1742,2025-02-01,28,252
1743,2025-02-01,11,88
1745,2025-02-01,29,377
1746,2025-02-01,46,690
1747,2025-02-01,5,90
1748,2025-02-01,9,99
1749,2025-02-01,4,44
1750,2025-02-01,5,105
1751,2025-02-01,241,6025
1752,2025-02-01,21,189
1754,2025-02-01,2,26
1755,2025-02-01,2,22
1756,2025-02-01,40,720
1758,2025-02-01,10,80
1759,2025-02-01,111,999
1760,2025-02-01,13,130
1761,2025-02-01,6,48
1762,2025-02-01,6,60
1763,2025-02-01,16,272
1764,2025-02-01,9,207
1765,2025-02-01,28,588
1766,2025-02-01,14,266
1767,2025-02-01,75,1350
1769,2025-02-01,11,143
1770,2025-02-01,14,336
1771,2025-02-01,10,160
1772,2025-02-01,28,588
1773,2025-02-01,45,1035
1774,2025-02-01,36,396
1776,2025-02-01,5,75
1778,2025-02-01,3,75
1779,2025-02-01,12,96
1780,2025-02-01,11,242
1781,2025-02-01,4,64
1782,2025-02-01,3,45
1783,2025-02-01,28,448
1784,2025-02-01,4,68
1785,2025-02-01,10,140
1786,2025-02-01,14,322
1787,2025-02-01,47,1128
1788,2025-02-01,44,748
1789,2025-02-01,5,75
1790,2025-02-01,2,18
1791,2025-02-01,21,504
1793,2025-02-01,4,52
1794,2025-02-01,7,175
1796,2025-02-01,44,704
1797,2025-02-01,29,696
1799,2025-02-01,12,192
1800,2025-02-01,15,375
1801,2025-02-01,37,555
1802,2025-02-01,207,5175
1803,2025-02-01,4,76
1804,2025-02-01,6,78
1805,2025-02-01,8,160
1806,2025-02-01,12,168
1807,2025-02-01,12,288
1808,2025-02-01,4,36
1809,2025-02-01,68,1496
1810,2025-02-01,7,140
1811,2025-02-01,2,18
1812,2025-02-01,13,104
1813,2025-02-01,4,92
1814,2025-02-01,28,616
1816,2025-02-01,6,84
1817,2025-02-01,28,448
1818,2025-02-01,18,342
1819,2025-02-01,10,80
1820,2025-02-01,8,168
1821,2025-02-01,10,210
1823,2025-02-01,11,99
1824,2025-02-01,1,8
1825,2025-02-01,17,357
1826,2025-02-01,8,96
1828,2025-02-01,21,294
1829,2025-02-01,14,280
1830,2025-02-01,15,135
1831,2025-02-01,9,198
1832,2025-02-01,3,30
1833,2025-02-01,8,160
1834,2025-02-01,13,221
1835,2025-02-01,1,8
1837,2025-02-01,12,144
1838,2025-02-01,5,65
1839,2025-02-01,5,40
1840,2025-02-01,9,126
1841,2025-02-01,14,224
1842,2025-02-01,7,91
1844,2025-02-01,9,90
1845,2025-02-01,4,68
1846,2025-02-01,110,1980
1848,2025-02-01,6,84
1849,2025-02-01,26,442
1850,2025-02-01,4,100
1851,2025-02-01,17,306
1852,2025-02-01,4,48
1853,2025-02-01,2,48
1854,2025-02-01,10,120
1855,2025-02-01,6,96
1856,2025-02-01,5,50
1857,2025-02-01,42,924
1858,2025-02-01,59,708
1859,2025-02-01,4,68
1864,2025-02-01,43,344
1865,2025-02-01,20,240
1866,2025-02-01,30,750
1867,2025-02-01,2,44
1868,2025-02-01,24,480
1869,2025-02-01,37,851
1870,2025-02-01,4,76
1871,2025-02-01,17,136
1872,2025-02-01,7,140
1873,2025-02-01,4,56
1874,2025-02-01,16,240
1875,2025-02-01,11,176
1876,2025-02-01,3,51
1877,2025-02-01,3,57
1878,2025-02-01,3,57
1879,2025-02-01,32,800
1880,2025-02-01,5,55
1881,2025-02-01,113,2147
1882,2025-02-01,18,288
1883,2025-02-01,25,600
1884,2025-02-01,28,476
1886,2025-02-01,3,33
1888,2025-02-01,44,1012
1889,2025-02-01,8,80
1890,2025-02-01,15,315
1891,2025-02-01,4,56
1892,2025-02-01,73,803
1893,2025-02-01,5,55
1895,2025-02-01,50,1000
1896,2025-02-01,13,156
1897,2025-02-01,7,112
1898,2025-02-01,15,315
1899,2025-02-01,59,708
1900,2025-02-01,9,126
1901,2025-02-01,6,132
1902,2025-02-01,49,1078
1903,2025-02-01,23,506
1906,2025-02-01,19,171
1907,2025-02-01,12,180
1909,2025-02-01,3,60
1910,2025-02-01,9,126
1911,2025-02-01,3,69
1912,2025-02-01,179,1432
1913,2025-02-01,32,704
1914,2025-02-01,161,3220
1915,2025-02-01,46,1058
1917,2025-02-01,41,697
1919,2025-02-01,29,551
1921,2025-02-01,2,44
1922,2025-02-01,3,57
1924,2025-02-01,23,368
1925,2025-02-01,2,20
1927,2025-02-01,3,24
1929,2025-02-01,5,50
1931,2025-02-01,8,120
1933,2025-02-01,70,700
1934,2025-02-01,11,231
1935,2025-02-01,39,351
1936,2025-02-01,37,740
1937,2025-02-01,2,44
1938,2025-02-01,71,923
1939,2025-02-01,2,30
1940,2025-02-01,31,496
1941,2025-02-01,26,572
1942,2025-02-01,5,90
1943,2025-02-01,9,108
1944,2025-02-01,118,2360
1946,2025-02-01,7,91
1947,2025-02-01,7,112
1948,2025-02-01,21,525
1949,2025-02-01,7,91
1950,2025-02-01,19,475
1951,2025-02-01,5,105
1953,2025-02-01,3,30
1954,2025-02-01,4,32
1955,2025-02-01,3,36
1956,2025-02-01,12,276
1957,2025-02-01,6,84
1959,2025-02-01,46,414
1960,2025-02-01,38,418
1962,2025-02-01,14,196
1963,2025-02-01,48,720
1964,2025-02-01,40,1000
1965,2025-02-01,13,325
1966,2025-02-01,4,88
1967,2025-02-01,34,850
1968,2025-02-01,42,756
1970,2025-02-01,44,572
1971,2025-02-01,20,220
1972,2025-02-01,24,552
1973,2025-02-01,186,1674
1975,2025-02-01,134,3216
1976,2025-02-01,29,290
1979,2025-02-01,8,152
1980,2025-02-01,6,138
1981,2025-02-01,32,480
1982,2025-02-01,22,308
1987,2025-02-01,13,195
1988,2025-02-01,9,99
1989,2025-02-01,14,336
1990,2025-02-01,4,96
1991,2025-02-01,15,210
1992,2025-02-01,6,48
1993,2025-02-01,62,496
1994,2025-02-01,1,12
1995,2025-02-01,3,54
1996,2025-02-01,8,152
1997,2025-02-01,22,550
1998,2025-02-01,2,24
1999,2025-02-01,41,943
2000,2025-02-01,42,882
2001,2025-02-01,5,105
2003,2025-02-01,8,112
2005,2025-02-01,5,125
2006,2025-02-01,44,396
2007,2025-02-01,4,100
2008,2025-02-01,14,238
2009,2025-02-01,132,2772
2010,2025-02-01,12,252
2012,2025-02-01,49,882
2013,2025-02-01,3,39
2015,2025-02-01,87,1044
2016,2025-02-01,6,120
2017,2025-02-01,9,99
2018,2025-02-01,16,256
2019,2025-02-01,53,636
2020,2025-02-01,7,147
2021,2025-02-01,32,384
2022,2025-02-01,44,528
2023,2025-02-01,4,52
2024,2025-02-01,10,150
2025,2025-02-01,3,30
2026,2025-02-01,17,323
2027,2025-02-01,2,48
2028,2025-02-01,27,594
2029,2025-02-01,8,160
2030,2025-02-01,51,816
2031,2025-02-01,12,228
2032,2025-02-01,9,117
2033,2025-02-01,14,280
2035,2025-02-01,8,152
2036,2025-02-01,12,216
2037,2025-02-01,2,18
2038,2025-02-01,12,300
2039,2025-02-01,149,2235
2040,2025-02-01,40,840
2042,2025-02-01,4,56
2043,2025-02-01,7,147
2044,2025-02-01,3,57
2045,2025-02-01,4,52
2046,2025-02-01,34,714
2047,2025-02-01,37,814
2049,2025-02-01,51,765
2050,2025-02-01,8,128
2051,2025-02-01,4,88
2052,2025-02-01,11,187
2053,2025-02-01,3,39
2054,2025-02-01,5,50
2055,2025-02-01,8,112
2056,2025-02-01,6,54
2057,2025-02-01,14,280
2058,2025-02-01,13,312
2059,2025-02-01,3,54
2060,2025-02-01,8,64
2061,2025-02-01,49,882
2062,2025-02-01,133,2926
2063,2025-02-01,5,55
2064,2025-02-01,8,120
2068,2025-02-01,10,180
2070,2025-02-01,14,196
2071,2025-02-01,8,112
2072,2025-02-01,54,432
2073,2025-02-01,8,152
2074,2025-02-01,43,559
2075,2025-02-01,8,128
2076,2025-02-01,49,1029
2077,2025-02-01,11,187
2078,2025-02-01,37,555
2079,2025-02-01,95,2280
2080,2025-02-01,7,91
2081,2025-02-01,16,400
2083,2025-02-01,13,169
2084,2025-02-01,4,68
2085,2025-02-01,96,2112
2086,2025-02-01,7,56
2087,2025-02-01,22,374
2088,2025-02-01,6,102
2089,2025-02-01,12,288
2090,2025-02-01,6,90
2091,2025-02-01,40,440
2092,2025-02-01,9,81
2094,2025-02-01,12,144
2095,2025-02-01,52,936
2096,2025-02-01,49,637
2097,2025-02-01,2,46
2098,2025-02-01,18,198
2099,2025-02-01,119,2737
2100,2025-02-01,12,96
2101,2025-02-01,97,2037
2102,2025-02-01,14,350
2103,2025-02-01,17,255
2104,2025-02-01,12,180
2105,2025-02-01,20,360
2106,2025-02-01,18,234
2107,2025-02-01,4,44
2108,2025-02-01,207,4968
2109,2025-02-01,29,667
2110,2025-02-01,18,216
2111,2025-02-01,30,420
2112,2025-02-01,8,144
2113,2025-02-01,1,21
2114,2025-02-01,7,126
2115,2025-02-01,13,195
2116,2025-02-01,7,91
2118,2025-02-01,19,304
2119,2025-02-01,22,308
2120,2025-02-01,49,392
2121,2025-02-01,11,99
2123,2025-02-01,93,1209
2124,2025-02-01,27,432
2125,2025-02-01,3,63
2126,2025-02-01,4,60
2127,2025-02-01,35,490
2128,2025-02-01,26,338
2129,2025-02-01,5,95
2130,2025-02-01,6,144
2131,2025-02-01,27,378
2132,2025-02-01,38,304
2133,2025-02-01,10,130
2134,2025-02-01,3,48
2135,2025-02-01,23,552
2136,2025-02-01,6,96
2137,2025-02-01,16,368
2138,2025-02-01,27,297
2139,2025-02-01,32,768
2140,2025-02-01,8,144
2141,2025-02-01,10,210
2142,2025-02-01,3,60
2143,2025-02-01,15,345
2144,2025-02-01,65,1495
2145,2025-02-01,17,323
2146,2025-02-01,5,55
2147,2025-02-01,26,468
2148,2025-02-01,35,735
2149,2025-02-01,90,1260
2150,2025-02-01,28,644
2151,2025-02-01,2,20
2152,2025-02-01,6,114
2153,2025-02-01,73,1606
2154,2025-02-01,7,63
2155,2025-02-01,26,260
2156,2025-02-01,9,117
2157,2025-02-01,16,304
2158,2025-02-01,35,875
2159,2025-02-01,42,882
2160,2025-02-01,3,24
2161,2025-02-01,67,1206
2162,2025-02-01,10,210
2163,2025-02-01,6,72
2164,2025-02-01,6,60
2165,2025-02-01,3,48
2166,2025-02-01,6,96
2167,2025-02-01,12,204
2169,2025-02-01,88,1848
2170,2025-02-01,3,75
2171,2025-02-01,22,550
2172,2025-02-01,136,2720
2174,2025-02-01,49,588
2175,2025-02-01,5,65
2176,2025-02-01,93,1581
2177,2025-02-01,134,1206
2178,2025-02-01,11,143
2179,2025-02-01,7,98
2180,2025-02-01,11,209
2181,2025-02-01,33,264
2182,2025-02-01,7,91
2183,2025-02-01,94,846
2185,2025-02-01,10,210
2186,2025-02-01,14,140
2187,2025-02-01,24,216
2188,2025-02-01,19,304
2189,2025-02-01,132,3036
2191,2025-02-01,4,32
2192,2025-02-01,5,70
2193,2025-02-01,110,2200
2194,2025-02-01,5,85
2195,2025-02-01,7,168
2196,2025-02-01,10,250
2197,2025-02-01,25,375
2198,2025-02-01,3,30
2199,2025-02-01,6,120
2200,2025-02-01,88,1584
2201,2025-02-01,7,161
2202,2025-02-01,4,52
2203,2025-02-01,1,25
2204,2025-02-01,98,1568
2205,2025-02-01,10,180
2207,2025-02-01,132,3036
2208,2025-02-01,6,114
2209,2025-02-01,9,126
2210,2025-02-01,8,128
2211,2025-02-01,3,75
2212,2025-02-01,177,3363
2213,2025-02-01,313,7512
2214,2025-02-01,4,36
2215,2025-02-01,7,56
2216,2025-02-01,35,315
2217,2025-02-01,82,656
2218,2025-02-01,3,48
2219,2025-02-01,32,416
2220,2025-02-01,17,357
2221,2025-02-01,20,260
2222,2025-02-01,2,42
2223,2025-02-01,9,144
2224,2025-02-01,174,3828
2225,2025-02-01,5,125
2226,2025-02-01,11,154
2227,2025-02-01,3,75
2228,2025-02-01,10,150
2229,2025-02-01,18,288
2230,2025-02-01,6,102
2231,2025-02-01,3,24
2232,2025-02-01,6,102
2233,2025-02-01,21,315
2234,2025-02-01,34,374
2235,2025-02-01,3,63
2236,2025-02-01,42,1050
2237,2025-02-01,8,112
2238,2025-02-01,12,276
2239,2025-02-01,19,399
2240,2025-02-01,18,450
2241,2025-02-01,9,180
2242,2025-02-01,10,90
2243,2025-02-01,27,459
2244,2025-02-01,5,125
2245,2025-02-01,47,611
2246,2025-02-01,8,168
2247,2025-02-01,4,40
2248,2025-02-01,32,352
2249,2025-02-01,2,48
2250,2025-02-01,6,126
2251,2025-02-01,21,525
2252,2025-02-01,20,420
2253,2025-02-01,32,352
2254,2025-02-01,21,315
2255,2025-02-01,9,171
2256,2025-02-01,3,42
2257,2025-02-01,26,312
2258,2025-02-01,7,56
2259,2025-02-01,11,132
2260,2025-02-01,11,209
2261,2025-02-01,3,57
2262,2025-02-01,9,189
2263,2025-02-01,3,60
2264,2025-02-01,1,11
2265,2025-02-01,10,230
2266,2025-02-01,4,32
2267,2025-02-01,10,230
2268,2025-02-01,2,48
2269,2025-02-01,5,110
2270,2025-02-01,4,36
2271,2025-02-01,33,561
2272,2025-02-01,11,176
2273,2025-02-01,6,144
2274,2025-02-01,20,180
2275,2025-02-01,11,154
2276,2025-02-01,8,96
2277,2025-02-01,1,25
2278,2025-02-01,65,1495
2279,2025-02-01,7,119
2280,2025-02-01,29,232
2281,2025-02-01,41,574
2282,2025-02-01,6,108
2283,2025-02-01,13,325
2284,2025-02-01,32,288
2285,2025-02-01,5,120
2286,2025-02-01,8,88
2287,2025-02-01,175,4025
2288,2025-02-01,185,4255
2289,2025-02-01,53,583
2290,2025-02-01,7,119
2291,2025-02-01,7,154
2292,2025-02-01,6,102
2293,2025-02-01,13,169
2294,2025-02-01,8,200
2295,2025-02-01,53,1272
2296,2025-02-01,6,138
2297,2025-02-01,17,238
2298,2025-02-01,14,308
2299,2025-02-01,15,195
2300,2025-02-01,35,665
2301,2025-02-01,5,85
2302,2025-02-01,7,126
2303,2025-02-01,290,7250
2304,2025-02-01,17,272
2305,2025-02-01,6,126
2306,2025-02-01,54,756
2307,2025-02-01,14,280
2308,2025-02-01,21,399
2309,2025-02-01,31,403
2310,2025-02-01,3,27
2311,2025-02-01,4,68
2312,2025-02-01,9,144
2313,2025-02-01,28,364
2314,2025-02-01,3,42
2315,2025-02-01,7,105
2316,2025-02-01,2,26
2317,2025-02-01,12,264
2318,2025-02-01,4,52
2319,2025-02-01,4,68
2320,2025-02-01,8,136
2321,2025-02-01,9,153
2322,2025-02-01,7,91
2323,2025-02-01,43,860
2324,2025-02-01,9,81
1002,2025-03-01,8,136
1004,2025-03-01,1,15
1005,2025-03-01,28,532
1006,2025-03-01,1,14
1007,2025-03-01,38,608
1008,2025-03-01,23,460
1010,2025-03-01,2,20
1011,2025-03-01,18,378
1012,2025-03-01,52,1144
1013,2025-03-01,196,2352
1016,2025-03-01,8,200
1017,2025-03-01,1,23
1020,2025-03-01,18,234
1022,2025-03-01,2,16
1025,2025-03-01,23,184
1026,2025-03-01,165,2805
1027,2025-03-01,36,684
1028,2025-03-01,6,114
1029,2025-03-01,1,22
1033,2025-03-01,7,98
1035,2025-03-01,3,69
1036,2025-03-01,3,27
1038,2025-03-01,16,208
1039,2025-03-01,7,105
1040,2025-03-01,63,693
1042,2025-03-01,31,372
1043,2025-03-01,41,902
1045,2025-03-01,81,1134
1047,2025-03-01,3,51
1048,2025-03-01,5,45
1051,2025-03-01,10,200
1053,2025-03-01,45,360
1056,2025-03-01,8,104
1057,2025-03-01,2,24
1059,2025-03-01,241,5061
1060,2025-03-01,15,165
1062,2025-03-01,41,779
1064,2025-03-01,111,2553
1065,2025-03-01,46,414
1067,2025-03-01,7,91
1069,2025-03-01,2,36
1071,2025-03-01,9,225
1072,2025-03-01,9,198
1075,2025-03-01,1,11
1078,2025-03-01,10,250
1079,2025-03-01,10,170
1080,2025-03-01,7,154
1085,2025-03-01,33,627
1088,2025-03-01,12,180
1089,2025-03-01,54,432
1091,2025-03-01,5,75
1092,2025-03-01,7,119
1093,2025-03-01,60,1140
1094,2025-03-01,46,460
1096,2025-03-01,6,126
1098,2025-03-01,58,464
1099,2025-03-01,12,132
1102,2025-03-01,8,64
1107,2025-03-01,17,153
1108,2025-03-01,11,165
1110,2025-03-01,13,260
1111,2025-03-01,5,125
1112,2025-03-01,9,108
1113,2025-03-01,52,416
1115,2025-03-01,53,848
1116,2025-03-01,4,92
1117,2025-03-01,1,23
1118,2025-03-01,19,361
1120,2025-03-01,4,92
1124,2025-03-01,16,288
1126,2025-03-01,7,126
1127,2025-03-01,48,1008
1129,2025-03-01,1,10
1130,2025-03-01,3,75
1131,2025-03-01,5,45
1134,2025-03-01,37,925
1137,2025-03-01,1,25
1139,2025-03-01,4,32
1140,2025-03-01,31,682
1143,2025-03-01,54,702
1144,2025-03-01,22,330
1146,2025-03-01,7,168
1147,2025-03-01,20,420
1148,2025-03-01,2,38
1151,2025-03-01,24,528
1152,2025-03-01,8,88
1153,2025-03-01,7,126
1154,2025-03-01,44,572
1157,2025-03-01,42,924
1158,2025-03-01,5,85
1160,2025-03-01,5,65
1161,2025-03-01,1,19
1164,2025-03-01,3,36
1167,2025-03-01,10,240
1168,2025-03-01,12,240
1170,2025-03-01,33,462
1172,2025-03-01,57,1140
1174,2025-03-01,19,380
1175,2025-03-01,13,117
1177,2025-03-01,6,84
1178,2025-03-01,2,16
1179,2025-03-01,13,260
1181,2025-03-01,11,231
1183,2025-03-01,8,96
1184,2025-03-01,3,36
1185,2025-03-01,19,171
1186,2025-03-01,25,350
1187,2025-03-01,78,1092
1188,2025-03-01,10,250
1189,2025-03-01,20,220
1192,2025-03-01,18,144
1194,2025-03-01,11,187
1195,2025-03-01,4,48
1196,2025-03-01,25,575
1197,2025-03-01,4,52
1198,2025-03-01,31,682
1199,2025-03-01,33,297
1200,2025-03-01,215,2150
1202,2025-03-01,2,20
1203,2025-03-01,60,720
1205,2025-03-01,3,48
1207,2025-03-01,11,132
1208,2025-03-01,56,1232
1209,2025-03-01,6,108
1210,2025-03-01,3,48
1211,2025-03-01,14,336
1212,2025-03-01,25,500
1213,2025-03-01,223,2230
1214,2025-03-01,2,46
1216,2025-03-01,5,55
1219,2025-03-01,11,198
1221,2025-03-01,7,98
1222,2025-03-01,27,378
1223,2025-03-01,31,713
1227,2025-03-01,31,341
1229,2025-03-01,11,121
1231,2025-03-01,59,531
1234,2025-03-01,44,440
1235,2025-03-01,7,119
1237,2025-03-01,1,15
1238,2025-03-01,1,9
1239,2025-03-01,10,180
1240,2025-03-01,3,69
1241,2025-03-01,5,75
1242,2025-03-01,36,720
1244,2025-03-01,11,143
1245,2025-03-01,9,189
1246,2025-03-01,4,60
1247,2025-03-01,2,24
1249,2025-03-01,4,64
1250,2025-03-01,33,495
1251,2025-03-01,4,44
1256,2025-03-01,11,99
1257,2025-03-01,3,42
1258,2025-03-01,14,252
1259,2025-03-01,169,3380
1261,2025-03-01,188,4512
1262,2025-03-01,367,9175
1263,2025-03-01,7,175
1265,2025-03-01,23,345
1266,2025-03-01,65,650
1267,2025-03-01,9,225
1268,2025-03-01,127,1397
1270,2025-03-01,238,1904
1271,2025-03-01,5,45
1273,2025-03-01,3,36
1274,2025-03-01,138,2208
1275,2025-03-01,106,1166
1279,2025-03-01,7,91
1281,2025-03-01,38,722
1282,2025-03-01,11,110
1284,2025-03-01,136,1904
1285,2025-03-01,105,1890
1287,2025-03-01,109,1744
1288,2025-03-01,4,40
1289,2025-03-01,14,322
1291,2025-03-01,86,1204
1297,2025-03-01,4,52
1299,2025-03-01,2,46
1301,2025-03-01,3,75
1302,2025-03-01,11,121
1304,2025-03-01,13,325
1305,2025-03-01,37,555
1307,2025-03-01,12,192
1308,2025-03-01,11,165
1309,2025-03-01,14,112
1310,2025-03-01,54,702
1312,2025-03-01,5,55
1314,2025-03-01,11,198
1315,2025-03-01,17,153
1317,2025-03-01,4,100
1318,2025-03-01,35,280
1320,2025-03-01,13,143
1321,2025-03-01,5,50
1322,2025-03-01,103,927
1323,2025-03-01,11,231
1324,2025-03-01,7,84
1326,2025-03-01,10,220
1327,2025-03-01,55,440
1329,2025-03-01,37,518
1332,2025-03-01,3,39
1333,2025-03-01,14,154
1334,2025-03-01,25,225
1335,2025-03-01,11,176
1336,2025-03-01,8,160
1337,2025-03-01,230,2760
1338,2025-03-01,11,110
1339,2025-03-01,60,1500
1340,2025-03-01,15,345
1341,2025-03-01,33,396
1342,2025-03-01,20,360
1343,2025-03-01,24,504
1344,2025-03-01,1,9
1346,2025-03-01,31,682
1347,2025-03-01,5,65
1348,2025-03-01,9,81
1351,2025-03-01,6,84
1352,2025-03-01,37,370
1353,2025-03-01,3,30
1354,2025-03-01,3,48
1355,2025-03-01,54,1296
1356,2025-03-01,11,275
1358,2025-03-01,50,650
1361,2025-03-01,4,40
1363,2025-03-01,58,1044
1364,2025-03-01,19,361
1367,2025-03-01,4,84
1369,2025-03-01,3,48
1372,2025-03-01,21,210
1373,2025-03-01,73,1752
1374,2025-03-01,7,147
1375,2025-03-01,124,2356
1376,2025-03-01,12,216
1377,2025-03-01,4,52
1378,2025-03-01,119,2142
1380,2025-03-01,4,44
1381,2025-03-01,8,88
1382,2025-03-01,3,66
1385,2025-03-01,3,63
1386,2025-03-01,11,88
1387,2025-03-01,11,110
1388,2025-03-01,6,90
1389,2025-03-01,39,897
1393,2025-03-01,20,320
1394,2025-03-01,15,315
1395,2025-03-01,11,121
1397,2025-03-01,7,56
1400,2025-03-01,42,378
1402,2025-03-01,18,162
1403,2025-03-01,14,196
1404,2025-03-01,8,104
1405,2025-03-01,46,828
1409,2025-03-01,15,270
1410,2025-03-01,22,440
1411,2025-03-01,2,28
1413,2025-03-01,5,90
1414,2025-03-01,6,138
1416,2025-03-01,5,85
1417,2025-03-01,41,779
1419,2025-03-01,7,77
1420,2025-03-01,94,846
1422,2025-03-01,41,1025
1426,2025-03-01,1,13
1427,2025-03-01,2,28
1428,2025-03-01,49,931
1432,2025-03-01,6,102
1434,2025-03-01,2,28
1435,2025-03-01,7,119
1436,2025-03-01,29,609
1437,2025-03-01,8,152
1438,2025-03-01,15,195
1439,2025-03-01,44,968
1441,2025-03-01,9,216
1442,2025-03-01,1,19
1444,2025-03-01,30,600
1445,2025-03-01,4,56
1447,2025-03-01,28,644
1448,2025-03-01,62,496
1449,2025-03-01,0,0
1450,2025-03-01,15,330
1451,2025-03-01,8,152
1452,2025-03-01,48,672
1455,2025-03-01,19,323
1457,2025-03-01,59,1121
1458,2025-03-01,39,312
1460,2025-03-01,4,44
1461,2025-03-01,2,24
1462,2025-03-01,8,192
1464,2025-03-01,5,60
1465,2025-03-01,5,110
1466,2025-03-01,8,88
1468,2025-03-01,15,330
1469,2025-03-01,2,32
1470,2025-03-01,4,36
1471,2025-03-01,212,5088
1474,2025-03-01,58,1334
1475,2025-03-01,2,16
1476,2025-03-01,139,3058
1477,2025-03-01,10,140
1478,2025-03-01,6,72
1479,2025-03-01,3,72
1480,2025-03-01,4,68
1481,2025-03-01,65,715
1483,2025-03-01,32,384
1484,2025-03-01,10,120
1486,2025-03-01,12,216
1487,2025-03-01,18,162
1490,2025-03-01,12,168
1491,2025-03-01,1,25
1494,2025-03-01,30,660
1495,2025-03-01,9,126
1496,2025-03-01,11,220
1497,2025-03-01,2,16
1498,2025-03-01,7,70
1499,2025-03-01,17,272
1500,2025-03-01,1,21
1503,2025-03-01,11,231
1505,2025-03-01,7,161
1507,2025-03-01,3,69
1509,2025-03-01,5,105
1510,2025-03-01,14,168
1512,2025-03-01,4,88
1513,2025-03-01,1,18
1514,2025-03-01,15,150
1515,2025-03-01,8,192
1516,2025-03-01,5,65
1517,2025-03-01,32,480
1519,2025-03-01,1,22
1520,2025-03-01,9,207
1521,2025-03-01,5,45
1522,2025-03-01,23,483
1523,2025-03-01,7,175
1524,2025-03-01,221,3978
1525,2025-03-01,36,324
1526,2025-03-01,40,600
1527,2025-03-01,3,72
1528,2025-03-01,45,720
1529,2025-03-01,3,60
1530,2025-03-01,83,1743
1531,2025-03-01,6,60
1532,2025-03-01,3,30
1533,2025-03-01,34,612
1534,2025-03-01,6,84
1536,2025-03-01,5,125
1537,2025-03-01,9,117
1539,2025-03-01,95,1900
1540,2025-03-01,25,300
1541,2025-03-01,65,1105
1542,2025-03-01,8,120
1544,2025-03-01,12,120
1545,2025-03-01,52,624
1546,2025-03-01,56,1400
1549,2025-03-01,1,25
1553,2025-03-01,127,2794
1554,2025-03-01,42,504
1555,2025-03-01,8,128
1556,2025-03-01,6,150
1557,2025-03-01,41,984
1558,2025-03-01,9,99
1559,2025-03-01,48,720
1561,2025-03-01,8,96
1562,2025-03-01,7,133
1563,2025-03-01,4,40
1564,2025-03-01,37,555
1565,2025-03-01,2,50
1566,2025-03-01,2,48
1568,2025-03-01,2,34
1569,2025-03-01,218,3924
1570,2025-03-01,33,627
1571,2025-03-01,9,171
1572,2025-03-01,7,105
1573,2025-03-01,4,60
1574,2025-03-01,8,160
1575,2025-03-01,60,1320
1576,2025-03-01,5,95
1577,2025-03-01,5,75
1578,2025-03-01,7,105
1579,2025-03-01,7,105
1580,2025-03-01,27,324
1581,2025-03-01,67,1608
1582,2025-03-01,5,80
1583,2025-03-01,73,1168
1585,2025-03-01,65,650
1586,2025-03-01,1,16
1587,2025-03-01,4,64
1588,2025-03-01,6,126
1592,2025-03-01,35,630
1593,2025-03-01,6,144
1594,2025-03-01,9,198
1595,2025-03-01,1,10
1596,2025-03-01,15,165
1597,2025-03-01,6,48
1598,2025-03-01,148,3700
1600,2025-03-01,26,338
1603,2025-03-01,4,48
1605,2025-03-01,60,1440
1607,2025-03-01,14,350
1608,2025-03-01,7,105
1609,2025-03-01,119,1785
1610,2025-03-01,63,819
1611,2025-03-01,14,196
1612,2025-03-01,102,2550
1613,2025-03-01,7,56
1615,2025-03-01,7,70
1617,2025-03-01,15,150
1619,2025-03-01,7,126
1620,2025-03-01,140,2800
1621,2025-03-01,7,91
1622,2025-03-01,9,216
1625,2025-03-01,7,140
1626,2025-03-01,43,903
1627,2025-03-01,7,84
1629,2025-03-01,3,60
1630,2025-03-01,70,1750
1631,2025-03-01,42,588
1634,2025-03-01,16,176
1635,2025-03-01,44,1056
1637,2025-03-01,8,184
1638,2025-03-01,29,638
1639,2025-03-01,6,138
1640,2025-03-01,12,96
1641,2025-03-01,15,345
1642,2025-03-01,2,28
1643,2025-03-01,3,27
1645,2025-03-01,6,138
1646,2025-03-01,142,3266
1647,2025-03-01,16,224
1649,2025-03-01,3,45
1650,2025-03-01,36,432
1651,2025-03-01,4,96
1652,2025-03-01,9,90
1653,2025-03-01,12,228
1656,2025-03-01,52,1144
1657,2025-03-01,33,759
1658,2025-03-01,15,225
1659,2025-03-01,5,90
1660,2025-03-01,8,168
1663,2025-03-01,1,13
1666,2025-03-01,10,200
1667,2025-03-01,12,216
1668,2025-03-01,4,92
1670,2025-03-01,5,50
1672,2025-03-01,13,143
1673,2025-03-01,3,51
1674,2025-03-01,33,528
1675,2025-03-01,6,66
1677,2025-03-01,15,150
1678,2025-03-01,17,187
1679,2025-03-01,4,44
1680,2025-03-01,3,69
1681,2025-03-01,18,378
1682,2025-03-01,3,57
1683,2025-03-01,10,210
1684,2025-03-01,26,312
1686,2025-03-01,9,72
1687,2025-03-01,5,85
1688,2025-03-01,4,36
1689,2025-03-01,112,1232
1690,2025-03-01,7,133
1691,2025-03-01,4,88
1692,2025-03-01,1,12
1694,2025-03-01,21,294
1695,2025-03-01,6,90
1696,2025-03-01,3,45
1697,2025-03-01,41,779
1698,2025-03-01,18,288
1699,2025-03-01,31,527
1700,2025-03-01,1,17
1701,2025-03-01,1,15
1702,2025-03-01,9,207
1703,2025-03-01,4,48
1704,2025-03-01,1,25
1705,2025-03-01,5,40
1707,2025-03-01,5,85
1708,2025-03-01,84,924
1709,2025-03-01,4,76
1710,2025-03-01,5,95
1711,2025-03-01,90,1710
1712,2025-03-01,6,66
1713,2025-03-01,5,65
1714,2025-03-01,88,704
1715,2025-03-01,13,247
1716,2025-03-01,4,40
1718,2025-03-01,9,144
1719,2025-03-01,44,440
1720,2025-03-01,4,96
1721,2025-03-01,13,273
1722,2025-03-01,25,575
1723,2025-03-01,4,92
1725,2025-03-01,154,3542
1726,2025-03-01,4,44
1727,2025-03-01,6,114
1728,2025-03-01,6,60
1730,2025-03-01,2,20
1731,2025-03-01,8,136
1732,2025-03-01,5,110
1734,2025-03-01,9,225
1736,2025-03-01,12,300
1737,2025-03-01,5,105
1738,2025-03-01,35,665
1739,2025-03-01,110,1210
1740,2025-03-01,28,616
1741,2025-03-01,17,238
1742,2025-03-01,27,351
1743,2025-03-01,15,135
1745,2025-03-01,20,480
1746,2025-03-01,41,738
1747,2025-03-01,5,60
1748,2025-03-01,9,216
1749,2025-03-01,4,56
1750,2025-03-01,5,50
1751,2025-03-01,282,7050
1752,2025-03-01,27,621
1754,2025-03-01,2,26
1755,2025-03-01,2,22
1756,2025-03-01,35,665
1758,2025-03-01,11,121
1759,2025-03-01,98,1078
1760,2025-03-01,23,299
1761,2025-03-01,6,132
1762,2025-03-01,6,60
1763,2025-03-01,15,120
1764,2025-03-01,11,176
1765,2025-03-01,20,240
1766,2025-03-01,14,350
1767,2025-03-01,71,1207
1769,2025-03-01,7,154
1770,2025-03-01,12,132
1771,2025-03-01,12,132
1772,2025-03-01,29,522
1773,2025-03-01,57,1368
1774,2025-03-01,49,833
1776,2025-03-01,4,36
1778,2025-03-01,3,42
1779,2025-03-01,12,204
1780,2025-03-01,10,100
1781,2025-03-01,4,92
1782,2025-03-01,3,36
1783,2025-03-01,21,441
1784,2025-03-01,4,100
1786,2025-03-01,11,176
1787,2025-03-01,49,637
1788,2025-03-01,50,900
1789,2025-03-01,6,48
1790,2025-03-01,2,44
1791,2025-03-01,24,480
1793,2025-03-01,5,45
1794,2025-03-01,5,65
1796,2025-03-01,53,636
1797,2025-03-01,33,396
1799,2025-03-01,11,198
1800,2025-03-01,11,231
1801,2025-03-01,37,851
1802,2025-03-01,111,1443
1803,2025-03-01,4,100
1804,2025-03-01,6,114
1805,2025-03-01,9,198
1806,2025-03-01,12,108
1807,2025-03-01,11,231
1808,2025-03-01,4,40
1809,2025-03-01,60,660
1810,2025-03-01,5,60
1811,2025-03-01,2,36
1812,2025-03-01,11,121
1813,2025-03-01,3,75
1814,2025-03-01,22,176
1817,2025-03-01,29,667
1818,2025-03-01,27,594
1819,2025-03-01,8,144
1820,2025-03-01,6,150
1821,2025-03-01,12,288
1823,2025-03-01,11,187
1824,2025-03-01,1,14
1825,2025-03-01,15,375
1826,2025-03-01,8,72
1828,2025-03-01,16,208
1829,2025-03-01,10,100
1830,2025-03-01,15,285
1831,2025-03-01,8,144
1832,2025-03-01,3,33
1833,2025-03-01,7,175
1834,2025-03-01,14,140
1835,2025-03-01,0,0
1837,2025-03-01,12,264
1838,2025-03-01,6,138
1839,2025-03-01,3,72
1840,2025-03-01,8,112
1841,2025-03-01,14,154
1842,2025-03-01,6,102
1844,2025-03-01,11,121
1845,2025-03-01,2,38
1846,2025-03-01,126,2268
1848,2025-03-01,6,84
1849,2025-03-01,27,432
1850,2025-03-01,5,55
1851,2025-03-01,19,171
1852,2025-03-01,5,85
1853,2025-03-01,2,22
1854,2025-03-01,8,120
1855,2025-03-01,5,60
1856,2025-03-01,6,48
1857,2025-03-01,44,1100
1858,2025-03-01,53,583
1859,2025-03-01,4,44
1864,2025-03-01,40,960
1865,2025-03-01,18,360
1866,2025-03-01,22,396
1867,2025-03-01,1,23
1868,2025-03-01,28,308
1869,2025-03-01,35,455
1870,2025-03-01,3,48
1871,2025-03-01,16,320
1872,2025-03-01,7,70
1873,2025-03-01,4,92
1874,2025-03-01,15,180
1875,2025-03-01,13,221
1876,2025-03-01,4,32
1877,2025-03-01,3,30
1879,2025-03-01,27,270
1880,2025-03-01,5,100
1881,2025-03-01,110,1870
1882,2025-03-01,18,252
1883,2025-03-01,28,392
1884,2025-03-01,25,350
1886,2025-03-01,3,60
1888,2025-03-01,34,680
1889,2025-03-01,4,92
1890,2025-03-01,16,288
1891,2025-03-01,4,100
1892,2025-03-01,75,750
1893,2025-03-01,5,45
1895,2025-03-01,51,1173
1896,2025-03-01,13,325
1897,2025-03-01,7,119
1898,2025-03-01,16,336
1899,2025-03-01,57,1311
1900,2025-03-01,7,154
1901,2025-03-01,6,108
1902,2025-03-01,58,1218
1903,2025-03-01,20,420
1906,2025-03-01,24,600
1907,2025-03-01,11,220
1909,2025-03-01,3,48
1910,2025-03-01,9,198
1911,2025-03-01,2,26
1912,2025-03-01,180,4140
1913,2025-03-01,31,775
1914,2025-03-01,109,1199
1915,2025-03-01,61,1342
1917,2025-03-01,39,351
1919,2025-03-01,30,750
1921,2025-03-01,2,38
1922,2025-03-01,4,92
1924,2025-03-01,25,350
1925,2025-03-01,3,51
1927,2025-03-01,3,54
1929,2025-03-01,7,84
1931,2025-03-01,11,110
1933,2025-03-01,76,1216
1934,2025-03-01,9,189
1935,2025-03-01,44,484
1936,2025-03-01,49,539
1937,2025-03-01,2,34
1938,2025-03-01,79,790
1939,2025-03-01,3,60
1940,2025-03-01,37,777
1941,2025-03-01,26,520
1942,2025-03-01,6,102
1943,2025-03-01,12,204
1944,2025-03-01,142,3266
1946,2025-03-01,8,168
1947,2025-03-01,7,63
1948,2025-03-01,17,323
1949,2025-03-01,6,138
1950,2025-03-01,18,198
1951,2025-03-01,5,55
1953,2025-03-01,3,39
1954,2025-03-01,4,96
1955,2025-03-01,3,30
1956,2025-03-01,11,253
1957,2025-03-01,7,70
1959,2025-03-01,51,918
1960,2025-03-01,33,495
1962,2025-03-01,15,255
1963,2025-03-01,52,884
1964,2025-03-01,38,912
1965,2025-03-01,14,140
1966,2025-03-01,6,84
1967,2025-03-01,34,510
1968,2025-03-01,43,817
1970,2025-03-01,47,470
1971,2025-03-01,22,484
1972,2025-03-01,24,408
1973,2025-03-01,209,3553
1975,2025-03-01,119,2023
1976,2025-03-01,28,588
1979,2025-03-01,12,156
1980,2025-03-01,6,96
1981,2025-03-01,32,736
1982,2025-03-01,16,208
1987,2025-03-01,15,315
1988,2025-03-01,15,285
1989,2025-03-01,13,182
1990,2025-03-01,4,68
1991,2025-03-01,11,132
1992,2025-03-01,7,140
1993,2025-03-01,73,1387
1994,2025-03-01,1,9
1995,2025-03-01,5,50
1996,2025-03-01,7,105
1997,2025-03-01,19,323
1998,2025-03-01,2,40
1999,2025-03-01,45,675
2000,2025-03-01,40,640
2001,2025-03-01,5,120
2003,2025-03-01,8,120
2005,2025-03-01,5,75
2006,2025-03-01,42,546
2007,2025-03-01,4,76
2008,2025-03-01,15,210
2009,2025-03-01,93,1581
2010,2025-03-01,9,225
2012,2025-03-01,46,460
2013,2025-03-01,3,57
2015,2025-03-01,64,768
2016,2025-03-01,4,84
2017,2025-03-01,8,168
2018,2025-03-01,17,306
2019,2025-03-01,47,1128
2020,2025-03-01,9,162
2021,2025-03-01,24,192
2022,2025-03-01,47,752
2023,2025-03-01,5,85
2024,2025-03-01,12,180
2025,2025-03-01,2,16
2026,2025-03-01,19,171
2027,2025-03-01,2,28
2028,2025-03-01,34,748
2029,2025-03-01,10,240
2030,2025-03-01,41,779
2031,2025-03-01,13,286
2032,2025-03-01,8,64
2033,2025-03-01,15,375
2035,2025-03-01,7,154
2036,2025-03-01,10,200
2037,2025-03-01,1,11
2038,2025-03-01,16,208
2039,2025-03-01,125,1625
2040,2025-03-01,41,656
2042,2025-03-01,5,115
2043,2025-03-01,8,200
2044,2025-03-01,3,36
2045,2025-03-01,4,48
2046,2025-03-01,37,296
2047,2025-03-01,31,744
2049,2025-03-01,50,450
2050,2025-03-01,14,350
2051,2025-03-01,5,120
2052,2025-03-01,17,136
2053,2025-03-01,3,39
2054,2025-03-01,7,105
2055,2025-03-01,7,140
2056,2025-03-01,5,55
2057,2025-03-01,16,400
2058,2025-03-01,12,252
2059,2025-03-01,3,36
2060,2025-03-01,6,90
2061,2025-03-01,51,867
2062,2025-03-01,145,2755
2063,2025-03-01,4,68
2064,2025-03-01,8,96
2068,2025-03-01,10,180
2070,2025-03-01,11,99
2071,2025-03-01,9,207
2072,2025-03-01,70,980
2073,2025-03-01,8,64
2074,2025-03-01,43,903
2075,2025-03-01,4,44
2076,2025-03-01,45,1035
2077,2025-03-01,9,189
2078,2025-03-01,34,442
2079,2025-03-01,118,1180
2080,2025-03-01,5,95
2081,2025-03-01,16,208
2083,2025-03-01,15,165
2084,2025-03-01,4,72
2085,2025-03-01,111,1221
2086,2025-03-01,5,55
2087,2025-03-01,23,230
2088,2025-03-01,8,176
2089,2025-03-01,11,275
2090,2025-03-01,6,102
2091,2025-03-01,47,940
2092,2025-03-01,9,135
2094,2025-03-01,13,104
2095,2025-03-01,52,884
2096,2025-03-01,64,1024
2097,2025-03-01,2,50
2099,2025-03-01,133,1995
2100,2025-03-01,12,192
2101,2025-03-01,110,1650
2102,2025-03-01,15,120
2103,2025-03-01,16,240
2104,2025-03-01,13,299
2105,2025-03-01,21,399
2106,2025-03-01,23,506
2107,2025-03-01,5,110
2108,2025-03-01,233,2097
2109,2025-03-01,28,364
2111,2025-03-01,23,460
2112,2025-03-01,7,147
2113,2025-03-01,1,8
2114,2025-03-01,9,216
2115,2025-03-01,17,255
2116,2025-03-01,7,140
2118,2025-03-01,17,289
2119,2025-03-01,18,432
2120,2025-03-01,29,609
2121,2025-03-01,11,88
2123,2025-03-01,86,1462
2124,2025-03-01,26,624
2125,2025-03-01,2,36
2126,2025-03-01,8,128
2127,2025-03-01,27,513
2128,2025-03-01,28,252
2129,2025-03-01,4,48
2130,2025-03-01,6,96
2131,2025-03-01,28,252
2132,2025-03-01,35,805
2133,2025-03-01,10,90
2134,2025-03-01,3,30
2135,2025-03-01,21,462
2136,2025-03-01,6,54
2137,2025-03-01,17,272
2138,2025-03-01,28,644
2139,2025-03-01,34,374
2141,2025-03-01,10,120
2142,2025-03-01,3,45
2143,2025-03-01,19,380
2144,2025-03-01,68,952
2145,2025-03-01,18,198
2146,2025-03-01,6,120
2147,2025-03-01,22,506
2148,2025-03-01,60,780
2149,2025-03-01,130,2600
2150,2025-03-01,26,494
2151,2025-03-01,2,46
2152,2025-03-01,8,168
2153,2025-03-01,76,1900
2154,2025-03-01,8,64
2155,2025-03-01,31,775
2156,2025-03-01,8,128
2157,2025-03-01,19,171
2158,2025-03-01,36,540
2159,2025-03-01,50,750
2160,2025-03-01,3,33
2161,2025-03-01,60,1080
2163,2025-03-01,5,80
2164,2025-03-01,6,90
2165,2025-03-01,3,42
2166,2025-03-01,5,95
2167,2025-03-01,14,336
2169,2025-03-01,85,1530
2170,2025-03-01,3,24
2171,2025-03-01,26,546
2172,2025-03-01,155,1550
2174,2025-03-01,44,660
2175,2025-03-01,7,77
2176,2025-03-01,96,1344
2177,2025-03-01,136,1904
2178,2025-03-01,13,234
2179,2025-03-01,7,98
2180,2025-03-01,10,110
2181,2025-03-01,30,240
2182,2025-03-01,5,100
2183,2025-03-01,89,1424
2185,2025-03-01,10,210
2186,2025-03-01,13,299
2187,2025-03-01,26,572
2188,2025-03-01,26,416
2189,2025-03-01,92,1104
2191,2025-03-01,4,32
2193,2025-03-01,105,1260
2194,2025-03-01,5,95
2195,2025-03-01,7,147
2196,2025-03-01,10,80
2197,2025-03-01,18,432
2198,2025-03-01,3,66
2199,2025-03-01,8,96
2200,2025-03-01,81,1134
2201,2025-03-01,6,96
2202,2025-03-01,4,56
2203,2025-03-01,2,34
2204,2025-03-01,77,1925
2205,2025-03-01,8,184
2207,2025-03-01,136,1224
2208,2025-03-01,6,108
2209,2025-03-01,11,88
2210,2025-03-01,8,168
2211,2025-03-01,3,66
2212,2025-03-01,134,1206
2213,2025-03-01,288,5472
2214,2025-03-01,4,96
2215,2025-03-01,7,133
2216,2025-03-01,35,525
2217,2025-03-01,76,1824
2218,2025-03-01,3,36
2219,2025-03-01,35,525
2220,2025-03-01,14,294
2221,2025-03-01,19,190
2222,2025-03-01,2,36
2224,2025-03-01,140,2240
2225,2025-03-01,5,125
2226,2025-03-01,11,176
2227,2025-03-01,4,92
2228,2025-03-01,8,192
2229,2025-03-01,18,144
2230,2025-03-01,7,140
2231,2025-03-01,4,100
2232,2025-03-01,8,72
2233,2025-03-01,23,253
2234,2025-03-01,33,660
2236,2025-03-01,36,864
2237,2025-03-01,7,84
2238,2025-03-01,12,108
2239,2025-03-01,13,247
2240,2025-03-01,20,320
2241,2025-03-01,10,140
2242,2025-03-01,9,99
2243,2025-03-01,25,325
2244,2025-03-01,6,90
2245,2025-03-01,42,840
2246,2025-03-01,8,72
2247,2025-03-01,4,56
2248,2025-03-01,32,768
2249,2025-03-01,2,20
2250,2025-03-01,5,60
2251,2025-03-01,21,336
2252,2025-03-01,20,440
2253,2025-03-01,30,270
2254,2025-03-01,16,256
2255,2025-03-01,8,104
2256,2025-03-01,4,72
2257,2025-03-01,25,250
2258,2025-03-01,7,105
2259,2025-03-01,12,156
2260,2025-03-01,10,200
2261,2025-03-01,3,66
2262,2025-03-01,10,170
2263,2025-03-01,3,57
2264,2025-03-01,1,22
2265,2025-03-01,9,108
2266,2025-03-01,4,48
2267,2025-03-01,10,170
2268,2025-03-01,2,30
2269,2025-03-01,4,56
2270,2025-03-01,6,120
2271,2025-03-01,34,510
2273,2025-03-01,5,45
2274,2025-03-01,17,136
2275,2025-03-01,12,192
2276,2025-03-01,8,112
2277,2025-03-01,1,22
2278,2025-03-01,60,720
2279,2025-03-01,5,70
2280,2025-03-01,20,240
2281,2025-03-01,42,378
2282,2025-03-01,7,56
2283,2025-03-01,15,240
2284,2025-03-01,32,576
2285,2025-03-01,5,90
2286,2025-03-01,8,88
2287,2025-03-01,181,3077
2288,2025-03-01,196,1960
2289,2025-03-01,47,752
2290,2025-03-01,5,70
2291,2025-03-01,5,60
2292,2025-03-01,5,85
2293,2025-03-01,12,108
2294,2025-03-01,7,140
2295,2025-03-01,64,1472
2296,2025-03-01,5,55
2297,2025-03-01,14,154
2298,2025-03-01,14,350
2299,2025-03-01,15,345
2300,2025-03-01,34,782
2301,2025-03-01,5,110
2302,2025-03-01,7,175
2303,2025-03-01,259,2072
2304,2025-03-01,25,325
2305,2025-03-01,4,84
2306,2025-03-01,67,804
2307,2025-03-01,10,220
2308,2025-03-01,14,252
2309,2025-03-01,32,256
2310,2025-03-01,3,72
2311,2025-03-01,4,52
2312,2025-03-01,7,112
2313,2025-03-01,33,825
2314,2025-03-01,3,24
2315,2025-03-01,8,128
2316,2025-03-01,3,45
2317,2025-03-01,12,204
2318,2025-03-01,4,92
2319,2025-03-01,3,33
2320,2025-03-01,9,135
2321,2025-03-01,8,72
2322,2025-03-01,5,120
2323,2025-03-01,34,850
2324,2025-03-01,11,231
2325,2025-03-01,8,72
2326,2025-03-01,17,374
2327,2025-03-01,34,476
2328,2025-03-01,45,405
2329,2025-03-01,31,248
2330,2025-03-01,95,1900
2331,2025-03-01,14,196
2332,2025-03-01,21,357
2333,2025-03-01,57,855
2334,2025-03-01,14,266
2335,2025-03-01,3,66
2336,2025-03-01,9,90
2337,2025-03-01,11,242
2338,2025-03-01,10,90
2339,2025-03-01,13,169
2340,2025-03-01,23,483
2341,2025-03-01,6,96
2342,2025-03-01,9,144
2343,2025-03-01,13,247
2344,2025-03-01,2,42
2345,2025-03-01,9,72
2346,2025-03-01,34,340
2347,2025-03-01,5,80
2348,2025-03-01,39,468
2349,2025-03-01,16,160
2350,2025-03-01,1,15
2351,2025-03-01,4,68
2352,2025-03-01,20,380
2353,2025-03-01,7,91
2354,2025-03-01,13,325
2355,2025-03-01,4,48
2356,2025-03-01,23,437
2357,2025-03-01,6,84
2358,2025-03-01,4,40
2359,2025-03-01,4,96
2360,2025-03-01,6,60
2361,2025-03-01,4,60
2362,2025-03-01,7,91
2363,2025-03-01,5,45
2364,2025-03-01,93,1581
2365,2025-03-01,16,272
2366,2025-03-01,52,780
2367,2025-03-01,23,253
2368,2025-03-01,9,216
2369,2025-03-01,15,270
2370,2025-03-01,38,304
2371,2025-03-01,2,32
2372,2025-03-01,24,600
2373,2025-03-01,7,140
2374,2025-03-01,10,90
2375,2025-03-01,8,112
2376,2025-03-01,8,64
2377,2025-03-01,6,96
2378,2025-03-01,24,504
2379,2025-03-01,4,100
2380,2025-03-01,23,299
2381,2025-03-01,20,200
1002,2025-04-01,7,126
1004,2025-04-01,1,15
1005,2025-04-01,21,168
1006,2025-04-01,1,24
1007,2025-04-01,36,324
1008,2025-04-01,21,378
1010,2025-04-01,4,76
1011,2025-04-01,39,819
1012,2025-04-01,46,1104
1013,2025-04-01,186,2976
1016,2025-04-01,8,104
1017,2025-04-01,2,34
1020,2025-04-01,18,396
1022,2025-04-01,2,34
1025,2025-04-01,23,575
1026,2025-04-01,230,2760
1027,2025-04-01,16,288
1028,2025-04-01,6,150
1029,2025-04-01,1,25
1033,2025-04-01,7,140
1035,2025-04-01,3,51
1036,2025-04-01,3,30
1038,2025-04-01,17,153
1039,2025-04-01,7,140
1040,2025-04-01,55,880
1042,2025-04-01,23,207
1043,2025-04-01,43,731
1045,2025-04-01,79,1659
1047,2025-04-01,2,16
1048,2025-04-01,4,96
1051,2025-04-01,7,70
1053,2025-04-01,40,600
1056,2025-04-01,14,322
1057,2025-04-01,1,21
1059,2025-04-01,250,2000
1060,2025-04-01,18,252
1062,2025-04-01,35,875
1064,2025-04-01,105,2205
1065,2025-04-01,49,1078
1067,2025-04-01,3,60
1069,2025-04-01,2,32
1071,2025-04-01,6,132
1072,2025-04-01,10,150
1075,2025-04-01,1,8
1078,2025-04-01,11,132
1079,2025-04-01,13,299
1080,2025-04-01,7,147
1085,2025-04-01,34,340
1088,2025-04-01,11,110
1089,2025-04-01,53,742
1091,2025-04-01,4,32
1092,2025-04-01,7,70
1093,2025-04-01,50,1150
1094,2025-04-01,44,484
1096,2025-04-01,8,152
1098,2025-04-01,52,1040
1099,2025-04-01,10,190
1102,2025-04-01,9,189
1107,2025-04-01,17,255
1108,2025-04-01,9,225
1110,2025-04-01,14,350
1111,2025-04-01,6,72
1112,2025-04-01,8,152
1113,2025-04-01,52,728
1115,2025-04-01,69,1449
1116,2025-04-01,3,45
1117,2025-04-01,1,16
1118,2025-04-01,17,204
1120,2025-04-01,3,30
1124,2025-04-01,18,396
1126,2025-04-01,8,120
1127,2025-04-01,39,975
1129,2025-04-01,1,20
1130,2025-04-01,4,76
1131,2025-04-01,5,80
1134,2025-04-01,37,777
1137,2025-04-01,1,10
1139,2025-04-01,4,44
1140,2025-04-01,28,504
1143,2025-04-01,51,867
1144,2025-04-01,23,207
1146,2025-04-01,6,102
1147,2025-04-01,21,504
1148,2025-04-01,3,60
1151,2025-04-01,22,462
1152,2025-04-01,8,152
1153,2025-04-01,6,126
1154,2025-04-01,47,846
1157,2025-04-01,47,1081
1158,2025-04-01,4,88
1160,2025-04-01,7,161
1161,2025-04-01,1,17
1164,2025-04-01,2,22
1167,2025-04-01,11,88
1168,2025-04-01,11,176
1170,2025-04-01,30,570
1172,2025-04-01,62,1426
1174,2025-04-01,19,323
1175,2025-04-01,9,108
1177,2025-04-01,9,72
1178,2025-04-01,2,40
1179,2025-04-01,15,315
1181,2025-04-01,11,110
1183,2025-04-01,7,119
1184,2025-04-01,4,84
1185,2025-04-01,16,336
1186,2025-04-01,26,650
1187,2025-04-01,66,1386
1188,2025-04-01,9,117
1189,2025-04-01,21,441
1192,2025-04-01,18,288
1194,2025-04-01,12,276
1195,2025-04-01,4,48
1196,2025-04-01,27,675
1197,2025-04-01,4,36
1198,2025-04-01,14,196
1199,2025-04-01,29,290
1200,2025-04-01,256,5632
1202,2025-04-01,1,17
1203,2025-04-01,36,828
1205,2025-04-01,3,75
1207,2025-04-01,14,252
1208,2025-04-01,31,527
1209,2025-04-01,5,60
1210,2025-04-01,3,42
1211,2025-04-01,13,286
1212,2025-04-01,30,750
1213,2025-04-01,153,2754
1214,2025-04-01,3,33
1216,2025-04-01,6,108
1219,2025-04-01,9,135
1221,2025-04-01,7,147
1222,2025-04-01,31,620
1223,2025-04-01,25,400
1227,2025-04-01,27,351
1229,2025-04-01,12,192
1231,2025-04-01,49,882
1234,2025-04-01,45,765
1235,2025-04-01,7,63
1237,2025-04-01,1,17
1238,2025-04-01,1,13
1239,2025-04-01,8,192
1240,2025-04-01,4,36
1241,2025-04-01,4,96
1242,2025-04-01,50,400
1244,2025-04-01,4,48
1245,2025-04-01,8,192
1246,2025-04-01,6,48
1247,2025-04-01,2,50
1249,2025-04-01,5,115
1250,2025-04-01,39,897
1251,2025-04-01,4,100
1256,2025-04-01,9,126
1257,2025-04-01,3,75
1258,2025-04-01,11,99
1259,2025-04-01,177,2124
1261,2025-04-01,230,2990
1262,2025-04-01,391,3128
1263,2025-04-01,7,119
1265,2025-04-01,16,144
1266,2025-04-01,89,1513
1267,2025-04-01,10,240
1268,2025-04-01,113,1356
1270,2025-04-01,224,5376
1271,2025-04-01,4,76
1273,2025-04-01,5,60
1274,2025-04-01,121,2420
1275,2025-04-01,115,1610
1279,2025-04-01,7,168
1281,2025-04-01,31,248
1282,2025-04-01,11,253
1284,2025-04-01,110,1540
1285,2025-04-01,96,1248
1287,2025-04-01,116,1160
1288,2025-04-01,3,36
1289,2025-04-01,13,104
1291,2025-04-01,85,850
1297,2025-04-01,4,52
1299,2025-04-01,2,40
1301,2025-04-01,2,24
1302,2025-04-01,11,165
1304,2025-04-01,15,300
1305,2025-04-01,35,875
1307,2025-04-01,11,154
1308,2025-04-01,11,209
1309,2025-04-01,16,192
1310,2025-04-01,74,1406
1312,2025-04-01,4,36
1314,2025-04-01,11,275
1315,2025-04-01,15,210
1317,2025-04-01,5,85
1318,2025-04-01,27,270
1320,2025-04-01,15,345
1321,2025-04-01,6,66
1322,2025-04-01,71,568
1323,2025-04-01,8,72
1324,2025-04-01,8,192
1326,2025-04-01,9,99
1327,2025-04-01,98,1666
1329,2025-04-01,29,609
1332,2025-04-01,2,36
1333,2025-04-01,16,224
1334,2025-04-01,28,476
1335,2025-04-01,10,210
1336,2025-04-01,8,120
1337,2025-04-01,97,1358
1338,2025-04-01,11,242
1339,2025-04-01,42,1050
1340,2025-04-01,16,128
1341,2025-04-01,51,663
1342,2025-04-01,19,247
1343,2025-04-01,26,520
1344,2025-04-01,1,19
1346,2025-04-01,26,520
1347,2025-04-01,5,95
1348,2025-04-01,8,112
1351,2025-04-01,7,56
1352,2025-04-01,29,377
1353,2025-04-01,3,75
1354,2025-04-01,3,30
1355,2025-04-01,59,944
1356,2025-04-01,11,187
1358,2025-04-01,42,504
1361,2025-04-01,6,78
1363,2025-04-01,59,1298
1364,2025-04-01,18,360
1367,2025-04-01,5,50
1369,2025-04-01,3,75
1372,2025-04-01,22,264
1373,2025-04-01,78,858
1374,2025-04-01,9,117
1375,2025-04-01,141,1974
1376,2025-04-01,11,209
1377,2025-04-01,4,32
1378,2025-04-01,111,1887
1380,2025-04-01,4,84
1381,2025-04-01,8,104
1385,2025-04-01,3,27
1386,2025-04-01,11,231
1387,2025-04-01,8,184
1388,2025-04-01,3,45
1389,2025-04-01,30,270
1393,2025-04-01,17,272
1394,2025-04-01,14,168
1395,2025-04-01,9,144
1397,2025-04-01,6,90
1400,2025-04-01,50,800
1402,2025-04-01,21,273
1403,2025-04-01,13,143
1404,2025-04-01,10,170
1405,2025-04-01,38,532
1409,2025-04-01,16,224
1410,2025-04-01,23,207
1411,2025-04-01,2,48
1413,2025-04-01,5,50
1414,2025-04-01,7,70
1416,2025-04-01,5,105
1417,2025-04-01,35,315
1419,2025-04-01,8,80
1420,2025-04-01,88,968
1422,2025-04-01,51,612
1426,2025-04-01,1,9
1427,2025-04-01,2,26
1428,2025-04-01,49,1225
1432,2025-04-01,6,78
1434,2025-04-01,3,72
1435,2025-04-01,7,140
1436,2025-04-01,45,945
1437,2025-04-01,6,48
1438,2025-04-01,16,144
1439,2025-04-01,46,1012
1441,2025-04-01,9,162
1442,2025-04-01,1,12
1444,2025-04-01,31,403
1445,2025-04-01,4,44
1447,2025-04-01,27,459
1448,2025-04-01,69,966
1449,2025-04-01,0,0
1450,2025-04-01,13,221
1451,2025-04-01,7,98
1452,2025-04-01,49,588
1455,2025-04-01,18,360
1457,2025-04-01,54,864
1458,2025-04-01,39,468
1460,2025-04-01,4,56
1461,2025-04-01,2,26
1462,2025-04-01,8,160
1464,2025-04-01,5,95
1466,2025-04-01,7,168
1468,2025-04-01,13,312
1469,2025-04-01,1,13
1470,2025-04-01,2,50
1471,2025-04-01,225,4050
1474,2025-04-01,48,624
1475,2025-04-01,2,44
1476,2025-04-01,146,3650
1477,2025-04-01,10,160
1478,2025-04-01,7,168
1479,2025-04-01,3,66
1480,2025-04-01,6,72
1481,2025-04-01,83,1577
1483,2025-04-01,30,690
1484,2025-04-01,9,207
1486,2025-04-01,14,126
1487,2025-04-01,22,374
1490,2025-04-01,13,117
1491,2025-04-01,1,20
1494,2025-04-01,32,704
1495,2025-04-01,8,104
1496,2025-04-01,10,210
1497,2025-04-01,2,26
1498,2025-04-01,6,138
1499,2025-04-01,21,420
1500,2025-04-01,1,18
1503,2025-04-01,8,152
1505,2025-04-01,7,77
1507,2025-04-01,2,22
1509,2025-04-01,4,52
1510,2025-04-01,12,204
1512,2025-04-01,4,84
1513,2025-04-01,1,23
1514,2025-04-01,16,128
1515,2025-04-01,9,108
1516,2025-04-01,6,90
1517,2025-04-01,25,275
1519,2025-04-01,1,23
1520,2025-04-01,12,300
1521,2025-04-01,5,50
1522,2025-04-01,21,315
1523,2025-04-01,9,198
1524,2025-04-01,233,3961
1525,2025-04-01,33,297
1526,2025-04-01,50,650
1527,2025-04-01,3,24
1528,2025-04-01,38,494
1529,2025-04-01,3,66
1530,2025-04-01,66,1452
1531,2025-04-01,7,63
1532,2025-04-01,3,75
1533,2025-04-01,40,920
1534,2025-04-01,5,110
1536,2025-04-01,9,216
1537,2025-04-01,10,160
1539,2025-04-01,89,712
1540,2025-04-01,32,672
1541,2025-04-01,71,1704
1542,2025-04-01,9,126
1544,2025-04-01,14,294
1545,2025-04-01,57,1254
1546,2025-04-01,72,1440
1549,2025-04-01,1,19
1553,2025-04-01,155,2325
1554,2025-04-01,32,384
1555,2025-04-01,8,168
1556,2025-04-01,6,138
1557,2025-04-01,38,646
1558,2025-04-01,12,204
1559,2025-04-01,24,264
1561,2025-04-01,7,147
1562,2025-04-01,6,48
1563,2025-04-01,4,92
1564,2025-04-01,38,874
1565,2025-04-01,2,32
1566,2025-04-01,2,24
1568,2025-04-01,2,40
1569,2025-04-01,242,4356
1570,2025-04-01,37,888
1571,2025-04-01,9,225
1572,2025-04-01,10,160
1573,2025-04-01,4,36
1574,2025-04-01,8,88
1575,2025-04-01,57,1197
1576,2025-04-01,6,120
1577,2025-04-01,6,78
1578,2025-04-01,8,136
1579,2025-04-01,11,165
1580,2025-04-01,28,252
1581,2025-04-01,68,1700
1582,2025-04-01,4,92
1583,2025-04-01,84,1344
1585,2025-04-01,60,1080
1586,2025-04-01,2,44
1587,2025-04-01,4,76
1588,2025-04-01,6,132
1592,2025-04-01,34,850
1593,2025-04-01,5,125
1594,2025-04-01,12,108
1595,2025-04-01,0,0
1596,2025-04-01,14,252
1597,2025-04-01,5,80
1598,2025-04-01,128,2048
1600,2025-04-01,25,525
1603,2025-04-01,5,75
1605,2025-04-01,68,1700
1607,2025-04-01,16,352
1608,2025-04-01,8,104
1609,2025-04-01,128,2048
1610,2025-04-01,59,1298
1611,2025-04-01,14,168
1612,2025-04-01,100,2100
1613,2025-04-01,7,56
1615,2025-04-01,7,63
1617,2025-04-01,13,169
1620,2025-04-01,130,1170
1621,2025-04-01,7,98
1622,2025-04-01,11,143
1625,2025-04-01,8,72
1626,2025-04-01,43,1032
1627,2025-04-01,7,63
1629,2025-04-01,3,66
1630,2025-04-01,81,1863
1631,2025-04-01,51,714
1634,2025-04-01,18,432
1635,2025-04-01,50,900
1637,2025-04-01,9,81
1638,2025-04-01,28,308
1639,2025-04-01,5,125
1640,2025-04-01,16,352
1641,2025-04-01,12,252
1642,2025-04-01,2,46
1643,2025-04-01,3,33
1645,2025-04-01,5,125
1646,2025-04-01,176,3520
1647,2025-04-01,14,322
1649,2025-04-01,3,33
1650,2025-04-01,38,722
1651,2025-04-01,3,72
1652,2025-04-01,8,72
1653,2025-04-01,14,154
1656,2025-04-01,47,376
1657,2025-04-01,41,779
1658,2025-04-01,12,108
1659,2025-04-01,5,85
1660,2025-04-01,7,147
1663,2025-04-01,1,11
1666,2025-04-01,10,230
1667,2025-04-01,10,190
1668,2025-04-01,4,80
1670,2025-04-01,6,60
1672,2025-04-01,13,286
1673,2025-04-01,3,33
1674,2025-04-01,35,595
1675,2025-04-01,5,100
1677,2025-04-01,18,306
1678,2025-04-01,21,399
1679,2025-04-01,5,65
1680,2025-04-01,3,54
1681,2025-04-01,18,270
1682,2025-04-01,3,42
1683,2025-04-01,10,220
1684,2025-04-01,27,216
1686,2025-04-01,11,198
1687,2025-04-01,4,56
1688,2025-04-01,3,57
1689,2025-04-01,101,1313
1690,2025-04-01,9,153
1691,2025-04-01,5,40
1692,2025-04-01,2,40
1694,2025-04-01,22,264
1695,2025-04-01,5,95
1696,2025-04-01,3,48
1697,2025-04-01,34,544
1698,2025-04-01,19,266
1699,2025-04-01,27,567
1700,2025-04-01,1,14
1701,2025-04-01,1,14
1702,2025-04-01,8,176
1703,2025-04-01,3,54
1704,2025-04-01,1,13
1705,2025-04-01,5,70
1707,2025-04-01,6,150
1708,2025-04-01,88,1320
1709,2025-04-01,5,55
1710,2025-04-01,5,40
1711,2025-04-01,95,760
1712,2025-04-01,7,56
1713,2025-04-01,5,65
1714,2025-04-01,74,1184
1715,2025-04-01,8,200
1716,2025-04-01,4,76
1718,2025-04-01,8,120
1719,2025-04-01,34,408
1720,2025-04-01,3,54
1721,2025-04-01,11,187
1722,2025-04-01,26,208
1723,2025-04-01,5,105
1725,2025-04-01,163,4075
1726,2025-04-01,3,39
1727,2025-04-01,7,91
1728,2025-04-01,7,91
1730,2025-04-01,4,48
1731,2025-04-01,9,180
1732,2025-04-01,5,70
1734,2025-04-01,10,190
1736,2025-04-01,11,253
1737,2025-04-01,5,75
1738,2025-04-01,42,336
1739,2025-04-01,98,2156
1740,2025-04-01,27,567
1741,2025-04-01,22,396
1742,2025-04-01,31,496
1743,2025-04-01,22,198
1745,2025-04-01,22,352
1746,2025-04-01,48,1104
1747,2025-04-01,5,85
1748,2025-04-01,8,112
1749,2025-04-01,4,80
1750,2025-04-01,4,92
1751,2025-04-01,278,5838
1752,2025-04-01,37,296
1754,2025-04-01,2,40
1755,2025-04-01,2,18
1756,2025-04-01,44,1012
1758,2025-04-01,16,128
1759,2025-04-01,116,1624
1760,2025-04-01,22,462
1761,2025-04-01,6,90
1762,2025-04-01,4,76
1763,2025-04-01,39,780
1764,2025-04-01,9,135
1765,2025-04-01,23,437
1766,2025-04-01,19,228
1767,2025-04-01,73,1606
1769,2025-04-01,9,81
1770,2025-04-01,12,264
1771,2025-04-01,10,80
1772,2025-04-01,35,560
1773,2025-04-01,65,715
1774,2025-04-01,51,867
1776,2025-04-01,5,105
1778,2025-04-01,3,69
1779,2025-04-01,12,204
1780,2025-04-01,9,81
1781,2025-04-01,3,75
1782,2025-04-01,2,50
1783,2025-04-01,18,270
1784,2025-04-01,4,64
1786,2025-04-01,3,72
1787,2025-04-01,46,1104
1788,2025-04-01,46,598
1789,2025-04-01,6,138
1790,2025-04-01,2,26
1791,2025-04-01,21,483
1793,2025-04-01,4,44
1794,2025-04-01,4,84
1796,2025-04-01,59,1475
1797,2025-04-01,30,420
1799,2025-04-01,9,225
1800,2025-04-01,10,90
1801,2025-04-01,35,770
1802,2025-04-01,138,1518
1803,2025-04-01,3,66
1804,2025-04-01,5,40
1805,2025-04-01,8,136
1806,2025-04-01,11,143
1807,2025-04-01,9,171
1808,2025-04-01,3,33
1809,2025-04-01,37,925
1810,2025-04-01,5,60
1811,2025-04-01,2,22
1812,2025-04-01,10,120
1813,2025-04-01,4,56
1814,2025-04-01,19,437
1817,2025-04-01,27,513
1818,2025-04-01,21,357
1819,2025-04-01,7,140
1820,2025-04-01,7,91
1821,2025-04-01,13,117
1823,2025-04-01,10,160
1824,2025-04-01,1,17
1825,2025-04-01,15,270
1828,2025-04-01,15,195
1829,2025-04-01,12,288
1830,2025-04-01,13,325
1831,2025-04-01,9,72
1832,2025-04-01,3,39
1833,2025-04-01,10,130
1834,2025-04-01,12,132
1835,2025-04-01,0,0
1837,2025-04-01,11,209
1838,2025-04-01,6,54
1839,2025-04-01,3,27
1840,2025-04-01,7,119
1841,2025-04-01,13,117
1842,2025-04-01,8,80
1844,2025-04-01,9,126
1845,2025-04-01,2,40
1846,2025-04-01,152,2736
1848,2025-04-01,6,102
1849,2025-04-01,28,532
1850,2025-04-01,6,114
1851,2025-04-01,20,340
1852,2025-04-01,7,84
1853,2025-04-01,2,36
1854,2025-04-01,7,56
1855,2025-04-01,6,102
1856,2025-04-01,3,45
1857,2025-04-01,40,560
1858,2025-04-01,52,624
1859,2025-04-01,4,68
1864,2025-04-01,37,740
1865,2025-04-01,13,104
1866,2025-04-01,24,456
1867,2025-04-01,1,12
1868,2025-04-01,22,440
1869,2025-04-01,41,656
1870,2025-04-01,3,63
1871,2025-04-01,13,169
1872,2025-04-01,9,72
1873,2025-04-01,4,84
1874,2025-04-01,15,315
1875,2025-04-01,12,300
1876,2025-04-01,3,33
1877,2025-04-01,3,66
1879,2025-04-01,31,713
1880,2025-04-01,4,32
1881,2025-04-01,97,1940
1882,2025-04-01,12,288
1883,2025-04-01,24,336
1884,2025-04-01,27,513
1886,2025-04-01,3,66
1888,2025-04-01,35,700
1889,2025-04-01,4,44
1890,2025-04-01,15,165
1891,2025-04-01,2,22
1892,2025-04-01,70,840
1893,2025-04-01,6,132
1895,2025-04-01,42,714
1896,2025-04-01,16,208
1897,2025-04-01,9,81
1898,2025-04-01,16,336
1899,2025-04-01,59,1357
1900,2025-04-01,7,77
1901,2025-04-01,5,105
1902,2025-04-01,44,1012
1903,2025-04-01,24,480
1906,2025-04-01,23,460
1907,2025-04-01,12,180
1909,2025-04-01,3,60
1910,2025-04-01,10,150
1911,2025-04-01,2,32
1912,2025-04-01,211,3165
1913,2025-04-01,23,184
1914,2025-04-01,90,1080
1915,2025-04-01,47,1081
1917,2025-04-01,42,378
1919,2025-04-01,25,575
1921,2025-04-01,3,24
1922,2025-04-01,4,52
1924,2025-04-01,26,572
1925,2025-04-01,2,36
1927,2025-04-01,3,66
1929,2025-04-01,5,95
1931,2025-04-01,9,126
1933,2025-04-01,67,871
1934,2025-04-01,10,210
1935,2025-04-01,47,799
1936,2025-04-01,57,1026
1937,2025-04-01,2,46
1938,2025-04-01,88,1320
1939,2025-04-01,2,34
1940,2025-04-01,34,374
1941,2025-04-01,27,243
1942,2025-04-01,5,75
1943,2025-04-01,10,120
1944,2025-04-01,174,3480
1946,2025-04-01,8,104
1947,2025-04-01,8,168
1948,2025-04-01,16,128
1949,2025-04-01,7,112
1950,2025-04-01,16,384
1951,2025-04-01,5,85
1953,2025-04-01,2,32
1954,2025-04-01,4,56
1955,2025-04-01,3,51
1956,2025-04-01,12,144
1957,2025-04-01,7,56
1959,2025-04-01,63,630
1960,2025-04-01,30,240
1962,2025-04-01,17,255
1963,2025-04-01,53,954
1964,2025-04-01,32,480
1965,2025-04-01,12,240
1966,2025-04-01,5,70
1967,2025-04-01,35,630
1970,2025-04-01,45,675
1971,2025-04-01,10,240
1972,2025-04-01,21,420
1973,2025-04-01,189,3024
1975,2025-04-01,118,944
1976,2025-04-01,28,448
1979,2025-04-01,13,195
1980,2025-04-01,7,154
1981,2025-04-01,32,320
1982,2025-04-01,17,289
1987,2025-04-01,14,182
1988,2025-04-01,15,330
1989,2025-04-01,7,98
1990,2025-04-01,4,52
1991,2025-04-01,10,130
1992,2025-04-01,9,180
1993,2025-04-01,69,1173
1994,2025-04-01,1,16
1995,2025-04-01,5,50
1996,2025-04-01,8,120
1997,2025-04-01,19,209
1998,2025-04-01,2,42
1999,2025-04-01,51,459
2000,2025-04-01,37,629
2001,2025-04-01,5,95
2005,2025-04-01,4,96
2006,2025-04-01,46,460
2007,2025-04-01,3,39
2008,2025-04-01,15,315
2009,2025-04-01,100,900
2010,2025-04-01,9,189
2012,2025-04-01,47,940
2013,2025-04-01,4,80
2015,2025-04-01,71,1633
2016,2025-04-01,4,72
2017,2025-04-01,10,140
2018,2025-04-01,23,575
2019,2025-04-01,49,1127
2020,2025-04-01,8,184
2021,2025-04-01,24,192
2022,2025-04-01,48,1152
2023,2025-04-01,5,55
2024,2025-04-01,12,108
2025,2025-04-01,2,44
2026,2025-04-01,16,240
2027,2025-04-01,3,75
2028,2025-04-01,35,420
2029,2025-04-01,8,120
2030,2025-04-01,41,615
2031,2025-04-01,8,64
2032,2025-04-01,7,126
2033,2025-04-01,11,121
2035,2025-04-01,9,108
2036,2025-04-01,12,120
2037,2025-04-01,1,25
2038,2025-04-01,20,480
2039,2025-04-01,127,2413
2040,2025-04-01,29,377
2042,2025-04-01,6,48
2043,2025-04-01,8,72
2044,2025-04-01,3,57
2045,2025-04-01,5,105
2046,2025-04-01,47,1175
2047,2025-04-01,22,220
2049,2025-04-01,51,459
2050,2025-04-01,12,120
2051,2025-04-01,6,90
2052,2025-04-01,16,256
2053,2025-04-01,4,40
2054,2025-04-01,8,104
2055,2025-04-01,6,78
2056,2025-04-01,6,96
2057,2025-04-01,13,117
2058,2025-04-01,14,140
2059,2025-04-01,2,20
2060,2025-04-01,8,152
2061,2025-04-01,44,1056
2062,2025-04-01,115,2300
2063,2025-04-01,5,95
2064,2025-04-01,8,136
2068,2025-04-01,9,189
2070,2025-04-01,14,196
2071,2025-04-01,8,64
2072,2025-04-01,65,975
2073,2025-04-01,7,84
2074,2025-04-01,46,1104
2075,2025-04-01,6,132
2076,2025-04-01,42,588
2077,2025-04-01,8,184
2078,2025-04-01,27,567
2079,2025-04-01,111,1665
2080,2025-04-01,6,84
2083,2025-04-01,14,154
2084,2025-04-01,4,60
2085,2025-04-01,128,1280
2086,2025-04-01,5,90
2087,2025-04-01,23,460
2088,2025-04-01,8,104
2090,2025-04-01,7,168
2091,2025-04-01,47,423
2092,2025-04-01,9,126
2094,2025-04-01,11,231
2095,2025-04-01,57,1140
2096,2025-04-01,55,440
2097,2025-04-01,3,66
2099,2025-04-01,175,3850
2100,2025-04-01,11,121
2101,2025-04-01,103,1854
2102,2025-04-01,15,195
2103,2025-04-01,20,420
2104,2025-04-01,16,256
2105,2025-04-01,27,594
2106,2025-04-01,24,600
2107,2025-04-01,5,70
2108,2025-04-01,202,3636
2109,2025-04-01,30,660
2111,2025-04-01,30,450
2112,2025-04-01,5,115
2113,2025-04-01,1,9
2114,2025-04-01,8,128
2115,2025-04-01,17,306
2116,2025-04-01,6,132
2118,2025-04-01,18,414
2119,2025-04-01,22,352
2120,2025-04-01,26,364
2121,2025-04-01,11,165
2123,2025-04-01,95,1900
2124,2025-04-01,24,240
2125,2025-04-01,3,57
2126,2025-04-01,9,144
2127,2025-04-01,26,286
2128,2025-04-01,34,646
2129,2025-04-01,2,48
2130,2025-04-01,4,36
2131,2025-04-01,31,372
2132,2025-04-01,35,525
2133,2025-04-01,11,209
2134,2025-04-01,2,24
2135,2025-04-01,15,225
2136,2025-04-01,6,66
2137,2025-04-01,20,320
2138,2025-04-01,25,300
2139,2025-04-01,24,576
2141,2025-04-01,9,171
2142,2025-04-01,3,66
2143,2025-04-01,24,216
2144,2025-04-01,91,728
2145,2025-04-01,16,288
2146,2025-04-01,6,72
2147,2025-04-01,26,312
2148,2025-04-01,59,885
2149,2025-04-01,127,2667
2150,2025-04-01,26,442
2151,2025-04-01,1,22
2152,2025-04-01,7,70
2153,2025-04-01,70,700
2154,2025-04-01,7,175
2155,2025-04-01,24,576
2156,2025-04-01,9,153
2157,2025-04-01,18,450
2158,2025-04-01,41,820
2159,2025-04-01,43,516
2160,2025-04-01,4,52
2161,2025-04-01,64,896
2163,2025-04-01,6,114
2164,2025-04-01,7,147
2165,2025-04-01,3,36
2166,2025-04-01,6,138
2167,2025-04-01,14,182
2169,2025-04-01,79,1422
2170,2025-04-01,3,75
2171,2025-04-01,20,380
2172,2025-04-01,135,2295
2174,2025-04-01,37,481
2175,2025-04-01,9,81
2176,2025-04-01,112,2352
2177,2025-04-01,148,2516
2178,2025-04-01,12,276
2179,2025-04-01,7,154
2180,2025-04-01,9,117
2181,2025-04-01,33,726
2182,2025-04-01,6,96
2183,2025-04-01,81,2025
2185,2025-04-01,9,207
2186,2025-04-01,18,378
2187,2025-04-01,25,525
2188,2025-04-01,19,437
2189,2025-04-01,87,2088
2191,2025-04-01,5,50
2193,2025-04-01,95,1995
2194,2025-04-01,6,48
2195,2025-04-01,5,40
2196,2025-04-01,11,121
2197,2025-04-01,17,153
2198,2025-04-01,3,54
2199,2025-04-01,8,96
2200,2025-04-01,84,1344
2201,2025-04-01,5,90
2202,2025-04-01,4,96
2204,2025-04-01,79,1659
2207,2025-04-01,105,1155
2208,2025-04-01,7,140
2209,2025-04-01,12,300
2210,2025-04-01,7,70
2211,2025-04-01,4,76
2212,2025-04-01,136,2992
2213,2025-04-01,286,3146
2214,2025-04-01,5,65
2215,2025-04-01,7,161
2216,2025-04-01,33,528
2217,2025-04-01,115,2875
2218,2025-04-01,3,48
2219,2025-04-01,35,875
2220,2025-04-01,14,336
2221,2025-04-01,14,210
2222,2025-04-01,2,22
2224,2025-04-01,133,2660
2225,2025-04-01,6,66
2226,2025-04-01,12,252
2227,2025-04-01,5,90
2229,2025-04-01,17,357
2230,2025-04-01,6,120
2231,2025-04-01,3,75
2232,2025-04-01,7,126
2233,2025-04-01,20,240
2234,2025-04-01,21,441
2236,2025-04-01,49,735
2237,2025-04-01,8,184
2238,2025-04-01,14,322
2239,2025-04-01,20,200
2240,2025-04-01,21,357
2241,2025-04-01,10,180
2242,2025-04-01,10,220
2243,2025-04-01,29,725
2244,2025-04-01,3,42
2245,2025-04-01,33,594
2246,2025-04-01,7,84
2247,2025-04-01,4,56
2248,2025-04-01,33,297
2249,2025-04-01,2,36
2250,2025-04-01,4,56
2251,2025-04-01,24,264
2252,2025-04-01,20,500
2253,2025-04-01,23,437
2254,2025-04-01,14,196
2255,2025-04-01,7,98
2256,2025-04-01,3,42
2257,2025-04-01,29,638
2258,2025-04-01,8,192
2259,2025-04-01,11,242
2260,2025-04-01,9,81
2261,2025-04-01,4,40
2262,2025-04-01,9,108
2263,2025-04-01,3,48
2264,2025-04-01,1,8
2265,2025-04-01,12,132
2266,2025-04-01,4,56
2267,2025-04-01,12,228
2268,2025-04-01,1,16
2269,2025-04-01,5,55
2270,2025-04-01,6,84
2271,2025-04-01,29,725
2273,2025-04-01,5,40
2274,2025-04-01,15,375
2275,2025-04-01,9,225
2276,2025-04-01,7,154
2279,2025-04-01,3,54
2280,2025-04-01,23,253
2281,2025-04-01,51,1275
2283,2025-04-01,12,300
2284,2025-04-01,48,480
2285,2025-04-01,5,85
2286,2025-04-01,7,161
2287,2025-04-01,146,1606
2288,2025-04-01,163,3260
2289,2025-04-01,65,975
2290,2025-04-01,5,115
2291,2025-04-01,7,70
2292,2025-04-01,5,45
2293,2025-04-01,12,96
2294,2025-04-01,7,63
2295,2025-04-01,64,1024
2296,2025-04-01,6,114
2297,2025-04-01,17,408
2298,2025-04-01,15,150
2299,2025-04-01,17,187
2300,2025-04-01,37,444
2301,2025-04-01,5,120
2302,2025-04-01,5,80
2303,2025-04-01,264,2904
2304,2025-04-01,27,243
2305,2025-04-01,4,80
2306,2025-04-01,65,780
2307,2025-04-01,13,312
2308,2025-04-01,13,312
2309,2025-04-01,34,850
2310,2025-04-01,3,72
2311,2025-04-01,4,52
2312,2025-04-01,8,96
2313,2025-04-01,31,279
2314,2025-04-01,4,36
2315,2025-04-01,10,80
2316,2025-04-01,3,54
2317,2025-04-01,11,231
2318,2025-04-01,4,84
2319,2025-04-01,3,24
2320,2025-04-01,10,220
2321,2025-04-01,9,171
2322,2025-04-01,5,95
2323,2025-04-01,37,888
2325,2025-04-01,10,160
2326,2025-04-01,16,192
2327,2025-04-01,35,805
2328,2025-04-01,47,423
2329,2025-04-01,26,598
2330,2025-04-01,142,2414
2331,2025-04-01,21,231
2332,2025-04-01,21,420
2333,2025-04-01,65,1040
2334,2025-04-01,12,264
2335,2025-04-01,4,64
2336,2025-04-01,8,72
2337,2025-04-01,9,207
2338,2025-04-01,10,110
2339,2025-04-01,15,180
2340,2025-04-01,27,513
2341,2025-04-01,7,91
2342,2025-04-01,9,108
2343,2025-04-01,14,140
2344,2025-04-01,2,34
2345,2025-04-01,11,264
2346,2025-04-01,30,600
2347,2025-04-01,7,84
2348,2025-04-01,41,820
2349,2025-04-01,15,150
2350,2025-04-01,1,10
2351,2025-04-01,5,85
2352,2025-04-01,20,160
2353,2025-04-01,8,152
2354,2025-04-01,11,220
2355,2025-04-01,4,56
2356,2025-04-01,22,506
2357,2025-04-01,4,48
2358,2025-04-01,4,80
2359,2025-04-01,4,96
2360,2025-04-01,5,65
2361,2025-04-01,3,57
2362,2025-04-01,6,120
2363,2025-04-01,3,57
2364,2025-04-01,109,2289
2365,2025-04-01,16,160
2367,2025-04-01,19,285
2368,2025-04-01,9,153
2369,2025-04-01,12,216
2370,2025-04-01,30,600
2371,2025-04-01,2,26
2372,2025-04-01,23,575
2373,2025-04-01,8,168
2374,2025-04-01,13,104
2375,2025-04-01,6,126
2376,2025-04-01,8,184
2377,2025-04-01,6,72
2378,2025-04-01,20,320
2379,2025-04-01,4,60
2380,2025-04-01,21,378
2381,2025-04-01,23,575
2382,2025-04-01,10,220
2383,2025-04-01,37,703
2384,2025-04-01,3,66
2385,2025-04-01,3,69
2386,2025-04-01,3,72
2387,2025-04-01,10,230
2388,2025-04-01,7,147
2389,2025-04-01,18,180
2390,2025-04-01,28,700
2391,2025-04-01,22,286
2392,2025-04-01,6,78
2393,2025-04-01,11,110
2394,2025-04-01,7,119
2395,2025-04-01,7,161
2396,2025-04-01,17,187
2397,2025-04-01,11,176
2398,2025-04-01,38,304
2399,2025-04-01,18,324
2400,2025-04-01,10,100
2401,2025-04-01,61,1342
2402,2025-04-01,5,70
2403,2025-04-01,6,60
2404,2025-04-01,10,240
2405,2025-04-01,13,104
2406,2025-04-01,6,120
2407,2025-04-01,7,56
2408,2025-04-01,3,72
2409,2025-04-01,189,2079
2410,2025-04-01,19,152
2411,2025-04-01,111,2220
2412,2025-04-01,2,36
2413,2025-04-01,31,775
2414,2025-04-01,22,352
2415,2025-04-01,12,204
2416,2025-04-01,159,1431
2417,2025-04-01,5,120
2418,2025-04-01,181,3258
2419,2025-04-01,10,120
2420,2025-04-01,4,56
2421,2025-04-01,169,3211
2422,2025-04-01,6,102
2423,2025-04-01,19,304
2424,2025-04-01,38,836
2425,2025-04-01,7,77
2426,2025-04-01,15,360
2427,2025-04-01,7,119
2428,2025-04-01,29,493
2429,2025-04-01,73,1606
2430,2025-04-01,5,125
2431,2025-04-01,4,76
2432,2025-04-01,5,45
2433,2025-04-01,37,777
2434,2025-04-01,2,44
2435,2025-04-01,73,1314
2436,2025-04-01,2,32
2437,2025-04-01,119,952
2438,2025-04-01,11,242
2439,2025-04-01,24,600
2440,2025-04-01,28,336
2441,2025-04-01,8,192
2442,2025-04-01,13,143
2443,2025-04-01,3,24
2444,2025-04-01,5,60
2445,2025-04-01,43,344
2446,2025-04-01,10,140
2447,2025-04-01,34,850
2448,2025-04-01,4,88
2449,2025-04-01,5,85
2450,2025-04-01,26,364
2451,2025-04-01,8,64
2452,2025-04-01,9,207
1002,2025-05-01,7,147
1004,2025-05-01,1,10
1005,2025-05-01,24,552
1006,2025-05-01,1,21
1007,2025-05-01,34,714
1008,2025-05-01,19,399
1010,2025-05-01,3,42
1011,2025-05-01,28,504
1012,2025-05-01,61,1342
1013,2025-05-01,211,5275
1016,2025-05-01,8,168
1017,2025-05-01,1,13
1020,2025-05-01,16,304
1022,2025-05-01,2,44
1025,2025-05-01,24,216
1026,2025-05-01,204,2448
1027,2025-05-01,18,324
1028,2025-05-01,6,90
1029,2025-05-01,1,11
1033,2025-05-01,7,91
1035,2025-05-01,3,66
1036,2025-05-01,3,51
1038,2025-05-01,17,408
1039,2025-05-01,7,112
1040,2025-05-01,55,660
1042,2025-05-01,21,504
1043,2025-05-01,40,1000
1045,2025-05-01,78,1794
1048,2025-05-01,5,80
1051,2025-05-01,9,153
1053,2025-05-01,52,1040
1056,2025-05-01,14,196
1057,2025-05-01,2,20
1059,2025-05-01,305,7625
1060,2025-05-01,15,255
1062,2025-05-01,39,819
1064,2025-05-01,85,1870
1065,2025-05-01,43,731
1067,2025-05-01,8,144
1069,2025-05-01,2,48
1071,2025-05-01,10,100
1072,2025-05-01,8,72
1075,2025-05-01,1,12
1078,2025-05-01,13,156
1079,2025-05-01,7,84
1080,2025-05-01,8,152
1085,2025-05-01,34,374
1088,2025-05-01,13,117
1089,2025-05-01,46,460
1091,2025-05-01,5,125
1092,2025-05-01,8,144
1093,2025-05-01,64,768
1094,2025-05-01,42,882
1096,2025-05-01,8,168
1098,2025-05-01,59,1357
1099,2025-05-01,10,200
1102,2025-05-01,8,144
1107,2025-05-01,13,273
1110,2025-05-01,13,234
1111,2025-05-01,6,84
1112,2025-05-01,11,231
1113,2025-05-01,58,1218
1115,2025-05-01,93,1209
1116,2025-05-01,4,32
1117,2025-05-01,1,25
1120,2025-05-01,4,40
1124,2025-05-01,15,270
1126,2025-05-01,10,210
1127,2025-05-01,41,328
1129,2025-05-01,1,15
1130,2025-05-01,4,76
1131,2025-05-01,6,132
1134,2025-05-01,45,720
1137,2025-05-01,1,9
1139,2025-05-01,4,68
1140,2025-05-01,32,288
1143,2025-05-01,53,1166
1144,2025-05-01,22,396
1146,2025-05-01,10,210
1147,2025-05-01,24,552
1148,2025-05-01,4,76
1151,2025-05-01,22,352
1152,2025-05-01,5,65
1153,2025-05-01,7,119
1154,2025-05-01,46,690
1157,2025-05-01,48,432
1158,2025-05-01,3,45
1160,2025-05-01,6,78
1161,2025-05-01,1,12
1164,2025-05-01,2,48
1167,2025-05-01,9,198
1168,2025-05-01,14,308
1170,2025-05-01,30,720
1172,2025-05-01,60,540
1174,2025-05-01,20,480
1175,2025-05-01,9,135
1177,2025-05-01,8,120
1178,2025-05-01,2,38
1179,2025-05-01,12,300
1181,2025-05-01,10,240
1183,2025-05-01,8,184
1184,2025-05-01,4,36
1185,2025-05-01,19,437
1186,2025-05-01,23,322
1187,2025-05-01,62,992
1188,2025-05-01,8,144
1189,2025-05-01,30,240
1192,2025-05-01,19,171
1194,2025-05-01,35,420
1195,2025-05-01,5,75
1196,2025-05-01,23,322
1197,2025-05-01,3,45
1198,2025-05-01,17,374
1199,2025-05-01,34,408
1200,2025-05-01,231,3234
1202,2025-05-01,0,0
1203,2025-05-01,31,558
1205,2025-05-01,3,48
1207,2025-05-01,13,195
1208,2025-05-01,31,248
1209,2025-05-01,6,108
1210,2025-05-01,2,40
1211,2025-05-01,14,126
1212,2025-05-01,27,486
1213,2025-05-01,196,2352
1214,2025-05-01,2,26
1216,2025-05-01,5,120
1219,2025-05-01,11,88
1221,2025-05-01,6,108
1222,2025-05-01,32,576
1223,2025-05-01,16,336
1227,2025-05-01,27,648
1229,2025-05-01,10,150
1231,2025-05-01,40,520
1234,2025-05-01,44,616
1235,2025-05-01,7,175
1237,2025-05-01,1,23
1238,2025-05-01,2,48
1239,2025-05-01,8,144
1240,2025-05-01,4,36
1241,2025-05-01,4,72
1242,2025-05-01,56,1120
1244,2025-05-01,4,32
1245,2025-05-01,7,70
1246,2025-05-01,5,120
1247,2025-05-01,2,28
1249,2025-05-01,5,45
1250,2025-05-01,27,432
1251,2025-05-01,4,84
1256,2025-05-01,12,168
1257,2025-05-01,3,48
1258,2025-05-01,13,195
1259,2025-05-01,174,2958
1261,2025-05-01,255,6120
1262,2025-05-01,373,4103
1263,2025-05-01,8,72
1265,2025-05-01,17,221
1266,2025-05-01,69,1311
1267,2025-05-01,4,72
1268,2025-05-01,82,820
1270,2025-05-01,209,2926
1271,2025-05-01,5,95
1273,2025-05-01,4,92
1274,2025-05-01,135,2700
1275,2025-05-01,108,2700
1279,2025-05-01,6,126
1281,2025-05-01,31,434
1282,2025-05-01,8,96
1284,2025-05-01,152,2584
1285,2025-05-01,55,1265
1287,2025-05-01,125,2500
1288,2025-05-01,3,36
1289,2025-05-01,12,228
1291,2025-05-01,59,767
1297,2025-05-01,4,84
1299,2025-05-01,2,28
1301,2025-05-01,2,20
1302,2025-05-01,14,280
1304,2025-05-01,17,306
1305,2025-05-01,38,722
1307,2025-05-01,12,300
1308,2025-05-01,11,132
1309,2025-05-01,12,180
1310,2025-05-01,93,1395
1312,2025-05-01,4,44
1314,2025-05-01,10,120
1315,2025-05-01,15,180
1317,2025-05-01,5,85
1318,2025-05-01,33,693
1320,2025-05-01,11,99
1321,2025-05-01,7,98
1322,2025-05-01,85,1700
1323,2025-05-01,9,216
1324,2025-05-01,10,160
1326,2025-05-01,10,200
1327,2025-05-01,129,2451
1329,2025-05-01,31,341
1332,2025-05-01,2,46
1333,2025-05-01,16,208
1334,2025-05-01,22,220
1335,2025-05-01,13,169
1336,2025-05-01,9,216
1337,2025-05-01,93,837
1338,2025-05-01,10,170
1339,2025-05-01,47,846
1340,2025-05-01,13,260
1341,2025-05-01,43,989
1342,2025-05-01,18,396
1343,2025-05-01,26,260
1344,2025-05-01,1,8
1346,2025-05-01,29,696
1347,2025-05-01,4,96
1348,2025-05-01,9,135
1351,2025-05-01,9,81
1352,2025-05-01,32,544
1353,2025-05-01,3,30
1354,2025-05-01,2,34
1355,2025-05-01,54,648
1356,2025-05-01,10,250
1358,2025-05-01,49,784
1361,2025-05-01,5,40
1363,2025-05-01,61,732
1364,2025-05-01,19,171
1367,2025-05-01,6,90
1369,2025-05-01,3,60
1372,2025-05-01,24,480
1373,2025-05-01,79,1659
1374,2025-05-01,7,112
1375,2025-05-01,148,2072
1376,2025-05-01,10,190
1378,2025-05-01,95,1235
1380,2025-05-01,4,64
1381,2025-05-01,6,96
1385,2025-05-01,4,40
1386,2025-05-01,6,144
1387,2025-05-01,6,126
1388,2025-05-01,2,28
1389,2025-05-01,29,609
1393,2025-05-01,21,273
1394,2025-05-01,12,132
1395,2025-05-01,14,182
1397,2025-05-01,5,50
1400,2025-05-01,49,588
1402,2025-05-01,25,325
1403,2025-05-01,11,176
1404,2025-05-01,9,180
1405,2025-05-01,35,630
1409,2025-05-01,13,247
1410,2025-05-01,28,336
1411,2025-05-01,3,57
1413,2025-05-01,3,60
1414,2025-05-01,7,147
1416,2025-05-01,5,55
1417,2025-05-01,25,425
1419,2025-05-01,7,140
1420,2025-05-01,95,1140
1422,2025-05-01,53,742
1426,2025-05-01,1,23
1427,2025-05-01,1,22
1428,2025-05-01,69,690
1432,2025-05-01,7,98
1434,2025-05-01,2,34
1435,2025-05-01,6,66
1436,2025-05-01,41,779
1437,2025-05-01,6,108
1438,2025-05-01,16,240
1439,2025-05-01,51,612
1441,2025-05-01,8,160
1444,2025-05-01,31,620
1445,2025-05-01,4,56
1447,2025-05-01,30,480
1448,2025-05-01,70,1680
1449,2025-05-01,0,0
1450,2025-05-01,13,182
1451,2025-05-01,6,60
1452,2025-05-01,54,702
1455,2025-05-01,15,315
1457,2025-05-01,73,1752
1458,2025-05-01,34,306
1460,2025-05-01,5,110
1461,2025-05-01,2,32
1462,2025-05-01,10,140
1464,2025-05-01,6,102
1466,2025-05-01,7,154
1468,2025-05-01,12,156
1469,2025-05-01,1,8
1470,2025-05-01,2,32
1471,2025-05-01,283,3962
1474,2025-05-01,46,460
1475,2025-05-01,2,24
1476,2025-05-01,137,2877
1477,2025-05-01,6,48
1478,2025-05-01,6,66
1479,2025-05-01,1,15
1480,2025-05-01,7,98
1481,2025-05-01,81,729
1483,2025-05-01,31,682
1486,2025-05-01,13,143
1487,2025-05-01,20,440
1490,2025-05-01,8,160
1491,2025-05-01,1,22
1494,2025-05-01,39,780
1495,2025-05-01,8,136
1496,2025-05-01,11,242
1497,2025-05-01,2,50
1498,2025-05-01,6,120
1499,2025-05-01,25,275
1500,2025-05-01,1,25
1503,2025-05-01,11,176
1505,2025-05-01,7,56
1507,2025-05-01,3,27
1509,2025-05-01,4,68
1510,2025-05-01,12,228
1512,2025-05-01,6,132
1513,2025-05-01,1,8
1514,2025-05-01,13,156
1515,2025-05-01,7,154
1516,2025-05-01,4,76
1517,2025-05-01,26,520
1520,2025-05-01,11,121
1521,2025-05-01,6,102
1522,2025-05-01,23,506
1523,2025-05-01,8,144
1524,2025-05-01,199,2985
1525,2025-05-01,30,750
1526,2025-05-01,64,1152
1527,2025-05-01,4,84
1528,2025-05-01,42,756
1529,2025-05-01,3,51
1530,2025-05-01,50,700
1531,2025-05-01,5,125
1532,2025-05-01,1,21
1533,2025-05-01,37,703
1534,2025-05-01,7,126
1536,2025-05-01,8,80
1537,2025-05-01,11,165
1539,2025-05-01,111,1887
1540,2025-05-01,25,550
1541,2025-05-01,62,1488
1542,2025-05-01,8,96
1544,2025-05-01,10,240
1545,2025-05-01,63,1449
1546,2025-05-01,66,1584
1549,2025-05-01,1,21
1553,2025-05-01,144,3024
1554,2025-05-01,32,480
1555,2025-05-01,7,70
1556,2025-05-01,6,96
1557,2025-05-01,38,532
1558,2025-05-01,13,195
1559,2025-05-01,28,616
1561,2025-05-01,11,154
1562,2025-05-01,6,138
1563,2025-05-01,5,105
1564,2025-05-01,36,324
1565,2025-05-01,3,39
1566,2025-05-01,1,17
1568,2025-05-01,1,15
1569,2025-05-01,259,3367
1570,2025-05-01,35,420
1571,2025-05-01,13,156
1572,2025-05-01,10,130
1574,2025-05-01,17,374
1575,2025-05-01,58,1160
1576,2025-05-01,5,90
1577,2025-05-01,7,56
1578,2025-05-01,7,119
1579,2025-05-01,8,200
1580,2025-05-01,29,696
1581,2025-05-01,70,1750
1582,2025-05-01,4,52
1583,2025-05-01,93,1209
1585,2025-05-01,65,975
1586,2025-05-01,1,16
1587,2025-05-01,4,84
1588,2025-05-01,7,105
1592,2025-05-01,24,552
1593,2025-05-01,3,24
1594,2025-05-01,9,207
1595,2025-05-01,0,0
1596,2025-05-01,16,144
1597,2025-05-01,4,52
1598,2025-05-01,125,3125
1600,2025-05-01,32,352
1603,2025-05-01,7,112
1605,2025-05-01,73,1387
1607,2025-05-01,17,255
1608,2025-05-01,6,150
1609,2025-05-01,100,2300
1610,2025-05-01,65,585
1611,2025-05-01,15,270
1612,2025-05-01,116,2552
1613,2025-05-01,7,168
1615,2025-05-01,5,115
1617,2025-05-01,22,352
1620,2025-05-01,145,3625
1621,2025-05-01,6,60
1622,2025-05-01,10,220
1625,2025-05-01,8,168
1626,2025-05-01,39,780
1627,2025-05-01,6,114
1629,2025-05-01,3,72
1630,2025-05-01,64,832
1631,2025-05-01,46,1012
1634,2025-05-01,20,220
1635,2025-05-01,49,980
1637,2025-05-01,8,160
1638,2025-05-01,34,714
1639,2025-05-01,5,50
1640,2025-05-01,29,638
1641,2025-05-01,14,182
1642,2025-05-01,7,98
1643,2025-05-01,2,30
1645,2025-05-01,5,85
1646,2025-05-01,170,3910
1647,2025-05-01,11,220
1649,2025-05-01,3,27
1650,2025-05-01,43,602
1651,2025-05-01,3,27
1652,2025-05-01,8,136
1653,2025-05-01,11,176
1656,2025-05-01,51,765
1657,2025-05-01,31,682
1658,2025-05-01,15,285
1659,2025-05-01,7,84
1660,2025-05-01,7,112
1663,2025-05-01,2,38
1666,2025-05-01,8,200
1667,2025-05-01,4,52
1668,2025-05-01,5,120
1670,2025-05-01,5,70
1672,2025-05-01,16,272
1674,2025-05-01,27,675
1675,2025-05-01,6,66
1677,2025-05-01,18,144
1678,2025-05-01,19,323
1679,2025-05-01,4,84
1680,2025-05-01,3,75
1681,2025-05-01,16,128
1682,2025-05-01,3,24
1683,2025-05-01,11,143
1684,2025-05-01,26,260
1686,2025-05-01,8,96
1687,2025-05-01,5,80
1688,2025-05-01,4,96
1689,2025-05-01,116,2668
1690,2025-05-01,8,88
1691,2025-05-01,5,45
1692,2025-05-01,2,18
1694,2025-05-01,21,168
1695,2025-05-01,7,77
1696,2025-05-01,3,33
1697,2025-05-01,52,520
1698,2025-05-01,17,204
1699,2025-05-01,25,425
1700,2025-05-01,1,23
1702,2025-05-01,9,189
1703,2025-05-01,4,76
1704,2025-05-01,1,15
1705,2025-05-01,6,48
1707,2025-05-01,6,48
1708,2025-05-01,63,1575
1709,2025-05-01,5,125
1710,2025-05-01,5,100
1711,2025-05-01,108,1404
1712,2025-05-01,8,192
1713,2025-05-01,4,32
1714,2025-05-01,69,1104
1715,2025-05-01,8,72
1716,2025-05-01,4,40
1718,2025-05-01,8,80
1719,2025-05-01,48,720
1720,2025-05-01,3,57
1721,2025-05-01,11,176
1722,2025-05-01,23,345
1723,2025-05-01,5,100
1725,2025-05-01,168,2016
1727,2025-05-01,8,128
1728,2025-05-01,6,48
1730,2025-05-01,4,48
1731,2025-05-01,11,154
1732,2025-05-01,5,80
1734,2025-05-01,9,225
1736,2025-05-01,11,88
1737,2025-05-01,4,48
1738,2025-05-01,40,1000
1739,2025-05-01,132,2904
1740,2025-05-01,29,667
1741,2025-05-01,24,216
1743,2025-05-01,22,418
1745,2025-05-01,25,375
1746,2025-05-01,48,1200
1747,2025-05-01,6,126
1748,2025-05-01,10,130
1749,2025-05-01,4,40
1750,2025-05-01,5,70
1751,2025-05-01,282,6768
1752,2025-05-01,30,510
1754,2025-05-01,2,42
1755,2025-05-01,2,46
1756,2025-05-01,44,704
1758,2025-05-01,10,80
1759,2025-05-01,121,1815
1760,2025-05-01,19,209
1761,2025-05-01,6,144
1762,2025-05-01,4,32
1763,2025-05-01,38,950
1764,2025-05-01,10,170
1765,2025-05-01,29,551
1766,2025-05-01,24,288
1767,2025-05-01,96,2016
1769,2025-05-01,10,160
1770,2025-05-01,11,143
1771,2025-05-01,10,100
1772,2025-05-01,48,816
1773,2025-05-01,54,648
1774,2025-05-01,53,1219
1776,2025-05-01,4,60
1778,2025-05-01,3,48
1779,2025-05-01,12,204
1780,2025-05-01,8,72
1781,2025-05-01,3,57
1782,2025-05-01,3,30
1783,2025-05-01,17,136
1784,2025-05-01,4,88
1786,2025-05-01,5,65
1787,2025-05-01,50,650
1788,2025-05-01,56,840
1789,2025-05-01,6,78
1790,2025-05-01,1,25
1791,2025-05-01,40,1000
1793,2025-05-01,5,40
1794,2025-05-01,4,36
1796,2025-05-01,58,986
1797,2025-05-01,31,341
1799,2025-05-01,13,312
1800,2025-05-01,12,96
1801,2025-05-01,40,1000
1802,2025-05-01,135,1890
1803,2025-05-01,3,66
1804,2025-05-01,6,60
1805,2025-05-01,9,135
1806,2025-05-01,15,120
1807,2025-05-01,10,240
1808,2025-05-01,5,105
1809,2025-05-01,30,360
1810,2025-05-01,5,120
1811,2025-05-01,2,26
1812,2025-05-01,11,165
1813,2025-05-01,3,39
1814,2025-05-01,26,390
1817,2025-05-01,32,640
1818,2025-05-01,21,252
1819,2025-05-01,8,120
1820,2025-05-01,8,80
1821,2025-05-01,11,209
1823,2025-05-01,12,300
1824,2025-05-01,1,13
1825,2025-05-01,15,165
1828,2025-05-01,14,154
1829,2025-05-01,4,68
1830,2025-05-01,18,288
1831,2025-05-01,9,117
1832,2025-05-01,3,57
1833,2025-05-01,8,192
1834,2025-05-01,11,110
1835,2025-05-01,0,0
1837,2025-05-01,12,144
1838,2025-05-01,7,63
1839,2025-05-01,3,45
1840,2025-05-01,10,170
1841,2025-05-01,14,308
1842,2025-05-01,8,160
1844,2025-05-01,10,230
1845,2025-05-01,2,44
1846,2025-05-01,136,1088
1848,2025-05-01,6,48
1849,2025-05-01,29,406
1850,2025-05-01,5,115
1851,2025-05-01,19,361
1852,2025-05-01,6,66
1853,2025-05-01,2,36
1854,2025-05-01,8,128
1855,2025-05-01,5,75
1856,2025-05-01,4,68
1857,2025-05-01,39,507
1858,2025-05-01,54,1296
1859,2025-05-01,4,80
1864,2025-05-01,40,440
1865,2025-05-01,15,345
1866,2025-05-01,25,625
1867,2025-05-01,1,14
1868,2025-05-01,22,176
1869,2025-05-01,42,336
1870,2025-05-01,3,57
1871,2025-05-01,16,368
1872,2025-05-01,11,264
1873,2025-05-01,5,40
1874,2025-05-01,16,352
1875,2025-05-01,15,210
1876,2025-05-01,4,72
1877,2025-05-01,3,60
1879,2025-05-01,29,667
1880,2025-05-01,5,105
1881,2025-05-01,80,1760
1882,2025-05-01,13,234
1883,2025-05-01,29,493
1884,2025-05-01,22,242
1886,2025-05-01,3,45
1888,2025-05-01,31,651
1889,2025-05-01,4,92
1890,2025-05-01,15,375
1891,2025-05-01,2,40
1892,2025-05-01,59,885
1893,2025-05-01,5,50
1895,2025-05-01,38,684
1896,2025-05-01,12,252
1897,2025-05-01,7,126
1898,2025-05-01,17,391
1899,2025-05-01,51,510
1900,2025-05-01,6,120
1901,2025-05-01,5,125
1902,2025-05-01,48,480
1903,2025-05-01,24,432
1906,2025-05-01,31,465
1907,2025-05-01,11,110
1909,2025-05-01,3,33
1910,2025-05-01,8,120
1911,2025-05-01,2,40
1912,2025-05-01,186,4464
1913,2025-05-01,23,253
1914,2025-05-01,107,1819
1915,2025-05-01,46,552
1917,2025-05-01,35,840
1919,2025-05-01,26,468
1921,2025-05-01,3,27
1922,2025-05-01,4,88
1924,2025-05-01,20,300
1925,2025-05-01,3,42
1927,2025-05-01,3,45
1929,2025-05-01,6,48
1931,2025-05-01,8,152
1933,2025-05-01,56,560
1934,2025-05-01,9,108
1935,2025-05-01,59,767
1936,2025-05-01,51,663
1937,2025-05-01,2,20
1938,2025-05-01,96,1056
1939,2025-05-01,3,36
1940,2025-05-01,30,570
1941,2025-05-01,18,180
1942,2025-05-01,6,120
1943,2025-05-01,13,312
1944,2025-05-01,170,2550
1946,2025-05-01,7,119
1947,2025-05-01,8,200
1948,2025-05-01,16,240
1949,2025-05-01,8,96
1950,2025-05-01,16,400
1951,2025-05-01,4,48
1953,2025-05-01,2,32
1954,2025-05-01,3,57
1955,2025-05-01,4,92
1956,2025-05-01,8,80
1957,2025-05-01,9,171
1959,2025-05-01,40,840
1960,2025-05-01,23,207
1962,2025-05-01,14,196
1963,2025-05-01,45,720
1964,2025-05-01,33,429
1965,2025-05-01,10,150
1966,2025-05-01,6,66
1967,2025-05-01,26,390
1970,2025-05-01,47,611
1971,2025-05-01,9,135
1972,2025-05-01,16,368
1973,2025-05-01,180,1440
1975,2025-05-01,111,2331
1976,2025-05-01,29,696
1979,2025-05-01,10,160
1980,2025-05-01,7,147
1981,2025-05-01,31,403
1982,2025-05-01,17,153
1987,2025-05-01,11,198
1988,2025-05-01,15,270
1989,2025-05-01,6,96
1990,2025-05-01,4,84
1991,2025-05-01,11,253
1992,2025-05-01,6,132
1993,2025-05-01,63,756
1994,2025-05-01,1,21
1995,2025-05-01,6,60
1996,2025-05-01,7,126
1997,2025-05-01,20,360
1998,2025-05-01,2,42
1999,2025-05-01,42,588
2000,2025-05-01,45,810
2001,2025-05-01,5,90
2005,2025-05-01,2,48
2006,2025-05-01,47,611
2007,2025-05-01,5,120
2008,2025-05-01,16,128
2009,2025-05-01,97,1067
2012,2025-05-01,47,940
2013,2025-05-01,3,42
2015,2025-05-01,65,1495
2016,2025-05-01,4,80
2017,2025-05-01,13,299
2018,2025-05-01,22,528
2019,2025-05-01,47,376
2020,2025-05-01,9,162
2021,2025-05-01,31,434
2022,2025-05-01,45,540
2023,2025-05-01,6,108
2024,2025-05-01,12,300
2025,2025-05-01,2,16
2026,2025-05-01,17,187
2027,2025-05-01,2,22
2028,2025-05-01,36,360
2029,2025-05-01,9,126
2030,2025-05-01,41,902
2031,2025-05-01,7,63
2032,2025-05-01,7,63
2033,2025-05-01,8,96
2035,2025-05-01,7,175
2036,2025-05-01,11,165
2037,2025-05-01,1,25
2038,2025-05-01,20,220
2039,2025-05-01,143,2145
2040,2025-05-01,27,675
2042,2025-05-01,4,60
2043,2025-05-01,7,147
2044,2025-05-01,3,36
2045,2025-05-01,4,80
2046,2025-05-01,36,540
2049,2025-05-01,44,792
2050,2025-05-01,13,117
2051,2025-05-01,5,115
2052,2025-05-01,16,208
2053,2025-05-01,3,51
2054,2025-05-01,6,144
2055,2025-05-01,8,112
2056,2025-05-01,6,144
2057,2025-05-01,11,231
2058,2025-05-01,14,280
2059,2025-05-01,2,44
2060,2025-05-01,9,117
2061,2025-05-01,47,1081
2062,2025-05-01,102,2550
2063,2025-05-01,4,68
2064,2025-05-01,9,81
2068,2025-05-01,8,136
2070,2025-05-01,12,180
2071,2025-05-01,9,108
2072,2025-05-01,74,1776
2073,2025-05-01,8,104
2074,2025-05-01,36,324
2075,2025-05-01,6,60
2076,2025-05-01,51,561
2077,2025-05-01,7,105
2078,2025-05-01,23,529
2079,2025-05-01,111,2442
2080,2025-05-01,5,50
2083,2025-05-01,13,208
2084,2025-05-01,4,84
2085,2025-05-01,123,1230
2086,2025-05-01,4,100
2087,2025-05-01,21,420
2088,2025-05-01,6,144
2090,2025-05-01,9,198
2091,2025-05-01,38,646
2092,2025-05-01,13,208
2094,2025-05-01,12,240
2095,2025-05-01,47,1081
2096,2025-05-01,64,896
2097,2025-05-01,3,24
2099,2025-05-01,159,2862
2100,2025-05-01,10,80
2101,2025-05-01,106,1590
2102,2025-05-01,11,253
2103,2025-05-01,23,414
2104,2025-05-01,18,252
2105,2025-05-01,31,465
2106,2025-05-01,21,525
2107,2025-05-01,7,161
2108,2025-05-01,166,2656
2109,2025-05-01,25,400
2111,2025-05-01,28,672
2112,2025-05-01,6,150
2113,2025-05-01,0,0
2114,2025-05-01,12,192
2115,2025-05-01,19,171
2116,2025-05-01,6,150
2118,2025-05-01,18,180
2119,2025-05-01,18,198
2120,2025-05-01,24,480
2121,2025-05-01,11,165
2123,2025-05-01,93,2232
2124,2025-05-01,24,240
2125,2025-05-01,2,20
2126,2025-05-01,7,175
2127,2025-05-01,26,572
2128,2025-05-01,30,390
2129,2025-05-01,2,36
2130,2025-05-01,4,32
2131,2025-05-01,26,650
2132,2025-05-01,34,374
2133,2025-05-01,10,230
2134,2025-05-01,2,36
2135,2025-05-01,13,273
2136,2025-05-01,7,98
2137,2025-05-01,19,171
2138,2025-05-01,23,299
2139,2025-05-01,26,442
2141,2025-05-01,5,100
2142,2025-05-01,4,88
2143,2025-05-01,24,504
2144,2025-05-01,74,888
2145,2025-05-01,15,180
2146,2025-05-01,3,51
2147,2025-05-01,21,252
2148,2025-05-01,49,686
2149,2025-05-01,116,1508
2150,2025-05-01,29,725
2151,2025-05-01,1,19
2152,2025-05-01,8,72
2153,2025-05-01,74,1258
2154,2025-05-01,6,120
2155,2025-05-01,25,375
2156,2025-05-01,11,176
2157,2025-05-01,18,216
2158,2025-05-01,45,540
2159,2025-05-01,44,792
2160,2025-05-01,4,32
2161,2025-05-01,61,1464
2163,2025-05-01,6,84
2164,2025-05-01,6,60
2165,2025-05-01,4,84
2166,2025-05-01,7,105
2167,2025-05-01,10,80
2169,2025-05-01,77,1001
2170,2025-05-01,3,60
2171,2025-05-01,20,400
2172,2025-05-01,173,3460
2174,2025-05-01,37,518
2175,2025-05-01,9,72
2176,2025-05-01,110,1100
2177,2025-05-01,222,3996
2178,2025-05-01,14,336
2179,2025-05-01,7,175
2180,2025-05-01,9,180
2181,2025-05-01,43,344
2182,2025-05-01,6,150
2183,2025-05-01,112,1008
2185,2025-05-01,9,135
2186,2025-05-01,12,288
2187,2025-05-01,23,529
2188,2025-05-01,21,441
2189,2025-05-01,69,759
2191,2025-05-01,5,75
2193,2025-05-01,103,2060
2194,2025-05-01,5,55
2195,2025-05-01,9,216
2196,2025-05-01,12,288
2197,2025-05-01,17,153
2198,2025-05-01,3,72
2199,2025-05-01,8,72
2200,2025-05-01,79,1580
2201,2025-05-01,6,138
2202,2025-05-01,4,36
2204,2025-05-01,81,1944
2207,2025-05-01,97,1261
2208,2025-05-01,7,70
2209,2025-05-01,9,81
2210,2025-05-01,8,104
2211,2025-05-01,3,36
2212,2025-05-01,143,2145
2213,2025-05-01,266,3990
2214,2025-05-01,4,48
2215,2025-05-01,8,88
2216,2025-05-01,30,540
2217,2025-05-01,78,1482
2218,2025-05-01,3,48
2219,2025-05-01,35,665
2220,2025-05-01,11,99
2221,2025-05-01,17,255
2222,2025-05-01,2,50
2224,2025-05-01,167,2505
2225,2025-05-01,5,65
2226,2025-05-01,12,264
2227,2025-05-01,3,45
2229,2025-05-01,22,550
2230,2025-05-01,6,150
2231,2025-05-01,3,63
2232,2025-05-01,7,112
2233,2025-05-01,23,529
2234,2025-05-01,22,220
2236,2025-05-01,49,1029
2237,2025-05-01,6,84
2238,2025-05-01,16,176
2239,2025-05-01,15,315
2240,2025-05-01,22,462
2241,2025-05-01,8,168
2242,2025-05-01,7,140
2243,2025-05-01,25,375
2244,2025-05-01,4,44
2245,2025-05-01,39,351
2246,2025-05-01,7,175
2247,2025-05-01,5,120
2248,2025-05-01,29,261
2249,2025-05-01,1,20
2250,2025-05-01,6,120
2251,2025-05-01,24,600
2252,2025-05-01,20,380
2253,2025-05-01,23,276
2254,2025-05-01,14,140
2255,2025-05-01,7,133
2256,2025-05-01,2,48
2258,2025-05-01,7,84
2260,2025-05-01,9,180
2261,2025-05-01,7,168
2262,2025-05-01,9,225
2263,2025-05-01,3,27
2264,2025-05-01,1,9
2265,2025-05-01,12,300
2266,2025-05-01,3,57
2267,2025-05-01,10,130
2268,2025-05-01,1,12
2270,2025-05-01,5,120
2271,2025-05-01,33,396
2273,2025-05-01,6,150
2274,2025-05-01,15,300
2275,2025-05-01,8,136
2276,2025-05-01,6,132
2279,2025-05-01,3,69
2280,2025-05-01,9,180
2281,2025-05-01,58,1392
2283,2025-05-01,15,135
2284,2025-05-01,38,532
2285,2025-05-01,5,60
2286,2025-05-01,7,77
2287,2025-05-01,196,1764
2288,2025-05-01,153,2448
2289,2025-05-01,72,648
2290,2025-05-01,5,110
2291,2025-05-01,6,150
2292,2025-05-01,5,90
2293,2025-05-01,11,165
2294,2025-05-01,7,140
2295,2025-05-01,57,912
2296,2025-05-01,4,76
2297,2025-05-01,17,323
2299,2025-05-01,17,357
2300,2025-05-01,39,858
2301,2025-05-01,6,150
2302,2025-05-01,6,96
2303,2025-05-01,294,3822
2304,2025-05-01,23,276
2305,2025-05-01,6,144
2306,2025-05-01,56,1120
2307,2025-05-01,12,288
2308,2025-05-01,12,252
2309,2025-05-01,38,722
2310,2025-05-01,3,54
2311,2025-05-01,4,44
2312,2025-05-01,9,99
2313,2025-05-01,33,330
2314,2025-05-01,4,56
2315,2025-05-01,12,204
2316,2025-05-01,3,66
2317,2025-05-01,13,182
2318,2025-05-01,4,84
2319,2025-05-01,3,42
2320,2025-05-01,12,132
2321,2025-05-01,12,240
2322,2025-05-01,5,45
2323,2025-05-01,34,816
2325,2025-05-01,10,100
2326,2025-05-01,11,143
2327,2025-05-01,43,903
2328,2025-05-01,47,376
2329,2025-05-01,27,540
2330,2025-05-01,155,3565
2331,2025-05-01,21,294
2332,2025-05-01,17,357
2333,2025-05-01,51,1173
2334,2025-05-01,15,300
2335,2025-05-01,4,100
2336,2025-05-01,8,168
2337,2025-05-01,10,80
2338,2025-05-01,13,143
2339,2025-05-01,14,126
2340,2025-05-01,31,465
2341,2025-05-01,7,126
2343,2025-05-01,12,288
2344,2025-05-01,2,34
2345,2025-05-01,11,187
2346,2025-05-01,35,805
2348,2025-05-01,42,882
2349,2025-05-01,15,330
2350,2025-05-01,1,16
2351,2025-05-01,4,72
2352,2025-05-01,19,209
2353,2025-05-01,7,126
2354,2025-05-01,12,288
2355,2025-05-01,4,64
2356,2025-05-01,26,416
2357,2025-05-01,4,40
2358,2025-05-01,6,138
2359,2025-05-01,4,52
2360,2025-05-01,4,84
2361,2025-05-01,3,72
2362,2025-05-01,6,126
2363,2025-05-01,2,46
2364,2025-05-01,112,1568
2365,2025-05-01,14,168
2367,2025-05-01,18,252
2368,2025-05-01,8,200
2369,2025-05-01,11,132
2370,2025-05-01,36,468
2371,2025-05-01,2,18
2372,2025-05-01,26,624
2376,2025-05-01,8,104
2377,2025-05-01,6,138
2378,2025-05-01,16,160
2379,2025-05-01,4,44
2380,2025-05-01,15,375
2381,2025-05-01,26,598
2382,2025-05-01,8,184
2383,2025-05-01,38,342
2384,2025-05-01,3,72
2385,2025-05-01,3,51
2386,2025-05-01,3,72
2387,2025-05-01,10,150
2388,2025-05-01,8,144
2389,2025-05-01,17,391
2390,2025-05-01,25,450
2391,2025-05-01,17,340
2392,2025-05-01,5,125
2393,2025-05-01,11,275
2394,2025-05-01,8,176
2395,2025-05-01,5,105
2396,2025-05-01,21,168
2397,2025-05-01,10,90
2398,2025-05-01,40,680
2399,2025-05-01,27,594
2400,2025-05-01,7,175
2401,2025-05-01,82,1804
2402,2025-05-01,5,85
2403,2025-05-01,6,66
2404,2025-05-01,11,176
2405,2025-05-01,10,190
2406,2025-05-01,7,63
2407,2025-05-01,8,120
2408,2025-05-01,3,75
2409,2025-05-01,106,1908
2410,2025-05-01,19,437
2411,2025-05-01,144,1296
2412,2025-05-01,2,42
2413,2025-05-01,36,540
2414,2025-05-01,23,506
2415,2025-05-01,13,260
2416,2025-05-01,144,1728
2417,2025-05-01,3,66
2418,2025-05-01,193,3860
2419,2025-05-01,9,189
2420,2025-05-01,4,72
2421,2025-05-01,188,2256
2422,2025-05-01,7,126
2423,2025-05-01,21,483
2424,2025-05-01,29,261
2425,2025-05-01,7,126
2426,2025-05-01,16,176
2427,2025-05-01,6,72
2428,2025-05-01,26,624
2429,2025-05-01,80,1120
2430,2025-05-01,5,45
2431,2025-05-01,3,57
2432,2025-05-01,6,72
2433,2025-05-01,32,672
2434,2025-05-01,2,16
2435,2025-05-01,64,1088
2436,2025-05-01,2,44
2437,2025-05-01,117,2925
2439,2025-05-01,20,440
2440,2025-05-01,28,448
2441,2025-05-01,8,88
2442,2025-05-01,13,104
2443,2025-05-01,3,69
2444,2025-05-01,6,60
2445,2025-05-01,45,675
2446,2025-05-01,8,160
2447,2025-05-01,29,493
2448,2025-05-01,5,60
2449,2025-05-01,6,48
2450,2025-05-01,24,480
2451,2025-05-01,7,119
2452,2025-05-01,10,170
2453,2025-05-01,12,204
2454,2025-05-01,5,110
2455,2025-05-01,34,612
2456,2025-05-01,7,147
2457,2025-05-01,28,364
2458,2025-05-01,5,105
2459,2025-05-01,4,60
2460,2025-05-01,9,144
2461,2025-05-01,2,36
2462,2025-05-01,7,98
2463,2025-05-01,9,171
2464,2025-05-01,21,441
2465,2025-05-01,7,126
2466,2025-05-01,36,684
2467,2025-05-01,8,184
2468,2025-05-01,6,54
2469,2025-05-01,98,1274
2470,2025-05-01,24,384
2471,2025-05-01,41,861
2472,2025-05-01,7,105
2473,2025-05-01,6,48
2474,2025-05-01,90,1260
2475,2025-05-01,10,190
2476,2025-05-01,29,522
2477,2025-05-01,20,380
2478,2025-05-01,4,32
2479,2025-05-01,30,510
2480,2025-05-01,24,312
2481,2025-05-01,10,150
2482,2025-05-01,6,96
2483,2025-05-01,13,182
2484,2025-05-01,11,88
2485,2025-05-01,8,168
2486,2025-05-01,28,504
2487,2025-05-01,4,68
2488,2025-05-01,3,66
2489,2025-05-01,10,80
2490,2025-05-01,28,504
2491,2025-05-01,30,480
2492,2025-05-01,6,60
2493,2025-05-01,119,1428
2494,2025-05-01,4,76
2495,2025-05-01,147,2499
2496,2025-05-01,5,65
2497,2025-05-01,13,143
2498,2025-05-01,5,70
2499,2025-05-01,6,66
2500,2025-05-01,20,300
2501,2025-05-01,54,1242
2502,2025-05-01,3,72
2503,2025-05-01,57,912
2504,2025-05-01,8,152
2505,2025-05-01,28,644
2506,2025-05-01,36,612
2507,2025-05-01,15,375
2508,2025-05-01,3,63
2509,2025-05-01,43,817
2510,2025-05-01,105,2310
2511,2025-05-01,25,625
2512,2025-05-01,82,1230
2513,2025-05-01,14,252
2514,2025-05-01,42,1050
2515,2025-05-01,27,513
2516,2025-05-01,111,1554
2517,2025-05-01,11,154
2518,2025-05-01,10,230
2519,2025-05-01,45,900
2520,2025-05-01,60,720
2521,2025-05-01,5,75
2522,2025-05-01,36,756
2523,2025-05-01,3,66
2524,2025-05-01,6,138
2525,2025-05-01,13,169
1002,2025-06-01,7,112
1004,2025-06-01,1,22
1006,2025-06-01,1,17
1007,2025-06-01,32,672
1008,2025-06-01,23,322
1010,2025-06-01,3,45
1011,2025-06-01,31,496
1012,2025-06-01,48,1152
1013,2025-06-01,201,4824
1016,2025-06-01,8,112
1017,2025-06-01,1,8
1022,2025-06-01,2,22
1025,2025-06-01,23,460
1026,2025-06-01,256,4352
1027,2025-06-01,18,342
1028,2025-06-01,6,78
1029,2025-06-01,1,25
1033,2025-06-01,3,63
1036,2025-06-01,3,48
1038,2025-06-01,15,240
1039,2025-06-01,6,48
1040,2025-06-01,53,1219
1042,2025-06-01,30,570
1043,2025-06-01,50,650
1045,2025-06-01,74,1406
1048,2025-06-01,4,64
1051,2025-06-01,6,114
1053,2025-06-01,35,735
1056,2025-06-01,13,195
1057,2025-06-01,1,24
1059,2025-06-01,236,2596
1060,2025-06-01,15,195
1062,2025-06-01,42,924
1064,2025-06-01,113,1243
1065,2025-06-01,61,610
1067,2025-06-01,16,288
1069,2025-06-01,2,38
1071,2025-06-01,9,81
1072,2025-06-01,9,72
1075,2025-06-01,1,10
1078,2025-06-01,13,286
1079,2025-06-01,12,156
1080,2025-06-01,9,99
1085,2025-06-01,29,261
1088,2025-06-01,10,250
1089,2025-06-01,43,344
1091,2025-06-01,4,40
1092,2025-06-01,10,100
1093,2025-06-01,78,1092
1094,2025-06-01,39,663
1096,2025-06-01,8,192
1098,2025-06-01,66,1518
1099,2025-06-01,10,230
1102,2025-06-01,8,144
1107,2025-06-01,9,162
1110,2025-06-01,11,253
1111,2025-06-01,7,77
1112,2025-06-01,7,70
1113,2025-06-01,44,660
1115,2025-06-01,79,1422
1116,2025-06-01,5,75
1117,2025-06-01,1,10
1120,2025-06-01,4,56
1124,2025-06-01,17,391
1126,2025-06-01,8,104
1127,2025-06-01,34,374
1129,2025-06-01,1,14
1130,2025-06-01,1,17
1131,2025-06-01,6,84
1134,2025-06-01,35,280
1137,2025-06-01,0,0
1139,2025-06-01,4,48
1140,2025-06-01,31,279
1143,2025-06-01,57,798
1144,2025-06-01,25,250
1146,2025-06-01,11,220
1147,2025-06-01,20,440
1148,2025-06-01,4,76
1151,2025-06-01,21,378
1152,2025-06-01,8,160
1153,2025-06-01,8,104
1154,2025-06-01,47,940
1157,2025-06-01,56,560
1158,2025-06-01,3,72
1160,2025-06-01,5,75
1161,2025-06-01,1,11
1164,2025-06-01,2,42
1167,2025-06-01,10,130
1168,2025-06-01,14,238
1170,2025-06-01,27,270
1172,2025-06-01,61,1403
1174,2025-06-01,20,360
1175,2025-06-01,10,240
1177,2025-06-01,7,119
1178,2025-06-01,2,42
1179,2025-06-01,13,312
1181,2025-06-01,9,171
1183,2025-06-01,6,72
1184,2025-06-01,4,88
1185,2025-06-01,17,374
1186,2025-06-01,16,176
1187,2025-06-01,79,1343
1188,2025-06-01,9,198
1189,2025-06-01,27,351
1192,2025-06-01,17,204
1194,2025-06-01,41,410
1195,2025-06-01,6,78
1196,2025-06-01,26,520
1197,2025-06-01,2,18
1198,2025-06-01,15,195
1199,2025-06-01,38,494
1200,2025-06-01,232,3248
1202,2025-06-01,0,0
1203,2025-06-01,38,722
1205,2025-06-01,3,51
1207,2025-06-01,14,196
1208,2025-06-01,30,540
1209,2025-06-01,6,138
1210,2025-06-01,3,24
1211,2025-06-01,12,192
1212,2025-06-01,21,336
1213,2025-06-01,184,4416
1214,2025-06-01,2,38
1216,2025-06-01,9,126
1219,2025-06-01,8,120
1221,2025-06-01,13,325
1222,2025-06-01,35,490
1223,2025-06-01,24,216
1227,2025-06-01,37,296
1229,2025-06-01,10,170
1231,2025-06-01,38,684
1234,2025-06-01,56,672
1235,2025-06-01,8,176
1237,2025-06-01,1,17
1238,2025-06-01,1,20
1240,2025-06-01,4,64
1241,2025-06-01,4,40
1242,2025-06-01,56,896
1244,2025-06-01,4,100
1245,2025-06-01,7,140
1246,2025-06-01,5,100
1247,2025-06-01,2,48
1249,2025-06-01,3,66
1250,2025-06-01,24,336
1256,2025-06-01,11,176
1257,2025-06-01,9,162
1258,2025-06-01,15,285
1259,2025-06-01,159,1431
1261,2025-06-01,102,816
1262,2025-06-01,359,3949
1263,2025-06-01,8,136
1265,2025-06-01,23,276
1266,2025-06-01,87,2175
1267,2025-06-01,4,52
1268,2025-06-01,85,1530
1270,2025-06-01,256,6144
1271,2025-06-01,4,44
1273,2025-06-01,5,125
1274,2025-06-01,160,3680
1275,2025-06-01,76,1824
1279,2025-06-01,6,66
1281,2025-06-01,43,731
1282,2025-06-01,9,189
1284,2025-06-01,131,1703
1285,2025-06-01,71,1278
1287,2025-06-01,98,882
1288,2025-06-01,2,40
1289,2025-06-01,21,336
1291,2025-06-01,71,710
1297,2025-06-01,3,45
1299,2025-06-01,3,33
1301,2025-06-01,3,60
1302,2025-06-01,13,195
1304,2025-06-01,17,391
1305,2025-06-01,39,468
1307,2025-06-01,11,187
1308,2025-06-01,9,144
1309,2025-06-01,14,140
1310,2025-06-01,90,1890
1312,2025-06-01,5,40
1314,2025-06-01,9,72
1315,2025-06-01,14,350
1317,2025-06-01,5,45
1318,2025-06-01,29,667
1320,2025-06-01,10,100
1321,2025-06-01,8,112
1322,2025-06-01,82,1558
1323,2025-06-01,14,210
1324,2025-06-01,13,156
1326,2025-06-01,14,266
1327,2025-06-01,91,1001
1329,2025-06-01,28,700
1332,2025-06-01,2,22
1333,2025-06-01,19,456
1334,2025-06-01,30,570
1335,2025-06-01,12,228
1336,2025-06-01,8,64
1337,2025-06-01,118,1062
1338,2025-06-01,8,144
1339,2025-06-01,49,882
1340,2025-06-01,12,108
1341,2025-06-01,45,540
1342,2025-06-01,22,550
1343,2025-06-01,23,207
1344,2025-06-01,1,16
1346,2025-06-01,37,703
1347,2025-06-01,4,92
1348,2025-06-01,8,160
1351,2025-06-01,9,117
1352,2025-06-01,32,352
1353,2025-06-01,3,51
1354,2025-06-01,2,16
1355,2025-06-01,51,1224
1356,2025-06-01,9,198
1358,2025-06-01,58,928
1361,2025-06-01,7,140
1363,2025-06-01,63,1260
1364,2025-06-01,19,437
1367,2025-06-01,6,66
1369,2025-06-01,3,75
1372,2025-06-01,20,160
1373,2025-06-01,68,1360
1374,2025-06-01,7,63
1375,2025-06-01,149,2384
1376,2025-06-01,10,230
1378,2025-06-01,65,1300
1380,2025-06-01,4,100
1381,2025-06-01,7,91
1385,2025-06-01,4,60
1386,2025-06-01,7,140
1387,2025-06-01,5,120
1388,2025-06-01,1,19
1389,2025-06-01,25,450
1393,2025-06-01,19,342
1394,2025-06-01,9,135
1395,2025-06-01,14,280
1397,2025-06-01,6,132
1400,2025-06-01,60,780
1402,2025-06-01,37,555
1403,2025-06-01,12,120
1404,2025-06-01,11,209
1405,2025-06-01,38,646
1409,2025-06-01,13,273
1410,2025-06-01,33,429
1411,2025-06-01,3,45
1413,2025-06-01,3,69
1414,2025-06-01,6,84
1416,2025-06-01,6,78
1417,2025-06-01,29,609
1419,2025-06-01,7,161
1420,2025-06-01,81,1863
1422,2025-06-01,53,1219
1426,2025-06-01,1,9
1427,2025-06-01,2,20
1428,2025-06-01,70,770
1432,2025-06-01,7,161
1434,2025-06-01,2,38
1435,2025-06-01,7,147
1436,2025-06-01,36,684
1437,2025-06-01,6,102
1438,2025-06-01,15,330
1439,2025-06-01,42,882
1441,2025-06-01,8,152
1444,2025-06-01,32,640
1445,2025-06-01,4,64
1447,2025-06-01,36,900
1448,2025-06-01,67,1474
1449,2025-06-01,0,0
1450,2025-06-01,14,196
1451,2025-06-01,8,160
1452,2025-06-01,54,1296
1455,2025-06-01,23,575
1457,2025-06-01,66,594
1458,2025-06-01,35,420
1461,2025-06-01,3,57
1462,2025-06-01,11,253
1464,2025-06-01,8,128
1466,2025-06-01,7,84
1468,2025-06-01,12,228
1469,2025-06-01,1,16
1470,2025-06-01,1,18
1471,2025-06-01,225,5625
1474,2025-06-01,48,384
1475,2025-06-01,2,44
1476,2025-06-01,172,2752
1477,2025-06-01,5,45
1478,2025-06-01,6,138
1479,2025-06-01,2,26
1481,2025-06-01,88,792
1483,2025-06-01,38,494
1486,2025-06-01,14,224
1487,2025-06-01,21,210
1490,2025-06-01,11,275
1491,2025-06-01,0,0
1494,2025-06-01,42,1008
1495,2025-06-01,8,80
1496,2025-06-01,13,208
1497,2025-06-01,1,14
1498,2025-06-01,6,138
1499,2025-06-01,21,525
1500,2025-06-01,1,10
1503,2025-06-01,9,189
1505,2025-06-01,5,75
1507,2025-06-01,2,34
1509,2025-06-01,4,48
1510,2025-06-01,11,198
1512,2025-06-01,6,60
1513,2025-06-01,1,14
1514,2025-06-01,13,325
1516,2025-06-01,4,68
1517,2025-06-01,27,621
1520,2025-06-01,16,160
1521,2025-06-01,6,132
1522,2025-06-01,26,286
1523,2025-06-01,8,136
1524,2025-06-01,210,1890
1525,2025-06-01,34,680
1526,2025-06-01,59,1475
1527,2025-06-01,4,44
1528,2025-06-01,48,768
1529,2025-06-01,2,44
1530,2025-06-01,64,1024
1531,2025-06-01,6,102
1532,2025-06-01,0,0
1533,2025-06-01,46,460
1534,2025-06-01,7,140
1536,2025-06-01,9,171
1537,2025-06-01,8,112
1539,2025-06-01,78,1794
1540,2025-06-01,24,264
1541,2025-06-01,62,1054
1542,2025-06-01,14,154
1544,2025-06-01,14,336
1545,2025-06-01,60,720
1546,2025-06-01,62,744
1549,2025-06-01,1,15
1553,2025-06-01,137,3014
1554,2025-06-01,22,308
1555,2025-06-01,7,147
1556,2025-06-01,10,180
1557,2025-06-01,27,243
1558,2025-06-01,13,273
1559,2025-06-01,31,589
1561,2025-06-01,11,220
1562,2025-06-01,6,60
1563,2025-06-01,4,84
1564,2025-06-01,41,533
1565,2025-06-01,2,18
1566,2025-06-01,1,8
1568,2025-06-01,2,32
1569,2025-06-01,242,3388
1570,2025-06-01,30,270
1571,2025-06-01,13,286
1572,2025-06-01,6,54
1574,2025-06-01,20,260
1575,2025-06-01,72,864
1576,2025-06-01,4,40
1578,2025-06-01,7,168
1579,2025-06-01,7,84
1580,2025-06-01,32,800
1581,2025-06-01,63,693
1582,2025-06-01,5,120
1583,2025-06-01,81,648
1585,2025-06-01,56,1344
1586,2025-06-01,1,17
1587,2025-06-01,3,42
1592,2025-06-01,23,414
1593,2025-06-01,5,80
1594,2025-06-01,11,110
1595,2025-06-01,0,0
1596,2025-06-01,15,180
1597,2025-06-01,5,95
1598,2025-06-01,162,2754
1600,2025-06-01,28,644
1603,2025-06-01,7,140
1605,2025-06-01,48,432
1607,2025-06-01,13,273
1608,2025-06-01,5,75
1609,2025-06-01,94,752
1610,2025-06-01,58,1334
1611,2025-06-01,19,285
1612,2025-06-01,87,1740
1613,2025-06-01,7,119
1615,2025-06-01,6,102
1617,2025-06-01,18,144
1620,2025-06-01,125,3000
1621,2025-06-01,6,72
1622,2025-06-01,9,162
1625,2025-06-01,10,90
1626,2025-06-01,34,272
1627,2025-06-01,8,192
1629,2025-06-01,4,36
1630,2025-06-01,77,1386
1631,2025-06-01,51,561
1634,2025-06-01,21,294
1635,2025-06-01,38,570
1637,2025-06-01,8,152
1638,2025-06-01,31,465
1639,2025-06-01,4,44
1640,2025-06-01,25,500
1641,2025-06-01,14,294
1642,2025-06-01,6,138
1643,2025-06-01,2,40
1645,2025-06-01,5,70
1646,2025-06-01,164,1804
1647,2025-06-01,13,182
1649,2025-06-01,3,33
1650,2025-06-01,41,861
1651,2025-06-01,5,110
1652,2025-06-01,9,153
1653,2025-06-01,12,204
1656,2025-06-01,52,936
1657,2025-06-01,34,340
1658,2025-06-01,4,44
1659,2025-06-01,10,160
1660,2025-06-01,8,160
1663,2025-06-01,1,9
1666,2025-06-01,10,110
1667,2025-06-01,5,100
1668,2025-06-01,5,110
1670,2025-06-01,4,60
1672,2025-06-01,18,324
1674,2025-06-01,34,748
1675,2025-06-01,7,91
1677,2025-06-01,19,380
1678,2025-06-01,19,209
1679,2025-06-01,2,46
1680,2025-06-01,3,42
1681,2025-06-01,20,360
1682,2025-06-01,2,34
1683,2025-06-01,10,220
1684,2025-06-01,25,625
1686,2025-06-01,8,144
1687,2025-06-01,6,66
1688,2025-06-01,3,24
1689,2025-06-01,114,1824
1690,2025-06-01,9,216
1691,2025-06-01,5,95
1692,2025-06-01,2,18
1694,2025-06-01,21,399
1695,2025-06-01,6,144
1696,2025-06-01,4,40
1697,2025-06-01,46,598
1698,2025-06-01,15,300
1699,2025-06-01,26,286
1700,2025-06-01,1,9
1702,2025-06-01,9,126
1703,2025-06-01,3,30
1704,2025-06-01,1,25
1705,2025-06-01,6,72
1707,2025-06-01,43,559
1708,2025-06-01,72,1080
1709,2025-06-01,4,52
1710,2025-06-01,4,84
1711,2025-06-01,90,810
1712,2025-06-01,7,126
1713,2025-06-01,4,32
1714,2025-06-01,89,1424
1715,2025-06-01,6,60
1716,2025-06-01,5,115
1718,2025-06-01,9,144
1719,2025-06-01,56,504
1720,2025-06-01,4,52
1721,2025-06-01,8,80
1722,2025-06-01,18,342
1723,2025-06-01,5,65
1725,2025-06-01,123,3075
1727,2025-06-01,9,153
1728,2025-06-01,6,84
1730,2025-06-01,3,72
1731,2025-06-01,13,104
1732,2025-06-01,4,96
1734,2025-06-01,9,225
1736,2025-06-01,12,204
1737,2025-06-01,6,66
1738,2025-06-01,40,320
1739,2025-06-01,110,2640
1740,2025-06-01,37,444
1741,2025-06-01,23,575
1743,2025-06-01,23,230
1745,2025-06-01,31,248
1746,2025-06-01,50,900
1747,2025-06-01,6,150
1748,2025-06-01,10,190
1749,2025-06-01,6,150
1750,2025-06-01,4,68
1751,2025-06-01,250,3750
1752,2025-06-01,27,351
1754,2025-06-01,2,22
1755,2025-06-01,3,72
1756,2025-06-01,42,756
1758,2025-06-01,10,240
1759,2025-06-01,115,1035
1760,2025-06-01,20,160
1761,2025-06-01,8,72
1762,2025-06-01,4,60
1763,2025-06-01,31,403
1764,2025-06-01,9,108
1765,2025-06-01,28,420
1766,2025-06-01,23,322
1767,2025-06-01,88,1408
1769,2025-06-01,10,140
1770,2025-06-01,14,294
1771,2025-06-01,11,154
1772,2025-06-01,34,306
1773,2025-06-01,67,1072
1774,2025-06-01,53,1060
1776,2025-06-01,5,40
1778,2025-06-01,3,45
1779,2025-06-01,14,350
1780,2025-06-01,7,119
1781,2025-06-01,3,24
1782,2025-06-01,3,30
1783,2025-06-01,26,312
1784,2025-06-01,4,60
1786,2025-06-01,8,136
1787,2025-06-01,55,440
1788,2025-06-01,54,1350
1789,2025-06-01,4,80
1790,2025-06-01,1,17
1791,2025-06-01,35,560
1793,2025-06-01,4,80
1794,2025-06-01,5,60
1796,2025-06-01,59,826
1797,2025-06-01,29,261
1799,2025-06-01,11,275
1800,2025-06-01,13,143
1801,2025-06-01,29,464
1802,2025-06-01,161,2737
1803,2025-06-01,4,84
1804,2025-06-01,7,161
1805,2025-06-01,8,128
1806,2025-06-01,21,483
1807,2025-06-01,11,253
1808,2025-06-01,5,65
1809,2025-06-01,23,414
1810,2025-06-01,4,100
1811,2025-06-01,2,40
1812,2025-06-01,9,72
1813,2025-06-01,3,30
1814,2025-06-01,29,232
1817,2025-06-01,30,600
1818,2025-06-01,24,240
1819,2025-06-01,8,64
1820,2025-06-01,7,98
1821,2025-06-01,10,110
1823,2025-06-01,12,204
1824,2025-06-01,1,14
1825,2025-06-01,17,391
1828,2025-06-01,15,300
1829,2025-06-01,3,45
1830,2025-06-01,16,336
1831,2025-06-01,8,144
1832,2025-06-01,3,48
1833,2025-06-01,8,96
1834,2025-06-01,14,154
1835,2025-06-01,0,0
1837,2025-06-01,11,275
1838,2025-06-01,6,78
1839,2025-06-01,3,36
1840,2025-06-01,7,70
1841,2025-06-01,18,414
1844,2025-06-01,14,182
1845,2025-06-01,2,30
1846,2025-06-01,134,1608
1848,2025-06-01,6,126
1849,2025-06-01,34,850
1850,2025-06-01,4,84
1851,2025-06-01,20,420
1852,2025-06-01,9,198
1853,2025-06-01,2,38
1854,2025-06-01,6,108
1855,2025-06-01,7,105
1856,2025-06-01,2,20
1857,2025-06-01,42,714
1858,2025-06-01,84,672
1859,2025-06-01,2,36
1864,2025-06-01,38,836
1865,2025-06-01,14,238
1866,2025-06-01,18,198
1867,2025-06-01,1,13
1868,2025-06-01,26,234
1869,2025-06-01,42,546
1870,2025-06-01,3,39
1871,2025-06-01,13,104
1872,2025-06-01,11,99
1873,2025-06-01,4,60
1874,2025-06-01,14,280
1875,2025-06-01,17,425
1876,2025-06-01,5,115
1877,2025-06-01,3,69
1879,2025-06-01,29,290
1880,2025-06-01,4,36
1881,2025-06-01,103,1339
1882,2025-06-01,14,154
1883,2025-06-01,28,364
1884,2025-06-01,25,475
1886,2025-06-01,3,36
1888,2025-06-01,40,440
1889,2025-06-01,5,55
1890,2025-06-01,15,150
1891,2025-06-01,1,22
1892,2025-06-01,76,1520
1893,2025-06-01,7,91
1895,2025-06-01,39,858
1896,2025-06-01,16,240
1897,2025-06-01,9,90
1898,2025-06-01,18,360
1899,2025-06-01,57,1311
1900,2025-06-01,5,60
1901,2025-06-01,6,150
1902,2025-06-01,35,805
1903,2025-06-01,21,357
1906,2025-06-01,25,575
1907,2025-06-01,14,140
1909,2025-06-01,2,36
1910,2025-06-01,8,64
1911,2025-06-01,2,46
1912,2025-06-01,234,4914
1913,2025-06-01,25,250
1914,2025-06-01,97,1746
1915,2025-06-01,52,884
1917,2025-06-01,35,875
1919,2025-06-01,29,667
1921,2025-06-01,3,72
1922,2025-06-01,4,76
1924,2025-06-01,24,384
1925,2025-06-01,2,50
1927,2025-06-01,2,26
1929,2025-06-01,6,120
1931,2025-06-01,8,128
1933,2025-06-01,68,1496
1934,2025-06-01,9,117
1935,2025-06-01,55,770
1936,2025-06-01,44,836
1937,2025-06-01,2,40
1938,2025-06-01,98,980
1939,2025-06-01,3,66
1940,2025-06-01,21,378
1941,2025-06-01,18,378
1942,2025-06-01,5,40
1943,2025-06-01,14,126
1944,2025-06-01,157,3454
1946,2025-06-01,8,112
1947,2025-06-01,8,168
1948,2025-06-01,17,391
1949,2025-06-01,5,115
1950,2025-06-01,16,208
1951,2025-06-01,4,84
1953,2025-06-01,2,20
1955,2025-06-01,3,24
1956,2025-06-01,13,286
1957,2025-06-01,7,133
1959,2025-06-01,40,600
1960,2025-06-01,25,225
1962,2025-06-01,13,260
1963,2025-06-01,49,1078
1964,2025-06-01,27,594
1965,2025-06-01,12,156
1966,2025-06-01,6,132
1967,2025-06-01,24,408
1970,2025-06-01,47,893
1971,2025-06-01,13,221
1972,2025-06-01,16,400
1973,2025-06-01,201,4824
1975,2025-06-01,122,3050
1976,2025-06-01,26,468
1979,2025-06-01,9,72
1980,2025-06-01,8,200
1981,2025-06-01,39,936
1982,2025-06-01,13,312
1987,2025-06-01,10,110
1988,2025-06-01,14,210
1989,2025-06-01,8,120
1990,2025-06-01,4,64
1991,2025-06-01,8,96
1992,2025-06-01,5,80
1993,2025-06-01,60,1260
1994,2025-06-01,1,22
1995,2025-06-01,5,115
1996,2025-06-01,6,120
1998,2025-06-01,2,46
1999,2025-06-01,47,705
2000,2025-06-01,42,966
2001,2025-06-01,5,75
2005,2025-06-01,3,39
2006,2025-06-01,40,880
2007,2025-06-01,4,100
2008,2025-06-01,16,272
2009,2025-06-01,84,840
2012,2025-06-01,46,782
2013,2025-06-01,4,32
2015,2025-06-01,70,1540
2016,2025-06-01,7,119
2017,2025-06-01,14,294
2018,2025-06-01,23,345
2019,2025-06-01,55,825
2020,2025-06-01,8,96
2021,2025-06-01,38,532
2022,2025-06-01,28,616
2023,2025-06-01,5,70
2024,2025-06-01,12,132
2025,2025-06-01,2,42
2026,2025-06-01,21,378
2027,2025-06-01,2,34
2028,2025-06-01,31,744
2029,2025-06-01,8,88
2030,2025-06-01,34,476
2031,2025-06-01,7,147
2032,2025-06-01,7,133
2033,2025-06-01,9,171
2035,2025-06-01,6,144
2036,2025-06-01,13,234
2037,2025-06-01,1,13
2038,2025-06-01,19,361
2039,2025-06-01,138,1518
2040,2025-06-01,27,351
2042,2025-06-01,4,44
2043,2025-06-01,6,120
2044,2025-06-01,4,52
2045,2025-06-01,4,88
2046,2025-06-01,29,435
2049,2025-06-01,46,1104
2050,2025-06-01,13,143
2051,2025-06-01,5,60
2052,2025-06-01,16,224
2053,2025-06-01,4,48
2054,2025-06-01,8,176
2055,2025-06-01,7,84
2056,2025-06-01,5,105
2057,2025-06-01,14,336
2058,2025-06-01,14,182
2059,2025-06-01,2,34
2060,2025-06-01,8,128
2061,2025-06-01,46,368
2062,2025-06-01,105,1365
2063,2025-06-01,4,96
2064,2025-06-01,6,60
2068,2025-06-01,7,77
2070,2025-06-01,10,190
2071,2025-06-01,9,135
2072,2025-06-01,64,1152
2073,2025-06-01,8,200
2074,2025-06-01,36,576
2075,2025-06-01,6,78
2076,2025-06-01,58,638
2077,2025-06-01,7,119
2078,2025-06-01,27,351
2079,2025-06-01,79,1659
2080,2025-06-01,5,50
2083,2025-06-01,13,299
2084,2025-06-01,4,76
2085,2025-06-01,137,2329
2086,2025-06-01,7,63
2087,2025-06-01,23,299
2088,2025-06-01,7,84
2090,2025-06-01,8,104
2091,2025-06-01,38,646
2092,2025-06-01,11,231
2094,2025-06-01,16,336
2095,2025-06-01,45,1125
2096,2025-06-01,73,876
2097,2025-06-01,4,52
2100,2025-06-01,11,220
2101,2025-06-01,102,918
2102,2025-06-01,9,90
2103,2025-06-01,23,575
2104,2025-06-01,18,378
2105,2025-06-01,26,338
2106,2025-06-01,22,396
2107,2025-06-01,6,66
2108,2025-06-01,195,2925
2109,2025-06-01,24,192
2111,2025-06-01,28,252
2112,2025-06-01,6,60
2113,2025-06-01,1,12
2114,2025-06-01,10,220
2115,2025-06-01,18,396
2116,2025-06-01,6,84
2118,2025-06-01,28,448
2119,2025-06-01,12,204
2120,2025-06-01,28,504
2121,2025-06-01,10,170
2123,2025-06-01,118,1298
2124,2025-06-01,38,722
2125,2025-06-01,1,11
2126,2025-06-01,9,81
2127,2025-06-01,26,494
2128,2025-06-01,29,232
2129,2025-06-01,1,8
2130,2025-06-01,5,55
2131,2025-06-01,31,558
2132,2025-06-01,34,306
2133,2025-06-01,8,120
2134,2025-06-01,1,21
2135,2025-06-01,16,176
2136,2025-06-01,7,168
2137,2025-06-01,19,456
2138,2025-06-01,24,384
2139,2025-06-01,26,390
2141,2025-06-01,3,63
2142,2025-06-01,4,40
2143,2025-06-01,24,240
2144,2025-06-01,89,712
2145,2025-06-01,17,204
2146,2025-06-01,4,100
2147,2025-06-01,23,552
2148,2025-06-01,48,864
2149,2025-06-01,113,1017
2150,2025-06-01,29,290
2151,2025-06-01,1,9
2152,2025-06-01,7,98
2153,2025-06-01,72,1152
2154,2025-06-01,6,90
2155,2025-06-01,20,200
2156,2025-06-01,13,117
2157,2025-06-01,14,350
2158,2025-06-01,56,952
2159,2025-06-01,52,988
2160,2025-06-01,3,36
2161,2025-06-01,67,670
2163,2025-06-01,5,90
2164,2025-06-01,6,144
2165,2025-06-01,5,50
2166,2025-06-01,9,90
2167,2025-06-01,8,72
2169,2025-06-01,81,1134
2170,2025-06-01,2,44
2171,2025-06-01,22,286
2172,2025-06-01,154,2618
2174,2025-06-01,37,518
2175,2025-06-01,9,144
2176,2025-06-01,88,1672
2177,2025-06-01,170,2890
2178,2025-06-01,13,325
2179,2025-06-01,7,77
2180,2025-06-01,13,195
2181,2025-06-01,50,1050
2182,2025-06-01,6,102
2183,2025-06-01,116,2900
2185,2025-06-01,11,154
2186,2025-06-01,12,216
2187,2025-06-01,21,399
2188,2025-06-01,21,231
2189,2025-06-01,88,1936
2191,2025-06-01,5,105
2193,2025-06-01,82,1886
2194,2025-06-01,4,56
2195,2025-06-01,8,184
2196,2025-06-01,10,250
2197,2025-06-01,17,306
2198,2025-06-01,3,60
2200,2025-06-01,75,1575
2201,2025-06-01,6,126
2202,2025-06-01,4,32
2204,2025-06-01,81,1296
2207,2025-06-01,94,1504
2208,2025-06-01,8,160
2209,2025-06-01,18,324
2210,2025-06-01,8,128
2211,2025-06-01,2,30
2212,2025-06-01,125,1125
2213,2025-06-01,281,2810
2214,2025-06-01,5,115
2215,2025-06-01,7,175
2216,2025-06-01,30,240
2217,2025-06-01,103,1854
2218,2025-06-01,2,28
2219,2025-06-01,42,714
2220,2025-06-01,9,189
2221,2025-06-01,19,228
2222,2025-06-01,2,36
2224,2025-06-01,191,2483
2225,2025-06-01,5,90
2226,2025-06-01,13,156
2227,2025-06-01,2,38
2229,2025-06-01,21,504
2230,2025-06-01,6,144
2231,2025-06-01,4,48
2232,2025-06-01,7,168
2233,2025-06-01,19,399
2234,2025-06-01,17,374
2236,2025-06-01,40,920
2237,2025-06-01,7,105
2238,2025-06-01,15,150
2239,2025-06-01,14,140
2240,2025-06-01,18,144
2241,2025-06-01,8,184
2242,2025-06-01,6,84
2243,2025-06-01,26,650
2244,2025-06-01,4,96
2245,2025-06-01,35,560
2246,2025-06-01,5,90
2248,2025-06-01,31,496
2249,2025-06-01,1,25
2250,2025-06-01,6,84
2251,2025-06-01,25,575
2252,2025-06-01,17,238
2254,2025-06-01,11,121
2255,2025-06-01,7,140
2256,2025-06-01,2,38
2258,2025-06-01,11,165
2260,2025-06-01,10,180
2261,2025-06-01,9,225
2262,2025-06-01,8,200
2263,2025-06-01,2,32
2264,2025-06-01,1,16
2265,2025-06-01,13,104
2266,2025-06-01,3,72
2267,2025-06-01,10,150
2268,2025-06-01,1,13
2270,2025-06-01,6,114
2271,2025-06-01,32,640
2273,2025-06-01,6,138
2274,2025-06-01,19,475
2276,2025-06-01,6,60
2279,2025-06-01,4,40
2280,2025-06-01,13,117
2281,2025-06-01,52,1196
2283,2025-06-01,13,299
2284,2025-06-01,47,1175
2285,2025-06-01,6,150
2286,2025-06-01,9,162
2287,2025-06-01,142,2698
2288,2025-06-01,196,2352
2289,2025-06-01,68,544
2290,2025-06-01,5,55
2291,2025-06-01,5,65
2292,2025-06-01,5,55
2293,2025-06-01,12,120
2294,2025-06-01,5,90
2295,2025-06-01,72,1800
2296,2025-06-01,7,112
2297,2025-06-01,11,121
2299,2025-06-01,16,224
2301,2025-06-01,6,84
2302,2025-06-01,6,102
2303,2025-06-01,294,6468
2304,2025-06-01,27,378
2305,2025-06-01,6,132
2306,2025-06-01,62,930
2307,2025-06-01,10,230
2308,2025-06-01,11,143
2309,2025-06-01,32,672
2310,2025-06-01,3,69
2311,2025-06-01,3,24
2312,2025-06-01,10,250
2313,2025-06-01,47,1175
2314,2025-06-01,4,88
2315,2025-06-01,12,108
2316,2025-06-01,4,48
2317,2025-06-01,12,144
2318,2025-06-01,5,105
2319,2025-06-01,3,27
2320,2025-06-01,11,220
2321,2025-06-01,13,143
2322,2025-06-01,8,192
2323,2025-06-01,37,777
2325,2025-06-01,11,253
2326,2025-06-01,13,221
2327,2025-06-01,36,720
2328,2025-06-01,46,414
2329,2025-06-01,32,672
2330,2025-06-01,142,1846
2331,2025-06-01,26,312
2332,2025-06-01,25,550
2333,2025-06-01,36,468
2334,2025-06-01,12,264
2335,2025-06-01,3,66
2336,2025-06-01,10,140
2337,2025-06-01,9,207
2338,2025-06-01,13,208
2339,2025-06-01,16,128
2340,2025-06-01,33,429
2341,2025-06-01,6,48
2343,2025-06-01,10,190
2344,2025-06-01,1,23
2345,2025-06-01,16,176
2346,2025-06-01,31,744
2348,2025-06-01,40,680
2349,2025-06-01,18,180
2350,2025-06-01,1,13
2351,2025-06-01,3,51
2352,2025-06-01,29,580
2354,2025-06-01,16,288
2356,2025-06-01,27,567
2357,2025-06-01,4,84
2358,2025-06-01,5,120
2359,2025-06-01,1,19
2360,2025-06-01,4,92
2361,2025-06-01,3,51
2362,2025-06-01,8,152
2363,2025-06-01,3,57
2364,2025-06-01,46,1058
2365,2025-06-01,17,153
2367,2025-06-01,20,380
2368,2025-06-01,8,144
2369,2025-06-01,13,156
2370,2025-06-01,37,740
2371,2025-06-01,2,42
2372,2025-06-01,26,234
2376,2025-06-01,8,192
2377,2025-06-01,6,48
2378,2025-06-01,17,136
2379,2025-06-01,4,92
2380,2025-06-01,15,225
2381,2025-06-01,22,264
2382,2025-06-01,9,198
2383,2025-06-01,30,630
2384,2025-06-01,4,36
2385,2025-06-01,3,75
2386,2025-06-01,2,44
2387,2025-06-01,10,180
2388,2025-06-01,9,126
2389,2025-06-01,16,352
2390,2025-06-01,28,588
2391,2025-06-01,19,285
2393,2025-06-01,15,150
2394,2025-06-01,7,91
2395,2025-06-01,4,88
2396,2025-06-01,16,192
2397,2025-06-01,12,276
2398,2025-06-01,35,420
2399,2025-06-01,25,250
2400,2025-06-01,13,260
2401,2025-06-01,57,1026
2402,2025-06-01,5,60
2403,2025-06-01,5,50
2404,2025-06-01,7,98
2405,2025-06-01,9,225
2406,2025-06-01,6,102
2407,2025-06-01,7,105
2408,2025-06-01,3,54
2409,2025-06-01,99,2376
2410,2025-06-01,20,480
2411,2025-06-01,157,3611
2412,2025-06-01,1,23
2413,2025-06-01,45,675
2414,2025-06-01,22,462
2415,2025-06-01,13,260
2416,2025-06-01,165,2310
2417,2025-06-01,3,36
2418,2025-06-01,159,1749
2419,2025-06-01,8,64
2420,2025-06-01,4,80
2421,2025-06-01,193,2316
2422,2025-06-01,4,68
2423,2025-06-01,19,304
2424,2025-06-01,28,588
2425,2025-06-01,9,144
2426,2025-06-01,18,450
2427,2025-06-01,7,70
2428,2025-06-01,29,522
2429,2025-06-01,70,1610
2430,2025-06-01,6,78
2431,2025-06-01,3,24
2432,2025-06-01,6,54
2433,2025-06-01,37,703
2434,2025-06-01,2,16
2435,2025-06-01,64,896
2436,2025-06-01,1,9
2437,2025-06-01,77,1694
2439,2025-06-01,24,264
2440,2025-06-01,31,279
2441,2025-06-01,6,102
2442,2025-06-01,16,240
2443,2025-06-01,3,36
2444,2025-06-01,5,60
2445,2025-06-01,39,819
2446,2025-06-01,8,136
2447,2025-06-01,30,300
2448,2025-06-01,6,114
2449,2025-06-01,5,55
2450,2025-06-01,26,546
2451,2025-06-01,6,54
2452,2025-06-01,10,230
2453,2025-06-01,11,176
2454,2025-06-01,5,50
2455,2025-06-01,32,800
2456,2025-06-01,7,175
2457,2025-06-01,28,224
2458,2025-06-01,4,64
2459,2025-06-01,4,40
2460,2025-06-01,8,160
2461,2025-06-01,3,45
2462,2025-06-01,8,104
2463,2025-06-01,9,81
2464,2025-06-01,22,462
2465,2025-06-01,7,161
2466,2025-06-01,32,640
2467,2025-06-01,8,192
2468,2025-06-01,5,115
2469,2025-06-01,112,2464
2470,2025-06-01,29,435
2471,2025-06-01,41,533
2472,2025-06-01,7,133
2473,2025-06-01,7,133
2474,2025-06-01,74,1258
2475,2025-06-01,11,176
2476,2025-06-01,25,550
2477,2025-06-01,21,252
2478,2025-06-01,4,76
2479,2025-06-01,31,403
2480,2025-06-01,30,300
2481,2025-06-01,13,104
2482,2025-06-01,5,105
2483,2025-06-01,13,104
2484,2025-06-01,8,152
2485,2025-06-01,8,160
2486,2025-06-01,34,714
2487,2025-06-01,5,60
2488,2025-06-01,3,45
2489,2025-06-01,15,270
2490,2025-06-01,27,378
2491,2025-06-01,32,480
2492,2025-06-01,6,48
2493,2025-06-01,141,2538
2494,2025-06-01,5,80
2495,2025-06-01,126,1386
2496,2025-06-01,5,45
2497,2025-06-01,12,132
2498,2025-06-01,4,44
2499,2025-06-01,6,78
2500,2025-06-01,19,266
2501,2025-06-01,60,1320
2502,2025-06-01,3,39
2503,2025-06-01,59,1062
2504,2025-06-01,7,119
2505,2025-06-01,25,550
2506,2025-06-01,32,640
2507,2025-06-01,15,150
2508,2025-06-01,3,75
2509,2025-06-01,38,760
2510,2025-06-01,72,792
2511,2025-06-01,29,435
2512,2025-06-01,72,792
2513,2025-06-01,14,294
2514,2025-06-01,37,518
2515,2025-06-01,22,176
2516,2025-06-01,106,1908
2517,2025-06-01,11,110
2518,2025-06-01,10,220
2519,2025-06-01,37,925
2521,2025-06-01,4,80
2522,2025-06-01,43,387
2523,2025-06-01,3,57
2524,2025-06-01,8,88
2525,2025-06-01,10,100
2526,2025-06-01,3,66
2527,2025-06-01,29,319
2528,2025-06-01,12,216
2529,2025-06-01,3,57
2530,2025-06-01,11,99
2531,2025-06-01,42,840
2532,2025-06-01,144,1728
2533,2025-06-01,8,88
2534,2025-06-01,6,120
2535,2025-06-01,27,459
2536,2025-06-01,6,84
2537,2025-06-01,10,120
2538,2025-06-01,13,143
2539,2025-06-01,6,96
2540,2025-06-01,5,110
2541,2025-06-01,117,2340
2542,2025-06-01,11,275
2543,2025-06-01,3,51
2544,2025-06-01,244,4148
2545,2025-06-01,257,2056
2546,2025-06-01,2,22
2547,2025-06-01,177,3009
2548,2025-06-01,9,117
2549,2025-06-01,8,112
2550,2025-06-01,146,1168
2551,2025-06-01,11,176
2552,2025-06-01,2,46
2553,2025-06-01,25,275
2554,2025-06-01,15,315
2555,2025-06-01,30,570
2556,2025-06-01,2,40
2557,2025-06-01,3,60
2558,2025-06-01,7,140
2559,2025-06-01,7,154
2560,2025-06-01,6,120
2561,2025-06-01,6,90
2562,2025-06-01,35,525
2563,2025-06-01,4,44
2564,2025-06-01,2,24
2565,2025-06-01,30,570
2566,2025-06-01,4,48
2567,2025-06-01,27,648
2568,2025-06-01,22,352
2569,2025-06-01,9,216
2570,2025-06-01,25,300
2571,2025-06-01,20,260
2572,2025-06-01,14,280
2573,2025-06-01,15,135
2574,2025-06-01,9,180
2575,2025-06-01,9,117
2576,2025-06-01,36,792
2577,2025-06-01,14,112
2578,2025-06-01,7,98
2579,2025-06-01,9,180
2580,2025-06-01,6,90
2581,2025-06-01,9,207
2582,2025-06-01,8,120
2583,2025-06-01,27,486
2584,2025-06-01,12,276
2585,2025-06-01,18,198
2586,2025-06-01,5,40
2587,2025-06-01,4,100
2588,2025-06-01,3,36
2589,2025-06-01,17,255
2590,2025-06-01,8,184
2591,2025-06-01,3,51
2592,2025-06-01,4,80
2593,2025-06-01,5,115
2594,2025-06-01,24,264
2595,2025-06-01,6,144
2596,2025-06-01,8,200
2597,2025-06-01,34,476
2598,2025-06-01,2,44
2599,2025-06-01,4,92
2600,2025-06-01,5,80
2601,2025-06-01,3,63
2602,2025-06-01,35,770
2603,2025-06-01,25,500
1002,2025-07-01,7,70
1004,2025-07-01,1,12
1007,2025-07-01,28,280
1008,2025-07-01,25,325
1010,2025-07-01,3,27
1011,2025-07-01,37,629
1012,2025-07-01,57,1368
1013,2025-07-01,187,2431
1016,2025-07-01,8,184
1017,2025-07-01,2,32
1025,2025-07-01,28,588
1026,2025-07-01,216,4320
1027,2025-07-01,19,285
1028,2025-07-01,7,70
1029,2025-07-01,2,42
1033,2025-07-01,3,66
1036,2025-07-01,4,96
1038,2025-07-01,18,450
1039,2025-07-01,6,78
1040,2025-07-01,45,360
1042,2025-07-01,29,261
1043,2025-07-01,42,798
1045,2025-07-01,66,594
1048,2025-07-01,1,9
1051,2025-07-01,6,120
1053,2025-07-01,40,720
1057,2025-07-01,2,26
1059,2025-07-01,230,4370
1060,2025-07-01,16,352
1062,2025-07-01,41,369
1064,2025-07-01,87,1044
1065,2025-07-01,52,676
1067,2025-07-01,8,72
1069,2025-07-01,2,48
1071,2025-07-01,12,252
1072,2025-07-01,8,72
1078,2025-07-01,10,150
1079,2025-07-01,13,234
1080,2025-07-01,7,77
1085,2025-07-01,25,375
1088,2025-07-01,12,204
1089,2025-07-01,60,540
1091,2025-07-01,4,88
1092,2025-07-01,10,100
1093,2025-07-01,88,1056
1094,2025-07-01,35,630
1096,2025-07-01,8,160
1098,2025-07-01,52,884
1099,2025-07-01,10,120
1102,2025-07-01,6,108
1107,2025-07-01,9,135
1110,2025-07-01,10,90
1111,2025-07-01,7,154
1112,2025-07-01,7,63
1113,2025-07-01,46,690
1115,2025-07-01,102,2244
1116,2025-07-01,5,85
1117,2025-07-01,1,8
1124,2025-07-01,17,391
1126,2025-07-01,8,104
1127,2025-07-01,30,240
1129,2025-07-01,1,16
1130,2025-07-01,2,38
1131,2025-07-01,5,80
1134,2025-07-01,29,609
1137,2025-07-01,1,14
1139,2025-07-01,3,42
1140,2025-07-01,37,666
1143,2025-07-01,62,1302
1144,2025-07-01,23,184
1146,2025-07-01,12,192
1147,2025-07-01,20,320
1148,2025-07-01,4,92
1151,2025-07-01,18,306
1152,2025-07-01,7,105
1153,2025-07-01,8,88
1154,2025-07-01,42,882
1157,2025-07-01,42,756
1158,2025-07-01,4,92
1160,2025-07-01,6,138
1161,2025-07-01,1,8
1164,2025-07-01,2,26
1167,2025-07-01,11,121
1168,2025-07-01,12,216
1170,2025-07-01,27,270
1172,2025-07-01,50,550
1174,2025-07-01,18,270
1175,2025-07-01,13,247
1177,2025-07-01,3,45
1178,2025-07-01,2,40
1179,2025-07-01,13,286
1181,2025-07-01,10,130
1183,2025-07-01,8,128
1184,2025-07-01,4,96
1185,2025-07-01,20,340
1186,2025-07-01,22,176
1187,2025-07-01,79,1817
1188,2025-07-01,8,184
1189,2025-07-01,30,510
1192,2025-07-01,13,208
1194,2025-07-01,41,410
1195,2025-07-01,6,48
1196,2025-07-01,20,500
1197,2025-07-01,2,34
1198,2025-07-01,12,96
1199,2025-07-01,32,672
1200,2025-07-01,257,3084
1202,2025-07-01,0,0
1203,2025-07-01,61,610
1205,2025-07-01,2,34
1207,2025-07-01,16,192
1208,2025-07-01,38,950
1209,2025-07-01,7,126
1210,2025-07-01,3,33
1211,2025-07-01,13,312
1212,2025-07-01,22,418
1213,2025-07-01,196,4900
1214,2025-07-01,2,16
1216,2025-07-01,8,120
1219,2025-07-01,7,140
1221,2025-07-01,9,144
1222,2025-07-01,35,560
1223,2025-07-01,15,195
1227,2025-07-01,34,782
1229,2025-07-01,10,90
1231,2025-07-01,39,897
1234,2025-07-01,67,1675
1235,2025-07-01,9,117
1237,2025-07-01,1,20
1238,2025-07-01,1,20
1241,2025-07-01,3,36
1242,2025-07-01,54,972
1244,2025-07-01,5,70
1245,2025-07-01,7,70
1246,2025-07-01,5,55
1247,2025-07-01,2,22
1249,2025-07-01,3,42
1250,2025-07-01,21,210
1256,2025-07-01,13,273
1257,2025-07-01,10,150
1258,2025-07-01,16,192
1259,2025-07-01,147,3528
1261,2025-07-01,113,1017
1262,2025-07-01,362,2896
1263,2025-07-01,7,98
1265,2025-07-01,26,494
1266,2025-07-01,61,732
1267,2025-07-01,4,88
1268,2025-07-01,95,2185
1270,2025-07-01,211,2743
1271,2025-07-01,3,63
1273,2025-07-01,5,95
1274,2025-07-01,153,2601
1275,2025-07-01,65,1625
1279,2025-07-01,6,84
1281,2025-07-01,38,570
1282,2025-07-01,8,136
1284,2025-07-01,117,2457
1285,2025-07-01,45,495
1287,2025-07-01,110,1320
1288,2025-07-01,3,42
1289,2025-07-01,26,338
1291,2025-07-01,60,960
1297,2025-07-01,3,66
1299,2025-07-01,2,38
1301,2025-07-01,3,75
1302,2025-07-01,12,108
1304,2025-07-01,17,289
1305,2025-07-01,41,1025
1307,2025-07-01,11,176
1308,2025-07-01,9,72
1309,2025-07-01,12,204
1310,2025-07-01,71,1278
1312,2025-07-01,6,84
1314,2025-07-01,9,144
1315,2025-07-01,15,210
1317,2025-07-01,5,45
1318,2025-07-01,23,253
1320,2025-07-01,9,108
1321,2025-07-01,7,133
1322,2025-07-01,107,1284
1323,2025-07-01,14,126
1326,2025-07-01,15,330
1327,2025-07-01,81,1863
1329,2025-07-01,16,384
1332,2025-07-01,3,48
1333,2025-07-01,22,506
1334,2025-07-01,28,336
1335,2025-07-01,13,286
1336,2025-07-01,8,136
1337,2025-07-01,87,696
1338,2025-07-01,10,220
1339,2025-07-01,55,660
1340,2025-07-01,15,315
1341,2025-07-01,42,756
1342,2025-07-01,22,418
1343,2025-07-01,23,345
1344,2025-07-01,1,14
1346,2025-07-01,29,667
1347,2025-07-01,4,68
1348,2025-07-01,7,63
1351,2025-07-01,9,108
1352,2025-07-01,30,690
1353,2025-07-01,2,30
1354,2025-07-01,2,38
1355,2025-07-01,59,944
1356,2025-07-01,7,105
1358,2025-07-01,60,540
1363,2025-07-01,53,689
1364,2025-07-01,21,294
1367,2025-07-01,5,50
1369,2025-07-01,3,42
1372,2025-07-01,22,484
1373,2025-07-01,64,896
1374,2025-07-01,5,110
1375,2025-07-01,151,3775
1378,2025-07-01,66,1452
1380,2025-07-01,4,100
1381,2025-07-01,8,152
1385,2025-07-01,3,30
1386,2025-07-01,6,60
1387,2025-07-01,2,50
1388,2025-07-01,2,20
1389,2025-07-01,26,260
1393,2025-07-01,21,189
1394,2025-07-01,11,132
1395,2025-07-01,15,375
1397,2025-07-01,5,110
1400,2025-07-01,58,638
1402,2025-07-01,30,570
1403,2025-07-01,6,48
1404,2025-07-01,9,225
1405,2025-07-01,17,425
1409,2025-07-01,11,231
1410,2025-07-01,38,836
1411,2025-07-01,5,125
1413,2025-07-01,3,30
1414,2025-07-01,7,147
1416,2025-07-01,6,90
1417,2025-07-01,23,322
1419,2025-07-01,7,119
1420,2025-07-01,84,1008
1422,2025-07-01,51,510
1426,2025-07-01,1,12
1427,2025-07-01,2,34
1428,2025-07-01,76,988
1432,2025-07-01,7,112
1434,2025-07-01,2,40
1435,2025-07-01,8,88
1436,2025-07-01,42,420
1437,2025-07-01,6,66
1438,2025-07-01,15,165
1439,2025-07-01,42,588
1441,2025-07-01,7,84
1444,2025-07-01,30,660
1445,2025-07-01,4,32
1447,2025-07-01,29,319
1448,2025-07-01,59,1180
1449,2025-07-01,0,0
1450,2025-07-01,17,391
1451,2025-07-01,8,176
1452,2025-07-01,70,1400
1455,2025-07-01,28,336
1457,2025-07-01,66,660
1458,2025-07-01,39,546
1461,2025-07-01,3,36
1462,2025-07-01,9,180
1464,2025-07-01,6,126
1466,2025-07-01,6,48
1468,2025-07-01,18,270
1470,2025-07-01,2,50
1471,2025-07-01,301,2408
1474,2025-07-01,52,1144
1476,2025-07-01,135,2160
1477,2025-07-01,6,78
1478,2025-07-01,7,175
1479,2025-07-01,2,32
1481,2025-07-01,91,1092
1483,2025-07-01,21,462
1486,2025-07-01,16,304
1487,2025-07-01,23,276
1490,2025-07-01,9,216
1491,2025-07-01,0,0
1494,2025-07-01,32,256
1495,2025-07-01,9,171
1496,2025-07-01,10,80
1497,2025-07-01,1,12
1498,2025-07-01,5,105
1499,2025-07-01,22,484
1500,2025-07-01,2,16
1503,2025-07-01,12,240
1505,2025-07-01,6,102
1507,2025-07-01,2,24
1509,2025-07-01,4,64
1510,2025-07-01,13,273
1512,2025-07-01,6,126
1513,2025-07-01,1,22
1514,2025-07-01,13,312
1516,2025-07-01,3,72
1517,2025-07-01,23,506
1520,2025-07-01,18,306
1521,2025-07-01,6,72
1522,2025-07-01,23,253
1523,2025-07-01,8,160
1524,2025-07-01,247,4199
1525,2025-07-01,25,550
1526,2025-07-01,55,495
1527,2025-07-01,4,48
1528,2025-07-01,38,570
1529,2025-07-01,3,36
1530,2025-07-01,60,780
1531,2025-07-01,5,60
1533,2025-07-01,50,1250
1534,2025-07-01,6,90
1536,2025-07-01,8,168
1537,2025-07-01,9,162
1539,2025-07-01,83,747
1540,2025-07-01,25,600
1541,2025-07-01,66,1650
1542,2025-07-01,12,288
1544,2025-07-01,10,250
1545,2025-07-01,54,594
1546,2025-07-01,60,660
1553,2025-07-01,142,1562
1554,2025-07-01,21,315
1555,2025-07-01,5,85
1556,2025-07-01,9,189
1557,2025-07-01,29,696
1558,2025-07-01,11,253
1559,2025-07-01,30,690
1561,2025-07-01,10,100
1562,2025-07-01,7,175
1563,2025-07-01,4,48
1564,2025-07-01,20,440
1565,2025-07-01,2,38
1566,2025-07-01,1,13
1568,2025-07-01,2,28
1569,2025-07-01,265,3710
1570,2025-07-01,28,308
1572,2025-07-01,11,165
1574,2025-07-01,19,209
1575,2025-07-01,61,915
1576,2025-07-01,2,26
1578,2025-07-01,8,176
1579,2025-07-01,8,128
1580,2025-07-01,27,513
1581,2025-07-01,58,1276
1582,2025-07-01,4,60
1583,2025-07-01,89,1513
1585,2025-07-01,48,480
1586,2025-07-01,1,14
1587,2025-07-01,4,68
1592,2025-07-01,29,522
1593,2025-07-01,5,45
1594,2025-07-01,9,162
1596,2025-07-01,18,180
1597,2025-07-01,5,90
1598,2025-07-01,133,2261
1600,2025-07-01,24,288
1603,2025-07-01,7,147
1605,2025-07-01,62,930
1607,2025-07-01,11,209
1608,2025-07-01,4,72
1609,2025-07-01,85,1785
1610,2025-07-01,54,1242
1611,2025-07-01,16,288
1612,2025-07-01,100,900
1613,2025-07-01,9,81
1615,2025-07-01,6,96
1617,2025-07-01,19,323
1620,2025-07-01,145,1885
1621,2025-07-01,5,95
1622,2025-07-01,9,180
1625,2025-07-01,9,90
1626,2025-07-01,34,714
1627,2025-07-01,7,126
1629,2025-07-01,5,105
1630,2025-07-01,74,1776
1631,2025-07-01,50,750
1634,2025-07-01,19,228
1635,2025-07-01,40,400
1637,2025-07-01,7,112
1638,2025-07-01,32,320
1639,2025-07-01,4,44
1640,2025-07-01,37,629
1641,2025-07-01,14,140
1642,2025-07-01,6,114
1643,2025-07-01,2,38
1645,2025-07-01,3,36
1646,2025-07-01,168,2856
1649,2025-07-01,3,51
1650,2025-07-01,44,1012
1651,2025-07-01,5,70
1652,2025-07-01,10,110
1653,2025-07-01,11,220
1656,2025-07-01,46,598
1657,2025-07-01,32,800
1658,2025-07-01,3,63
1659,2025-07-01,7,140
1660,2025-07-01,10,100
1663,2025-07-01,2,36
1666,2025-07-01,8,104
1667,2025-07-01,3,51
1668,2025-07-01,5,70
1670,2025-07-01,5,110
1672,2025-07-01,22,198
1674,2025-07-01,30,300
1675,2025-07-01,8,112
1677,2025-07-01,29,319
1678,2025-07-01,19,171
1679,2025-07-01,2,44
1680,2025-07-01,3,63
1681,2025-07-01,24,456
1682,2025-07-01,1,19
1683,2025-07-01,8,144
1684,2025-07-01,28,532
1686,2025-07-01,9,90
1687,2025-07-01,6,48
1688,2025-07-01,2,24
1689,2025-07-01,103,1751
1690,2025-07-01,7,63
1691,2025-07-01,4,92
1692,2025-07-01,7,126
1694,2025-07-01,28,616
1695,2025-07-01,7,168
1696,2025-07-01,2,32
1697,2025-07-01,36,504
1699,2025-07-01,27,675
1700,2025-07-01,2,46
1702,2025-07-01,11,220
1703,2025-07-01,2,44
1704,2025-07-01,1,22
1705,2025-07-01,6,48
1707,2025-07-01,42,378
1708,2025-07-01,76,1748
1709,2025-07-01,6,78
1710,2025-07-01,4,48
1711,2025-07-01,87,957
1712,2025-07-01,9,171
1713,2025-07-01,6,150
1714,2025-07-01,90,1440
1715,2025-07-01,7,133
1716,2025-07-01,4,68
1718,2025-07-01,9,153
1719,2025-07-01,44,880
1720,2025-07-01,3,66
1721,2025-07-01,13,182
1722,2025-07-01,19,285
1723,2025-07-01,4,88
1725,2025-07-01,124,1612
1727,2025-07-01,7,70
1728,2025-07-01,5,55
1730,2025-07-01,3,48
1731,2025-07-01,16,384
1732,2025-07-01,5,95
1734,2025-07-01,9,90
1736,2025-07-01,11,220
1737,2025-07-01,6,150
1738,2025-07-01,33,429
1739,2025-07-01,96,2304
1740,2025-07-01,16,224
1741,2025-07-01,28,504
1743,2025-07-01,25,200
1745,2025-07-01,31,775
1746,2025-07-01,21,504
1747,2025-07-01,6,54
1748,2025-07-01,8,88
1749,2025-07-01,5,70
1750,2025-07-01,4,40
1751,2025-07-01,286,6864
1752,2025-07-01,24,240
1754,2025-07-01,2,26
1755,2025-07-01,2,50
1756,2025-07-01,36,828
1758,2025-07-01,12,300
1759,2025-07-01,100,2400
1760,2025-07-01,24,408
1761,2025-07-01,6,102
1762,2025-07-01,3,30
1763,2025-07-01,35,735
1764,2025-07-01,3,69
1765,2025-07-01,33,330
1766,2025-07-01,21,378
1767,2025-07-01,75,1875
1769,2025-07-01,9,189
1770,2025-07-01,11,209
1771,2025-07-01,11,110
1772,2025-07-01,33,396
1773,2025-07-01,66,726
1774,2025-07-01,51,867
1776,2025-07-01,4,32
1778,2025-07-01,3,63
1779,2025-07-01,9,72
1780,2025-07-01,8,160
1781,2025-07-01,2,34
1782,2025-07-01,4,84
1783,2025-07-01,35,420
1784,2025-07-01,5,55
1786,2025-07-01,11,132
1787,2025-07-01,60,480
1788,2025-07-01,37,703
1789,2025-07-01,3,39
1790,2025-07-01,1,18
1791,2025-07-01,32,512
1793,2025-07-01,4,88
1794,2025-07-01,6,150
1796,2025-07-01,42,420
1797,2025-07-01,33,726
1799,2025-07-01,11,198
1800,2025-07-01,9,72
1801,2025-07-01,38,494
1802,2025-07-01,116,2668
1803,2025-07-01,4,76
1804,2025-07-01,6,48
1805,2025-07-01,6,144
1806,2025-07-01,24,528
1808,2025-07-01,5,70
1809,2025-07-01,23,368
1810,2025-07-01,5,125
1811,2025-07-01,2,30
1812,2025-07-01,10,250
1813,2025-07-01,3,66
1814,2025-07-01,23,552
1817,2025-07-01,31,279
1818,2025-07-01,24,600
1819,2025-07-01,9,207
1820,2025-07-01,5,105
1821,2025-07-01,10,110
1823,2025-07-01,15,345
1824,2025-07-01,1,24
1825,2025-07-01,17,357
1828,2025-07-01,18,306
1829,2025-07-01,3,30
1830,2025-07-01,10,110
1831,2025-07-01,6,54
1832,2025-07-01,3,33
1833,2025-07-01,8,176
1834,2025-07-01,15,195
1835,2025-07-01,0,0
1837,2025-07-01,13,247
1838,2025-07-01,6,126
1839,2025-07-01,3,27
1840,2025-07-01,35,665
1841,2025-07-01,21,210
1844,2025-07-01,13,130
1845,2025-07-01,3,24
1846,2025-07-01,167,1336
1848,2025-07-01,7,105
1849,2025-07-01,31,775
1850,2025-07-01,3,72
1851,2025-07-01,21,168
1852,2025-07-01,10,80
1853,2025-07-01,2,48
1854,2025-07-01,6,138
1855,2025-07-01,8,160
1856,2025-07-01,1,16
1857,2025-07-01,43,430
1858,2025-07-01,55,440
1859,2025-07-01,2,50
1864,2025-07-01,43,946
1865,2025-07-01,16,384
1866,2025-07-01,17,340
1867,2025-07-01,1,12
1868,2025-07-01,23,506
1869,2025-07-01,48,960
1870,2025-07-01,4,80
1871,2025-07-01,13,104
1872,2025-07-01,9,207
1873,2025-07-01,6,84
1874,2025-07-01,12,204
1875,2025-07-01,11,143
1877,2025-07-01,2,48
1879,2025-07-01,32,416
1880,2025-07-01,3,36
1881,2025-07-01,53,636
1882,2025-07-01,13,260
1883,2025-07-01,23,230
1884,2025-07-01,25,475
1886,2025-07-01,3,45
1888,2025-07-01,27,486
1890,2025-07-01,11,242
1891,2025-07-01,2,50
1892,2025-07-01,55,1375
1893,2025-07-01,6,72
1895,2025-07-01,43,602
1896,2025-07-01,15,300
1897,2025-07-01,7,63
1898,2025-07-01,16,320
1899,2025-07-01,43,387
1900,2025-07-01,5,115
1901,2025-07-01,6,150
1902,2025-07-01,45,630
1903,2025-07-01,19,304
1906,2025-07-01,22,286
1907,2025-07-01,14,322
1909,2025-07-01,2,36
1910,2025-07-01,7,91
1911,2025-07-01,2,34
1912,2025-07-01,242,2420
1913,2025-07-01,27,432
1914,2025-07-01,116,1392
1915,2025-07-01,44,924
1917,2025-07-01,34,306
1919,2025-07-01,23,483
1921,2025-07-01,4,80
1922,2025-07-01,5,55
1924,2025-07-01,26,234
1925,2025-07-01,2,36
1927,2025-07-01,2,32
1929,2025-07-01,5,90
1931,2025-07-01,9,189
1933,2025-07-01,50,600
1934,2025-07-01,10,210
1935,2025-07-01,54,486
1936,2025-07-01,49,686
1937,2025-07-01,2,40
1938,2025-07-01,87,1653
1939,2025-07-01,2,50
1940,2025-07-01,20,400
1941,2025-07-01,17,221
1942,2025-07-01,5,70
1943,2025-07-01,14,308
1944,2025-07-01,145,2465
1946,2025-07-01,9,126
1947,2025-07-01,6,60
1948,2025-07-01,19,323
1949,2025-07-01,6,102
1950,2025-07-01,18,162
1951,2025-07-01,4,84
1953,2025-07-01,2,30
1955,2025-07-01,3,57
1956,2025-07-01,12,120
1957,2025-07-01,7,140
1959,2025-07-01,37,333
1960,2025-07-01,30,510
1962,2025-07-01,10,190
1963,2025-07-01,53,1272
1964,2025-07-01,24,312
1965,2025-07-01,12,216
1966,2025-07-01,5,65
1967,2025-07-01,24,288
1970,2025-07-01,65,1040
1971,2025-07-01,18,252
1972,2025-07-01,18,324
1973,2025-07-01,211,2743
1975,2025-07-01,105,1995
1976,2025-07-01,22,352
1979,2025-07-01,9,225
1980,2025-07-01,8,144
1981,2025-07-01,50,750
1982,2025-07-01,9,135
1987,2025-07-01,10,110
1988,2025-07-01,14,294
1989,2025-07-01,7,175
1990,2025-07-01,3,27
1991,2025-07-01,8,184
1992,2025-07-01,5,45
1993,2025-07-01,58,638
1994,2025-07-01,1,23
1995,2025-07-01,6,48
1996,2025-07-01,5,125
1998,2025-07-01,6,66
1999,2025-07-01,53,795
2000,2025-07-01,48,864
2001,2025-07-01,5,45
2005,2025-07-01,2,36
2006,2025-07-01,42,462
2007,2025-07-01,4,72
2008,2025-07-01,16,144
2009,2025-07-01,96,2208
2012,2025-07-01,59,1003
2015,2025-07-01,53,742
2016,2025-07-01,7,70
2017,2025-07-01,15,375
2018,2025-07-01,28,672
2019,2025-07-01,47,940
2020,2025-07-01,9,189
2021,2025-07-01,39,858
2022,2025-07-01,29,377
2023,2025-07-01,3,24
2024,2025-07-01,8,112
2025,2025-07-01,3,48
2026,2025-07-01,26,416
2028,2025-07-01,36,720
2029,2025-07-01,11,110
2030,2025-07-01,40,560
2031,2025-07-01,8,80
2032,2025-07-01,6,60
2033,2025-07-01,9,189
2035,2025-07-01,8,176
2036,2025-07-01,11,132
2037,2025-07-01,1,10
2038,2025-07-01,25,250
2039,2025-07-01,153,3825
2040,2025-07-01,37,888
2042,2025-07-01,3,27
2043,2025-07-01,7,168
2044,2025-07-01,6,126
2045,2025-07-01,4,36
2046,2025-07-01,30,330
2049,2025-07-01,55,550
2050,2025-07-01,9,207
2051,2025-07-01,5,70
2052,2025-07-01,19,361
2053,2025-07-01,6,138
2054,2025-07-01,8,192
2055,2025-07-01,7,140
2057,2025-07-01,15,225
2058,2025-07-01,10,120
2059,2025-07-01,0,0
2060,2025-07-01,7,105
2061,2025-07-01,45,945
2062,2025-07-01,101,1313
2063,2025-07-01,5,70
2064,2025-07-01,8,152
2068,2025-07-01,10,170
2070,2025-07-01,7,77
2071,2025-07-01,13,312
2072,2025-07-01,64,960
2073,2025-07-01,8,192
2074,2025-07-01,44,616
2075,2025-07-01,3,42
2076,2025-07-01,59,649
2077,2025-07-01,8,176
2078,2025-07-01,25,375
2079,2025-07-01,112,1568
2080,2025-07-01,6,114
2083,2025-07-01,16,144
2084,2025-07-01,3,51
2085,2025-07-01,113,2486
2086,2025-07-01,6,54
2087,2025-07-01,19,456
2088,2025-07-01,6,120
2090,2025-07-01,8,64
2091,2025-07-01,37,888
2092,2025-07-01,12,168
2094,2025-07-01,13,299
2095,2025-07-01,53,954
2096,2025-07-01,94,1316
2097,2025-07-01,3,60
2100,2025-07-01,12,276
2101,2025-07-01,111,2331
2102,2025-07-01,10,110
2103,2025-07-01,21,420
2104,2025-07-01,17,153
2105,2025-07-01,31,682
2106,2025-07-01,19,228
2107,2025-07-01,6,120
2108,2025-07-01,200,1800
2109,2025-07-01,27,270
2111,2025-07-01,37,740
2112,2025-07-01,8,176
2113,2025-07-01,1,16
2114,2025-07-01,8,152
2115,2025-07-01,20,300
2116,2025-07-01,7,119
2118,2025-07-01,21,441
2119,2025-07-01,11,242
2120,2025-07-01,30,450
2121,2025-07-01,13,312
2123,2025-07-01,103,824
2124,2025-07-01,29,261
2126,2025-07-01,8,168
2127,2025-07-01,31,527
2128,2025-07-01,28,336
2129,2025-07-01,1,25
2130,2025-07-01,4,80
2131,2025-07-01,35,805
2132,2025-07-01,44,924
2133,2025-07-01,8,112
2134,2025-07-01,1,22
2135,2025-07-01,13,247
2136,2025-07-01,9,153
2137,2025-07-01,21,273
2138,2025-07-01,26,624
2139,2025-07-01,25,500
2141,2025-07-01,4,68
2142,2025-07-01,4,64
2143,2025-07-01,25,425
2144,2025-07-01,85,1955
2145,2025-07-01,25,400
2146,2025-07-01,5,95
2147,2025-07-01,22,176
2148,2025-07-01,58,1450
2149,2025-07-01,113,2373
2150,2025-07-01,26,598
2151,2025-07-01,1,16
2152,2025-07-01,7,63
2153,2025-07-01,73,584
2154,2025-07-01,7,70
2155,2025-07-01,23,460
2156,2025-07-01,13,208
2157,2025-07-01,13,312
2158,2025-07-01,33,726
2159,2025-07-01,42,336
2160,2025-07-01,4,88
2161,2025-07-01,51,459
2163,2025-07-01,5,85
2164,2025-07-01,5,120
2165,2025-07-01,9,108
2166,2025-07-01,7,161
2167,2025-07-01,10,90
2169,2025-07-01,127,2794
2170,2025-07-01,2,44
2171,2025-07-01,28,672
2172,2025-07-01,133,1862
2174,2025-07-01,45,675
2175,2025-07-01,8,88
2177,2025-07-01,220,4180
2178,2025-07-01,15,120
2179,2025-07-01,9,126
2180,2025-07-01,12,180
2181,2025-07-01,49,490
2182,2025-07-01,6,126
2183,2025-07-01,114,2736
2185,2025-07-01,10,130
2186,2025-07-01,15,360
2187,2025-07-01,23,391
2188,2025-07-01,31,558
2189,2025-07-01,113,1808
2191,2025-07-01,5,115
2193,2025-07-01,64,512
2195,2025-07-01,6,78
2196,2025-07-01,12,216
2197,2025-07-01,16,256
2198,2025-07-01,3,60
2200,2025-07-01,74,1258
2202,2025-07-01,5,115
2204,2025-07-01,80,1200
2207,2025-07-01,112,2688
2208,2025-07-01,9,216
2209,2025-07-01,17,136
2210,2025-07-01,10,160
2211,2025-07-01,3,45
2212,2025-07-01,130,3250
2213,2025-07-01,251,4016
2214,2025-07-01,5,125
2215,2025-07-01,5,65
2216,2025-07-01,32,576
2217,2025-07-01,111,2220
2218,2025-07-01,3,48
2219,2025-07-01,45,945
2220,2025-07-01,9,99
2221,2025-07-01,17,340
2222,2025-07-01,2,36
2224,2025-07-01,173,4325
2225,2025-07-01,4,64
2226,2025-07-01,11,99
2227,2025-07-01,2,16
2229,2025-07-01,18,360
2230,2025-07-01,5,75
2231,2025-07-01,4,56
2232,2025-07-01,7,105
2233,2025-07-01,19,190
2234,2025-07-01,17,408
2236,2025-07-01,40,320
2237,2025-07-01,7,98
2238,2025-07-01,17,204
2239,2025-07-01,16,160
2240,2025-07-01,24,432
2241,2025-07-01,8,88
2242,2025-07-01,7,77
2243,2025-07-01,23,253
2244,2025-07-01,6,120
2245,2025-07-01,29,319
2246,2025-07-01,5,85
2248,2025-07-01,37,407
2249,2025-07-01,1,24
2250,2025-07-01,8,88
2251,2025-07-01,25,400
2252,2025-07-01,15,315
2254,2025-07-01,14,224
2256,2025-07-01,3,30
2258,2025-07-01,10,150
2260,2025-07-01,7,126
2261,2025-07-01,8,192
2262,2025-07-01,10,250
2263,2025-07-01,3,30
2264,2025-07-01,0,0
2265,2025-07-01,17,323
2266,2025-07-01,3,30
2267,2025-07-01,10,90
2270,2025-07-01,6,126
2271,2025-07-01,26,390
2273,2025-07-01,6,78
2274,2025-07-01,14,140
2276,2025-07-01,8,152
2279,2025-07-01,3,30
2280,2025-07-01,12,156
2281,2025-07-01,56,1288
2283,2025-07-01,14,182
2284,2025-07-01,49,490
2285,2025-07-01,6,54
2286,2025-07-01,10,190
2287,2025-07-01,119,2023
2288,2025-07-01,198,2574
2289,2025-07-01,54,756
2290,2025-07-01,5,40
2291,2025-07-01,4,76
2292,2025-07-01,5,65
2293,2025-07-01,11,264
2294,2025-07-01,6,126
2295,2025-07-01,72,792
2296,2025-07-01,6,132
2297,2025-07-01,12,192
2299,2025-07-01,13,130
2301,2025-07-01,6,120
2302,2025-07-01,7,168
2303,2025-07-01,294,7350
2304,2025-07-01,25,400
2305,2025-07-01,6,132
2306,2025-07-01,59,1475
2307,2025-07-01,12,108
2308,2025-07-01,12,120
2309,2025-07-01,33,528
2310,2025-07-01,2,22
2311,2025-07-01,3,57
2312,2025-07-01,9,180
2313,2025-07-01,45,945
2314,2025-07-01,3,33
2315,2025-07-01,12,96
2316,2025-07-01,4,72
2317,2025-07-01,14,322
2319,2025-07-01,4,68
2320,2025-07-01,11,231
2321,2025-07-01,12,96
2322,2025-07-01,7,154
2323,2025-07-01,43,559
2325,2025-07-01,10,230
2326,2025-07-01,16,240
2327,2025-07-01,31,403
2328,2025-07-01,37,703
2329,2025-07-01,33,627
2330,2025-07-01,155,1705
2333,2025-07-01,48,960
2334,2025-07-01,16,352
2335,2025-07-01,4,32
2336,2025-07-01,6,96
2337,2025-07-01,8,120
2338,2025-07-01,11,187
2339,2025-07-01,17,255
2340,2025-07-01,34,816
2341,2025-07-01,7,133
2343,2025-07-01,13,182
2344,2025-07-01,1,8
2345,2025-07-01,15,255
2346,2025-07-01,33,693
2348,2025-07-01,53,530
2349,2025-07-01,20,460
2350,2025-07-01,1,12
2351,2025-07-01,3,69
2352,2025-07-01,23,437
2354,2025-07-01,13,104
2356,2025-07-01,24,456
2357,2025-07-01,4,60
2358,2025-07-01,5,85
2359,2025-07-01,1,23
2360,2025-07-01,5,80
2361,2025-07-01,4,92
2362,2025-07-01,8,176
2363,2025-07-01,3,36
2364,2025-07-01,54,1350
2365,2025-07-01,16,128
2367,2025-07-01,17,425
2368,2025-07-01,7,175
2369,2025-07-01,13,143
2370,2025-07-01,42,1008
2371,2025-07-01,2,44
2372,2025-07-01,26,572
2376,2025-07-01,9,180
2377,2025-07-01,8,96
2378,2025-07-01,17,238
2379,2025-07-01,3,54
2380,2025-07-01,11,220
2381,2025-07-01,23,575
2382,2025-07-01,8,192
2383,2025-07-01,40,760
2384,2025-07-01,4,96
2385,2025-07-01,2,38
2386,2025-07-01,2,24
2387,2025-07-01,12,144
2389,2025-07-01,24,288
2390,2025-07-01,25,625
2391,2025-07-01,23,575
2393,2025-07-01,14,322
2394,2025-07-01,7,70
2395,2025-07-01,5,100
2396,2025-07-01,16,304
2397,2025-07-01,15,255
2398,2025-07-01,29,522
2399,2025-07-01,26,572
2401,2025-07-01,35,455
2402,2025-07-01,6,54
2403,2025-07-01,5,65
2404,2025-07-01,10,140
2405,2025-07-01,10,150
2406,2025-07-01,5,55
2408,2025-07-01,2,18
2410,2025-07-01,20,420
2411,2025-07-01,155,1395
2413,2025-07-01,38,874
2414,2025-07-01,24,504
2415,2025-07-01,13,208
2416,2025-07-01,155,2325
2418,2025-07-01,172,2064
2419,2025-07-01,9,180
2420,2025-07-01,8,96
2421,2025-07-01,216,3672
2422,2025-07-01,4,32
2423,2025-07-01,19,209
2424,2025-07-01,10,130
2425,2025-07-01,11,242
2426,2025-07-01,14,308
2427,2025-07-01,7,147
2428,2025-07-01,28,308
2429,2025-07-01,86,688
2430,2025-07-01,4,48
2431,2025-07-01,3,33
2432,2025-07-01,6,108
2433,2025-07-01,23,529
2435,2025-07-01,57,912
2436,2025-07-01,1,22
2437,2025-07-01,98,1960
2439,2025-07-01,29,464
2440,2025-07-01,27,648
2441,2025-07-01,6,102
2442,2025-07-01,14,280
2443,2025-07-01,3,66
2444,2025-07-01,6,54
2445,2025-07-01,42,420
2447,2025-07-01,31,620
2448,2025-07-01,6,144
2449,2025-07-01,4,60
2450,2025-07-01,30,750
2451,2025-07-01,6,144
2452,2025-07-01,11,88
2453,2025-07-01,14,126
2454,2025-07-01,6,138
2455,2025-07-01,30,330
2456,2025-07-01,6,150
2457,2025-07-01,28,224
2458,2025-07-01,3,24
2459,2025-07-01,4,36
2460,2025-07-01,8,184
2461,2025-07-01,3,63
2462,2025-07-01,9,180
2463,2025-07-01,8,200
2464,2025-07-01,25,225
2465,2025-07-01,7,63
2466,2025-07-01,20,180
2467,2025-07-01,7,70
2469,2025-07-01,112,1456
2470,2025-07-01,26,572
2471,2025-07-01,41,574
2472,2025-07-01,7,175
2473,2025-07-01,8,184
2474,2025-07-01,76,1824
2475,2025-07-01,13,143
2476,2025-07-01,34,748
2477,2025-07-01,24,192
2478,2025-07-01,2,16
2479,2025-07-01,32,448
2480,2025-07-01,25,200
2481,2025-07-01,11,121
2482,2025-07-01,5,110
2483,2025-07-01,13,156
2484,2025-07-01,8,160
2485,2025-07-01,7,91
2486,2025-07-01,26,442
2488,2025-07-01,3,27
2489,2025-07-01,14,266
2491,2025-07-01,31,465
2492,2025-07-01,7,147
2493,2025-07-01,139,1668
2494,2025-07-01,4,76
2495,2025-07-01,86,1204
2496,2025-07-01,5,75
2497,2025-07-01,14,350
2498,2025-07-01,4,72
2499,2025-07-01,6,84
2500,2025-07-01,24,600
2501,2025-07-01,60,1500
2502,2025-07-01,3,39
2503,2025-07-01,43,387
2504,2025-07-01,9,153
2505,2025-07-01,23,460
2506,2025-07-01,38,950
2507,2025-07-01,14,168
2508,2025-07-01,2,40
2509,2025-07-01,39,390
2510,2025-07-01,76,1900
2511,2025-07-01,32,640
2512,2025-07-01,80,1360
2513,2025-07-01,11,231
2514,2025-07-01,33,759
2515,2025-07-01,24,360
2516,2025-07-01,115,2530
2517,2025-07-01,12,180
2518,2025-07-01,11,132
2519,2025-07-01,41,738
2521,2025-07-01,5,75
2522,2025-07-01,47,987
2524,2025-07-01,8,168
2525,2025-07-01,13,234
2526,2025-07-01,4,76
2527,2025-07-01,37,518
2528,2025-07-01,11,253
2530,2025-07-01,13,221
2531,2025-07-01,42,588
2532,2025-07-01,145,2465
2533,2025-07-01,8,64
2534,2025-07-01,7,56
2535,2025-07-01,29,435
2536,2025-07-01,5,105
2537,2025-07-01,9,72
2538,2025-07-01,13,312
2539,2025-07-01,7,133
2540,2025-07-01,6,126
2541,2025-07-01,132,1980
2542,2025-07-01,9,225
2543,2025-07-01,3,36
2544,2025-07-01,252,6300
2545,2025-07-01,259,3626
2546,2025-07-01,2,46
2547,2025-07-01,159,2544
2548,2025-07-01,11,99
2549,2025-07-01,9,225
2550,2025-07-01,142,1988
2551,2025-07-01,10,240
2552,2025-07-01,2,24
2553,2025-07-01,25,450
2554,2025-07-01,18,162
2555,2025-07-01,33,429
2557,2025-07-01,3,48
2558,2025-07-01,9,81
2559,2025-07-01,6,144
2560,2025-07-01,7,119
2562,2025-07-01,39,663
2563,2025-07-01,4,48
2564,2025-07-01,2,32
2565,2025-07-01,32,800
2566,2025-07-01,5,100
2567,2025-07-01,26,598
2568,2025-07-01,32,384
2569,2025-07-01,8,96
2571,2025-07-01,19,247
2572,2025-07-01,12,204
2573,2025-07-01,14,350
2574,2025-07-01,9,108
2575,2025-07-01,9,108
2576,2025-07-01,44,1012
2577,2025-07-01,10,130
2578,2025-07-01,5,125
2579,2025-07-01,8,176
2580,2025-07-01,5,105
2581,2025-07-01,7,147
2582,2025-07-01,7,91
2583,2025-07-01,33,264
2584,2025-07-01,14,238
2585,2025-07-01,19,209
2586,2025-07-01,7,112
2587,2025-07-01,3,42
2588,2025-07-01,2,16
2589,2025-07-01,17,153
2590,2025-07-01,10,230
2591,2025-07-01,2,46
2592,2025-07-01,4,68
2593,2025-07-01,4,40
2594,2025-07-01,20,180
2595,2025-07-01,8,80
2596,2025-07-01,10,130
2597,2025-07-01,28,448
2598,2025-07-01,1,19
2599,2025-07-01,5,65
2600,2025-07-01,6,72
2602,2025-07-01,35,665
2603,2025-07-01,27,378
2604,2025-07-01,21,189
2605,2025-07-01,9,207
2606,2025-07-01,65,585
2607,2025-07-01,9,135
2608,2025-07-01,5,40
2609,2025-07-01,24,336
2610,2025-07-01,22,220
2611,2025-07-01,4,64
2612,2025-07-01,6,96
2613,2025-07-01,8,200
2614,2025-07-01,50,550
2615,2025-07-01,22,198
2616,2025-07-01,4,32
2617,2025-07-01,10,150
2618,2025-07-01,33,759
2619,2025-07-01,38,722
2620,2025-07-01,5,100
2621,2025-07-01,14,336
2622,2025-07-01,15,120
2623,2025-07-01,2,32
2624,2025-07-01,7,98
2625,2025-07-01,4,96
2626,2025-07-01,11,154
2627,2025-07-01,4,96
2628,2025-07-01,4,48
2629,2025-07-01,4,44
2630,2025-07-01,5,120
2631,2025-07-01,2,40
2632,2025-07-01,6,126
2633,2025-07-01,6,78
2634,2025-07-01,12,276
2635,2025-07-01,6,84
2636,2025-07-01,2,22
2637,2025-07-01,7,70
2638,2025-07-01,23,253
2639,2025-07-01,2,24
2640,2025-07-01,144,3312
2641,2025-07-01,8,80
2642,2025-07-01,46,506
2643,2025-07-01,8,128
2644,2025-07-01,5,70
2645,2025-07-01,35,875
2646,2025-07-01,19,228
2647,2025-07-01,7,70
2648,2025-07-01,29,348
2649,2025-07-01,12,252
2650,2025-07-01,7,105
2651,2025-07-01,9,126
2652,2025-07-01,36,540
2653,2025-07-01,42,924
2654,2025-07-01,6,132
2655,2025-07-01,9,216
2656,2025-07-01,2,36
2657,2025-07-01,29,261
2658,2025-07-01,13,325
2659,2025-07-01,198,1980
2660,2025-07-01,54,594
2661,2025-07-01,10,100
2662,2025-07-01,9,135
2663,2025-07-01,15,150
2664,2025-07-01,3,36
2665,2025-07-01,25,550
2666,2025-07-01,22,506
2667,2025-07-01,7,140
2668,2025-07-01,116,1508
2669,2025-07-01,19,380
2670,2025-07-01,2,50
2671,2025-07-01,22,462
2672,2025-07-01,3,45
2673,2025-07-01,23,322
2674,2025-07-01,8,112
2675,2025-07-01,2,36
2676,2025-07-01,7,119
2677,2025-07-01,15,345
2678,2025-07-01,7,98
2679,2025-07-01,65,975
2680,2025-07-01,70,1120
2681,2025-07-01,9,117
1002,2025-08-01,7,126
1004,2025-08-01,1,8
1007,2025-08-01,29,464
1008,2025-08-01,30,720
1010,2025-08-01,4,36
1012,2025-08-01,52,468
1013,2025-08-01,206,4532
1016,2025-08-01,8,152
1025,2025-08-01,33,330
1026,2025-08-01,229,3664
1027,2025-08-01,17,170
1028,2025-08-01,6,126
1029,2025-08-01,1,13
1033,2025-08-01,3,66
1036,2025-08-01,4,52
1038,2025-08-01,17,204
1039,2025-08-01,6,78
1040,2025-08-01,53,1272
1042,2025-08-01,35,735
1043,2025-08-01,49,637
1045,2025-08-01,83,1328
1048,2025-08-01,1,22
1051,2025-08-01,6,60
1053,2025-08-01,52,936
1057,2025-08-01,2,22
1059,2025-08-01,278,3892
1060,2025-08-01,15,300
1062,2025-08-01,37,444
1064,2025-08-01,125,3000
1065,2025-08-01,43,817
1067,2025-08-01,7,126
1069,2025-08-01,2,26
1071,2025-08-01,13,286
1072,2025-08-01,8,88
1078,2025-08-01,7,112
1079,2025-08-01,5,120
1080,2025-08-01,7,154
1085,2025-08-01,33,759
1088,2025-08-01,9,180
1089,2025-08-01,58,1276
1091,2025-08-01,4,40
1092,2025-08-01,10,250
1093,2025-08-01,75,900
1094,2025-08-01,38,798
1096,2025-08-01,8,72
1098,2025-08-01,66,1056
1099,2025-08-01,8,72
1102,2025-08-01,6,108
1107,2025-08-01,7,70
1110,2025-08-01,10,160
1111,2025-08-01,6,150
1112,2025-08-01,6,60
1113,2025-08-01,36,828
1115,2025-08-01,101,1212
1116,2025-08-01,3,36
1117,2025-08-01,1,11
1124,2025-08-01,14,210
1126,2025-08-01,7,126
1127,2025-08-01,31,465
1129,2025-08-01,1,22
1130,2025-08-01,1,15
1131,2025-08-01,5,70
1134,2025-08-01,34,578
1139,2025-08-01,4,84
1140,2025-08-01,37,407
1143,2025-08-01,65,1170
1144,2025-08-01,22,418
1146,2025-08-01,10,90
1147,2025-08-01,19,418
1148,2025-08-01,4,40
1151,2025-08-01,19,266
1152,2025-08-01,7,147
1153,2025-08-01,5,115
1154,2025-08-01,51,1275
1157,2025-08-01,41,943
1158,2025-08-01,4,100
1160,2025-08-01,6,132
1161,2025-08-01,1,9
1164,2025-08-01,1,20
1167,2025-08-01,12,108
1170,2025-08-01,26,390
1172,2025-08-01,56,1288
1174,2025-08-01,21,441
1175,2025-08-01,13,286
1177,2025-08-01,3,42
1178,2025-08-01,2,42
1179,2025-08-01,16,384
1181,2025-08-01,10,180
1183,2025-08-01,7,175
1184,2025-08-01,3,27
1185,2025-08-01,16,400
1186,2025-08-01,25,250
1187,2025-08-01,87,2088
1188,2025-08-01,8,160
1189,2025-08-01,28,252
1192,2025-08-01,13,117
1194,2025-08-01,44,968
1195,2025-08-01,38,912
1196,2025-08-01,23,322
1197,2025-08-01,1,20
1198,2025-08-01,13,130
1199,2025-08-01,34,782
1200,2025-08-01,201,2412
1202,2025-08-01,0,0
1203,2025-08-01,53,636
1207,2025-08-01,15,375
1208,2025-08-01,32,384
1209,2025-08-01,4,100
1210,2025-08-01,2,18
1211,2025-08-01,12,240
1212,2025-08-01,17,306
1213,2025-08-01,187,4114
1214,2025-08-01,2,16
1216,2025-08-01,6,144
1219,2025-08-01,8,80
1221,2025-08-01,10,240
1222,2025-08-01,26,312
1227,2025-08-01,39,585
1229,2025-08-01,10,190
1231,2025-08-01,43,559
1234,2025-08-01,72,936
1235,2025-08-01,9,144
1237,2025-08-01,1,11
1238,2025-08-01,1,10
1241,2025-08-01,3,39
1242,2025-08-01,46,1058
1244,2025-08-01,3,42
1245,2025-08-01,8,120
1246,2025-08-01,6,126
1247,2025-08-01,2,38
1249,2025-08-01,3,72
1250,2025-08-01,27,567
1256,2025-08-01,12,264
1257,2025-08-01,8,128
1258,2025-08-01,18,216
1259,2025-08-01,150,1350
1261,2025-08-01,139,1807
1262,2025-08-01,391,8993
1263,2025-08-01,6,114
1265,2025-08-01,13,182
1266,2025-08-01,63,1260
1267,2025-08-01,7,91
1268,2025-08-01,97,1746
1270,2025-08-01,218,4360
1271,2025-08-01,3,63
1273,2025-08-01,5,105
1274,2025-08-01,139,2363
1275,2025-08-01,84,1680
1279,2025-08-01,4,52
1281,2025-08-01,38,950
1282,2025-08-01,8,96
1284,2025-08-01,89,1780
1285,2025-08-01,55,440
1287,2025-08-01,104,1040
1288,2025-08-01,2,26
1289,2025-08-01,24,480
1291,2025-08-01,42,798
1297,2025-08-01,3,72
1299,2025-08-01,2,38
1301,2025-08-01,3,69
1302,2025-08-01,11,231
1304,2025-08-01,15,240
1305,2025-08-01,46,414
1307,2025-08-01,10,140
1308,2025-08-01,10,210
1309,2025-08-01,22,418
1310,2025-08-01,81,1053
1312,2025-08-01,7,105
1314,2025-08-01,10,130
1315,2025-08-01,16,336
1317,2025-08-01,6,132
1318,2025-08-01,24,264
1320,2025-08-01,10,130
1321,2025-08-01,7,112
1322,2025-08-01,112,2800
1323,2025-08-01,14,350
1326,2025-08-01,12,276
1327,2025-08-01,70,630
1329,2025-08-01,10,190
1332,2025-08-01,2,26
1333,2025-08-01,32,576
1334,2025-08-01,36,324
1335,2025-08-01,13,234
1336,2025-08-01,38,950
1337,2025-08-01,81,972
1338,2025-08-01,9,99
1339,2025-08-01,49,588
1340,2025-08-01,18,414
1341,2025-08-01,39,858
1342,2025-08-01,17,323
1343,2025-08-01,30,390
1344,2025-08-01,1,18
1346,2025-08-01,26,416
1347,2025-08-01,4,84
1348,2025-08-01,8,64
1351,2025-08-01,10,140
1352,2025-08-01,24,480
1353,2025-08-01,2,36
1354,2025-08-01,2,28
1355,2025-08-01,60,780
1356,2025-08-01,8,80
1358,2025-08-01,59,1062
1363,2025-08-01,57,627
1364,2025-08-01,25,325
1367,2025-08-01,5,90
1369,2025-08-01,2,26
1372,2025-08-01,23,253
1373,2025-08-01,72,1368
1374,2025-08-01,6,120
1375,2025-08-01,143,3575
1378,2025-08-01,78,1014
1380,2025-08-01,4,84
1381,2025-08-01,7,56
1385,2025-08-01,3,45
1386,2025-08-01,7,63
1387,2025-08-01,2,18
1389,2025-08-01,29,696
1393,2025-08-01,19,190
1394,2025-08-01,10,100
1395,2025-08-01,16,384
1397,2025-08-01,5,50
1400,2025-08-01,58,1392
1402,2025-08-01,33,330
1403,2025-08-01,7,126
1404,2025-08-01,8,120
1405,2025-08-01,46,1058
1409,2025-08-01,16,208
1410,2025-08-01,35,700
1411,2025-08-01,5,60
1413,2025-08-01,4,64
1414,2025-08-01,8,120
1416,2025-08-01,6,72
1417,2025-08-01,21,294
1419,2025-08-01,10,170
1420,2025-08-01,88,880
1422,2025-08-01,42,672
1426,2025-08-01,2,30
1427,2025-08-01,2,30
1428,2025-08-01,65,1365
1432,2025-08-01,7,56
1434,2025-08-01,2,24
1435,2025-08-01,8,136
1436,2025-08-01,41,615
1437,2025-08-01,9,225
1438,2025-08-01,15,330
1439,2025-08-01,60,720
1441,2025-08-01,8,136
1444,2025-08-01,24,192
1445,2025-08-01,4,40
1447,2025-08-01,32,480
1448,2025-08-01,72,1656
1449,2025-08-01,1,9
1450,2025-08-01,16,288
1451,2025-08-01,8,128
1452,2025-08-01,74,1406
1455,2025-08-01,26,338
1457,2025-08-01,73,1387
1458,2025-08-01,32,704
1461,2025-08-01,4,40
1462,2025-08-01,9,81
1464,2025-08-01,6,90
1466,2025-08-01,4,76
1468,2025-08-01,17,204
1470,2025-08-01,1,25
1471,2025-08-01,326,6846
1474,2025-08-01,50,1200
1476,2025-08-01,89,1780
1477,2025-08-01,8,184
1478,2025-08-01,7,91
1479,2025-08-01,2,34
1481,2025-08-01,88,1232
1483,2025-08-01,19,209
1486,2025-08-01,17,425
1487,2025-08-01,24,384
1490,2025-08-01,10,100
1491,2025-08-01,0,0
1494,2025-08-01,37,444
1495,2025-08-01,8,144
1496,2025-08-01,13,143
1497,2025-08-01,1,23
1498,2025-08-01,7,70
1499,2025-08-01,19,190
1500,2025-08-01,2,28
1503,2025-08-01,13,169
1505,2025-08-01,8,160
1507,2025-08-01,2,38
1509,2025-08-01,3,63
1510,2025-08-01,14,126
1513,2025-08-01,2,18
1514,2025-08-01,13,234
1516,2025-08-01,3,39
1517,2025-08-01,20,360
1520,2025-08-01,16,144
1521,2025-08-01,7,154
1522,2025-08-01,35,840
1523,2025-08-01,7,105
1524,2025-08-01,212,1696
1525,2025-08-01,26,208
1526,2025-08-01,52,624
1527,2025-08-01,4,72
1528,2025-08-01,22,198
1529,2025-08-01,3,60
1530,2025-08-01,62,1426
1531,2025-08-01,6,84
1533,2025-08-01,58,696
1534,2025-08-01,6,114
1536,2025-08-01,8,176
1537,2025-08-01,9,153
1539,2025-08-01,74,814
1540,2025-08-01,16,176
1541,2025-08-01,74,1406
1542,2025-08-01,12,288
1544,2025-08-01,10,170
1545,2025-08-01,55,605
1546,2025-08-01,45,360
1553,2025-08-01,157,3611
1554,2025-08-01,24,528
1555,2025-08-01,6,144
1556,2025-08-01,9,153
1557,2025-08-01,27,243
1558,2025-08-01,10,160
1559,2025-08-01,22,506
1561,2025-08-01,9,207
1562,2025-08-01,8,192
1563,2025-08-01,5,125
1564,2025-08-01,23,460
1565,2025-08-01,3,72
1566,2025-08-01,1,16
1568,2025-08-01,2,28
1569,2025-08-01,273,3276
1570,2025-08-01,37,703
1572,2025-08-01,7,70
1574,2025-08-01,20,460
1575,2025-08-01,55,1375
1576,2025-08-01,2,36
1578,2025-08-01,10,140
1579,2025-08-01,8,96
1580,2025-08-01,34,306
1581,2025-08-01,59,826
1582,2025-08-01,5,45
1583,2025-08-01,81,1377
1585,2025-08-01,49,441
1586,2025-08-01,1,8
1587,2025-08-01,3,36
1592,2025-08-01,31,310
1593,2025-08-01,4,40
1596,2025-08-01,20,160
1597,2025-08-01,4,76
1598,2025-08-01,118,2596
1600,2025-08-01,25,625
1603,2025-08-01,7,161
1605,2025-08-01,71,923
1607,2025-08-01,13,286
1608,2025-08-01,4,48
1609,2025-08-01,93,1023
1610,2025-08-01,47,564
1611,2025-08-01,16,288
1612,2025-08-01,111,1665
1613,2025-08-01,7,70
1615,2025-08-01,7,119
1617,2025-08-01,27,648
1620,2025-08-01,136,1632
1621,2025-08-01,5,55
1622,2025-08-01,7,161
1625,2025-08-01,10,110
1626,2025-08-01,37,851
1627,2025-08-01,8,72
1629,2025-08-01,3,24
1630,2025-08-01,55,660
1631,2025-08-01,45,675
1634,2025-08-01,20,240
1635,2025-08-01,43,903
1637,2025-08-01,7,154
1638,2025-08-01,26,286
1639,2025-08-01,5,105
1640,2025-08-01,30,630
1641,2025-08-01,14,182
1642,2025-08-01,7,70
1643,2025-08-01,2,16
1645,2025-08-01,3,27
1646,2025-08-01,149,2384
1649,2025-08-01,3,63
1650,2025-08-01,40,720
1651,2025-08-01,5,80
1652,2025-08-01,9,90
1653,2025-08-01,14,126
1656,2025-08-01,47,423
1657,2025-08-01,39,780
1658,2025-08-01,8,192
1659,2025-08-01,7,119
1660,2025-08-01,13,247
1663,2025-08-01,2,48
1666,2025-08-01,10,110
1667,2025-08-01,3,66
1668,2025-08-01,3,75
1670,2025-08-01,6,138
1672,2025-08-01,21,315
1674,2025-08-01,31,775
1675,2025-08-01,8,72
1677,2025-08-01,27,324
1678,2025-08-01,16,320
1679,2025-08-01,2,44
1680,2025-08-01,2,26
1681,2025-08-01,23,253
1682,2025-08-01,2,36
1683,2025-08-01,8,128
1684,2025-08-01,23,230
1686,2025-08-01,7,119
1687,2025-08-01,5,50
1688,2025-08-01,3,63
1689,2025-08-01,92,1472
1690,2025-08-01,8,72
1691,2025-08-01,4,60
1692,2025-08-01,7,91
1694,2025-08-01,25,350
1695,2025-08-01,4,72
1696,2025-08-01,2,46
1697,2025-08-01,51,408
1699,2025-08-01,13,169
1700,2025-08-01,2,26
1702,2025-08-01,11,143
1703,2025-08-01,3,57
1704,2025-08-01,1,18
1707,2025-08-01,41,369
1708,2025-08-01,68,544
1709,2025-08-01,5,105
1710,2025-08-01,5,105
1711,2025-08-01,113,1356
1712,2025-08-01,10,230
1713,2025-08-01,7,56
1714,2025-08-01,105,2415
1715,2025-08-01,4,52
1716,2025-08-01,5,110
1718,2025-08-01,10,140
1719,2025-08-01,45,630
1720,2025-08-01,4,44
1721,2025-08-01,13,325
1722,2025-08-01,22,440
1723,2025-08-01,4,64
1725,2025-08-01,130,1430
1728,2025-08-01,5,65
1730,2025-08-01,4,48
1731,2025-08-01,12,276
1732,2025-08-01,5,110
1734,2025-08-01,9,225
1736,2025-08-01,12,120
1737,2025-08-01,6,120
1738,2025-08-01,37,481
1739,2025-08-01,103,1854
1740,2025-08-01,16,128
1741,2025-08-01,26,338
1743,2025-08-01,23,322
1745,2025-08-01,31,651
1746,2025-08-01,25,525
1747,2025-08-01,7,147
1748,2025-08-01,8,152
1749,2025-08-01,4,32
1750,2025-08-01,5,60
1751,2025-08-01,296,5920
1752,2025-08-01,26,312
1755,2025-08-01,1,20
1756,2025-08-01,22,330
1758,2025-08-01,11,121
1759,2025-08-01,105,1680
1760,2025-08-01,24,384
1761,2025-08-01,6,114
1762,2025-08-01,2,50
1763,2025-08-01,31,372
1764,2025-08-01,5,50
1765,2025-08-01,33,594
1766,2025-08-01,25,325
1767,2025-08-01,84,2100
1769,2025-08-01,9,225
1770,2025-08-01,11,187
1771,2025-08-01,10,210
1772,2025-08-01,42,630
1773,2025-08-01,62,1488
1774,2025-08-01,50,850
1776,2025-08-01,6,138
1778,2025-08-01,3,60
1779,2025-08-01,9,216
1780,2025-08-01,8,64
1781,2025-08-01,2,20
1782,2025-08-01,4,60
1783,2025-08-01,26,442
1784,2025-08-01,4,88
1786,2025-08-01,13,221
1787,2025-08-01,64,768
1788,2025-08-01,50,1100
1789,2025-08-01,3,45
1790,2025-08-01,2,24
1791,2025-08-01,40,520
1793,2025-08-01,4,48
1794,2025-08-01,7,168
1796,2025-08-01,41,902
1797,2025-08-01,31,744
1799,2025-08-01,12,240
1801,2025-08-01,40,520
1802,2025-08-01,119,2499
1803,2025-08-01,4,64
1804,2025-08-01,6,102
1805,2025-08-01,6,114
1806,2025-08-01,29,319
1808,2025-08-01,6,102
1809,2025-08-01,14,252
1810,2025-08-01,4,40
1811,2025-08-01,2,34
1812,2025-08-01,7,154
1813,2025-08-01,2,32
1814,2025-08-01,25,375
1817,2025-08-01,28,224
1818,2025-08-01,23,299
1819,2025-08-01,10,140
1820,2025-08-01,6,60
1821,2025-08-01,10,120
1823,2025-08-01,17,272
1824,2025-08-01,1,18
1825,2025-08-01,17,272
1828,2025-08-01,16,192
1829,2025-08-01,4,48
1830,2025-08-01,14,266
1831,2025-08-01,7,133
1832,2025-08-01,3,60
1833,2025-08-01,8,136
1834,2025-08-01,16,384
1835,2025-08-01,0,0
1837,2025-08-01,11,264
1838,2025-08-01,6,126
1839,2025-08-01,4,80
1840,2025-08-01,33,429
1841,2025-08-01,26,650
1844,2025-08-01,13,299
1845,2025-08-01,3,57
1846,2025-08-01,150,2850
1848,2025-08-01,8,80
1849,2025-08-01,33,363
1850,2025-08-01,3,57
1851,2025-08-01,24,600
1852,2025-08-01,9,225
1853,2025-08-01,2,48
1854,2025-08-01,5,85
1855,2025-08-01,9,117
1857,2025-08-01,34,646
1858,2025-08-01,76,1292
1859,2025-08-01,2,40
1864,2025-08-01,45,1125
1865,2025-08-01,12,108
1866,2025-08-01,18,360
1867,2025-08-01,1,16
1868,2025-08-01,21,462
1869,2025-08-01,41,779
1870,2025-08-01,4,84
1871,2025-08-01,13,221
1872,2025-08-01,10,110
1873,2025-08-01,5,50
1874,2025-08-01,13,143
1877,2025-08-01,2,40
1879,2025-08-01,29,290
1880,2025-08-01,4,92
1881,2025-08-01,38,950
1882,2025-08-01,14,350
1883,2025-08-01,21,231
1884,2025-08-01,34,850
1886,2025-08-01,3,36
1888,2025-08-01,28,700
1890,2025-08-01,10,220
1891,2025-08-01,2,26
1892,2025-08-01,49,1127
1893,2025-08-01,7,112
1895,2025-08-01,50,700
1896,2025-08-01,13,169
1897,2025-08-01,9,162
1898,2025-08-01,14,252
1899,2025-08-01,47,705
1900,2025-08-01,7,126
1901,2025-08-01,6,84
1902,2025-08-01,38,494
1903,2025-08-01,22,484
1906,2025-08-01,26,364
1907,2025-08-01,15,270
1909,2025-08-01,2,16
1910,2025-08-01,7,112
1911,2025-08-01,2,34
1912,2025-08-01,262,3144
1913,2025-08-01,24,528
1914,2025-08-01,102,2244
1915,2025-08-01,41,328
1917,2025-08-01,37,925
1919,2025-08-01,21,399
1921,2025-08-01,4,76
1924,2025-08-01,21,336
1925,2025-08-01,2,40
1927,2025-08-01,3,33
1929,2025-08-01,4,32
1931,2025-08-01,9,135
1933,2025-08-01,47,846
1934,2025-08-01,9,225
1935,2025-08-01,51,969
1936,2025-08-01,51,816
1937,2025-08-01,1,10
1938,2025-08-01,83,1079
1939,2025-08-01,3,54
1940,2025-08-01,19,266
1941,2025-08-01,15,255
1942,2025-08-01,5,65
1943,2025-08-01,15,165
1944,2025-08-01,157,2198
1946,2025-08-01,6,114
1947,2025-08-01,7,126
1948,2025-08-01,21,525
1949,2025-08-01,4,60
1950,2025-08-01,19,209
1953,2025-08-01,2,28
1955,2025-08-01,3,33
1956,2025-08-01,9,144
1957,2025-08-01,7,77
1959,2025-08-01,33,825
1960,2025-08-01,29,261
1962,2025-08-01,9,225
1963,2025-08-01,37,703
1964,2025-08-01,25,525
1965,2025-08-01,13,143
1966,2025-08-01,5,40
1967,2025-08-01,26,390
1970,2025-08-01,66,1386
1971,2025-08-01,16,240
1972,2025-08-01,15,315
1973,2025-08-01,199,2985
1975,2025-08-01,129,1032
1976,2025-08-01,25,525
1979,2025-08-01,8,144
1980,2025-08-01,7,140
1981,2025-08-01,48,1056
1982,2025-08-01,10,190
1987,2025-08-01,11,242
1988,2025-08-01,14,266
1989,2025-08-01,7,84
1990,2025-08-01,4,84
1991,2025-08-01,9,126
1992,2025-08-01,4,36
1993,2025-08-01,59,1298
1994,2025-08-01,1,21
1995,2025-08-01,5,70
1996,2025-08-01,5,100
1998,2025-08-01,8,96
1999,2025-08-01,46,414
2000,2025-08-01,47,846
2001,2025-08-01,4,68
2005,2025-08-01,3,42
2006,2025-08-01,49,539
2007,2025-08-01,4,92
2008,2025-08-01,15,180
2009,2025-08-01,104,936
2012,2025-08-01,72,864
2015,2025-08-01,54,1188
2016,2025-08-01,6,126
2017,2025-08-01,16,240
2018,2025-08-01,19,361
2019,2025-08-01,49,1078
2020,2025-08-01,8,144
2021,2025-08-01,37,555
2022,2025-08-01,36,864
2023,2025-08-01,3,24
2024,2025-08-01,8,120
2025,2025-08-01,2,38
2028,2025-08-01,39,312
2029,2025-08-01,12,120
2030,2025-08-01,34,408
2031,2025-08-01,8,144
2032,2025-08-01,8,152
2033,2025-08-01,12,300
2035,2025-08-01,8,136
2036,2025-08-01,11,154
2037,2025-08-01,1,22
2038,2025-08-01,23,552
2039,2025-08-01,140,2240
2040,2025-08-01,33,594
2042,2025-08-01,4,76
2043,2025-08-01,6,78
2044,2025-08-01,7,98
2045,2025-08-01,3,48
2046,2025-08-01,37,296
2049,2025-08-01,55,770
2050,2025-08-01,7,175
2051,2025-08-01,4,44
2052,2025-08-01,18,396
2053,2025-08-01,5,40
2054,2025-08-01,7,175
2055,2025-08-01,8,96
2057,2025-08-01,14,140
2060,2025-08-01,8,128
2061,2025-08-01,43,731
2062,2025-08-01,97,1164
2063,2025-08-01,4,84
2064,2025-08-01,8,88
2068,2025-08-01,12,96
2070,2025-08-01,8,160
2071,2025-08-01,19,285
2072,2025-08-01,78,1950
2073,2025-08-01,9,126
2074,2025-08-01,50,1200
2075,2025-08-01,3,60
2076,2025-08-01,58,1334
2077,2025-08-01,9,135
2078,2025-08-01,23,230
2079,2025-08-01,61,793
2080,2025-08-01,6,66
2083,2025-08-01,14,224
2084,2025-08-01,3,57
2085,2025-08-01,109,1199
2086,2025-08-01,6,138
2087,2025-08-01,19,418
2088,2025-08-01,5,80
2090,2025-08-01,9,198
2091,2025-08-01,47,517
2092,2025-08-01,13,195
2094,2025-08-01,17,221
2095,2025-08-01,51,816
2096,2025-08-01,103,1545
2097,2025-08-01,3,30
2100,2025-08-01,14,154
2101,2025-08-01,112,2800
2102,2025-08-01,10,170
2103,2025-08-01,22,352
2104,2025-08-01,18,288
2105,2025-08-01,28,504
2106,2025-08-01,19,323
2107,2025-08-01,7,175
2108,2025-08-01,210,3780
2109,2025-08-01,20,220
2111,2025-08-01,40,320
2112,2025-08-01,7,98
2113,2025-08-01,1,24
2114,2025-08-01,7,56
2115,2025-08-01,20,160
2116,2025-08-01,8,168
2118,2025-08-01,24,528
2119,2025-08-01,12,96
2120,2025-08-01,40,640
2121,2025-08-01,16,352
2123,2025-08-01,102,2448
2124,2025-08-01,25,275
2126,2025-08-01,6,144
2127,2025-08-01,34,748
2128,2025-08-01,26,624
2129,2025-08-01,1,9
2130,2025-08-01,4,32
2131,2025-08-01,35,490
2132,2025-08-01,43,344
2133,2025-08-01,9,81
2134,2025-08-01,1,25
2135,2025-08-01,14,252
2136,2025-08-01,11,264
2137,2025-08-01,25,600
2138,2025-08-01,21,189
2139,2025-08-01,31,713
2141,2025-08-01,5,65
2142,2025-08-01,3,75
2143,2025-08-01,26,364
2144,2025-08-01,93,2232
2145,2025-08-01,26,624
2146,2025-08-01,4,96
2147,2025-08-01,33,594
2148,2025-08-01,58,522
2149,2025-08-01,120,2520
2150,2025-08-01,25,400
2151,2025-08-01,1,20
2152,2025-08-01,6,126
2153,2025-08-01,68,1088
2154,2025-08-01,6,66
2156,2025-08-01,13,247
2157,2025-08-01,12,108
2158,2025-08-01,32,288
2159,2025-08-01,48,864
2160,2025-08-01,3,24
2161,2025-08-01,49,784
2163,2025-08-01,5,55
2164,2025-08-01,7,112
2165,2025-08-01,8,80
2166,2025-08-01,7,168
2167,2025-08-01,8,104
2169,2025-08-01,114,1710
2170,2025-08-01,2,34
2171,2025-08-01,27,648
2172,2025-08-01,112,2800
2174,2025-08-01,40,600
2177,2025-08-01,198,3564
2178,2025-08-01,13,104
2179,2025-08-01,9,90
2180,2025-08-01,11,209
2181,2025-08-01,44,396
2182,2025-08-01,6,132
2183,2025-08-01,130,1040
2185,2025-08-01,10,230
2186,2025-08-01,11,154
2187,2025-08-01,20,200
2188,2025-08-01,29,667
2189,2025-08-01,116,2668
2191,2025-08-01,5,60
2193,2025-08-01,88,1672
2195,2025-08-01,7,56
2196,2025-08-01,11,220
2197,2025-08-01,15,150
2198,2025-08-01,3,63
2200,2025-08-01,64,640
2202,2025-08-01,6,138
2204,2025-08-01,86,688
2207,2025-08-01,111,1665
2208,2025-08-01,10,110
2209,2025-08-01,15,330
2210,2025-08-01,6,126
2211,2025-08-01,4,32
2212,2025-08-01,147,2793
2213,2025-08-01,316,3792
2214,2025-08-01,5,120
2215,2025-08-01,6,60
2216,2025-08-01,27,540
2217,2025-08-01,136,3128
2218,2025-08-01,3,27
2219,2025-08-01,42,756
2220,2025-08-01,8,192
2221,2025-08-01,19,399
2222,2025-08-01,2,46
2224,2025-08-01,182,3458
2225,2025-08-01,2,34
2226,2025-08-01,8,104
2227,2025-08-01,2,30
2229,2025-08-01,25,450
2230,2025-08-01,5,90
2231,2025-08-01,4,88
2232,2025-08-01,7,126
2233,2025-08-01,17,238
2234,2025-08-01,24,192
2236,2025-08-01,39,585
2237,2025-08-01,9,153
2238,2025-08-01,17,357
2240,2025-08-01,37,814
2241,2025-08-01,8,184
2242,2025-08-01,6,60
2243,2025-08-01,28,448
2244,2025-08-01,6,78
2245,2025-08-01,28,392
2246,2025-08-01,5,60
2248,2025-08-01,34,680
2249,2025-08-01,1,19
2250,2025-08-01,7,154
2251,2025-08-01,31,558
2252,2025-08-01,19,171
2254,2025-08-01,7,126
2256,2025-08-01,3,45
2258,2025-08-01,11,198
2260,2025-08-01,9,99
2261,2025-08-01,7,105
2262,2025-08-01,10,200
2263,2025-08-01,3,33
2264,2025-08-01,1,13
2265,2025-08-01,15,255
2266,2025-08-01,3,42
2267,2025-08-01,8,184
2270,2025-08-01,8,64
2271,2025-08-01,28,616
2273,2025-08-01,5,85
2274,2025-08-01,17,136
2276,2025-08-01,8,144
2279,2025-08-01,3,48
2280,2025-08-01,12,240
2281,2025-08-01,55,715
2283,2025-08-01,14,252
2284,2025-08-01,51,1122
2285,2025-08-01,8,112
2286,2025-08-01,11,143
2287,2025-08-01,155,2635
2288,2025-08-01,174,4350
2289,2025-08-01,51,510
2290,2025-08-01,6,90
2291,2025-08-01,5,40
2292,2025-08-01,5,55
2293,2025-08-01,16,192
2294,2025-08-01,5,60
2295,2025-08-01,69,1518
2296,2025-08-01,6,90
2297,2025-08-01,18,234
2299,2025-08-01,14,336
2301,2025-08-01,6,138
2302,2025-08-01,6,84
2303,2025-08-01,269,2421
2304,2025-08-01,24,600
2305,2025-08-01,6,102
2307,2025-08-01,13,286
2308,2025-08-01,9,117
2309,2025-08-01,36,324
2310,2025-08-01,2,50
2311,2025-08-01,2,34
2312,2025-08-01,9,72
2313,2025-08-01,42,798
2314,2025-08-01,3,63
2315,2025-08-01,13,273
2316,2025-08-01,8,144
2317,2025-08-01,13,169
2319,2025-08-01,4,60
2320,2025-08-01,13,169
2321,2025-08-01,9,225
2322,2025-08-01,9,72
2323,2025-08-01,59,885
2325,2025-08-01,12,144
2326,2025-08-01,14,224
2327,2025-08-01,37,370
2328,2025-08-01,42,588
2329,2025-08-01,38,418
2330,2025-08-01,155,3875
2333,2025-08-01,31,527
2334,2025-08-01,15,255
2335,2025-08-01,5,100
2336,2025-08-01,7,147
2337,2025-08-01,9,198
2338,2025-08-01,10,110
2339,2025-08-01,17,221
2340,2025-08-01,33,363
2341,2025-08-01,6,60
2343,2025-08-01,13,286
2344,2025-08-01,1,11
2345,2025-08-01,13,117
2346,2025-08-01,27,378
2348,2025-08-01,40,840
2349,2025-08-01,15,240
2350,2025-08-01,1,24
2351,2025-08-01,2,16
2352,2025-08-01,24,336
2354,2025-08-01,13,286
2356,2025-08-01,26,494
2358,2025-08-01,5,95
2359,2025-08-01,5,95
2360,2025-08-01,5,125
2361,2025-08-01,5,125
2362,2025-08-01,8,128
2363,2025-08-01,2,34
2364,2025-08-01,87,957
2365,2025-08-01,19,456
2367,2025-08-01,15,375
2368,2025-08-01,7,70
2369,2025-08-01,15,180
2370,2025-08-01,36,576
2371,2025-08-01,1,9
2372,2025-08-01,26,598
2376,2025-08-01,7,119
2377,2025-08-01,7,154
2378,2025-08-01,16,336
2379,2025-08-01,4,92
2381,2025-08-01,16,288
2382,2025-08-01,7,77
2383,2025-08-01,40,720
2384,2025-08-01,6,48
2385,2025-08-01,3,75
2386,2025-08-01,3,63
2387,2025-08-01,12,96
2389,2025-08-01,23,483
2390,2025-08-01,20,460
2391,2025-08-01,27,351
2393,2025-08-01,16,144
2394,2025-08-01,6,72
2395,2025-08-01,5,70
2396,2025-08-01,16,384
2397,2025-08-01,13,117
2398,2025-08-01,34,408
2399,2025-08-01,24,312
2401,2025-08-01,48,1152
2402,2025-08-01,6,72
2403,2025-08-01,6,54
2404,2025-08-01,12,240
2405,2025-08-01,10,160
2406,2025-08-01,5,100
2408,2025-08-01,2,44
2410,2025-08-01,20,480
2411,2025-08-01,147,3675
2413,2025-08-01,39,780
2414,2025-08-01,24,576
2415,2025-08-01,15,255
2416,2025-08-01,154,2002
2418,2025-08-01,127,2159
2419,2025-08-01,10,160
2420,2025-08-01,7,98
2421,2025-08-01,224,4704
2422,2025-08-01,3,69
2423,2025-08-01,10,250
2424,2025-08-01,9,216
2425,2025-08-01,13,143
2426,2025-08-01,16,192
2427,2025-08-01,6,78
2428,2025-08-01,29,551
2429,2025-08-01,73,1679
2430,2025-08-01,4,80
2431,2025-08-01,3,72
2432,2025-08-01,6,132
2433,2025-08-01,23,414
2435,2025-08-01,62,558
2436,2025-08-01,1,20
2437,2025-08-01,98,980
2439,2025-08-01,28,420
2440,2025-08-01,30,600
2441,2025-08-01,7,147
2442,2025-08-01,17,306
2443,2025-08-01,3,75
2444,2025-08-01,4,60
2445,2025-08-01,43,387
2447,2025-08-01,24,240
2448,2025-08-01,6,72
2449,2025-08-01,4,72
2450,2025-08-01,29,696
2451,2025-08-01,6,84
2452,2025-08-01,8,192
2453,2025-08-01,14,280
2455,2025-08-01,33,594
2456,2025-08-01,5,115
2457,2025-08-01,31,527
2458,2025-08-01,2,30
2460,2025-08-01,8,160
2461,2025-08-01,2,28
2462,2025-08-01,8,192
2463,2025-08-01,8,184
2464,2025-08-01,23,276
2465,2025-08-01,6,102
2466,2025-08-01,19,228
2467,2025-08-01,8,144
2469,2025-08-01,152,3040
2470,2025-08-01,28,420
2471,2025-08-01,33,561
2472,2025-08-01,10,250
2473,2025-08-01,8,160
2474,2025-08-01,102,1122
2475,2025-08-01,12,156
2476,2025-08-01,34,442
2477,2025-08-01,21,357
2478,2025-08-01,2,24
2479,2025-08-01,34,782
2480,2025-08-01,34,544
2481,2025-08-01,12,300
2482,2025-08-01,5,65
2483,2025-08-01,11,198
2484,2025-08-01,9,135
2485,2025-08-01,7,56
2486,2025-08-01,26,208
2488,2025-08-01,3,39
2489,2025-08-01,17,323
2491,2025-08-01,34,612
2492,2025-08-01,6,90
2493,2025-08-01,159,1749
2494,2025-08-01,4,72
2495,2025-08-01,95,1995
2496,2025-08-01,4,80
2497,2025-08-01,14,308
2498,2025-08-01,3,48
2499,2025-08-01,7,112
2500,2025-08-01,26,364
2501,2025-08-01,55,605
2502,2025-08-01,3,30
2503,2025-08-01,57,1311
2504,2025-08-01,8,128
2505,2025-08-01,25,575
2506,2025-08-01,40,760
2507,2025-08-01,15,120
2508,2025-08-01,3,57
2509,2025-08-01,42,336
2510,2025-08-01,75,1725
2511,2025-08-01,26,390
2512,2025-08-01,85,1020
2513,2025-08-01,13,234
2514,2025-08-01,34,782
2515,2025-08-01,23,368
2516,2025-08-01,68,1700
2517,2025-08-01,10,210
2518,2025-08-01,11,275
2519,2025-08-01,27,567
2521,2025-08-01,6,48
2522,2025-08-01,42,714
2524,2025-08-01,10,230
2525,2025-08-01,13,143
2526,2025-08-01,4,68
2527,2025-08-01,34,510
2528,2025-08-01,11,143
2530,2025-08-01,12,156
2531,2025-08-01,36,864
2532,2025-08-01,155,2325
2533,2025-08-01,7,56
2534,2025-08-01,7,168
2535,2025-08-01,28,476
2536,2025-08-01,5,55
2537,2025-08-01,7,119
2538,2025-08-01,11,187
2539,2025-08-01,7,84
2540,2025-08-01,6,114
2541,2025-08-01,132,2640
2542,2025-08-01,9,225
2543,2025-08-01,3,24
2544,2025-08-01,248,4216
2545,2025-08-01,232,3712
2546,2025-08-01,2,18
2547,2025-08-01,185,3515
2548,2025-08-01,10,190
2549,2025-08-01,9,99
2550,2025-08-01,141,1551
2552,2025-08-01,2,20
2553,2025-08-01,19,475
2554,2025-08-01,22,440
2555,2025-08-01,43,602
2557,2025-08-01,3,51
2558,2025-08-01,5,65
2559,2025-08-01,5,95
2560,2025-08-01,6,132
2562,2025-08-01,31,403
2563,2025-08-01,5,40
2564,2025-08-01,3,30
2565,2025-08-01,31,341
2566,2025-08-01,4,80
2567,2025-08-01,18,288
2568,2025-08-01,17,170
2569,2025-08-01,7,147
2571,2025-08-01,27,675
2572,2025-08-01,13,247
2573,2025-08-01,16,224
2574,2025-08-01,8,192
2575,2025-08-01,11,242
2576,2025-08-01,38,798
2577,2025-08-01,10,240
2578,2025-08-01,7,112
2579,2025-08-01,9,189
2580,2025-08-01,5,110
2581,2025-08-01,7,147
2582,2025-08-01,6,132
2583,2025-08-01,37,555
2584,2025-08-01,15,345
2585,2025-08-01,21,441
2586,2025-08-01,5,90
2587,2025-08-01,3,66
2588,2025-08-01,2,26
2590,2025-08-01,10,230
2592,2025-08-01,5,105
2593,2025-08-01,5,125
2594,2025-08-01,19,190
2595,2025-08-01,7,98
2596,2025-08-01,8,128
2599,2025-08-01,5,85
2602,2025-08-01,29,261
2603,2025-08-01,25,325
2604,2025-08-01,16,288
2605,2025-08-01,10,170
2606,2025-08-01,73,1606
2607,2025-08-01,8,96
2608,2025-08-01,4,76
2609,2025-08-01,27,621
2610,2025-08-01,19,418
2611,2025-08-01,6,120
2612,2025-08-01,5,125
2613,2025-08-01,7,98
2614,2025-08-01,36,648
2615,2025-08-01,18,216
2616,2025-08-01,4,84
2618,2025-08-01,39,468
2619,2025-08-01,31,651
2620,2025-08-01,5,75
2621,2025-08-01,12,240
2622,2025-08-01,14,308
2624,2025-08-01,7,63
2625,2025-08-01,3,51
2626,2025-08-01,11,264
2627,2025-08-01,4,32
2628,2025-08-01,3,33
2629,2025-08-01,4,80
2630,2025-08-01,6,60
2631,2025-08-01,2,38
2632,2025-08-01,5,85
2634,2025-08-01,9,135
2635,2025-08-01,6,48
2636,2025-08-01,2,20
2637,2025-08-01,7,119
2638,2025-08-01,20,300
2639,2025-08-01,2,40
2640,2025-08-01,143,3575
2641,2025-08-01,9,108
2643,2025-08-01,7,154
2644,2025-08-01,5,120
2645,2025-08-01,36,756
2647,2025-08-01,6,120
2648,2025-08-01,33,297
2649,2025-08-01,12,300
2650,2025-08-01,7,126
2651,2025-08-01,8,128
2652,2025-08-01,49,882
2653,2025-08-01,48,1104
2655,2025-08-01,7,126
2656,2025-08-01,2,38
2657,2025-08-01,26,390
2658,2025-08-01,11,165
2659,2025-08-01,222,4884
2660,2025-08-01,46,552
2661,2025-08-01,12,192
2662,2025-08-01,8,200
2663,2025-08-01,18,234
2664,2025-08-01,4,80
2665,2025-08-01,25,500
2666,2025-08-01,20,460
2667,2025-08-01,8,136
2668,2025-08-01,175,4200
2669,2025-08-01,22,528
2670,2025-08-01,3,72
2671,2025-08-01,19,171
2672,2025-08-01,3,54
2673,2025-08-01,27,324
2674,2025-08-01,9,90
2675,2025-08-01,3,72
2676,2025-08-01,8,64
2677,2025-08-01,23,460
2678,2025-08-01,6,84
2679,2025-08-01,63,1575
2680,2025-08-01,73,1314
2681,2025-08-01,8,176
2682,2025-08-01,9,153
2683,2025-08-01,5,95
2684,2025-08-01,9,153
2685,2025-08-01,41,451
2686,2025-08-01,172,2924
2687,2025-08-01,19,418
2688,2025-08-01,4,80
2689,2025-08-01,228,2964
2690,2025-08-01,14,196
2691,2025-08-01,3,24
2692,2025-08-01,9,162
2693,2025-08-01,11,187
2694,2025-08-01,13,208
2695,2025-08-01,22,374
2696,2025-08-01,7,70
2697,2025-08-01,9,126
2698,2025-08-01,20,200
2699,2025-08-01,1,18
2700,2025-08-01,23,437
2701,2025-08-01,4,44
2702,2025-08-01,6,54
2703,2025-08-01,4,76
2704,2025-08-01,3,57
2705,2025-08-01,183,1464
2706,2025-08-01,10,150
2707,2025-08-01,7,91
2708,2025-08-01,5,90
2709,2025-08-01,18,396
2710,2025-08-01,37,296
2711,2025-08-01,14,252
2712,2025-08-01,28,476
2713,2025-08-01,7,140
2714,2025-08-01,4,96
2715,2025-08-01,12,132
2716,2025-08-01,10,140
2717,2025-08-01,14,126
2718,2025-08-01,7,70
2719,2025-08-01,9,72
2720,2025-08-01,7,175
2721,2025-08-01,6,132
2722,2025-08-01,4,72
2723,2025-08-01,33,759
2724,2025-08-01,88,1848
2725,2025-08-01,7,161
2726,2025-08-01,11,132
2727,2025-08-01,26,234
2728,2025-08-01,4,56
2729,2025-08-01,9,117
2730,2025-08-01,6,78
2731,2025-08-01,4,68
2732,2025-08-01,11,143
2733,2025-08-01,4,72
2734,2025-08-01,34,374
2735,2025-08-01,6,48
2736,2025-08-01,5,45
2737,2025-08-01,5,115
2738,2025-08-01,5,65
2739,2025-08-01,5,105
2740,2025-08-01,55,715
2741,2025-08-01,12,180
2742,2025-08-01,12,96
2743,2025-08-01,10,140
2744,2025-08-01,5,95
2745,2025-08-01,10,80
2746,2025-08-01,21,189
2747,2025-08-01,4,48
2748,2025-08-01,10,120
2749,2025-08-01,43,688
2750,2025-08-01,5,50
2751,2025-08-01,8,160
2752,2025-08-01,5,55
2753,2025-08-01,22,418
2754,2025-08-01,25,475
2755,2025-08-01,3,66
2756,2025-08-01,36,792
2757,2025-08-01,10,210
1002,2025-09-01,8,152
1004,2025-09-01,1,25
1007,2025-09-01,29,406
1008,2025-09-01,26,520
1010,2025-09-01,2,44
1012,2025-09-01,59,1180
1013,2025-09-01,202,4444
1016,2025-09-01,7,175
1025,2025-09-01,19,437
1026,2025-09-01,223,5352
1027,2025-09-01,15,225
1028,2025-09-01,5,85
1033,2025-09-01,3,39
1036,2025-09-01,4,60
1038,2025-09-01,16,144
1039,2025-09-01,10,220
1040,2025-09-01,35,630
1042,2025-09-01,31,651
1043,2025-09-01,48,528
1045,2025-09-01,83,1577
1048,2025-09-01,2,42
1051,2025-09-01,5,120
1053,2025-09-01,51,765
1057,2025-09-01,2,50
1059,2025-09-01,264,2640
1060,2025-09-01,15,255
1062,2025-09-01,42,588
1064,2025-09-01,161,4025
1065,2025-09-01,38,418
1067,2025-09-01,18,252
1071,2025-09-01,7,147
1072,2025-09-01,10,130
1078,2025-09-01,12,288
1079,2025-09-01,3,42
1080,2025-09-01,7,77
1085,2025-09-01,30,630
1088,2025-09-01,9,216
1089,2025-09-01,49,637
1091,2025-09-01,5,100
1092,2025-09-01,12,180
1093,2025-09-01,68,748
1094,2025-09-01,57,1197
1096,2025-09-01,7,175
1098,2025-09-01,44,1100
1099,2025-09-01,7,112
1102,2025-09-01,6,72
1107,2025-09-01,7,98
1110,2025-09-01,8,120
1111,2025-09-01,5,115
1112,2025-09-01,6,48
1113,2025-09-01,36,648
1115,2025-09-01,94,1786
1116,2025-09-01,3,75
1117,2025-09-01,0,0
1124,2025-09-01,15,165
1126,2025-09-01,7,175
1127,2025-09-01,36,288
1129,2025-09-01,1,25
1130,2025-09-01,2,42
1131,2025-09-01,5,120
1134,2025-09-01,29,522
1139,2025-09-01,4,60
1140,2025-09-01,35,525
1143,2025-09-01,54,972
1144,2025-09-01,24,552
1146,2025-09-01,9,225
1147,2025-09-01,19,342
1148,2025-09-01,4,72
1151,2025-09-01,16,240
1152,2025-09-01,8,192
1153,2025-09-01,5,55
1154,2025-09-01,46,552
1157,2025-09-01,45,405
1158,2025-09-01,4,56
1160,2025-09-01,5,105
1161,2025-09-01,1,23
1164,2025-09-01,1,17
1167,2025-09-01,10,80
1170,2025-09-01,20,240
1172,2025-09-01,54,486
1174,2025-09-01,19,437
1175,2025-09-01,19,456
1177,2025-09-01,2,30
1178,2025-09-01,3,72
1179,2025-09-01,14,224
1181,2025-09-01,11,154
1183,2025-09-01,7,63
1184,2025-09-01,2,42
1185,2025-09-01,18,162
1186,2025-09-01,22,484
1187,2025-09-01,80,1360
1188,2025-09-01,10,90
1189,2025-09-01,22,198
1192,2025-09-01,16,384
1194,2025-09-01,36,504
1195,2025-09-01,35,560
1196,2025-09-01,23,529
1197,2025-09-01,2,30
1198,2025-09-01,15,315
1199,2025-09-01,29,609
1200,2025-09-01,311,6531
1202,2025-09-01,0,0
1203,2025-09-01,70,980
1207,2025-09-01,14,266
1208,2025-09-01,31,744
1209,2025-09-01,4,32
1210,2025-09-01,2,42
1211,2025-09-01,14,112
1212,2025-09-01,11,121
1213,2025-09-01,178,3382
1214,2025-09-01,3,42
1216,2025-09-01,7,175
1219,2025-09-01,8,72
1221,2025-09-01,10,120
1222,2025-09-01,21,294
1227,2025-09-01,38,684
1229,2025-09-01,7,105
1231,2025-09-01,44,352
1234,2025-09-01,96,864
1235,2025-09-01,9,117
1237,2025-09-01,1,20
1241,2025-09-01,3,48
1242,2025-09-01,46,874
1244,2025-09-01,1,9
1245,2025-09-01,9,189
1246,2025-09-01,6,150
1247,2025-09-01,2,50
1249,2025-09-01,3,75
1250,2025-09-01,30,240
1256,2025-09-01,14,336
1257,2025-09-01,10,190
1258,2025-09-01,16,128
1259,2025-09-01,122,2562
1261,2025-09-01,128,2304
1262,2025-09-01,341,7161
1263,2025-09-01,7,161
1265,2025-09-01,22,330
1266,2025-09-01,57,912
1267,2025-09-01,8,88
1268,2025-09-01,116,1856
1270,2025-09-01,246,5412
1271,2025-09-01,3,75
1273,2025-09-01,4,40
1274,2025-09-01,153,2295
1275,2025-09-01,94,2068
1279,2025-09-01,3,39
1281,2025-09-01,43,1075
1282,2025-09-01,6,114
1284,2025-09-01,96,1824
1285,2025-09-01,55,935
1287,2025-09-01,110,880
1288,2025-09-01,2,18
1289,2025-09-01,21,294
1291,2025-09-01,40,440
1297,2025-09-01,3,72
1299,2025-09-01,2,38
1301,2025-09-01,2,50
1302,2025-09-01,19,456
1304,2025-09-01,12,204
1305,2025-09-01,45,855
1307,2025-09-01,10,110
1308,2025-09-01,10,130
1309,2025-09-01,22,330
1310,2025-09-01,83,1992
1312,2025-09-01,7,161
1314,2025-09-01,8,72
1315,2025-09-01,15,135
1317,2025-09-01,6,102
1318,2025-09-01,24,192
1320,2025-09-01,13,104
1321,2025-09-01,7,112
1322,2025-09-01,86,1118
1323,2025-09-01,15,240
1326,2025-09-01,11,154
1327,2025-09-01,82,1722
1329,2025-09-01,13,247
1333,2025-09-01,30,630
1334,2025-09-01,36,684
1335,2025-09-01,10,100
1336,2025-09-01,39,936
1337,2025-09-01,89,1424
1338,2025-09-01,9,126
1339,2025-09-01,53,954
1340,2025-09-01,18,144
1341,2025-09-01,44,572
1342,2025-09-01,17,238
1343,2025-09-01,30,420
1344,2025-09-01,1,25
1346,2025-09-01,30,300
1347,2025-09-01,3,51
1348,2025-09-01,8,144
1351,2025-09-01,10,190
1352,2025-09-01,24,456
1353,2025-09-01,2,30
1354,2025-09-01,2,40
1355,2025-09-01,61,1525
1358,2025-09-01,57,969
1363,2025-09-01,55,880
1364,2025-09-01,23,529
1367,2025-09-01,6,66
1369,2025-09-01,3,42
1372,2025-09-01,25,350
1373,2025-09-01,64,1216
1374,2025-09-01,5,50
1375,2025-09-01,107,1177
1378,2025-09-01,109,1199
1380,2025-09-01,4,68
1381,2025-09-01,8,152
1385,2025-09-01,3,69
1386,2025-09-01,6,96
1387,2025-09-01,4,84
1389,2025-09-01,22,330
1393,2025-09-01,16,384
1395,2025-09-01,16,176
1397,2025-09-01,5,70
1400,2025-09-01,84,1596
1402,2025-09-01,36,576
1403,2025-09-01,8,144
1404,2025-09-01,9,216
1405,2025-09-01,59,1062
1409,2025-09-01,14,252
1410,2025-09-01,33,792
1411,2025-09-01,6,150
1413,2025-09-01,4,36
1414,2025-09-01,7,154
1416,2025-09-01,6,78
1417,2025-09-01,18,378
1419,2025-09-01,10,100
1420,2025-09-01,67,536
1422,2025-09-01,52,572
1426,2025-09-01,2,40
1427,2025-09-01,3,72
1428,2025-09-01,65,1430
1432,2025-09-01,5,40
1434,2025-09-01,3,24
1435,2025-09-01,7,84
1436,2025-09-01,43,473
1437,2025-09-01,10,250
1438,2025-09-01,18,234
1439,2025-09-01,65,780
1444,2025-09-01,23,483
1445,2025-09-01,5,60
1447,2025-09-01,35,735
1448,2025-09-01,48,912
1449,2025-09-01,1,16
1450,2025-09-01,24,408
1451,2025-09-01,8,64
1452,2025-09-01,66,1188
1455,2025-09-01,30,570
1457,2025-09-01,74,814
1458,2025-09-01,32,416
1461,2025-09-01,5,90
1462,2025-09-01,8,152
1464,2025-09-01,6,108
1466,2025-09-01,4,76
1468,2025-09-01,19,285
1470,2025-09-01,1,13
1471,2025-09-01,347,7287
1474,2025-09-01,39,780
1476,2025-09-01,80,1120
1477,2025-09-01,5,125
1478,2025-09-01,11,165
1479,2025-09-01,3,63
1481,2025-09-01,89,1246
1483,2025-09-01,10,230
1486,2025-09-01,18,234
1487,2025-09-01,19,171
1490,2025-09-01,12,192
1491,2025-09-01,0,0
1494,2025-09-01,36,396
1495,2025-09-01,9,162
1496,2025-09-01,10,80
1497,2025-09-01,1,16
1498,2025-09-01,7,126
1499,2025-09-01,19,437
1500,2025-09-01,2,34
1503,2025-09-01,13,130
1505,2025-09-01,9,207
1507,2025-09-01,2,22
1509,2025-09-01,4,100
1510,2025-09-01,14,182
1514,2025-09-01,14,280
1517,2025-09-01,27,540
1520,2025-09-01,16,240
1521,2025-09-01,6,66
1522,2025-09-01,29,261
1523,2025-09-01,7,105
1524,2025-09-01,197,1576
1525,2025-09-01,13,130
1526,2025-09-01,58,580
1527,2025-09-01,4,64
1528,2025-09-01,24,408
1529,2025-09-01,2,48
1530,2025-09-01,64,576
1531,2025-09-01,6,78
1533,2025-09-01,45,900
1534,2025-09-01,7,70
1536,2025-09-01,7,77
1537,2025-09-01,11,132
1539,2025-09-01,75,1050
1540,2025-09-01,19,209
1541,2025-09-01,78,1092
1542,2025-09-01,8,176
1544,2025-09-01,10,170
1545,2025-09-01,55,990
1546,2025-09-01,49,490
1553,2025-09-01,163,3097
1554,2025-09-01,22,198
1555,2025-09-01,7,56
1556,2025-09-01,11,187
1557,2025-09-01,22,264
1558,2025-09-01,8,120
1559,2025-09-01,22,528
1561,2025-09-01,9,225
1562,2025-09-01,9,144
1563,2025-09-01,5,120
1564,2025-09-01,20,300
1565,2025-09-01,3,48
1566,2025-09-01,1,18
1568,2025-09-01,2,30
1569,2025-09-01,317,6974
1570,2025-09-01,31,527
1572,2025-09-01,8,184
1574,2025-09-01,18,432
1575,2025-09-01,71,1491
1576,2025-09-01,2,50
1578,2025-09-01,5,120
1579,2025-09-01,7,105
1580,2025-09-01,35,595
1581,2025-09-01,46,874
1582,2025-09-01,4,68
1583,2025-09-01,98,980
1585,2025-09-01,39,780
1586,2025-09-01,1,18
1587,2025-09-01,3,66
1592,2025-09-01,24,552
1593,2025-09-01,5,125
1596,2025-09-01,17,221
1597,2025-09-01,4,52
1598,2025-09-01,135,3240
1600,2025-09-01,26,234
1603,2025-09-01,7,91
1605,2025-09-01,62,1178
1607,2025-09-01,14,294
1608,2025-09-01,5,45
1609,2025-09-01,86,1204
1610,2025-09-01,66,726
1611,2025-09-01,15,150
1612,2025-09-01,109,1526
1613,2025-09-01,8,64
1620,2025-09-01,136,1632
1621,2025-09-01,6,66
1622,2025-09-01,7,77
1625,2025-09-01,11,154
1626,2025-09-01,35,420
1627,2025-09-01,8,144
1630,2025-09-01,63,819
1631,2025-09-01,55,1100
1634,2025-09-01,24,408
1635,2025-09-01,44,924
1637,2025-09-01,6,108
1638,2025-09-01,31,620
1639,2025-09-01,3,30
1640,2025-09-01,29,406
1641,2025-09-01,15,270
1642,2025-09-01,6,60
1643,2025-09-01,2,24
1645,2025-09-01,3,51
1646,2025-09-01,185,2035
1649,2025-09-01,2,30
1650,2025-09-01,38,912
1651,2025-09-01,4,56
1652,2025-09-01,11,88
1653,2025-09-01,11,176
1656,2025-09-01,46,368
1657,2025-09-01,35,595
1658,2025-09-01,10,250
1659,2025-09-01,10,80
1660,2025-09-01,13,195
1663,2025-09-01,1,23
1666,2025-09-01,10,80
1667,2025-09-01,3,36
1668,2025-09-01,4,64
1670,2025-09-01,6,120
1672,2025-09-01,25,400
1674,2025-09-01,34,476
1675,2025-09-01,7,98
1677,2025-09-01,25,475
1678,2025-09-01,13,312
1679,2025-09-01,2,18
1680,2025-09-01,3,36
1681,2025-09-01,24,504
1682,2025-09-01,2,34
1683,2025-09-01,8,152
1684,2025-09-01,28,700
1686,2025-09-01,9,144
1687,2025-09-01,4,84
1688,2025-09-01,2,16
1689,2025-09-01,93,1860
1690,2025-09-01,9,99
1692,2025-09-01,7,91
1694,2025-09-01,25,525
1695,2025-09-01,4,100
1696,2025-09-01,2,24
1697,2025-09-01,48,528
1699,2025-09-01,15,315
1700,2025-09-01,2,40
1702,2025-09-01,11,264
1703,2025-09-01,2,22
1704,2025-09-01,1,10
1707,2025-09-01,50,700
1708,2025-09-01,76,1900
1709,2025-09-01,4,40
1711,2025-09-01,78,1950
1712,2025-09-01,8,184
1713,2025-09-01,6,108
1714,2025-09-01,69,1104
1715,2025-09-01,4,44
1716,2025-09-01,4,76
1718,2025-09-01,5,45
1719,2025-09-01,46,1058
1721,2025-09-01,22,352
1722,2025-09-01,23,391
1723,2025-09-01,5,45
1725,2025-09-01,126,2016
1728,2025-09-01,5,100
1730,2025-09-01,4,44
1731,2025-09-01,13,286
1732,2025-09-01,4,84
1734,2025-09-01,8,104
1736,2025-09-01,10,140
1737,2025-09-01,4,100
1738,2025-09-01,36,504
1739,2025-09-01,84,840
1740,2025-09-01,22,396
1741,2025-09-01,20,400
1743,2025-09-01,24,432
1745,2025-09-01,28,364
1746,2025-09-01,25,600
1747,2025-09-01,7,105
1748,2025-09-01,9,207
1749,2025-09-01,4,32
1750,2025-09-01,3,36
1751,2025-09-01,316,5056
1752,2025-09-01,23,414
1755,2025-09-01,1,24
1756,2025-09-01,20,240
1758,2025-09-01,10,170
1759,2025-09-01,93,1581
1760,2025-09-01,21,441
1761,2025-09-01,6,60
1762,2025-09-01,2,16
1763,2025-09-01,32,800
1764,2025-09-01,4,48
1765,2025-09-01,39,936
1766,2025-09-01,36,360
1767,2025-09-01,85,1785
1769,2025-09-01,8,112
1770,2025-09-01,8,192
1771,2025-09-01,10,100
1772,2025-09-01,37,444
1773,2025-09-01,50,900
1774,2025-09-01,53,1272
1776,2025-09-01,6,72
1778,2025-09-01,3,69
1779,2025-09-01,13,182
1780,2025-09-01,8,64
1781,2025-09-01,2,28
1782,2025-09-01,4,68
1783,2025-09-01,29,696
1786,2025-09-01,20,500
1787,2025-09-01,56,1288
1788,2025-09-01,46,1150
1791,2025-09-01,42,546
1793,2025-09-01,3,66
1794,2025-09-01,9,180
1796,2025-09-01,37,666
1797,2025-09-01,25,450
1799,2025-09-01,10,200
1801,2025-09-01,34,714
1802,2025-09-01,203,1624
1803,2025-09-01,5,115
1805,2025-09-01,2,30
1806,2025-09-01,26,208
1808,2025-09-01,6,72
1809,2025-09-01,11,132
1810,2025-09-01,5,80
1811,2025-09-01,2,42
1812,2025-09-01,5,100
1814,2025-09-01,27,459
1817,2025-09-01,23,322
1818,2025-09-01,22,396
1819,2025-09-01,8,144
1820,2025-09-01,6,150
1821,2025-09-01,13,312
1823,2025-09-01,15,195
1824,2025-09-01,1,13
1825,2025-09-01,20,300
1828,2025-09-01,22,396
1829,2025-09-01,4,32
1830,2025-09-01,14,126
1831,2025-09-01,6,126
1832,2025-09-01,4,64
1834,2025-09-01,16,304
1837,2025-09-01,13,273
1838,2025-09-01,7,161
1839,2025-09-01,4,52
1840,2025-09-01,39,351
1841,2025-09-01,26,260
1844,2025-09-01,12,132
1845,2025-09-01,3,72
1846,2025-09-01,124,2976
1848,2025-09-01,7,154
1849,2025-09-01,30,510
1850,2025-09-01,4,64
1851,2025-09-01,22,374
1852,2025-09-01,11,198
1853,2025-09-01,2,40
1854,2025-09-01,4,96
1855,2025-09-01,8,72
1857,2025-09-01,26,468
1858,2025-09-01,90,2160
1859,2025-09-01,1,20
1864,2025-09-01,42,756
1865,2025-09-01,15,315
1866,2025-09-01,21,273
1867,2025-09-01,0,0
1868,2025-09-01,21,357
1869,2025-09-01,36,540
1870,2025-09-01,3,45
1871,2025-09-01,11,176
1872,2025-09-01,9,225
1873,2025-09-01,4,72
1874,2025-09-01,15,270
1877,2025-09-01,2,36
1879,2025-09-01,24,408
1880,2025-09-01,3,45
1881,2025-09-01,54,918
1882,2025-09-01,15,240
1883,2025-09-01,24,576
1884,2025-09-01,30,510
1886,2025-09-01,3,51
1888,2025-09-01,39,780
1890,2025-09-01,10,180
1891,2025-09-01,2,36
1892,2025-09-01,57,1254
1893,2025-09-01,8,176
1895,2025-09-01,50,700
1896,2025-09-01,12,240
1897,2025-09-01,9,81
1898,2025-09-01,16,256
1899,2025-09-01,36,720
1900,2025-09-01,7,70
1901,2025-09-01,4,92
1902,2025-09-01,43,344
1903,2025-09-01,21,168
1906,2025-09-01,34,476
1907,2025-09-01,18,270
1909,2025-09-01,2,32
1910,2025-09-01,7,63
1911,2025-09-01,2,46
1912,2025-09-01,267,4806
1913,2025-09-01,29,348
1914,2025-09-01,89,1958
1915,2025-09-01,32,640
1917,2025-09-01,36,720
1921,2025-09-01,3,36
1924,2025-09-01,23,483
1925,2025-09-01,2,18
1927,2025-09-01,3,63
1929,2025-09-01,5,120
1931,2025-09-01,9,207
1933,2025-09-01,54,1296
1934,2025-09-01,8,72
1935,2025-09-01,52,572
1936,2025-09-01,54,432
1938,2025-09-01,83,2075
1939,2025-09-01,3,33
1940,2025-09-01,16,256
1941,2025-09-01,14,308
1943,2025-09-01,12,180
1944,2025-09-01,164,2132
1946,2025-09-01,7,77
1947,2025-09-01,7,63
1948,2025-09-01,22,550
1949,2025-09-01,3,66
1950,2025-09-01,17,357
1953,2025-09-01,2,22
1955,2025-09-01,3,51
1957,2025-09-01,6,120
1959,2025-09-01,30,420
1960,2025-09-01,28,280
1962,2025-09-01,11,242
1963,2025-09-01,31,465
1964,2025-09-01,24,552
1965,2025-09-01,19,266
1966,2025-09-01,5,45
1967,2025-09-01,26,494
1970,2025-09-01,59,472
1971,2025-09-01,18,306
1972,2025-09-01,15,135
1973,2025-09-01,161,3220
1975,2025-09-01,109,1308
1976,2025-09-01,27,675
1979,2025-09-01,10,120
1980,2025-09-01,6,138
1981,2025-09-01,41,533
1982,2025-09-01,8,72
1987,2025-09-01,8,96
1988,2025-09-01,13,325
1989,2025-09-01,8,176
1990,2025-09-01,4,100
1991,2025-09-01,7,140
1992,2025-09-01,5,105
1993,2025-09-01,56,672
1994,2025-09-01,1,22
1995,2025-09-01,4,92
1996,2025-09-01,5,80
1998,2025-09-01,8,96
1999,2025-09-01,58,1276
2000,2025-09-01,51,510
2001,2025-09-01,4,44
2005,2025-09-01,3,36
2006,2025-09-01,44,528
2007,2025-09-01,4,32
2008,2025-09-01,16,384
2009,2025-09-01,96,2304
2012,2025-09-01,71,1633
2015,2025-09-01,57,912
2017,2025-09-01,10,210
2018,2025-09-01,15,225
2019,2025-09-01,62,1302
2020,2025-09-01,9,72
2021,2025-09-01,43,430
2022,2025-09-01,31,775
2023,2025-09-01,4,88
2024,2025-09-01,9,216
2025,2025-09-01,2,50
2028,2025-09-01,31,527
2029,2025-09-01,14,266
2030,2025-09-01,42,378
2031,2025-09-01,9,126
2032,2025-09-01,7,98
2033,2025-09-01,10,150
2035,2025-09-01,9,225
2036,2025-09-01,12,168
2037,2025-09-01,1,22
2038,2025-09-01,25,600
2039,2025-09-01,108,1728
2040,2025-09-01,36,684
2042,2025-09-01,3,75
2043,2025-09-01,6,114
2044,2025-09-01,8,144
2045,2025-09-01,3,72
2046,2025-09-01,39,468
2049,2025-09-01,48,960
2050,2025-09-01,9,162
2051,2025-09-01,4,64
2053,2025-09-01,5,125
2054,2025-09-01,8,184
2055,2025-09-01,6,78
2057,2025-09-01,13,208
2060,2025-09-01,8,176
2061,2025-09-01,34,714
2062,2025-09-01,124,2976
2063,2025-09-01,4,56
2064,2025-09-01,8,160
2068,2025-09-01,11,143
2070,2025-09-01,6,60
2071,2025-09-01,19,285
2072,2025-09-01,77,616
2073,2025-09-01,9,225
2074,2025-09-01,39,390
2075,2025-09-01,4,100
2076,2025-09-01,46,1012
2077,2025-09-01,7,70
2078,2025-09-01,25,600
2079,2025-09-01,48,624
2080,2025-09-01,7,133
2083,2025-09-01,11,143
2084,2025-09-01,2,32
2085,2025-09-01,109,1853
2086,2025-09-01,7,112
2087,2025-09-01,19,475
2088,2025-09-01,5,110
2090,2025-09-01,9,225
2091,2025-09-01,32,448
2092,2025-09-01,17,204
2094,2025-09-01,15,180
2095,2025-09-01,52,676
2096,2025-09-01,102,1326
2097,2025-09-01,3,33
2100,2025-09-01,14,238
2101,2025-09-01,91,1820
2102,2025-09-01,9,135
2103,2025-09-01,22,352
2104,2025-09-01,25,250
2105,2025-09-01,33,264
2107,2025-09-01,9,90
2108,2025-09-01,220,4840
2109,2025-09-01,23,414
2111,2025-09-01,54,1242
2112,2025-09-01,8,192
2114,2025-09-01,7,161
2115,2025-09-01,20,220
2116,2025-09-01,7,175
2118,2025-09-01,18,162
2119,2025-09-01,12,264
2120,2025-09-01,41,697
2121,2025-09-01,13,130
2123,2025-09-01,93,2325
2124,2025-09-01,30,330
2126,2025-09-01,6,60
2127,2025-09-01,35,875
2128,2025-09-01,28,308
2129,2025-09-01,1,16
2130,2025-09-01,5,75
2131,2025-09-01,39,702
2132,2025-09-01,46,966
2133,2025-09-01,8,200
2134,2025-09-01,1,15
2135,2025-09-01,14,140
2136,2025-09-01,12,264
2137,2025-09-01,25,200
2138,2025-09-01,17,357
2139,2025-09-01,24,408
2142,2025-09-01,3,66
2143,2025-09-01,18,216
2144,2025-09-01,117,1755
2145,2025-09-01,22,506
2146,2025-09-01,4,52
2147,2025-09-01,30,390
2148,2025-09-01,50,450
2149,2025-09-01,110,1650
2150,2025-09-01,27,432
2151,2025-09-01,1,17
2152,2025-09-01,7,161
2153,2025-09-01,55,1265
2154,2025-09-01,7,126
2156,2025-09-01,11,264
2157,2025-09-01,10,90
2158,2025-09-01,34,850
2159,2025-09-01,49,686
2160,2025-09-01,3,30
2161,2025-09-01,53,795
2163,2025-09-01,4,72
2164,2025-09-01,7,77
2165,2025-09-01,7,84
2166,2025-09-01,7,175
2167,2025-09-01,7,105
2169,2025-09-01,125,2000
2170,2025-09-01,3,27
2171,2025-09-01,21,294
2172,2025-09-01,101,1414
2174,2025-09-01,37,407
2177,2025-09-01,268,3216
2178,2025-09-01,14,294
2179,2025-09-01,7,70
2180,2025-09-01,10,240
2181,2025-09-01,45,720
2183,2025-09-01,185,3330
2185,2025-09-01,11,121
2186,2025-09-01,10,130
2187,2025-09-01,17,187
2188,2025-09-01,30,690
2189,2025-09-01,129,2838
2191,2025-09-01,5,100
2193,2025-09-01,100,900
2195,2025-09-01,8,192
2196,2025-09-01,10,250
2197,2025-09-01,16,288
2198,2025-09-01,4,52
2200,2025-09-01,71,1349
2202,2025-09-01,6,108
2204,2025-09-01,70,630
2207,2025-09-01,104,1664
2208,2025-09-01,9,162
2209,2025-09-01,14,308
2210,2025-09-01,6,120
2211,2025-09-01,5,45
2212,2025-09-01,117,1053
2213,2025-09-01,237,4029
2214,2025-09-01,5,65
2215,2025-09-01,5,50
2216,2025-09-01,25,575
2217,2025-09-01,109,1962
2218,2025-09-01,2,22
2219,2025-09-01,39,897
2220,2025-09-01,9,189
2221,2025-09-01,19,475
2222,2025-09-01,2,46
2224,2025-09-01,136,3400
2226,2025-09-01,8,112
2227,2025-09-01,2,46
2229,2025-09-01,20,280
2230,2025-09-01,4,44
2231,2025-09-01,3,54
2232,2025-09-01,6,54
2233,2025-09-01,19,266
2234,2025-09-01,21,399
2236,2025-09-01,30,750
2237,2025-09-01,10,100
2238,2025-09-01,15,120
2240,2025-09-01,38,836
2241,2025-09-01,8,112
2242,2025-09-01,6,126
2243,2025-09-01,25,500
2244,2025-09-01,5,105
2245,2025-09-01,24,240
2246,2025-09-01,7,70
2248,2025-09-01,21,504
2249,2025-09-01,1,11
2250,2025-09-01,7,98
2251,2025-09-01,27,297
2252,2025-09-01,20,380
2254,2025-09-01,8,96
2256,2025-09-01,2,50
2258,2025-09-01,13,143
2260,2025-09-01,9,171
2261,2025-09-01,8,144
2262,2025-09-01,8,120
2263,2025-09-01,3,57
2264,2025-09-01,1,9
2265,2025-09-01,15,285
2266,2025-09-01,3,51
2267,2025-09-01,6,126
2270,2025-09-01,4,100
2271,2025-09-01,19,475
2273,2025-09-01,5,125
2274,2025-09-01,24,264
2276,2025-09-01,7,91
2279,2025-09-01,2,50
2280,2025-09-01,15,135
2281,2025-09-01,43,774
2283,2025-09-01,14,112
2284,2025-09-01,53,742
2285,2025-09-01,7,56
2286,2025-09-01,10,200
2287,2025-09-01,166,2988
2288,2025-09-01,167,1670
2289,2025-09-01,52,1196
2290,2025-09-01,3,51
2291,2025-09-01,4,100
2292,2025-09-01,5,80
2293,2025-09-01,16,128
2295,2025-09-01,73,1752
2296,2025-09-01,7,168
2297,2025-09-01,21,420
2299,2025-09-01,11,121
2301,2025-09-01,6,108
2302,2025-09-01,7,119
2303,2025-09-01,230,2990
2304,2025-09-01,22,528
2305,2025-09-01,7,91
2307,2025-09-01,9,216
2308,2025-09-01,11,132
2309,2025-09-01,30,660
2310,2025-09-01,1,20
2311,2025-09-01,1,11
2312,2025-09-01,12,108
2313,2025-09-01,44,1056
2314,2025-09-01,3,45
2315,2025-09-01,14,336
2316,2025-09-01,8,112
2317,2025-09-01,15,360
2319,2025-09-01,3,75
2320,2025-09-01,10,220
2321,2025-09-01,9,207
2322,2025-09-01,8,136
2323,2025-09-01,55,715
2325,2025-09-01,11,209
2326,2025-09-01,12,180
2327,2025-09-01,37,888
2328,2025-09-01,38,494
2329,2025-09-01,39,507
2330,2025-09-01,135,3375
2333,2025-09-01,39,546
2334,2025-09-01,16,224
2335,2025-09-01,4,76
2336,2025-09-01,7,168
2337,2025-09-01,7,175
2338,2025-09-01,5,105
2339,2025-09-01,21,399
2341,2025-09-01,6,108
2343,2025-09-01,16,256
2344,2025-09-01,1,21
2345,2025-09-01,15,300
2346,2025-09-01,31,620
2348,2025-09-01,34,544
2349,2025-09-01,12,192
2351,2025-09-01,3,60
2352,2025-09-01,25,400
2354,2025-09-01,15,120
2356,2025-09-01,27,675
2358,2025-09-01,6,84
2359,2025-09-01,7,56
2360,2025-09-01,4,36
2361,2025-09-01,4,52
2362,2025-09-01,7,147
2363,2025-09-01,2,44
2364,2025-09-01,67,670
2365,2025-09-01,11,209
2367,2025-09-01,18,234
2368,2025-09-01,6,78
2369,2025-09-01,15,285
2370,2025-09-01,46,690
2371,2025-09-01,1,11
2372,2025-09-01,26,546
2376,2025-09-01,9,81
2377,2025-09-01,7,105
2378,2025-09-01,18,162
2381,2025-09-01,21,294
2382,2025-09-01,9,207
2383,2025-09-01,48,672
2384,2025-09-01,7,154
2385,2025-09-01,2,20
2386,2025-09-01,3,63
2387,2025-09-01,12,168
2389,2025-09-01,24,480
2390,2025-09-01,26,624
2391,2025-09-01,24,312
2393,2025-09-01,14,308
2394,2025-09-01,5,50
2395,2025-09-01,7,161
2396,2025-09-01,20,180
2397,2025-09-01,12,300
2398,2025-09-01,33,594
2399,2025-09-01,26,624
2401,2025-09-01,49,1029
2402,2025-09-01,6,102
2403,2025-09-01,5,50
2404,2025-09-01,12,264
2405,2025-09-01,8,112
2406,2025-09-01,5,90
2408,2025-09-01,3,51
2410,2025-09-01,14,266
2411,2025-09-01,166,3486
2413,2025-09-01,44,528
2414,2025-09-01,24,552
2415,2025-09-01,16,352
2416,2025-09-01,140,2520
2418,2025-09-01,100,800
2419,2025-09-01,8,160
2420,2025-09-01,7,112
2421,2025-09-01,169,2366
2422,2025-09-01,3,63
2423,2025-09-01,14,126
2424,2025-09-01,11,154
2426,2025-09-01,16,320
2427,2025-09-01,6,120
2428,2025-09-01,30,690
2429,2025-09-01,67,536
2430,2025-09-01,4,100
2431,2025-09-01,3,36
2432,2025-09-01,3,51
2433,2025-09-01,24,600
2435,2025-09-01,60,660
2436,2025-09-01,1,9
2437,2025-09-01,90,1800
2439,2025-09-01,23,529
2440,2025-09-01,26,572
2441,2025-09-01,6,60
2442,2025-09-01,18,252
2444,2025-09-01,3,48
2445,2025-09-01,40,320
2447,2025-09-01,32,800
2448,2025-09-01,5,105
2449,2025-09-01,3,33
2450,2025-09-01,32,512
2451,2025-09-01,5,55
2452,2025-09-01,8,112
2453,2025-09-01,12,204
2455,2025-09-01,29,232
2456,2025-09-01,5,75
2457,2025-09-01,24,528
2458,2025-09-01,2,42
2460,2025-09-01,7,154
2461,2025-09-01,2,16
2462,2025-09-01,7,126
2463,2025-09-01,8,136
2464,2025-09-01,20,340
2465,2025-09-01,7,154
2466,2025-09-01,21,336
2467,2025-09-01,8,72
2469,2025-09-01,147,1323
2470,2025-09-01,28,364
2471,2025-09-01,31,775
2472,2025-09-01,10,120
2473,2025-09-01,8,112
2474,2025-09-01,103,2060
2475,2025-09-01,12,264
2476,2025-09-01,30,690
2477,2025-09-01,24,528
2478,2025-09-01,2,32
2479,2025-09-01,37,814
2480,2025-09-01,33,462
2481,2025-09-01,14,322
2482,2025-09-01,5,75
2483,2025-09-01,13,208
2484,2025-09-01,11,231
2485,2025-09-01,7,175
2486,2025-09-01,26,572
2488,2025-09-01,4,92
2489,2025-09-01,17,340
2491,2025-09-01,37,518
2492,2025-09-01,4,40
2493,2025-09-01,142,2698
2494,2025-09-01,5,65
2495,2025-09-01,112,2016
2496,2025-09-01,4,48
2497,2025-09-01,13,260
2498,2025-09-01,2,16
2499,2025-09-01,4,52
2500,2025-09-01,24,408
2501,2025-09-01,54,756
2502,2025-09-01,3,69
2504,2025-09-01,4,96
2505,2025-09-01,43,903
2506,2025-09-01,39,936
2507,2025-09-01,15,165
2509,2025-09-01,42,336
2510,2025-09-01,86,1978
2511,2025-09-01,27,621
2512,2025-09-01,72,720
2513,2025-09-01,16,384
2514,2025-09-01,34,476
2515,2025-09-01,24,456
2516,2025-09-01,57,456
2517,2025-09-01,12,168
2518,2025-09-01,10,100
2519,2025-09-01,39,585
2521,2025-09-01,6,78
2522,2025-09-01,37,481
2524,2025-09-01,8,192
2525,2025-09-01,13,273
2526,2025-09-01,3,36
2527,2025-09-01,33,759
2530,2025-09-01,10,180
2531,2025-09-01,37,444
2532,2025-09-01,154,2618
2533,2025-09-01,8,160
2534,2025-09-01,7,140
2535,2025-09-01,37,518
2536,2025-09-01,5,90
2537,2025-09-01,6,150
2538,2025-09-01,12,228
2539,2025-09-01,8,104
2540,2025-09-01,6,96
2541,2025-09-01,133,2926
2542,2025-09-01,9,99
2543,2025-09-01,3,30
2544,2025-09-01,268,5092
2545,2025-09-01,213,4260
2546,2025-09-01,3,33
2547,2025-09-01,174,2262
2548,2025-09-01,11,198
2549,2025-09-01,9,72
2550,2025-09-01,123,1476
2552,2025-09-01,2,18
2553,2025-09-01,29,290
2554,2025-09-01,21,399
2557,2025-09-01,3,42
2558,2025-09-01,7,140
2559,2025-09-01,6,84
2560,2025-09-01,7,161
2562,2025-09-01,30,720
2563,2025-09-01,5,55
2564,2025-09-01,1,14
2565,2025-09-01,33,264
2566,2025-09-01,4,96
2567,2025-09-01,17,238
2568,2025-09-01,13,104
2569,2025-09-01,8,184
2571,2025-09-01,31,558
2572,2025-09-01,14,266
2573,2025-09-01,18,414
2574,2025-09-01,7,70
2575,2025-09-01,11,176
2576,2025-09-01,42,630
2577,2025-09-01,11,187
2578,2025-09-01,6,132
2579,2025-09-01,10,200
2580,2025-09-01,4,60
2581,2025-09-01,8,64
2582,2025-09-01,7,91
2583,2025-09-01,34,510
2584,2025-09-01,12,264
2585,2025-09-01,21,315
2586,2025-09-01,6,96
2587,2025-09-01,3,33
2588,2025-09-01,2,16
2590,2025-09-01,11,88
2592,2025-09-01,4,92
2593,2025-09-01,5,125
2594,2025-09-01,17,408
2595,2025-09-01,8,96
2596,2025-09-01,5,55
2599,2025-09-01,5,60
2602,2025-09-01,29,493
2603,2025-09-01,24,336
2604,2025-09-01,17,272
2605,2025-09-01,8,136
2606,2025-09-01,62,682
2607,2025-09-01,11,176
2608,2025-09-01,7,133
2609,2025-09-01,32,320
2610,2025-09-01,20,400
2611,2025-09-01,6,48
2612,2025-09-01,4,68
2613,2025-09-01,9,153
2614,2025-09-01,45,360
2615,2025-09-01,18,414
2616,2025-09-01,5,80
2619,2025-09-01,29,638
2620,2025-09-01,5,45
2621,2025-09-01,14,154
2622,2025-09-01,16,320
2624,2025-09-01,7,84
2625,2025-09-01,4,84
2626,2025-09-01,13,169
2627,2025-09-01,4,52
2628,2025-09-01,3,69
2629,2025-09-01,4,76
2630,2025-09-01,5,95
2631,2025-09-01,2,40
2632,2025-09-01,6,72
2634,2025-09-01,11,220
2635,2025-09-01,5,95
2637,2025-09-01,6,114
2638,2025-09-01,24,192
2639,2025-09-01,2,26
2640,2025-09-01,136,2856
2641,2025-09-01,9,135
2643,2025-09-01,7,63
2644,2025-09-01,5,55
2645,2025-09-01,34,476
2647,2025-09-01,7,77
2648,2025-09-01,34,578
2649,2025-09-01,11,143
2650,2025-09-01,6,102
2651,2025-09-01,8,128
2652,2025-09-01,38,684
2653,2025-09-01,47,1128
2655,2025-09-01,13,169
2656,2025-09-01,2,22
2657,2025-09-01,21,294
2658,2025-09-01,10,170
2659,2025-09-01,176,2464
2660,2025-09-01,37,777
2661,2025-09-01,12,144
2662,2025-09-01,9,81
2663,2025-09-01,15,135
2664,2025-09-01,5,80
2665,2025-09-01,28,672
2666,2025-09-01,22,176
2667,2025-09-01,8,120
2668,2025-09-01,197,4925
2669,2025-09-01,24,240
2671,2025-09-01,21,189
2672,2025-09-01,3,36
2673,2025-09-01,31,744
2674,2025-09-01,9,144
2675,2025-09-01,3,75
2676,2025-09-01,8,88
2677,2025-09-01,20,360
2678,2025-09-01,6,66
2679,2025-09-01,71,781
2680,2025-09-01,74,1776
2681,2025-09-01,7,119
2682,2025-09-01,9,90
2683,2025-09-01,4,72
2684,2025-09-01,9,135
2685,2025-09-01,46,552
2686,2025-09-01,205,4100
2687,2025-09-01,16,400
2688,2025-09-01,4,64
2689,2025-09-01,173,2249
2690,2025-09-01,15,180
2691,2025-09-01,2,36
2692,2025-09-01,9,189
2693,2025-09-01,13,286
2694,2025-09-01,13,156
2695,2025-09-01,17,289
2696,2025-09-01,7,133
2697,2025-09-01,11,121
2698,2025-09-01,20,460
2699,2025-09-01,1,12
2700,2025-09-01,23,529
2701,2025-09-01,5,120
2702,2025-09-01,5,95
2703,2025-09-01,4,68
2704,2025-09-01,3,48
2705,2025-09-01,149,2682
2706,2025-09-01,9,117
2708,2025-09-01,5,75
2709,2025-09-01,18,360
2710,2025-09-01,37,333
2711,2025-09-01,32,480
2712,2025-09-01,32,576
2713,2025-09-01,7,175
2715,2025-09-01,13,286
2716,2025-09-01,10,110
2717,2025-09-01,16,272
2718,2025-09-01,4,44
2719,2025-09-01,8,80
2720,2025-09-01,7,154
2721,2025-09-01,5,80
2722,2025-09-01,4,40
2723,2025-09-01,27,297
2724,2025-09-01,107,1712
2725,2025-09-01,7,105
2726,2025-09-01,9,171
2727,2025-09-01,33,792
2728,2025-09-01,4,92
2729,2025-09-01,8,72
2730,2025-09-01,5,65
2731,2025-09-01,4,64
2732,2025-09-01,10,200
2734,2025-09-01,33,726
2735,2025-09-01,6,126
2737,2025-09-01,5,70
2738,2025-09-01,6,90
2739,2025-09-01,8,176
2740,2025-09-01,55,1100
2741,2025-09-01,11,154
2742,2025-09-01,12,264
2743,2025-09-01,9,198
2744,2025-09-01,4,56
2745,2025-09-01,12,288
2746,2025-09-01,25,250
2747,2025-09-01,5,120
2748,2025-09-01,11,264
2749,2025-09-01,45,945
2750,2025-09-01,4,44
2751,2025-09-01,7,112
2752,2025-09-01,5,50
2753,2025-09-01,21,189
2754,2025-09-01,26,260
2755,2025-09-01,4,40
2756,2025-09-01,41,738
2757,2025-09-01,10,120
2758,2025-09-01,22,198
2759,2025-09-01,9,180
2760,2025-09-01,6,108
2761,2025-09-01,25,600
2762,2025-09-01,8,64
2763,2025-09-01,11,187
2764,2025-09-01,4,64
2765,2025-09-01,30,750
2766,2025-09-01,40,400
2767,2025-09-01,42,840
2768,2025-09-01,10,250
2769,2025-09-01,2,26
2770,2025-09-01,7,168
2771,2025-09-01,26,286
2772,2025-09-01,9,144
2773,2025-09-01,1,22
2774,2025-09-01,170,4080
2775,2025-09-01,8,72
2776,2025-09-01,4,92
2777,2025-09-01,36,684
2778,2025-09-01,9,135
2779,2025-09-01,21,294
2780,2025-09-01,31,775
2781,2025-09-01,24,600
2782,2025-09-01,9,90
2783,2025-09-01,24,552
2784,2025-09-01,5,40
2785,2025-09-01,27,324
2786,2025-09-01,28,280
2787,2025-09-01,3,57
2788,2025-09-01,2,50
2789,2025-09-01,198,3366
2790,2025-09-01,2,42
2791,2025-09-01,57,513
2792,2025-09-01,8,120
2793,2025-09-01,18,342
2794,2025-09-01,5,65
2795,2025-09-01,38,684
2796,2025-09-01,21,294
2797,2025-09-01,14,196
2798,2025-09-01,5,110
2799,2025-09-01,32,768
2800,2025-09-01,4,52
2801,2025-09-01,10,110
2802,2025-09-01,6,126
2803,2025-09-01,112,2464
2804,2025-09-01,31,310
2805,2025-09-01,4,64
2806,2025-09-01,137,1644
2807,2025-09-01,2,34
2808,2025-09-01,4,36
2809,2025-09-01,4,100
2810,2025-09-01,31,403
2811,2025-09-01,9,72
2812,2025-09-01,4,96
2813,2025-09-01,2,36
2814,2025-09-01,15,195
2815,2025-09-01,5,90
2816,2025-09-01,12,216
2817,2025-09-01,34,442
2818,2025-09-01,7,84
2819,2025-09-01,14,350
2820,2025-09-01,10,250
2821,2025-09-01,56,728
2822,2025-09-01,210,3570
1002,2025-10-01,7,91
1004,2025-10-01,0,0
1007,2025-10-01,27,675
1008,2025-10-01,26,598
1010,2025-10-01,2,46
1012,2025-10-01,53,742
1013,2025-10-01,232,3480
1016,2025-10-01,6,78
1025,2025-10-01,22,528
1026,2025-10-01,261,4176
1027,2025-10-01,12,144
1028,2025-10-01,4,60
1033,2025-10-01,5,45
1036,2025-10-01,3,39
1038,2025-10-01,15,180
1039,2025-10-01,9,117
1040,2025-10-01,43,602
1042,2025-10-01,31,465
1043,2025-10-01,50,500
1045,2025-10-01,74,1332
1048,2025-10-01,2,20
1053,2025-10-01,50,450
1057,2025-10-01,1,14
1059,2025-10-01,345,5865
1060,2025-10-01,15,285
1062,2025-10-01,42,504
1064,2025-10-01,139,3336
1065,2025-10-01,47,1081
1067,2025-10-01,16,144
1071,2025-10-01,5,100
1072,2025-10-01,6,48
1078,2025-10-01,9,180
1079,2025-10-01,14,294
1085,2025-10-01,32,512
1088,2025-10-01,11,132
1089,2025-10-01,48,960
1091,2025-10-01,6,78
1092,2025-10-01,11,275
1093,2025-10-01,66,990
1094,2025-10-01,54,540
1096,2025-10-01,6,120
1098,2025-10-01,33,363
1099,2025-10-01,7,105
1102,2025-10-01,5,65
1107,2025-10-01,5,40
1110,2025-10-01,11,121
1111,2025-10-01,6,126
1112,2025-10-01,7,147
1113,2025-10-01,36,360
1115,2025-10-01,102,1632
1116,2025-10-01,2,18
1117,2025-10-01,0,0
1124,2025-10-01,18,162
1126,2025-10-01,6,144
1127,2025-10-01,32,352
1129,2025-10-01,1,21
1130,2025-10-01,2,18
1131,2025-10-01,5,120
1134,2025-10-01,34,748
1139,2025-10-01,5,80
1140,2025-10-01,39,351
1143,2025-10-01,62,1178
1144,2025-10-01,20,400
1146,2025-10-01,10,120
1147,2025-10-01,26,390
1148,2025-10-01,4,60
1151,2025-10-01,17,391
1152,2025-10-01,6,132
1153,2025-10-01,6,132
1154,2025-10-01,48,672
1157,2025-10-01,47,376
1158,2025-10-01,3,27
1160,2025-10-01,4,48
1161,2025-10-01,1,17
1167,2025-10-01,14,294
1170,2025-10-01,24,456
1172,2025-10-01,63,1512
1174,2025-10-01,18,432
1175,2025-10-01,26,234
1177,2025-10-01,4,36
1178,2025-10-01,2,16
1179,2025-10-01,14,224
1181,2025-10-01,9,153
1183,2025-10-01,5,90
1185,2025-10-01,19,304
1186,2025-10-01,25,550
1187,2025-10-01,75,675
1188,2025-10-01,4,44
1189,2025-10-01,21,231
1192,2025-10-01,17,221
1194,2025-10-01,39,585
1195,2025-10-01,27,270
1196,2025-10-01,26,286
1197,2025-10-01,2,40
1198,2025-10-01,13,247
1199,2025-10-01,33,297
1200,2025-10-01,404,7676
1202,2025-10-01,0,0
1203,2025-10-01,62,496
1207,2025-10-01,15,135
1208,2025-10-01,34,748
1209,2025-10-01,5,70
1211,2025-10-01,12,96
1212,2025-10-01,10,80
1213,2025-10-01,98,2058
1214,2025-10-01,3,24
1216,2025-10-01,6,66
1219,2025-10-01,9,90
1221,2025-10-01,10,180
1222,2025-10-01,20,260
1227,2025-10-01,34,306
1229,2025-10-01,4,52
1231,2025-10-01,59,649
1234,2025-10-01,78,1716
1235,2025-10-01,6,90
1237,2025-10-01,1,24
1241,2025-10-01,3,36
1242,2025-10-01,54,810
1244,2025-10-01,3,30
1245,2025-10-01,7,175
1246,2025-10-01,6,54
1247,2025-10-01,2,40
1249,2025-10-01,4,44
1250,2025-10-01,27,567
1256,2025-10-01,16,352
1257,2025-10-01,9,216
1258,2025-10-01,15,210
1259,2025-10-01,130,1300
1261,2025-10-01,159,3339
1262,2025-10-01,242,3630
1263,2025-10-01,7,126
1265,2025-10-01,22,528
1266,2025-10-01,57,570
1267,2025-10-01,6,90
1268,2025-10-01,73,1533
1270,2025-10-01,347,8328
1271,2025-10-01,4,56
1273,2025-10-01,4,48
1274,2025-10-01,124,2108
1275,2025-10-01,76,1368
1279,2025-10-01,4,64
1281,2025-10-01,37,296
1282,2025-10-01,4,32
1284,2025-10-01,131,2227
1285,2025-10-01,64,1152
1287,2025-10-01,77,770
1288,2025-10-01,3,39
1289,2025-10-01,19,456
1291,2025-10-01,37,666
1297,2025-10-01,3,39
1299,2025-10-01,2,18
1301,2025-10-01,2,24
1302,2025-10-01,20,220
1304,2025-10-01,12,192
1305,2025-10-01,44,352
1308,2025-10-01,10,230
1309,2025-10-01,22,550
1310,2025-10-01,73,1533
1312,2025-10-01,7,77
1314,2025-10-01,10,230
1315,2025-10-01,14,126
1317,2025-10-01,4,64
1318,2025-10-01,19,380
1320,2025-10-01,11,121
1321,2025-10-01,9,171
1322,2025-10-01,86,860
1323,2025-10-01,15,195
1326,2025-10-01,12,276
1327,2025-10-01,91,2184
1329,2025-10-01,20,300
1333,2025-10-01,31,403
1334,2025-10-01,35,490
1335,2025-10-01,11,242
1336,2025-10-01,42,546
1337,2025-10-01,95,1805
1338,2025-10-01,6,132
1339,2025-10-01,51,1071
1340,2025-10-01,12,300
1341,2025-10-01,46,506
1342,2025-10-01,18,450
1343,2025-10-01,53,901
1344,2025-10-01,1,25
1346,2025-10-01,30,540
1347,2025-10-01,4,36
1348,2025-10-01,7,63
1351,2025-10-01,10,200
1352,2025-10-01,25,350
1353,2025-10-01,2,30
1354,2025-10-01,1,8
1355,2025-10-01,69,759
1358,2025-10-01,69,1587
1363,2025-10-01,56,448
1367,2025-10-01,6,96
1369,2025-10-01,3,57
1372,2025-10-01,22,198
1373,2025-10-01,70,1540
1374,2025-10-01,4,100
1375,2025-10-01,86,1978
1380,2025-10-01,7,63
1381,2025-10-01,7,147
1385,2025-10-01,3,24
1386,2025-10-01,8,88
1387,2025-10-01,3,42
1389,2025-10-01,20,480
1393,2025-10-01,20,180
1395,2025-10-01,20,340
1397,2025-10-01,5,65
1400,2025-10-01,79,1343
1402,2025-10-01,38,874
1403,2025-10-01,6,90
1404,2025-10-01,8,192
1405,2025-10-01,75,675
1409,2025-10-01,18,162
1410,2025-10-01,33,495
1411,2025-10-01,4,72
1413,2025-10-01,4,72
1414,2025-10-01,6,108
1416,2025-10-01,5,115
1417,2025-10-01,16,192
1419,2025-10-01,7,70
1420,2025-10-01,72,1224
1422,2025-10-01,53,530
1426,2025-10-01,2,32
1427,2025-10-01,2,34
1428,2025-10-01,49,1029
1432,2025-10-01,6,90
1434,2025-10-01,3,63
1435,2025-10-01,7,119
1436,2025-10-01,49,539
1437,2025-10-01,10,200
1438,2025-10-01,19,304
1439,2025-10-01,68,544
1444,2025-10-01,22,440
1445,2025-10-01,5,65
1447,2025-10-01,33,429
1448,2025-10-01,47,517
1449,2025-10-01,1,19
1450,2025-10-01,25,350
1451,2025-10-01,8,112
1452,2025-10-01,74,592
1455,2025-10-01,26,364
1457,2025-10-01,64,1408
1458,2025-10-01,39,468
1461,2025-10-01,4,36
1462,2025-10-01,34,408
1464,2025-10-01,7,133
1466,2025-10-01,4,40
1468,2025-10-01,15,195
1470,2025-10-01,1,13
1471,2025-10-01,282,5640
1474,2025-10-01,44,968
1476,2025-10-01,97,1746
1477,2025-10-01,3,60
1478,2025-10-01,11,209
1479,2025-10-01,4,92
1481,2025-10-01,78,1092
1483,2025-10-01,11,88
1486,2025-10-01,18,414
1487,2025-10-01,19,399
1490,2025-10-01,13,221
1491,2025-10-01,0,0
1494,2025-10-01,38,836
1495,2025-10-01,8,176
1496,2025-10-01,9,162
1497,2025-10-01,1,16
1498,2025-10-01,7,77
1499,2025-10-01,19,171
1500,2025-10-01,2,32
1503,2025-10-01,16,384
1505,2025-10-01,8,72
1507,2025-10-01,2,22
1509,2025-10-01,4,96
1510,2025-10-01,12,132
1514,2025-10-01,15,240
1517,2025-10-01,26,338
1520,2025-10-01,13,312
1521,2025-10-01,7,126
1522,2025-10-01,34,408
1523,2025-10-01,5,50
1524,2025-10-01,201,1809
1525,2025-10-01,14,126
1526,2025-10-01,44,880
1527,2025-10-01,4,44
1528,2025-10-01,29,667
1529,2025-10-01,2,34
1530,2025-10-01,57,684
1531,2025-10-01,6,150
1533,2025-10-01,52,520
1534,2025-10-01,4,72
1536,2025-10-01,8,128
1537,2025-10-01,11,143
1539,2025-10-01,86,1118
1540,2025-10-01,19,228
1541,2025-10-01,81,891
1542,2025-10-01,8,200
1544,2025-10-01,10,150
1545,2025-10-01,63,1071
1546,2025-10-01,46,828
1553,2025-10-01,157,3925
1554,2025-10-01,18,252
1555,2025-10-01,6,144
1556,2025-10-01,11,88
1557,2025-10-01,20,360
1558,2025-10-01,5,65
1559,2025-10-01,24,384
1561,2025-10-01,9,126
1562,2025-10-01,7,119
1563,2025-10-01,5,45
1564,2025-10-01,24,432
1565,2025-10-01,3,36
1566,2025-10-01,1,17
1568,2025-10-01,2,16
1569,2025-10-01,270,3240
1570,2025-10-01,34,748
1572,2025-10-01,9,180
1574,2025-10-01,20,420
1575,2025-10-01,59,649
1576,2025-10-01,2,18
1578,2025-10-01,5,70
1579,2025-10-01,7,119
1580,2025-10-01,36,432
1581,2025-10-01,28,532
1582,2025-10-01,4,76
1583,2025-10-01,68,1156
1585,2025-10-01,32,576
1586,2025-10-01,1,8
1587,2025-10-01,2,50
1592,2025-10-01,23,276
1593,2025-10-01,5,75
1596,2025-10-01,17,272
1597,2025-10-01,3,30
1598,2025-10-01,116,1276
1600,2025-10-01,30,720
1603,2025-10-01,6,48
1605,2025-10-01,96,1344
1607,2025-10-01,12,264
1608,2025-10-01,4,84
1609,2025-10-01,112,1904
1610,2025-10-01,89,712
1611,2025-10-01,17,221
1612,2025-10-01,85,765
1613,2025-10-01,9,126
1620,2025-10-01,133,2926
1621,2025-10-01,7,168
1622,2025-10-01,7,77
1625,2025-10-01,9,162
1626,2025-10-01,36,648
1627,2025-10-01,6,48
1630,2025-10-01,59,1121
1631,2025-10-01,52,1300
1634,2025-10-01,24,264
1635,2025-10-01,42,1050
1637,2025-10-01,9,108
1638,2025-10-01,31,341
1639,2025-10-01,4,64
1640,2025-10-01,36,432
1641,2025-10-01,12,252
1642,2025-10-01,9,99
1643,2025-10-01,2,22
1645,2025-10-01,3,30
1646,2025-10-01,172,2408
1649,2025-10-01,3,30
1651,2025-10-01,5,80
1652,2025-10-01,9,108
1653,2025-10-01,12,216
1656,2025-10-01,47,470
1657,2025-10-01,38,380
1658,2025-10-01,8,64
1659,2025-10-01,10,250
1660,2025-10-01,12,204
1663,2025-10-01,2,34
1666,2025-10-01,8,200
1667,2025-10-01,3,48
1668,2025-10-01,3,24
1670,2025-10-01,6,60
1672,2025-10-01,14,336
1674,2025-10-01,47,517
1675,2025-10-01,8,104
1677,2025-10-01,25,250
1678,2025-10-01,16,272
1679,2025-10-01,2,26
1680,2025-10-01,3,42
1681,2025-10-01,25,225
1682,2025-10-01,1,22
1683,2025-10-01,7,175
1684,2025-10-01,28,224
1686,2025-10-01,11,209
1687,2025-10-01,5,95
1688,2025-10-01,2,18
1689,2025-10-01,127,3175
1690,2025-10-01,9,153
1692,2025-10-01,7,63
1694,2025-10-01,20,340
1695,2025-10-01,4,56
1696,2025-10-01,2,32
1697,2025-10-01,49,686
1699,2025-10-01,18,306
1702,2025-10-01,17,357
1703,2025-10-01,2,32
1704,2025-10-01,1,10
1707,2025-10-01,46,1058
1708,2025-10-01,70,980
1709,2025-10-01,4,92
1711,2025-10-01,94,1974
1712,2025-10-01,10,110
1713,2025-10-01,6,102
1714,2025-10-01,81,1458
1715,2025-10-01,3,75
1716,2025-10-01,6,126
1718,2025-10-01,6,96
1719,2025-10-01,52,1300
1721,2025-10-01,19,304
1722,2025-10-01,20,460
1723,2025-10-01,6,132
1725,2025-10-01,131,1441
1728,2025-10-01,6,54
1730,2025-10-01,4,88
1731,2025-10-01,10,100
1732,2025-10-01,4,36
1734,2025-10-01,10,250
1736,2025-10-01,11,253
1737,2025-10-01,3,45
1738,2025-10-01,30,540
1739,2025-10-01,79,1106
1740,2025-10-01,21,420
1741,2025-10-01,23,437
1743,2025-10-01,26,312
1745,2025-10-01,32,352
1746,2025-10-01,31,372
1747,2025-10-01,5,60
1748,2025-10-01,9,72
1749,2025-10-01,4,36
1750,2025-10-01,3,66
1751,2025-10-01,316,6636
1752,2025-10-01,21,210
1755,2025-10-01,1,15
1756,2025-10-01,28,700
1759,2025-10-01,120,1200
1760,2025-10-01,19,456
1761,2025-10-01,6,66
1762,2025-10-01,2,26
1763,2025-10-01,50,500
1764,2025-10-01,4,64
1765,2025-10-01,37,296
1766,2025-10-01,26,494
1767,2025-10-01,69,759
1769,2025-10-01,6,72
1770,2025-10-01,9,108
1771,2025-10-01,9,216
1772,2025-10-01,32,576
1773,2025-10-01,52,572
1774,2025-10-01,52,416
1776,2025-10-01,6,78
1778,2025-10-01,3,48
1779,2025-10-01,13,260
1780,2025-10-01,8,176
1782,2025-10-01,4,56
1786,2025-10-01,23,506
1787,2025-10-01,54,918
1788,2025-10-01,50,650
1791,2025-10-01,43,989
1793,2025-10-01,2,40
1794,2025-10-01,8,112
1796,2025-10-01,31,651
1797,2025-10-01,32,544
1799,2025-10-01,9,189
1801,2025-10-01,36,324
1802,2025-10-01,195,4485
1803,2025-10-01,5,75
1805,2025-10-01,3,69
1806,2025-10-01,23,414
1808,2025-10-01,6,48
1809,2025-10-01,13,156
1810,2025-10-01,4,96
1811,2025-10-01,2,32
1812,2025-10-01,3,72
1814,2025-10-01,30,630
1817,2025-10-01,23,184
1818,2025-10-01,21,378
1819,2025-10-01,10,80
1820,2025-10-01,7,98
1821,2025-10-01,11,154
1823,2025-10-01,15,300
1824,2025-10-01,1,16
1825,2025-10-01,21,252
1828,2025-10-01,16,384
1829,2025-10-01,8,160
1830,2025-10-01,15,165
1831,2025-10-01,7,63
1832,2025-10-01,3,69
1834,2025-10-01,16,176
1837,2025-10-01,12,192
1838,2025-10-01,7,147
1839,2025-10-01,4,76
1840,2025-10-01,36,360
1841,2025-10-01,23,299
1844,2025-10-01,9,135
1845,2025-10-01,3,63
1846,2025-10-01,103,2575
1848,2025-10-01,6,132
1849,2025-10-01,29,725
1850,2025-10-01,4,72
1851,2025-10-01,20,420
1852,2025-10-01,14,210
1853,2025-10-01,2,50
1854,2025-10-01,5,60
1855,2025-10-01,7,119
1857,2025-10-01,27,297
1858,2025-10-01,90,990
1859,2025-10-01,2,36
1864,2025-10-01,47,611
1865,2025-10-01,22,528
1866,2025-10-01,23,529
1867,2025-10-01,0,0
1868,2025-10-01,28,364
1869,2025-10-01,41,492
1870,2025-10-01,3,42
1871,2025-10-01,11,132
1872,2025-10-01,8,136
1873,2025-10-01,3,27
1874,2025-10-01,15,375
1877,2025-10-01,2,16
1879,2025-10-01,18,288
1880,2025-10-01,3,42
1881,2025-10-01,51,663
1882,2025-10-01,15,135
1883,2025-10-01,27,486
1884,2025-10-01,38,760
1886,2025-10-01,3,36
1888,2025-10-01,32,320
1890,2025-10-01,7,133
1891,2025-10-01,2,36
1892,2025-10-01,59,1239
1893,2025-10-01,9,198
1895,2025-10-01,76,1520
1896,2025-10-01,16,288
1897,2025-10-01,8,184
1898,2025-10-01,16,304
1899,2025-10-01,33,528
1900,2025-10-01,7,98
1901,2025-10-01,4,32
1902,2025-10-01,36,432
1903,2025-10-01,26,546
1906,2025-10-01,42,1008
1907,2025-10-01,19,171
1909,2025-10-01,2,30
1910,2025-10-01,5,80
1911,2025-10-01,2,42
1912,2025-10-01,274,6302
1913,2025-10-01,29,232
1914,2025-10-01,125,2875
1915,2025-10-01,37,666
1917,2025-10-01,35,525
1921,2025-10-01,3,63
1924,2025-10-01,25,400
1925,2025-10-01,2,18
1927,2025-10-01,5,90
1929,2025-10-01,3,57
1931,2025-10-01,7,84
1933,2025-10-01,36,396
1934,2025-10-01,7,175
1935,2025-10-01,60,1500
1936,2025-10-01,65,1040
1938,2025-10-01,76,1444
1939,2025-10-01,3,36
1940,2025-10-01,18,396
1941,2025-10-01,19,323
1943,2025-10-01,12,288
1944,2025-10-01,148,1480
1946,2025-10-01,7,168
1947,2025-10-01,8,184
1948,2025-10-01,50,650
1949,2025-10-01,3,27
1950,2025-10-01,18,216
1953,2025-10-01,3,75
1955,2025-10-01,3,54
1957,2025-10-01,8,160
1959,2025-10-01,23,552
1960,2025-10-01,25,425
1962,2025-10-01,11,165
1963,2025-10-01,38,722
1964,2025-10-01,28,280
1965,2025-10-01,21,525
1966,2025-10-01,6,90
1967,2025-10-01,22,462
1970,2025-10-01,59,1475
1971,2025-10-01,13,169
1972,2025-10-01,15,120
1973,2025-10-01,143,3003
1975,2025-10-01,142,3408
1976,2025-10-01,22,264
1979,2025-10-01,9,171
1980,2025-10-01,5,105
1981,2025-10-01,32,480
1982,2025-10-01,6,108
1987,2025-10-01,10,90
1988,2025-10-01,15,240
1989,2025-10-01,5,110
1990,2025-10-01,4,84
1991,2025-10-01,6,108
1992,2025-10-01,4,76
1993,2025-10-01,59,826
1994,2025-10-01,1,19
1995,2025-10-01,3,72
1996,2025-10-01,7,63
1998,2025-10-01,8,128
1999,2025-10-01,58,522
2000,2025-10-01,47,423
2001,2025-10-01,3,30
2005,2025-10-01,3,24
2006,2025-10-01,49,735
2007,2025-10-01,5,55
2008,2025-10-01,16,272
2009,2025-10-01,116,2204
2012,2025-10-01,92,2024
2015,2025-10-01,64,1024
2017,2025-10-01,12,192
2018,2025-10-01,17,374
2019,2025-10-01,62,496
2020,2025-10-01,9,216
2021,2025-10-01,36,288
2022,2025-10-01,32,512
2023,2025-10-01,4,32
2024,2025-10-01,10,200
2025,2025-10-01,2,44
2028,2025-10-01,38,608
2029,2025-10-01,12,252
2030,2025-10-01,42,756
2031,2025-10-01,6,108
2032,2025-10-01,6,126
2033,2025-10-01,8,80
2035,2025-10-01,8,176
2036,2025-10-01,11,198
2037,2025-10-01,1,22
2038,2025-10-01,24,216
2039,2025-10-01,104,2080
2040,2025-10-01,41,1025
2042,2025-10-01,3,24
2043,2025-10-01,6,102
2044,2025-10-01,7,98
2045,2025-10-01,1,16
2046,2025-10-01,40,760
2049,2025-10-01,51,1071
2050,2025-10-01,10,200
2051,2025-10-01,5,110
2053,2025-10-01,6,78
2054,2025-10-01,7,84
2055,2025-10-01,7,105
2057,2025-10-01,13,169
2060,2025-10-01,9,225
2061,2025-10-01,38,304
2062,2025-10-01,113,2034
2063,2025-10-01,5,100
2064,2025-10-01,9,108
2068,2025-10-01,12,228
2070,2025-10-01,8,168
2071,2025-10-01,17,289
2072,2025-10-01,78,1014
2073,2025-10-01,9,216
2074,2025-10-01,44,572
2075,2025-10-01,4,72
2076,2025-10-01,30,570
2077,2025-10-01,7,91
2078,2025-10-01,28,616
2079,2025-10-01,42,336
2080,2025-10-01,6,108
2083,2025-10-01,7,119
2084,2025-10-01,3,27
2085,2025-10-01,137,3014
2086,2025-10-01,6,72
2087,2025-10-01,24,504
2088,2025-10-01,4,60
2090,2025-10-01,8,144
2091,2025-10-01,38,608
2092,2025-10-01,14,266
2094,2025-10-01,14,112
2095,2025-10-01,54,1242
2096,2025-10-01,107,1819
2097,2025-10-01,3,51
2100,2025-10-01,15,315
2101,2025-10-01,109,1417
2102,2025-10-01,9,207
2103,2025-10-01,25,200
2104,2025-10-01,22,286
2105,2025-10-01,36,540
2107,2025-10-01,9,90
2108,2025-10-01,258,4902
2109,2025-10-01,19,380
2111,2025-10-01,49,686
2114,2025-10-01,8,200
2115,2025-10-01,18,414
2116,2025-10-01,6,90
2118,2025-10-01,20,260
2119,2025-10-01,18,324
2120,2025-10-01,70,910
2123,2025-10-01,91,2093
2124,2025-10-01,33,759
2126,2025-10-01,7,77
2127,2025-10-01,35,770
2128,2025-10-01,28,336
2129,2025-10-01,1,14
2130,2025-10-01,5,85
2132,2025-10-01,49,931
2134,2025-10-01,0,0
2136,2025-10-01,13,221
2137,2025-10-01,22,440
2138,2025-10-01,14,266
2139,2025-10-01,31,589
2142,2025-10-01,3,30
2143,2025-10-01,15,120
2144,2025-10-01,92,1656
2145,2025-10-01,26,468
2146,2025-10-01,3,24
2147,2025-10-01,27,270
2148,2025-10-01,41,574
2149,2025-10-01,126,3024
2150,2025-10-01,24,456
2151,2025-10-01,1,25
2152,2025-10-01,7,147
2153,2025-10-01,62,744
2154,2025-10-01,8,184
2156,2025-10-01,10,160
2157,2025-10-01,14,280
2158,2025-10-01,44,924
2159,2025-10-01,61,1342
2160,2025-10-01,2,46
2161,2025-10-01,39,390
2163,2025-10-01,4,92
2164,2025-10-01,11,143
2165,2025-10-01,8,128
2166,2025-10-01,8,72
2167,2025-10-01,7,98
2169,2025-10-01,133,1862
2170,2025-10-01,2,24
2171,2025-10-01,25,375
2172,2025-10-01,91,1456
2174,2025-10-01,35,315
2177,2025-10-01,339,3390
2178,2025-10-01,13,247
2179,2025-10-01,7,147
2180,2025-10-01,13,273
2181,2025-10-01,41,820
2183,2025-10-01,217,2387
2185,2025-10-01,11,198
2186,2025-10-01,13,234
2187,2025-10-01,16,144
2188,2025-10-01,29,580
2189,2025-10-01,113,2373
2191,2025-10-01,5,95
2193,2025-10-01,97,2134
2196,2025-10-01,8,192
2197,2025-10-01,20,240
2198,2025-10-01,3,33
2200,2025-10-01,69,897
2202,2025-10-01,7,168
2204,2025-10-01,83,1577
2207,2025-10-01,98,2156
2208,2025-10-01,8,112
2209,2025-10-01,15,120
2210,2025-10-01,6,66
2211,2025-10-01,4,96
2212,2025-10-01,138,1518
2213,2025-10-01,325,3900
2214,2025-10-01,5,75
2215,2025-10-01,6,54
2217,2025-10-01,149,2235
2218,2025-10-01,2,16
2219,2025-10-01,46,736
2220,2025-10-01,11,176
2221,2025-10-01,17,289
2222,2025-10-01,2,30
2224,2025-10-01,104,2288
2226,2025-10-01,7,56
2227,2025-10-01,2,38
2229,2025-10-01,26,208
2230,2025-10-01,4,68
2231,2025-10-01,4,76
2232,2025-10-01,7,168
2233,2025-10-01,16,208
2234,2025-10-01,22,198
2236,2025-10-01,37,851
2237,2025-10-01,7,154
2238,2025-10-01,15,240
2240,2025-10-01,39,468
2241,2025-10-01,9,162
2242,2025-10-01,7,105
2243,2025-10-01,20,500
2244,2025-10-01,6,90
2245,2025-10-01,24,264
2246,2025-10-01,10,140
2248,2025-10-01,22,220
2249,2025-10-01,1,20
2250,2025-10-01,48,1200
2251,2025-10-01,31,465
2252,2025-10-01,15,195
2254,2025-10-01,6,54
2256,2025-10-01,3,57
2258,2025-10-01,13,312
2260,2025-10-01,9,216
2261,2025-10-01,8,88
2262,2025-10-01,4,52
2263,2025-10-01,3,69
2264,2025-10-01,0,0
2265,2025-10-01,15,285
2266,2025-10-01,3,48
2267,2025-10-01,7,140
2270,2025-10-01,2,34
2271,2025-10-01,21,441
2273,2025-10-01,7,175
2274,2025-10-01,25,475
2276,2025-10-01,6,78
2280,2025-10-01,12,144
2281,2025-10-01,40,320
2283,2025-10-01,14,112
2284,2025-10-01,54,594
2285,2025-10-01,8,160
2286,2025-10-01,9,153
2287,2025-10-01,180,2700
2288,2025-10-01,163,3912
2289,2025-10-01,61,1098
2290,2025-10-01,2,42
2291,2025-10-01,5,45
2292,2025-10-01,5,50
2293,2025-10-01,15,345
2295,2025-10-01,63,756
2296,2025-10-01,7,77
2297,2025-10-01,23,184
2299,2025-10-01,9,90
2301,2025-10-01,5,125
2302,2025-10-01,7,84
2303,2025-10-01,237,3792
2304,2025-10-01,23,575
2305,2025-10-01,7,91
2307,2025-10-01,10,230
2308,2025-10-01,11,231
2309,2025-10-01,39,663
2310,2025-10-01,2,38
2311,2025-10-01,2,48
2312,2025-10-01,11,264
2313,2025-10-01,41,574
2314,2025-10-01,3,66
2315,2025-10-01,14,322
2316,2025-10-01,9,144
2317,2025-10-01,12,264
2319,2025-10-01,3,36
2320,2025-10-01,16,400
2321,2025-10-01,11,187
2322,2025-10-01,6,96
2323,2025-10-01,47,1175
2325,2025-10-01,10,130
2326,2025-10-01,11,187
2327,2025-10-01,42,882
2328,2025-10-01,51,918
2329,2025-10-01,34,782
2330,2025-10-01,130,2990
2333,2025-10-01,49,588
2334,2025-10-01,16,160
2335,2025-10-01,4,84
2336,2025-10-01,9,144
2337,2025-10-01,7,77
2338,2025-10-01,5,80
2339,2025-10-01,19,304
2341,2025-10-01,6,78
2343,2025-10-01,18,396
2344,2025-10-01,1,10
2345,2025-10-01,14,168
2346,2025-10-01,30,750
2348,2025-10-01,44,572
2351,2025-10-01,4,92
2352,2025-10-01,21,504
2354,2025-10-01,15,285
2356,2025-10-01,34,816
2358,2025-10-01,5,125
2359,2025-10-01,9,126
2360,2025-10-01,2,42
2361,2025-10-01,4,48
2362,2025-10-01,9,108
2363,2025-10-01,2,32
2364,2025-10-01,96,1536
2365,2025-10-01,12,180
2367,2025-10-01,17,170
2368,2025-10-01,7,133
2369,2025-10-01,20,440
2370,2025-10-01,34,646
2371,2025-10-01,1,10
2372,2025-10-01,26,494
2376,2025-10-01,9,135
2377,2025-10-01,6,150
2378,2025-10-01,30,360
2381,2025-10-01,22,418
2382,2025-10-01,9,117
2383,2025-10-01,48,672
2384,2025-10-01,7,56
2385,2025-10-01,1,19
2386,2025-10-01,3,51
2387,2025-10-01,14,210
2389,2025-10-01,20,260
2390,2025-10-01,28,336
2391,2025-10-01,22,506
2393,2025-10-01,13,182
2395,2025-10-01,9,207
2396,2025-10-01,21,504
2397,2025-10-01,14,350
2398,2025-10-01,22,308
2399,2025-10-01,23,460
2401,2025-10-01,52,468
2402,2025-10-01,7,105
2403,2025-10-01,5,110
2404,2025-10-01,12,180
2405,2025-10-01,9,153
2406,2025-10-01,6,78
2410,2025-10-01,13,143
2411,2025-10-01,165,1650
2413,2025-10-01,38,304
2414,2025-10-01,21,378
2415,2025-10-01,14,154
2416,2025-10-01,150,1200
2418,2025-10-01,103,824
2419,2025-10-01,8,104
2420,2025-10-01,8,128
2421,2025-10-01,164,1640
2422,2025-10-01,2,24
2423,2025-10-01,13,104
2424,2025-10-01,17,255
2426,2025-10-01,11,253
2427,2025-10-01,7,63
2428,2025-10-01,23,253
2429,2025-10-01,87,1218
2430,2025-10-01,3,33
2431,2025-10-01,4,68
2432,2025-10-01,3,63
2433,2025-10-01,23,368
2435,2025-10-01,51,561
2436,2025-10-01,1,24
2437,2025-10-01,136,1224
2439,2025-10-01,23,529
2440,2025-10-01,26,442
2441,2025-10-01,6,90
2442,2025-10-01,16,400
2444,2025-10-01,3,45
2445,2025-10-01,35,490
2447,2025-10-01,33,726
2448,2025-10-01,4,64
2449,2025-10-01,3,72
2450,2025-10-01,33,726
2451,2025-10-01,6,138
2452,2025-10-01,9,207
2453,2025-10-01,14,224
2455,2025-10-01,23,483
2456,2025-10-01,4,88
2457,2025-10-01,31,589
2458,2025-10-01,2,22
2461,2025-10-01,2,26
2462,2025-10-01,8,96
2463,2025-10-01,9,72
2464,2025-10-01,13,156
2465,2025-10-01,6,78
2466,2025-10-01,23,253
2467,2025-10-01,6,48
2469,2025-10-01,143,2431
2470,2025-10-01,20,480
2471,2025-10-01,36,720
2472,2025-10-01,10,230
2473,2025-10-01,7,126
2474,2025-10-01,116,2088
2475,2025-10-01,11,176
2476,2025-10-01,26,598
2477,2025-10-01,20,400
2478,2025-10-01,2,28
2479,2025-10-01,32,416
2480,2025-10-01,20,480
2481,2025-10-01,12,180
2482,2025-10-01,5,125
2483,2025-10-01,16,144
2484,2025-10-01,11,198
2485,2025-10-01,3,45
2486,2025-10-01,27,675
2488,2025-10-01,3,66
2489,2025-10-01,17,170
2491,2025-10-01,31,341
2492,2025-10-01,5,110
2493,2025-10-01,128,3072
2494,2025-10-01,5,100
2495,2025-10-01,89,801
2496,2025-10-01,5,120
2497,2025-10-01,12,156
2498,2025-10-01,2,20
2499,2025-10-01,5,50
2500,2025-10-01,12,240
2501,2025-10-01,73,1460
2502,2025-10-01,3,24
2504,2025-10-01,5,40
2505,2025-10-01,39,780
2506,2025-10-01,40,720
2507,2025-10-01,14,154
2509,2025-10-01,42,882
2510,2025-10-01,78,936
2512,2025-10-01,84,1008
2513,2025-10-01,14,252
2514,2025-10-01,38,418
2515,2025-10-01,22,286
2516,2025-10-01,65,1560
2517,2025-10-01,11,132
2518,2025-10-01,11,110
2519,2025-10-01,38,380
2521,2025-10-01,5,55
2522,2025-10-01,35,280
2524,2025-10-01,7,133
2525,2025-10-01,11,198
2526,2025-10-01,3,60
2527,2025-10-01,23,483
2530,2025-10-01,10,180
2531,2025-10-01,35,280
2532,2025-10-01,128,1152
2533,2025-10-01,6,90
2534,2025-10-01,6,150
2535,2025-10-01,34,510
2536,2025-10-01,5,75
2537,2025-10-01,5,80
2538,2025-10-01,11,110
2539,2025-10-01,8,152
2540,2025-10-01,5,115
2541,2025-10-01,167,3841
2542,2025-10-01,7,112
2543,2025-10-01,3,30
2544,2025-10-01,320,7040
2545,2025-10-01,160,2240
2546,2025-10-01,2,46
2547,2025-10-01,186,4278
2549,2025-10-01,6,132
2550,2025-10-01,132,1980
2552,2025-10-01,1,18
2554,2025-10-01,23,276
2557,2025-10-01,3,30
2558,2025-10-01,5,70
2559,2025-10-01,8,168
2560,2025-10-01,7,112
2562,2025-10-01,31,279
2563,2025-10-01,4,96
2564,2025-10-01,1,13
2565,2025-10-01,40,640
2566,2025-10-01,5,120
2567,2025-10-01,22,176
2568,2025-10-01,13,156
2569,2025-10-01,8,144
2571,2025-10-01,28,560
2572,2025-10-01,12,120
2573,2025-10-01,18,360
2574,2025-10-01,7,63
2575,2025-10-01,9,90
2576,2025-10-01,43,989
2577,2025-10-01,13,234
2578,2025-10-01,6,144
2579,2025-10-01,8,120
2580,2025-10-01,4,72
2581,2025-10-01,6,60
2582,2025-10-01,6,132
2583,2025-10-01,38,608
2584,2025-10-01,15,210
2585,2025-10-01,16,368
2586,2025-10-01,6,102
2588,2025-10-01,1,16
2590,2025-10-01,14,308
2592,2025-10-01,5,110
2593,2025-10-01,5,90
2594,2025-10-01,18,252
2595,2025-10-01,8,96
2596,2025-10-01,6,138
2599,2025-10-01,5,125
2602,2025-10-01,33,396
2603,2025-10-01,29,377
2604,2025-10-01,19,190
2605,2025-10-01,6,120
2606,2025-10-01,73,584
2607,2025-10-01,10,170
2608,2025-10-01,5,85
2609,2025-10-01,33,627
2610,2025-10-01,19,437
2611,2025-10-01,6,126
2612,2025-10-01,6,60
2613,2025-10-01,8,136
2614,2025-10-01,35,525
2615,2025-10-01,17,136
2616,2025-10-01,4,44
2619,2025-10-01,34,680
2620,2025-10-01,5,40
2621,2025-10-01,11,99
2622,2025-10-01,13,182
2624,2025-10-01,8,192
2625,2025-10-01,3,63
2626,2025-10-01,12,156
2627,2025-10-01,5,90
2628,2025-10-01,4,60
2629,2025-10-01,3,63
2630,2025-10-01,5,125
2631,2025-10-01,3,39
2632,2025-10-01,6,84
2634,2025-10-01,12,132
2635,2025-10-01,6,90
2637,2025-10-01,5,50
2638,2025-10-01,23,230
2639,2025-10-01,1,21
2640,2025-10-01,123,2583
2641,2025-10-01,8,128
2643,2025-10-01,7,56
2644,2025-10-01,6,60
2645,2025-10-01,32,672
2647,2025-10-01,6,84
2648,2025-10-01,30,390
2649,2025-10-01,11,88
2650,2025-10-01,7,63
2651,2025-10-01,10,90
2652,2025-10-01,43,903
2653,2025-10-01,41,902
2655,2025-10-01,11,242
2656,2025-10-01,2,28
2657,2025-10-01,26,598
2658,2025-10-01,11,132
2659,2025-10-01,189,1701
2660,2025-10-01,26,416
2661,2025-10-01,11,132
2663,2025-10-01,18,306
2664,2025-10-01,5,120
2665,2025-10-01,26,598
2666,2025-10-01,32,288
2667,2025-10-01,7,56
2668,2025-10-01,203,3654
2669,2025-10-01,24,336
2671,2025-10-01,16,336
2672,2025-10-01,3,27
2673,2025-10-01,27,567
2674,2025-10-01,10,140
2675,2025-10-01,2,48
2676,2025-10-01,9,153
2677,2025-10-01,21,399
2678,2025-10-01,6,144
2679,2025-10-01,64,704
2680,2025-10-01,59,1416
2681,2025-10-01,8,120
2682,2025-10-01,10,100
2683,2025-10-01,4,64
2684,2025-10-01,11,231
2685,2025-10-01,35,630
2686,2025-10-01,220,5280
2687,2025-10-01,16,304
2688,2025-10-01,7,140
2689,2025-10-01,185,1665
2690,2025-10-01,13,234
2691,2025-10-01,3,27
2692,2025-10-01,12,108
2693,2025-10-01,11,99
2694,2025-10-01,12,192
2695,2025-10-01,21,294
2696,2025-10-01,8,176
2697,2025-10-01,9,162
2698,2025-10-01,19,475
2699,2025-10-01,1,23
2700,2025-10-01,26,390
2701,2025-10-01,4,72
2702,2025-10-01,6,84
2703,2025-10-01,6,108
2704,2025-10-01,3,30
2705,2025-10-01,129,2322
2706,2025-10-01,11,253
2708,2025-10-01,5,110
2709,2025-10-01,21,189
2710,2025-10-01,34,306
2711,2025-10-01,36,396
2712,2025-10-01,27,621
2713,2025-10-01,7,175
2715,2025-10-01,11,275
2716,2025-10-01,9,171
2717,2025-10-01,14,140
2718,2025-10-01,4,60
2719,2025-10-01,9,171
2720,2025-10-01,8,88
2721,2025-10-01,7,98
2722,2025-10-01,2,28
2723,2025-10-01,29,493
2724,2025-10-01,109,1417
2725,2025-10-01,11,176
2726,2025-10-01,10,120
2727,2025-10-01,34,544
2728,2025-10-01,3,39
2729,2025-10-01,10,80
2730,2025-10-01,4,44
2731,2025-10-01,5,45
2732,2025-10-01,10,160
2734,2025-10-01,29,348
2735,2025-10-01,7,112
2737,2025-10-01,7,77
2738,2025-10-01,6,114
2739,2025-10-01,6,90
2740,2025-10-01,55,990
2741,2025-10-01,9,135
2742,2025-10-01,13,169
2743,2025-10-01,7,63
2744,2025-10-01,4,76
2745,2025-10-01,12,168
2746,2025-10-01,16,384
2747,2025-10-01,5,65
2748,2025-10-01,9,117
2749,2025-10-01,44,748
2751,2025-10-01,8,176
2752,2025-10-01,4,32
2753,2025-10-01,24,528
2754,2025-10-01,31,651
2755,2025-10-01,4,56
2756,2025-10-01,37,777
2757,2025-10-01,8,120
2758,2025-10-01,21,441
2759,2025-10-01,8,96
2760,2025-10-01,4,48
2761,2025-10-01,24,360
2762,2025-10-01,7,112
2763,2025-10-01,11,275
2764,2025-10-01,7,56
2765,2025-10-01,29,696
2766,2025-10-01,37,925
2767,2025-10-01,33,561
2768,2025-10-01,12,108
2769,2025-10-01,2,30
2770,2025-10-01,7,63
2771,2025-10-01,24,384
2772,2025-10-01,10,120
2773,2025-10-01,2,36
2774,2025-10-01,72,1584
2775,2025-10-01,7,126
2776,2025-10-01,3,39
2777,2025-10-01,43,774
2778,2025-10-01,7,161
2779,2025-10-01,17,204
2780,2025-10-01,27,216
2781,2025-10-01,30,390
2782,2025-10-01,8,176
2783,2025-10-01,19,323
2784,2025-10-01,4,56
2785,2025-10-01,32,480
2786,2025-10-01,28,504
2787,2025-10-01,3,57
2788,2025-10-01,2,30
2789,2025-10-01,163,1793
2790,2025-10-01,3,42
2791,2025-10-01,51,918
2792,2025-10-01,10,110
2793,2025-10-01,20,160
2794,2025-10-01,6,96
2795,2025-10-01,31,248
2796,2025-10-01,19,456
2797,2025-10-01,14,252
2798,2025-10-01,6,102
2799,2025-10-01,30,540
2800,2025-10-01,5,115
2801,2025-10-01,18,342
2802,2025-10-01,5,60
2803,2025-10-01,74,1776
2804,2025-10-01,29,609
2805,2025-10-01,4,48
2806,2025-10-01,143,1716
2807,2025-10-01,1,22
2808,2025-10-01,5,105
2809,2025-10-01,5,120
2810,2025-10-01,32,576
2811,2025-10-01,10,110
2812,2025-10-01,3,54
2813,2025-10-01,1,21
2814,2025-10-01,13,130
2815,2025-10-01,5,50
2816,2025-10-01,10,210
2817,2025-10-01,34,578
2818,2025-10-01,7,154
2819,2025-10-01,14,210
2820,2025-10-01,8,64
2822,2025-10-01,207,2070
2823,2025-10-01,4,100
2824,2025-10-01,10,240
2825,2025-10-01,36,612
2826,2025-10-01,9,135
2827,2025-10-01,6,114
2828,2025-10-01,193,3667
2829,2025-10-01,29,319
2830,2025-10-01,7,161
2831,2025-10-01,11,187
2832,2025-10-01,7,140
2833,2025-10-01,7,133
2834,2025-10-01,12,288
2835,2025-10-01,3,45
2836,2025-10-01,218,1744
2837,2025-10-01,15,300
2838,2025-10-01,35,770
2839,2025-10-01,8,160
2840,2025-10-01,5,65
2841,2025-10-01,7,56
2842,2025-10-01,85,1785
2843,2025-10-01,13,117
2844,2025-10-01,32,320
2845,2025-10-01,10,100
2846,2025-10-01,3,24
2847,2025-10-01,1,18
2848,2025-10-01,11,187
2849,2025-10-01,31,713
2850,2025-10-01,7,168
2851,2025-10-01,8,64
2852,2025-10-01,6,60
2853,2025-10-01,6,54
2854,2025-10-01,27,405
2855,2025-10-01,2,50
2856,2025-10-01,9,108
2857,2025-10-01,7,98
2858,2025-10-01,190,2090
2859,2025-10-01,7,112
2860,2025-10-01,14,154
2861,2025-10-01,18,216
2862,2025-10-01,7,63
2863,2025-10-01,39,741
2864,2025-10-01,37,407
2865,2025-10-01,7,105
2866,2025-10-01,42,840
2867,2025-10-01,201,3417
2868,2025-10-01,19,190
2869,2025-10-01,6,120
2870,2025-10-01,6,114
2871,2025-10-01,14,196
2872,2025-10-01,5,60
2873,2025-10-01,5,75
2874,2025-10-01,10,240
2875,2025-10-01,5,60
2876,2025-10-01,2,28
2877,2025-10-01,4,68
2878,2025-10-01,6,96
2879,2025-10-01,10,80
2880,2025-10-01,8,152
2881,2025-10-01,21,294
2882,2025-10-01,4,32
2883,2025-10-01,29,261
2884,2025-10-01,5,75
2885,2025-10-01,7,105
2886,2025-10-01,38,760
2887,2025-10-01,6,96
2888,2025-10-01,14,294
2889,2025-10-01,46,552
2890,2025-10-01,13,299
2891,2025-10-01,4,64
2892,2025-10-01,2,44
2893,2025-10-01,7,112
2894,2025-10-01,10,190
2895,2025-10-01,5,115
2896,2025-10-01,45,405
2897,2025-10-01,16,352
2898,2025-10-01,8,104
2899,2025-10-01,4,60
2900,2025-10-01,13,273
2901,2025-10-01,29,725
2902,2025-10-01,8,176
2903,2025-10-01,25,275
2904,2025-10-01,5,40
2905,2025-10-01,26,598
2906,2025-10-01,115,2760
2907,2025-10-01,6,54
2908,2025-10-01,21,168
2909,2025-10-01,110,1980
2910,2025-10-01,7,161
1002,2025-11-01,6,120
1004,2025-11-01,1,19
1007,2025-11-01,32,352
1008,2025-11-01,27,540
1010,2025-11-01,2,28
1012,2025-11-01,41,697
1013,2025-11-01,222,2220
1016,2025-11-01,4,84
1025,2025-11-01,18,360
1026,2025-11-01,231,3465
1027,2025-11-01,10,190
1028,2025-11-01,2,28
1033,2025-11-01,5,90
1036,2025-11-01,4,80
1038,2025-11-01,13,221
1039,2025-11-01,9,90
1040,2025-11-01,26,468
1042,2025-11-01,31,434
1043,2025-11-01,44,748
1045,2025-11-01,83,1826
1048,2025-11-01,2,18
1053,2025-11-01,65,1170
1057,2025-11-01,1,23
1059,2025-11-01,298,3874
1060,2025-11-01,18,288
1062,2025-11-01,44,440
1064,2025-11-01,135,3375
1065,2025-11-01,45,990
1067,2025-11-01,15,135
1071,2025-11-01,5,70
1072,2025-11-01,5,75
1078,2025-11-01,10,180
1079,2025-11-01,18,450
1085,2025-11-01,37,740
1089,2025-11-01,47,1034
1091,2025-11-01,6,150
1092,2025-11-01,10,170
1093,2025-11-01,52,1092
1094,2025-11-01,41,697
1096,2025-11-01,6,108
1098,2025-11-01,38,836
1099,2025-11-01,8,88
1102,2025-11-01,5,100
1110,2025-11-01,10,140
1111,2025-11-01,6,60
1112,2025-11-01,6,48
1113,2025-11-01,31,434
1115,2025-11-01,102,918
1116,2025-11-01,3,66
1124,2025-11-01,18,162
1126,2025-11-01,6,66
1127,2025-11-01,42,420
1129,2025-11-01,1,11
1130,2025-11-01,3,33
1131,2025-11-01,6,72
1134,2025-11-01,34,850
1139,2025-11-01,5,100
1140,2025-11-01,36,288
1143,2025-11-01,63,630
1144,2025-11-01,22,374
1146,2025-11-01,10,90
1147,2025-11-01,22,418
1148,2025-11-01,3,48
1151,2025-11-01,21,441
1152,2025-11-01,6,150
1153,2025-11-01,7,168
1154,2025-11-01,42,672
1157,2025-11-01,39,858
1158,2025-11-01,3,30
1160,2025-11-01,4,100
1161,2025-11-01,1,25
1167,2025-11-01,12,264
1170,2025-11-01,25,575
1172,2025-11-01,66,990
1174,2025-11-01,22,264
1175,2025-11-01,23,299
1177,2025-11-01,4,76
1178,2025-11-01,3,39
1179,2025-11-01,14,238
1181,2025-11-01,7,98
1183,2025-11-01,5,90
1185,2025-11-01,18,198
1186,2025-11-01,25,475
1187,2025-11-01,81,1053
1188,2025-11-01,6,102
1189,2025-11-01,26,494
1192,2025-11-01,14,224
1194,2025-11-01,34,714
1195,2025-11-01,17,340
1196,2025-11-01,25,350
1197,2025-11-01,2,34
1198,2025-11-01,18,198
1199,2025-11-01,26,390
1200,2025-11-01,349,6980
1202,2025-11-01,0,0
1203,2025-11-01,78,1872
1207,2025-11-01,23,184
1208,2025-11-01,34,850
1209,2025-11-01,6,114
1211,2025-11-01,13,325
1212,2025-11-01,10,150
1213,2025-11-01,126,2772
1214,2025-11-01,3,39
1216,2025-11-01,7,112
1219,2025-11-01,8,128
1221,2025-11-01,7,70
1222,2025-11-01,22,396
1227,2025-11-01,38,494
1229,2025-11-01,4,72
1231,2025-11-01,50,800
1234,2025-11-01,81,648
1235,2025-11-01,5,40
1237,2025-11-01,1,11
1241,2025-11-01,5,95
1242,2025-11-01,48,576
1244,2025-11-01,3,36
1245,2025-11-01,6,126
1246,2025-11-01,6,72
1249,2025-11-01,4,32
1250,2025-11-01,26,312
1256,2025-11-01,15,180
1257,2025-11-01,9,171
1258,2025-11-01,15,285
1259,2025-11-01,121,1331
1261,2025-11-01,174,1392
1262,2025-11-01,215,3870
1263,2025-11-01,7,154
1265,2025-11-01,21,168
1266,2025-11-01,66,1056
1267,2025-11-01,7,119
1268,2025-11-01,64,640
1270,2025-11-01,362,7602
1271,2025-11-01,4,100
1274,2025-11-01,134,2144
1275,2025-11-01,57,1197
1279,2025-11-01,3,42
1281,2025-11-01,43,602
1282,2025-11-01,5,70
1284,2025-11-01,128,1920
1285,2025-11-01,65,1625
1287,2025-11-01,69,828
1288,2025-11-01,3,36
1289,2025-11-01,18,270
1291,2025-11-01,30,300
1297,2025-11-01,3,75
1299,2025-11-01,3,42
1301,2025-11-01,2,50
1302,2025-11-01,19,171
1304,2025-11-01,14,308
1305,2025-11-01,46,552
1308,2025-11-01,11,264
1309,2025-11-01,23,345
1310,2025-11-01,58,1276
1312,2025-11-01,9,108
1314,2025-11-01,9,81
1315,2025-11-01,14,350
1317,2025-11-01,4,100
1318,2025-11-01,20,400
1320,2025-11-01,19,361
1321,2025-11-01,9,72
1322,2025-11-01,81,2025
1323,2025-11-01,14,224
1327,2025-11-01,90,1260
1329,2025-11-01,15,255
1333,2025-11-01,32,672
1334,2025-11-01,36,684
1335,2025-11-01,12,192
1336,2025-11-01,30,240
1337,2025-11-01,160,1760
1338,2025-11-01,8,88
1339,2025-11-01,44,748
1340,2025-11-01,11,275
1341,2025-11-01,40,360
1342,2025-11-01,18,414
1343,2025-11-01,49,392
1344,2025-11-01,1,20
1346,2025-11-01,28,672
1347,2025-11-01,5,40
1348,2025-11-01,8,80
1351,2025-11-01,14,182
1352,2025-11-01,23,437
1353,2025-11-01,2,16
1354,2025-11-01,2,38
1355,2025-11-01,72,1368
1358,2025-11-01,73,584
1363,2025-11-01,57,1254
1367,2025-11-01,9,180
1369,2025-11-01,3,60
1372,2025-11-01,21,189
1373,2025-11-01,65,1170
1374,2025-11-01,4,84
1375,2025-11-01,109,1744
1380,2025-11-01,5,75
1381,2025-11-01,6,60
1385,2025-11-01,3,42
1386,2025-11-01,7,112
1387,2025-11-01,5,60
1389,2025-11-01,18,144
1393,2025-11-01,18,270
1395,2025-11-01,17,306
1397,2025-11-01,8,80
1400,2025-11-01,95,2090
1402,2025-11-01,57,1026
1403,2025-11-01,4,80
1404,2025-11-01,10,90
1405,2025-11-01,81,891
1409,2025-11-01,24,456
1410,2025-11-01,32,512
1411,2025-11-01,4,52
1413,2025-11-01,4,84
1414,2025-11-01,8,160
1416,2025-11-01,5,95
1417,2025-11-01,18,360
1419,2025-11-01,10,210
1420,2025-11-01,86,1806
1422,2025-11-01,47,423
1426,2025-11-01,2,48
1427,2025-11-01,2,36
1428,2025-11-01,65,585
1432,2025-11-01,7,126
1434,2025-11-01,2,32
1435,2025-11-01,5,105
1436,2025-11-01,41,451
1437,2025-11-01,12,276
1438,2025-11-01,17,391
1439,2025-11-01,79,1501
1444,2025-11-01,28,616
1445,2025-11-01,4,36
1447,2025-11-01,36,396
1448,2025-11-01,55,660
1449,2025-11-01,1,17
1450,2025-11-01,22,286
1451,2025-11-01,10,190
1452,2025-11-01,60,780
1455,2025-11-01,28,476
1457,2025-11-01,65,1040
1458,2025-11-01,31,620
1461,2025-11-01,5,125
1462,2025-11-01,33,726
1464,2025-11-01,6,132
1466,2025-11-01,4,44
1468,2025-11-01,7,161
1470,2025-11-01,1,8
1471,2025-11-01,343,4459
1474,2025-11-01,46,506
1476,2025-11-01,91,2093
1477,2025-11-01,5,90
1478,2025-11-01,6,72
1479,2025-11-01,3,66
1481,2025-11-01,62,1116
1483,2025-11-01,22,352
1486,2025-11-01,16,256
1487,2025-11-01,13,325
1490,2025-11-01,10,120
1491,2025-11-01,0,0
1494,2025-11-01,49,784
1495,2025-11-01,8,152
1496,2025-11-01,9,225
1497,2025-11-01,1,16
1498,2025-11-01,6,54
1499,2025-11-01,24,312
1500,2025-11-01,1,12
1503,2025-11-01,17,170
1505,2025-11-01,6,72
1507,2025-11-01,2,46
1509,2025-11-01,3,30
1510,2025-11-01,12,132
1514,2025-11-01,13,286
1517,2025-11-01,26,260
1520,2025-11-01,14,350
1521,2025-11-01,6,90
1522,2025-11-01,35,875
1523,2025-11-01,5,120
1524,2025-11-01,232,5104
1525,2025-11-01,16,272
1526,2025-11-01,27,459
1527,2025-11-01,1,21
1528,2025-11-01,34,782
1529,2025-11-01,2,32
1530,2025-11-01,64,512
1531,2025-11-01,7,84
1533,2025-11-01,61,1525
1534,2025-11-01,5,70
1536,2025-11-01,8,80
1537,2025-11-01,10,230
1539,2025-11-01,99,2475
1540,2025-11-01,20,400
1541,2025-11-01,69,1518
1542,2025-11-01,8,80
1544,2025-11-01,10,80
1545,2025-11-01,63,1071
1546,2025-11-01,57,1368
1553,2025-11-01,149,1192
1554,2025-11-01,27,594
1555,2025-11-01,6,66
1556,2025-11-01,10,250
1557,2025-11-01,22,440
1558,2025-11-01,5,100
1559,2025-11-01,26,390
1561,2025-11-01,7,98
1562,2025-11-01,8,192
1563,2025-11-01,2,20
1564,2025-11-01,27,324
1565,2025-11-01,4,48
1566,2025-11-01,1,19
1568,2025-11-01,2,28
1569,2025-11-01,323,8075
1570,2025-11-01,33,594
1572,2025-11-01,6,48
1574,2025-11-01,18,360
1575,2025-11-01,74,888
1576,2025-11-01,2,38
1578,2025-11-01,4,92
1579,2025-11-01,9,135
1580,2025-11-01,30,420
1581,2025-11-01,35,700
1582,2025-11-01,4,96
1583,2025-11-01,58,1102
1585,2025-11-01,19,399
1586,2025-11-01,1,12
1587,2025-11-01,3,42
1592,2025-11-01,22,176
1593,2025-11-01,39,624
1596,2025-11-01,17,357
1597,2025-11-01,2,50
1598,2025-11-01,128,2048
1600,2025-11-01,26,364
1603,2025-11-01,6,132
1605,2025-11-01,77,1386
1607,2025-11-01,11,143
1608,2025-11-01,4,84
1609,2025-11-01,134,3216
1610,2025-11-01,68,748
1611,2025-11-01,14,210
1612,2025-11-01,90,810
1613,2025-11-01,7,77
1620,2025-11-01,145,2900
1621,2025-11-01,7,56
1622,2025-11-01,6,144
1625,2025-11-01,10,150
1626,2025-11-01,35,420
1627,2025-11-01,5,45
1630,2025-11-01,44,880
1631,2025-11-01,50,1200
1634,2025-11-01,22,308
1635,2025-11-01,41,451
1637,2025-11-01,8,152
1638,2025-11-01,24,312
1639,2025-11-01,4,52
1640,2025-11-01,36,684
1641,2025-11-01,12,300
1642,2025-11-01,9,99
1643,2025-11-01,2,44
1645,2025-11-01,3,63
1646,2025-11-01,195,1560
1649,2025-11-01,3,75
1651,2025-11-01,6,150
1652,2025-11-01,9,81
1653,2025-11-01,15,225
1656,2025-11-01,50,1000
1657,2025-11-01,37,370
1658,2025-11-01,7,175
1659,2025-11-01,11,121
1660,2025-11-01,13,117
1663,2025-11-01,2,24
1666,2025-11-01,7,161
1667,2025-11-01,2,30
1668,2025-11-01,2,20
1670,2025-11-01,4,76
1672,2025-11-01,14,154
1674,2025-11-01,61,976
1675,2025-11-01,8,160
1677,2025-11-01,25,300
1678,2025-11-01,23,529
1679,2025-11-01,1,16
1680,2025-11-01,3,33
1681,2025-11-01,22,308
1682,2025-11-01,2,50
1683,2025-11-01,7,70
1684,2025-11-01,22,550
1686,2025-11-01,13,325
1687,2025-11-01,4,96
1688,2025-11-01,2,32
1689,2025-11-01,124,3100
1690,2025-11-01,10,150
1692,2025-11-01,6,54
1694,2025-11-01,21,168
1695,2025-11-01,4,40
1696,2025-11-01,3,60
1697,2025-11-01,26,572
1699,2025-11-01,20,440
1702,2025-11-01,15,330
1703,2025-11-01,3,69
1704,2025-11-01,1,8
1707,2025-11-01,48,960
1708,2025-11-01,84,1092
1709,2025-11-01,4,84
1711,2025-11-01,41,615
1712,2025-11-01,9,72
1713,2025-11-01,8,136
1714,2025-11-01,82,902
1715,2025-11-01,3,63
1716,2025-11-01,5,45
1718,2025-11-01,8,128
1719,2025-11-01,47,893
1721,2025-11-01,21,420
1722,2025-11-01,18,414
1723,2025-11-01,6,66
1725,2025-11-01,149,2384
1728,2025-11-01,6,120
1730,2025-11-01,4,52
1731,2025-11-01,17,323
1732,2025-11-01,4,64
1734,2025-11-01,12,300
1736,2025-11-01,10,120
1737,2025-11-01,4,56
1738,2025-11-01,31,341
1739,2025-11-01,93,1023
1740,2025-11-01,18,396
1741,2025-11-01,26,208
1743,2025-11-01,22,242
1745,2025-11-01,26,598
1746,2025-11-01,27,567
1747,2025-11-01,3,54
1748,2025-11-01,9,207
1749,2025-11-01,4,48
1750,2025-11-01,4,40
1751,2025-11-01,235,4230
1752,2025-11-01,22,418
1755,2025-11-01,1,11
1756,2025-11-01,23,575
1759,2025-11-01,113,1695
1760,2025-11-01,36,360
1761,2025-11-01,5,95
1762,2025-11-01,2,44
1763,2025-11-01,43,860
1764,2025-11-01,3,75
1765,2025-11-01,32,320
1766,2025-11-01,31,713
1767,2025-11-01,127,1270
1769,2025-11-01,5,100
1770,2025-11-01,7,56
1771,2025-11-01,12,132
1772,2025-11-01,32,544
1773,2025-11-01,48,960
1774,2025-11-01,56,896
1776,2025-11-01,6,84
1778,2025-11-01,3,75
1779,2025-11-01,12,168
1782,2025-11-01,3,48
1786,2025-11-01,26,468
1787,2025-11-01,64,1472
1788,2025-11-01,52,728
1791,2025-11-01,40,440
1793,2025-11-01,3,33
1794,2025-11-01,8,160
1796,2025-11-01,32,512
1797,2025-11-01,33,660
1799,2025-11-01,10,90
1801,2025-11-01,31,341
1802,2025-11-01,162,3888
1803,2025-11-01,6,90
1805,2025-11-01,2,30
1806,2025-11-01,21,378
1808,2025-11-01,6,72
1810,2025-11-01,4,32
1812,2025-11-01,2,40
1814,2025-11-01,48,960
1817,2025-11-01,25,575
1818,2025-11-01,21,336
1819,2025-11-01,10,200
1820,2025-11-01,6,150
1821,2025-11-01,10,150
1823,2025-11-01,13,325
1824,2025-11-01,1,15
1825,2025-11-01,20,380
1828,2025-11-01,14,336
1829,2025-11-01,12,168
1830,2025-11-01,20,280
1831,2025-11-01,6,114
1832,2025-11-01,4,44
1834,2025-11-01,15,285
1837,2025-11-01,11,88
1838,2025-11-01,5,60
1839,2025-11-01,4,96
1840,2025-11-01,35,280
1841,2025-11-01,31,558
1844,2025-11-01,8,120
1845,2025-11-01,2,18
1846,2025-11-01,120,2880
1848,2025-11-01,8,184
1849,2025-11-01,24,432
1850,2025-11-01,3,33
1851,2025-11-01,19,152
1852,2025-11-01,14,308
1853,2025-11-01,2,28
1854,2025-11-01,5,90
1855,2025-11-01,7,126
1857,2025-11-01,23,345
1858,2025-11-01,89,1513
1859,2025-11-01,7,140
1864,2025-11-01,44,352
1865,2025-11-01,24,240
1866,2025-11-01,20,440
1867,2025-11-01,0,0
1868,2025-11-01,24,600
1869,2025-11-01,35,455
1870,2025-11-01,3,39
1871,2025-11-01,11,165
1872,2025-11-01,9,81
1873,2025-11-01,3,42
1874,2025-11-01,11,253
1877,2025-11-01,2,24
1879,2025-11-01,22,220
1880,2025-11-01,3,30
1881,2025-11-01,69,1104
1882,2025-11-01,14,210
1883,2025-11-01,29,377
1884,2025-11-01,37,518
1886,2025-11-01,3,60
1888,2025-11-01,27,675
1890,2025-11-01,8,168
1891,2025-11-01,1,20
1892,2025-11-01,70,980
1893,2025-11-01,7,161
1895,2025-11-01,65,845
1896,2025-11-01,19,266
1897,2025-11-01,9,135
1898,2025-11-01,18,378
1899,2025-11-01,30,660
1900,2025-11-01,6,144
1901,2025-11-01,3,33
1902,2025-11-01,33,495
1906,2025-11-01,40,720
1907,2025-11-01,18,162
1909,2025-11-01,2,50
1910,2025-11-01,7,56
1911,2025-11-01,2,44
1912,2025-11-01,278,4170
1913,2025-11-01,32,480
1914,2025-11-01,123,1107
1915,2025-11-01,36,288
1917,2025-11-01,30,420
1921,2025-11-01,4,92
1924,2025-11-01,25,200
1925,2025-11-01,2,18
1927,2025-11-01,5,80
1929,2025-11-01,4,40
1931,2025-11-01,7,91
1933,2025-11-01,43,860
1934,2025-11-01,7,154
1935,2025-11-01,53,424
1936,2025-11-01,70,700
1938,2025-11-01,76,1672
1939,2025-11-01,3,33
1940,2025-11-01,19,266
1941,2025-11-01,26,416
1943,2025-11-01,11,220
1944,2025-11-01,135,1890
1946,2025-11-01,8,184
1947,2025-11-01,8,128
1948,2025-11-01,43,516
1949,2025-11-01,2,16
1950,2025-11-01,20,180
1953,2025-11-01,2,38
1955,2025-11-01,3,24
1957,2025-11-01,7,56
1959,2025-11-01,26,312
1960,2025-11-01,27,621
1962,2025-11-01,12,108
1963,2025-11-01,31,713
1964,2025-11-01,30,630
1965,2025-11-01,25,250
1966,2025-11-01,6,120
1967,2025-11-01,14,154
1970,2025-11-01,66,1518
1971,2025-11-01,10,250
1972,2025-11-01,21,420
1973,2025-11-01,116,1392
1975,2025-11-01,121,1694
1976,2025-11-01,25,250
1979,2025-11-01,12,252
1980,2025-11-01,6,48
1981,2025-11-01,40,800
1982,2025-11-01,4,56
1987,2025-11-01,13,130
1988,2025-11-01,13,260
1989,2025-11-01,5,50
1990,2025-11-01,3,57
1991,2025-11-01,7,70
1992,2025-11-01,5,45
1993,2025-11-01,59,1475
1994,2025-11-01,1,20
1995,2025-11-01,3,69
1996,2025-11-01,6,126
1998,2025-11-01,8,120
1999,2025-11-01,44,1056
2000,2025-11-01,39,741
2001,2025-11-01,4,88
2005,2025-11-01,2,30
2006,2025-11-01,45,900
2007,2025-11-01,4,92
2008,2025-11-01,14,182
2009,2025-11-01,121,1452
2012,2025-11-01,83,1660
2015,2025-11-01,70,1610
2017,2025-11-01,12,228
2018,2025-11-01,22,198
2019,2025-11-01,81,891
2020,2025-11-01,8,96
2021,2025-11-01,43,1075
2022,2025-11-01,33,495
2023,2025-11-01,3,51
2024,2025-11-01,8,104
2025,2025-11-01,2,44
2028,2025-11-01,38,798
2029,2025-11-01,13,156
2030,2025-11-01,36,756
2031,2025-11-01,8,104
2032,2025-11-01,7,154
2033,2025-11-01,9,81
2035,2025-11-01,8,144
2036,2025-11-01,8,136
2037,2025-11-01,1,24
2038,2025-11-01,22,242
2039,2025-11-01,101,2222
2040,2025-11-01,38,722
2042,2025-11-01,3,33
2043,2025-11-01,4,72
2044,2025-11-01,7,140
2045,2025-11-01,1,9
2046,2025-11-01,36,756
2049,2025-11-01,46,690
2050,2025-11-01,9,144
2051,2025-11-01,6,66
2053,2025-11-01,6,102
2054,2025-11-01,7,112
2055,2025-11-01,8,104
2057,2025-11-01,11,143
2060,2025-11-01,10,150
2061,2025-11-01,48,624
2062,2025-11-01,99,1089
2063,2025-11-01,5,75
2064,2025-11-01,10,210
2068,2025-11-01,8,112
2070,2025-11-01,9,99
2071,2025-11-01,18,252
2072,2025-11-01,72,1368
2073,2025-11-01,8,160
2074,2025-11-01,48,384
2075,2025-11-01,4,64
2076,2025-11-01,31,589
2077,2025-11-01,8,200
2078,2025-11-01,25,425
2079,2025-11-01,21,231
2080,2025-11-01,6,60
2083,2025-11-01,6,120
2084,2025-11-01,2,22
2085,2025-11-01,112,896
2086,2025-11-01,7,105
2087,2025-11-01,25,575
2088,2025-11-01,5,120
2090,2025-11-01,11,231
2091,2025-11-01,38,684
2092,2025-11-01,13,260
2094,2025-11-01,15,255
2095,2025-11-01,56,728
2096,2025-11-01,121,1210
2097,2025-11-01,3,45
2100,2025-11-01,15,300
2101,2025-11-01,112,1008
2102,2025-11-01,7,119
2103,2025-11-01,18,198
2104,2025-11-01,21,168
2105,2025-11-01,38,380
2107,2025-11-01,7,154
2108,2025-11-01,266,3458
2109,2025-11-01,21,252
2111,2025-11-01,77,693
2114,2025-11-01,6,108
2115,2025-11-01,21,336
2116,2025-11-01,6,114
2118,2025-11-01,24,552
2119,2025-11-01,18,180
2120,2025-11-01,56,952
2123,2025-11-01,99,1188
2124,2025-11-01,40,640
2126,2025-11-01,7,56
2127,2025-11-01,32,352
2128,2025-11-01,21,441
2129,2025-11-01,1,9
2130,2025-11-01,5,115
2132,2025-11-01,44,616
2134,2025-11-01,0,0
2136,2025-11-01,13,104
2137,2025-11-01,22,374
2138,2025-11-01,14,182
2139,2025-11-01,30,510
2142,2025-11-01,3,33
2143,2025-11-01,16,320
2144,2025-11-01,62,930
2145,2025-11-01,22,418
2146,2025-11-01,4,80
2147,2025-11-01,34,748
2148,2025-11-01,47,940
2149,2025-11-01,140,1540
2150,2025-11-01,22,308
2151,2025-11-01,1,12
2152,2025-11-01,6,126
2153,2025-11-01,52,988
2154,2025-11-01,6,84
2156,2025-11-01,10,160
2157,2025-11-01,18,306
2158,2025-11-01,38,380
2159,2025-11-01,65,1105
2160,2025-11-01,2,46
2161,2025-11-01,39,897
2163,2025-11-01,5,125
2164,2025-11-01,10,130
2165,2025-11-01,6,114
2166,2025-11-01,6,54
2167,2025-11-01,8,88
2169,2025-11-01,123,2460
2170,2025-11-01,3,24
2171,2025-11-01,26,546
2172,2025-11-01,91,2184
2174,2025-11-01,39,585
2177,2025-11-01,350,5250
2178,2025-11-01,14,252
2179,2025-11-01,8,104
2180,2025-11-01,9,99
2181,2025-11-01,45,1080
2183,2025-11-01,200,4200
2185,2025-11-01,10,100
2186,2025-11-01,12,252
2187,2025-11-01,22,506
2188,2025-11-01,31,372
2189,2025-11-01,168,3024
2191,2025-11-01,6,54
2193,2025-11-01,97,2231
2197,2025-11-01,15,150
2198,2025-11-01,3,45
2200,2025-11-01,63,1260
2202,2025-11-01,7,112
2204,2025-11-01,74,666
2207,2025-11-01,113,2373
2208,2025-11-01,9,198
2209,2025-11-01,12,108
2210,2025-11-01,5,50
2211,2025-11-01,3,24
2212,2025-11-01,137,1781
2213,2025-11-01,301,4214
2214,2025-11-01,5,75
2215,2025-11-01,5,120
2217,2025-11-01,125,1750
2218,2025-11-01,2,50
2219,2025-11-01,44,1100
2220,2025-11-01,11,165
2221,2025-11-01,18,288
2222,2025-11-01,2,32
2224,2025-11-01,123,1968
2226,2025-11-01,6,66
2227,2025-11-01,2,22
2229,2025-11-01,31,279
2230,2025-11-01,4,72
2231,2025-11-01,3,33
2232,2025-11-01,6,132
2233,2025-11-01,11,88
2234,2025-11-01,22,352
2236,2025-11-01,41,656
2237,2025-11-01,7,119
2238,2025-11-01,16,176
2240,2025-11-01,43,1032
2241,2025-11-01,12,204
2242,2025-11-01,5,120
2243,2025-11-01,19,190
2244,2025-11-01,7,140
2245,2025-11-01,27,513
2246,2025-11-01,13,182
2248,2025-11-01,22,352
2249,2025-11-01,1,23
2250,2025-11-01,44,572
2251,2025-11-01,25,600
2252,2025-11-01,17,187
2254,2025-11-01,7,105
2256,2025-11-01,3,60
2258,2025-11-01,13,169
2260,2025-11-01,8,136
2261,2025-11-01,4,32
2263,2025-11-01,3,39
2264,2025-11-01,0,0
2265,2025-11-01,14,140
2266,2025-11-01,4,92
2267,2025-11-01,7,154
2270,2025-11-01,3,39
2271,2025-11-01,26,286
2273,2025-11-01,8,104
2274,2025-11-01,35,630
2276,2025-11-01,7,112
2280,2025-11-01,11,99
2281,2025-11-01,40,400
2283,2025-11-01,15,180
2284,2025-11-01,51,1020
2285,2025-11-01,7,175
2286,2025-11-01,10,210
2287,2025-11-01,153,2142
2288,2025-11-01,140,3500
2289,2025-11-01,61,549
2290,2025-11-01,5,125
2291,2025-11-01,5,80
2292,2025-11-01,6,126
2293,2025-11-01,17,255
2295,2025-11-01,60,660
2296,2025-11-01,6,120
2297,2025-11-01,18,396
2299,2025-11-01,7,168
2301,2025-11-01,6,54
2302,2025-11-01,8,112
2303,2025-11-01,221,5083
2304,2025-11-01,25,375
2305,2025-11-01,7,77
2307,2025-11-01,9,171
2308,2025-11-01,9,198
2309,2025-11-01,35,630
2310,2025-11-01,2,34
2311,2025-11-01,2,36
2312,2025-11-01,9,99
2313,2025-11-01,30,480
2314,2025-11-01,4,68
2315,2025-11-01,13,273
2316,2025-11-01,8,88
2317,2025-11-01,14,294
2319,2025-11-01,3,60
2320,2025-11-01,13,221
2321,2025-11-01,11,154
2322,2025-11-01,6,102
2323,2025-11-01,48,1056
2325,2025-11-01,12,288
2326,2025-11-01,10,110
2327,2025-11-01,43,860
2328,2025-11-01,56,1288
2329,2025-11-01,44,1100
2330,2025-11-01,118,944
2333,2025-11-01,35,560
2334,2025-11-01,13,130
2335,2025-11-01,5,120
2336,2025-11-01,9,144
2337,2025-11-01,8,80
2338,2025-11-01,4,52
2339,2025-11-01,20,220
2341,2025-11-01,8,64
2343,2025-11-01,18,216
2344,2025-11-01,1,10
2345,2025-11-01,14,336
2346,2025-11-01,35,350
2348,2025-11-01,48,1008
2351,2025-11-01,3,30
2352,2025-11-01,21,189
2354,2025-11-01,15,270
2356,2025-11-01,35,455
2358,2025-11-01,6,96
2359,2025-11-01,7,119
2360,2025-11-01,2,32
2362,2025-11-01,8,112
2363,2025-11-01,3,60
2364,2025-11-01,117,1872
2365,2025-11-01,14,182
2367,2025-11-01,22,220
2368,2025-11-01,5,110
2369,2025-11-01,22,286
2370,2025-11-01,40,320
2371,2025-11-01,0,0
2376,2025-11-01,8,152
2377,2025-11-01,6,78
2378,2025-11-01,8,192
2381,2025-11-01,22,176
2382,2025-11-01,11,165
2383,2025-11-01,42,420
2384,2025-11-01,8,64
2385,2025-11-01,1,20
2386,2025-11-01,4,72
2387,2025-11-01,13,299
2389,2025-11-01,25,525
2390,2025-11-01,29,319
2391,2025-11-01,22,330
2393,2025-11-01,14,196
2395,2025-11-01,10,210
2396,2025-11-01,18,432
2397,2025-11-01,9,99
2398,2025-11-01,22,176
2399,2025-11-01,16,368
2401,2025-11-01,65,1170
2402,2025-11-01,9,126
2403,2025-11-01,7,154
2404,2025-11-01,14,112
2405,2025-11-01,10,170
2406,2025-11-01,6,66
2410,2025-11-01,18,360
2411,2025-11-01,159,3021
2413,2025-11-01,37,481
2415,2025-11-01,12,300
2416,2025-11-01,155,3875
2418,2025-11-01,129,3225
2419,2025-11-01,11,99
2420,2025-11-01,5,80
2421,2025-11-01,172,3612
2422,2025-11-01,3,63
2423,2025-11-01,19,266
2424,2025-11-01,18,432
2426,2025-11-01,14,336
2427,2025-11-01,6,54
2428,2025-11-01,21,252
2429,2025-11-01,78,780
2430,2025-11-01,4,44
2431,2025-11-01,4,52
2432,2025-11-01,3,66
2433,2025-11-01,29,551
2435,2025-11-01,67,804
2436,2025-11-01,1,22
2437,2025-11-01,95,760
2439,2025-11-01,22,198
2440,2025-11-01,23,253
2441,2025-11-01,4,40
2442,2025-11-01,16,144
2444,2025-11-01,2,42
2445,2025-11-01,34,510
2447,2025-11-01,30,540
2448,2025-11-01,5,55
2449,2025-11-01,4,96
2450,2025-11-01,28,560
2451,2025-11-01,6,54
2452,2025-11-01,9,99
2453,2025-11-01,14,322
2455,2025-11-01,23,276
2456,2025-11-01,5,55
2457,2025-11-01,26,364
2458,2025-11-01,2,28
2461,2025-11-01,2,32
2462,2025-11-01,8,152
2463,2025-11-01,8,96
2464,2025-11-01,11,165
2465,2025-11-01,7,77
2466,2025-11-01,28,420
2467,2025-11-01,5,95
2469,2025-11-01,102,2448
2470,2025-11-01,20,320
2471,2025-11-01,48,1056
2472,2025-11-01,7,168
2473,2025-11-01,6,150
2474,2025-11-01,116,2668
2475,2025-11-01,12,96
2476,2025-11-01,29,667
2477,2025-11-01,20,360
2478,2025-11-01,2,40
2479,2025-11-01,37,333
2480,2025-11-01,25,250
2481,2025-11-01,10,220
2482,2025-11-01,4,84
2483,2025-11-01,14,322
2484,2025-11-01,12,276
2485,2025-11-01,3,66
2486,2025-11-01,33,264
2488,2025-11-01,4,60
2489,2025-11-01,15,345
2491,2025-11-01,31,465
2492,2025-11-01,4,48
2493,2025-11-01,137,2192
2495,2025-11-01,71,1704
2496,2025-11-01,4,32
2497,2025-11-01,14,252
2498,2025-11-01,2,16
2499,2025-11-01,4,84
2500,2025-11-01,14,322
2501,2025-11-01,68,612
2502,2025-11-01,3,57
2504,2025-11-01,3,30
2505,2025-11-01,34,408
2506,2025-11-01,49,1225
2507,2025-11-01,12,156
2509,2025-11-01,33,330
2510,2025-11-01,68,952
2512,2025-11-01,81,972
2513,2025-11-01,19,209
2514,2025-11-01,32,704
2515,2025-11-01,20,400
2516,2025-11-01,36,504
2517,2025-11-01,13,247
2518,2025-11-01,11,132
2519,2025-11-01,58,812
2521,2025-11-01,5,115
2522,2025-11-01,33,528
2524,2025-11-01,8,64
2525,2025-11-01,11,242
2526,2025-11-01,3,60
2527,2025-11-01,19,437
2530,2025-11-01,10,150
2531,2025-11-01,26,494
2532,2025-11-01,123,1845
2533,2025-11-01,10,240
2534,2025-11-01,4,100
2535,2025-11-01,30,480
2536,2025-11-01,6,102
2537,2025-11-01,3,63
2538,2025-11-01,12,168
2539,2025-11-01,7,77
2540,2025-11-01,5,80
2541,2025-11-01,123,1476
2542,2025-11-01,10,200
2543,2025-11-01,4,48
2544,2025-11-01,281,4496
2545,2025-11-01,105,1785
2546,2025-11-01,3,72
2547,2025-11-01,158,1422
2549,2025-11-01,5,60
2550,2025-11-01,103,1854
2552,2025-11-01,1,24
2554,2025-11-01,20,500
2557,2025-11-01,3,75
2558,2025-11-01,5,40
2559,2025-11-01,7,140
2560,2025-11-01,8,88
2562,2025-11-01,31,310
2563,2025-11-01,4,32
2564,2025-11-01,0,0
2565,2025-11-01,34,612
2566,2025-11-01,6,120
2567,2025-11-01,15,270
2568,2025-11-01,19,342
2569,2025-11-01,8,128
2571,2025-11-01,27,243
2572,2025-11-01,13,130
2573,2025-11-01,15,360
2574,2025-11-01,8,96
2575,2025-11-01,11,110
2576,2025-11-01,38,304
2577,2025-11-01,11,121
2578,2025-11-01,7,154
2579,2025-11-01,10,170
2580,2025-11-01,5,45
2581,2025-11-01,7,147
2582,2025-11-01,7,168
2583,2025-11-01,41,656
2584,2025-11-01,15,225
2585,2025-11-01,23,230
2586,2025-11-01,5,50
2588,2025-11-01,1,22
2590,2025-11-01,13,312
2592,2025-11-01,5,80
2593,2025-11-01,4,76
2594,2025-11-01,15,195
2595,2025-11-01,9,189
2596,2025-11-01,9,207
2599,2025-11-01,6,72
2602,2025-11-01,32,384
2603,2025-11-01,29,290
2604,2025-11-01,21,168
2605,2025-11-01,3,63
2606,2025-11-01,60,1020
2607,2025-11-01,9,180
2608,2025-11-01,6,48
2611,2025-11-01,3,42
2612,2025-11-01,6,60
2613,2025-11-01,10,120
2614,2025-11-01,29,464
2615,2025-11-01,13,195
2616,2025-11-01,4,92
2619,2025-11-01,30,480
2620,2025-11-01,4,44
2621,2025-11-01,11,242
2622,2025-11-01,13,286
2624,2025-11-01,9,171
2625,2025-11-01,3,33
2626,2025-11-01,13,182
2627,2025-11-01,5,50
2628,2025-11-01,3,48
2629,2025-11-01,3,75
2630,2025-11-01,6,150
2631,2025-11-01,3,63
2632,2025-11-01,6,150
2634,2025-11-01,11,253
2635,2025-11-01,6,66
2637,2025-11-01,5,80
2638,2025-11-01,19,323
2639,2025-11-01,2,18
2640,2025-11-01,126,1386
2641,2025-11-01,9,198
2643,2025-11-01,6,96
2644,2025-11-01,4,32
2645,2025-11-01,44,660
2647,2025-11-01,6,150
2648,2025-11-01,27,351
2649,2025-11-01,12,276
2650,2025-11-01,9,207
2651,2025-11-01,9,180
2652,2025-11-01,41,1025
2653,2025-11-01,58,986
2655,2025-11-01,12,96
2656,2025-11-01,2,50
2657,2025-11-01,21,231
2658,2025-11-01,11,242
2659,2025-11-01,174,2784
2660,2025-11-01,29,319
2663,2025-11-01,18,180
2664,2025-11-01,7,77
2665,2025-11-01,25,475
2666,2025-11-01,30,600
2667,2025-11-01,8,192
2668,2025-11-01,201,2010
2669,2025-11-01,32,288
2671,2025-11-01,15,360
2672,2025-11-01,3,45
2673,2025-11-01,36,288
2674,2025-11-01,8,64
2675,2025-11-01,2,40
2676,2025-11-01,9,99
2677,2025-11-01,23,460
2678,2025-11-01,6,108
2679,2025-11-01,68,1632
2680,2025-11-01,68,1360
2681,2025-11-01,9,72
2682,2025-11-01,10,180
2683,2025-11-01,4,80
2684,2025-11-01,13,169
2685,2025-11-01,32,288
2686,2025-11-01,155,3410
2687,2025-11-01,15,195
2688,2025-11-01,7,140
2689,2025-11-01,138,1242
2690,2025-11-01,17,170
2691,2025-11-01,2,18
2692,2025-11-01,10,200
2693,2025-11-01,10,230
2694,2025-11-01,10,130
2695,2025-11-01,19,247
2696,2025-11-01,8,128
2697,2025-11-01,9,153
2698,2025-11-01,18,396
2700,2025-11-01,29,696
2701,2025-11-01,5,125
2702,2025-11-01,11,231
2703,2025-11-01,5,65
2704,2025-11-01,4,36
2705,2025-11-01,117,2574
2706,2025-11-01,12,300
2708,2025-11-01,6,84
2709,2025-11-01,43,559
2710,2025-11-01,20,460
2711,2025-11-01,29,725
2712,2025-11-01,35,595
2713,2025-11-01,7,147
2715,2025-11-01,8,120
2716,2025-11-01,9,171
2717,2025-11-01,12,168
2718,2025-11-01,4,72
2719,2025-11-01,8,120
2720,2025-11-01,6,150
2721,2025-11-01,8,200
2722,2025-11-01,3,36
2723,2025-11-01,20,340
2724,2025-11-01,89,1691
2725,2025-11-01,10,200
2726,2025-11-01,8,144
2727,2025-11-01,31,279
2728,2025-11-01,4,60
2729,2025-11-01,10,180
2730,2025-11-01,5,50
2731,2025-11-01,4,60
2732,2025-11-01,9,81
2734,2025-11-01,31,651
2735,2025-11-01,5,60
2737,2025-11-01,7,56
2739,2025-11-01,7,147
2740,2025-11-01,55,990
2741,2025-11-01,9,225
2742,2025-11-01,13,182
2743,2025-11-01,9,189
2744,2025-11-01,4,80
2745,2025-11-01,15,210
2746,2025-11-01,13,130
2747,2025-11-01,5,115
2748,2025-11-01,10,130
2749,2025-11-01,45,855
2751,2025-11-01,8,128
2752,2025-11-01,4,52
2753,2025-11-01,21,420
2754,2025-11-01,23,276
2755,2025-11-01,4,100
2756,2025-11-01,42,462
2757,2025-11-01,10,250
2758,2025-11-01,20,360
2759,2025-11-01,9,90
2761,2025-11-01,31,682
2762,2025-11-01,9,108
2763,2025-11-01,13,299
2764,2025-11-01,7,154
2765,2025-11-01,34,442
2766,2025-11-01,34,272
2767,2025-11-01,38,798
2768,2025-11-01,11,121
2769,2025-11-01,2,30
2771,2025-11-01,20,260
2772,2025-11-01,13,286
2773,2025-11-01,2,34
2774,2025-11-01,68,1496
2775,2025-11-01,6,102
2777,2025-11-01,46,782
2778,2025-11-01,7,168
2779,2025-11-01,20,360
2781,2025-11-01,32,736
2782,2025-11-01,10,160
2783,2025-11-01,32,512
2784,2025-11-01,5,55
2785,2025-11-01,32,704
2786,2025-11-01,14,294
2787,2025-11-01,3,63
2788,2025-11-01,2,36
2789,2025-11-01,151,1208
2790,2025-11-01,3,30
2791,2025-11-01,54,1296
2792,2025-11-01,8,88
2793,2025-11-01,19,456
2794,2025-11-01,7,98
2795,2025-11-01,28,532
2796,2025-11-01,18,306
2797,2025-11-01,10,140
2798,2025-11-01,6,48
2799,2025-11-01,35,385
2800,2025-11-01,5,45
2801,2025-11-01,16,208
2802,2025-11-01,7,119
2803,2025-11-01,108,2160
2804,2025-11-01,44,440
2805,2025-11-01,4,60
2806,2025-11-01,145,1885
2807,2025-11-01,2,32
2808,2025-11-01,5,50
2809,2025-11-01,7,133
2810,2025-11-01,27,486
2811,2025-11-01,5,95
2812,2025-11-01,3,75
2813,2025-11-01,1,16
2814,2025-11-01,17,255
2815,2025-11-01,5,90
2816,2025-11-01,11,231
2817,2025-11-01,40,400
2818,2025-11-01,6,102
2819,2025-11-01,15,195
2822,2025-11-01,240,5280
2823,2025-11-01,4,68
2825,2025-11-01,34,816
2826,2025-11-01,11,275
2827,2025-11-01,6,108
2828,2025-11-01,194,3880
2829,2025-11-01,29,290
2830,2025-11-01,8,200
2831,2025-11-01,9,72
2832,2025-11-01,5,40
2833,2025-11-01,8,160
2834,2025-11-01,8,144
2835,2025-11-01,3,33
2836,2025-11-01,237,4977
2837,2025-11-01,13,143
2838,2025-11-01,45,630
2839,2025-11-01,7,98
2841,2025-11-01,5,110
2842,2025-11-01,87,1479
2843,2025-11-01,12,288
2844,2025-11-01,32,320
2845,2025-11-01,9,144
2846,2025-11-01,3,45
2847,2025-11-01,2,20
2848,2025-11-01,11,264
2849,2025-11-01,30,450
2850,2025-11-01,7,84
2851,2025-11-01,9,189
2852,2025-11-01,8,136
2853,2025-11-01,4,44
2854,2025-11-01,44,528
2855,2025-11-01,3,60
2856,2025-11-01,8,192
2857,2025-11-01,7,154
2858,2025-11-01,210,2100
2859,2025-11-01,5,120
2860,2025-11-01,8,160
2861,2025-11-01,21,273
2863,2025-11-01,36,648
2864,2025-11-01,33,627
2865,2025-11-01,6,138
2866,2025-11-01,45,720
2867,2025-11-01,219,2847
2868,2025-11-01,23,483
2869,2025-11-01,6,96
2870,2025-11-01,3,69
2871,2025-11-01,13,208
2872,2025-11-01,5,55
2873,2025-11-01,5,60
2874,2025-11-01,10,200
2875,2025-11-01,6,60
2876,2025-11-01,4,84
2877,2025-11-01,4,52
2878,2025-11-01,5,100
2879,2025-11-01,6,138
2880,2025-11-01,9,126
2881,2025-11-01,26,598
2882,2025-11-01,7,154
2883,2025-11-01,26,208
2884,2025-11-01,4,40
2885,2025-11-01,6,84
2886,2025-11-01,41,615
2887,2025-11-01,6,114
2888,2025-11-01,14,280
2889,2025-11-01,49,637
2890,2025-11-01,10,120
2891,2025-11-01,5,40
2892,2025-11-01,2,46
2893,2025-11-01,7,133
2894,2025-11-01,10,90
2895,2025-11-01,5,80
2896,2025-11-01,43,731
2897,2025-11-01,12,300
2898,2025-11-01,7,70
2899,2025-11-01,3,69
2900,2025-11-01,14,322
2901,2025-11-01,29,290
2902,2025-11-01,9,225
2903,2025-11-01,26,260
2904,2025-11-01,4,84
2905,2025-11-01,29,493
2906,2025-11-01,142,1846
2907,2025-11-01,7,63
2908,2025-11-01,24,240
2909,2025-11-01,97,1746
2910,2025-11-01,9,117
2911,2025-11-01,6,150
2912,2025-11-01,8,176
2913,2025-11-01,3,48
2914,2025-11-01,13,195
2915,2025-11-01,7,98
2916,2025-11-01,5,65
2917,2025-11-01,2,20
2918,2025-11-01,4,48
2919,2025-11-01,2,20
2920,2025-11-01,23,276
2921,2025-11-01,203,4466
2922,2025-11-01,54,1026
2923,2025-11-01,4,32
2924,2025-11-01,14,238
2925,2025-11-01,6,144
2926,2025-11-01,12,156
2927,2025-11-01,35,735
2928,2025-11-01,6,102
2929,2025-11-01,7,140
2930,2025-11-01,3,51
2931,2025-11-01,14,140
2932,2025-11-01,31,620
2933,2025-11-01,21,210
2934,2025-11-01,252,5040
2935,2025-11-01,2,20
2936,2025-11-01,2,28
2937,2025-11-01,19,380
2938,2025-11-01,2,28
2939,2025-11-01,57,1140
2940,2025-11-01,47,611
2941,2025-11-01,9,126
2942,2025-11-01,2,20
2943,2025-11-01,7,147
2944,2025-11-01,8,128
2945,2025-11-01,34,374
2946,2025-11-01,135,2160
2947,2025-11-01,3,36
2948,2025-11-01,45,675
2949,2025-11-01,4,56
2950,2025-11-01,29,609
2951,2025-11-01,13,286
2952,2025-11-01,32,576
2953,2025-11-01,6,102
2954,2025-11-01,4,36
2955,2025-11-01,79,1343
2956,2025-11-01,26,364
2957,2025-11-01,4,84
2958,2025-11-01,12,120
2959,2025-11-01,157,2983
2960,2025-11-01,5,110
2961,2025-11-01,7,133
2962,2025-11-01,8,96
2963,2025-11-01,2,16
2964,2025-11-01,8,64
2965,2025-11-01,14,280
2966,2025-11-01,6,60
2967,2025-11-01,8,128
2968,2025-11-01,25,550
2969,2025-11-01,31,589
2970,2025-11-01,9,135
2971,2025-11-01,8,128
2972,2025-11-01,4,48
2973,2025-11-01,49,1176
2974,2025-11-01,29,348
2975,2025-11-01,24,552
2976,2025-11-01,3,30
2977,2025-11-01,5,125
2978,2025-11-01,4,36
2979,2025-11-01,38,380
2980,2025-11-01,5,120
2981,2025-11-01,4,56
2982,2025-11-01,32,672
2983,2025-11-01,6,48
2984,2025-11-01,6,78
2985,2025-11-01,5,120
2986,2025-11-01,11,132
2987,2025-11-01,5,120
1002,2025-12-01,9,162
1004,2025-12-01,1,15
1007,2025-12-01,28,532
1008,2025-12-01,30,480
1010,2025-12-01,1,8
1012,2025-12-01,35,770
1013,2025-12-01,224,3136
1016,2025-12-01,5,80
1025,2025-12-01,16,368
1026,2025-12-01,237,5214
1027,2025-12-01,13,234
1028,2025-12-01,3,57
1033,2025-12-01,5,120
1036,2025-12-01,3,27
1038,2025-12-01,14,140
1039,2025-12-01,10,110
1040,2025-12-01,22,396
1042,2025-12-01,30,630
1043,2025-12-01,41,902
1045,2025-12-01,82,1558
1048,2025-12-01,2,22
1053,2025-12-01,54,972
1057,2025-12-01,1,10
1059,2025-12-01,278,5838
1060,2025-12-01,11,121
1062,2025-12-01,44,1100
1064,2025-12-01,181,1991
1065,2025-12-01,50,850
1067,2025-12-01,16,288
1071,2025-12-01,5,45
1072,2025-12-01,6,66
1078,2025-12-01,11,264
1079,2025-12-01,19,342
1085,2025-12-01,39,858
1089,2025-12-01,48,480
1091,2025-12-01,6,120
1092,2025-12-01,11,187
1093,2025-12-01,47,658
1094,2025-12-01,35,280
1096,2025-12-01,6,144
1098,2025-12-01,31,527
1099,2025-12-01,8,104
1102,2025-12-01,4,80
1110,2025-12-01,10,120
1111,2025-12-01,6,102
1112,2025-12-01,5,115
1113,2025-12-01,32,672
1115,2025-12-01,94,2350
1116,2025-12-01,3,39
1124,2025-12-01,14,322
1126,2025-12-01,6,72
1127,2025-12-01,45,810
1129,2025-12-01,1,10
1130,2025-12-01,2,40
1131,2025-12-01,6,96
1134,2025-12-01,32,384
1139,2025-12-01,4,76
1140,2025-12-01,43,1032
1143,2025-12-01,66,1056
1144,2025-12-01,22,308
1146,2025-12-01,11,198
1147,2025-12-01,20,340
1148,2025-12-01,3,63
1151,2025-12-01,19,247
1152,2025-12-01,7,70
1153,2025-12-01,7,161
1154,2025-12-01,55,1265
1157,2025-12-01,49,1225
1158,2025-12-01,3,33
1160,2025-12-01,4,40
1161,2025-12-01,1,9
1167,2025-12-01,15,180
1170,2025-12-01,30,510
1172,2025-12-01,56,896
1174,2025-12-01,19,361
1175,2025-12-01,28,420
1177,2025-12-01,4,48
1178,2025-12-01,2,32
1179,2025-12-01,13,299
1181,2025-12-01,8,88
1183,2025-12-01,5,85
1185,2025-12-01,21,525
1186,2025-12-01,23,322
1187,2025-12-01,56,616
1188,2025-12-01,7,112
1189,2025-12-01,27,648
1192,2025-12-01,14,168
1194,2025-12-01,32,608
1195,2025-12-01,18,396
1196,2025-12-01,20,260
1197,2025-12-01,2,16
1198,2025-12-01,14,168
1199,2025-12-01,30,630
1200,2025-12-01,223,5129
1202,2025-12-01,0,0
1203,2025-12-01,64,1472
1207,2025-12-01,21,378
1208,2025-12-01,31,775
1209,2025-12-01,8,80
1211,2025-12-01,10,180
1212,2025-12-01,9,189
1213,2025-12-01,121,2904
1214,2025-12-01,3,27
1216,2025-12-01,7,175
1219,2025-12-01,7,91
1221,2025-12-01,5,95
1222,2025-12-01,28,392
1227,2025-12-01,40,800
1229,2025-12-01,3,45
1231,2025-12-01,59,767
1234,2025-12-01,82,1640
1235,2025-12-01,5,75
1237,2025-12-01,1,16
1241,2025-12-01,5,85
1242,2025-12-01,71,1278
1244,2025-12-01,2,30
1245,2025-12-01,5,60
1246,2025-12-01,7,105
1249,2025-12-01,2,22
1250,2025-12-01,32,640
1256,2025-12-01,20,360
1257,2025-12-01,10,80
1258,2025-12-01,12,204
1259,2025-12-01,139,3197
1261,2025-12-01,157,2041
1262,2025-12-01,227,2043
1263,2025-12-01,9,81
1265,2025-12-01,19,323
1266,2025-12-01,68,612
1267,2025-12-01,8,128
1268,2025-12-01,58,1334
1270,2025-12-01,360,6120
1271,2025-12-01,1,20
1274,2025-12-01,168,1344
1275,2025-12-01,65,520
1279,2025-12-01,4,88
1281,2025-12-01,38,874
1282,2025-12-01,5,75
1284,2025-12-01,138,1518
1285,2025-12-01,77,1078
1287,2025-12-01,85,1530
1288,2025-12-01,3,33
1289,2025-12-01,15,135
1291,2025-12-01,34,680
1297,2025-12-01,3,30
1299,2025-12-01,2,22
1301,2025-12-01,2,34
1302,2025-12-01,29,348
1304,2025-12-01,14,196
1305,2025-12-01,50,400
1308,2025-12-01,8,120
1309,2025-12-01,25,500
1310,2025-12-01,66,1254
1312,2025-12-01,8,160
1314,2025-12-01,10,230
1315,2025-12-01,14,350
1317,2025-12-01,4,32
1318,2025-12-01,18,414
1320,2025-12-01,19,209
1321,2025-12-01,13,273
1322,2025-12-01,64,1600
1323,2025-12-01,14,308
1327,2025-12-01,69,1242
1329,2025-12-01,14,322
1333,2025-12-01,28,504
1334,2025-12-01,31,496
1335,2025-12-01,12,144
1336,2025-12-01,27,513
1337,2025-12-01,151,2718
1338,2025-12-01,8,136
1339,2025-12-01,39,819
1340,2025-12-01,10,170
1341,2025-12-01,41,943
1342,2025-12-01,17,391
1343,2025-12-01,54,1026
1344,2025-12-01,1,19
1346,2025-12-01,37,333
1347,2025-12-01,4,36
1348,2025-12-01,8,200
1351,2025-12-01,12,288
1352,2025-12-01,27,513
1353,2025-12-01,3,57
1354,2025-12-01,2,20
1355,2025-12-01,72,864
1358,2025-12-01,73,949
1363,2025-12-01,53,1060
1367,2025-12-01,8,112
1369,2025-12-01,2,28
1372,2025-12-01,20,340
1373,2025-12-01,74,962
1374,2025-12-01,3,69
1375,2025-12-01,108,2052
1380,2025-12-01,5,90
1381,2025-12-01,8,64
1385,2025-12-01,4,100
1386,2025-12-01,3,51
1387,2025-12-01,2,24
1389,2025-12-01,16,336
1393,2025-12-01,11,176
1395,2025-12-01,15,225
1397,2025-12-01,8,152
1400,2025-12-01,80,800
1402,2025-12-01,58,1450
1403,2025-12-01,6,48
1404,2025-12-01,9,198
1405,2025-12-01,68,1700
1409,2025-12-01,26,286
1410,2025-12-01,36,540
1411,2025-12-01,5,50
1413,2025-12-01,4,56
1414,2025-12-01,9,189
1416,2025-12-01,7,77
1417,2025-12-01,15,360
1419,2025-12-01,9,198
1420,2025-12-01,129,1677
1422,2025-12-01,47,658
1426,2025-12-01,2,38
1427,2025-12-01,2,40
1428,2025-12-01,53,1325
1432,2025-12-01,6,114
1434,2025-12-01,3,51
1435,2025-12-01,5,115
1436,2025-12-01,42,336
1437,2025-12-01,10,130
1438,2025-12-01,10,110
1439,2025-12-01,60,660
1444,2025-12-01,27,621
1445,2025-12-01,5,70
1447,2025-12-01,29,319
1448,2025-12-01,47,1081
1449,2025-12-01,1,21
1450,2025-12-01,20,300
1451,2025-12-01,8,104
1452,2025-12-01,68,1020
1455,2025-12-01,24,528
1457,2025-12-01,74,1850
1458,2025-12-01,29,261
1461,2025-12-01,5,80
1462,2025-12-01,38,798
1464,2025-12-01,7,77
1466,2025-12-01,4,76
1468,2025-12-01,9,117
1470,2025-12-01,1,19
1471,2025-12-01,327,7848
1474,2025-12-01,43,860
1476,2025-12-01,96,1440
1477,2025-12-01,6,120
1478,2025-12-01,7,84
1479,2025-12-01,2,16
1481,2025-12-01,66,1650
1483,2025-12-01,33,264
1486,2025-12-01,18,342
1487,2025-12-01,18,378
1490,2025-12-01,11,264
1491,2025-12-01,0,0
1494,2025-12-01,47,705
1495,2025-12-01,7,175
1496,2025-12-01,9,99
1497,2025-12-01,1,22
1498,2025-12-01,5,115
1499,2025-12-01,23,184
1500,2025-12-01,1,24
1503,2025-12-01,17,425
1505,2025-12-01,6,78
1507,2025-12-01,2,22
1509,2025-12-01,4,76
1510,2025-12-01,15,285
1514,2025-12-01,15,300
1517,2025-12-01,27,675
1520,2025-12-01,14,280
1521,2025-12-01,6,138
1522,2025-12-01,28,616
1523,2025-12-01,5,115
1524,2025-12-01,190,2470
1525,2025-12-01,13,117
1526,2025-12-01,32,640
1527,2025-12-01,2,50
1528,2025-12-01,26,260
1529,2025-12-01,2,30
1530,2025-12-01,63,819
1531,2025-12-01,4,100
1533,2025-12-01,68,816
1534,2025-12-01,4,92
1537,2025-12-01,9,135
1539,2025-12-01,87,1653
1540,2025-12-01,11,242
1541,2025-12-01,73,1533
1542,2025-12-01,10,250
1544,2025-12-01,9,99
1545,2025-12-01,54,1080
1546,2025-12-01,48,384
1553,2025-12-01,132,2640
1554,2025-12-01,20,300
1556,2025-12-01,10,240
1557,2025-12-01,17,136
1558,2025-12-01,5,115
1559,2025-12-01,25,475
1561,2025-12-01,6,138
1562,2025-12-01,8,136
1563,2025-12-01,2,38
1564,2025-12-01,27,621
1565,2025-12-01,4,40
1566,2025-12-01,1,21
1568,2025-12-01,2,26
1569,2025-12-01,260,3900
1570,2025-12-01,51,714
1572,2025-12-01,9,171
1574,2025-12-01,20,480
1575,2025-12-01,60,480
1576,2025-12-01,3,57
1578,2025-12-01,2,26
1579,2025-12-01,6,126
1581,2025-12-01,29,348
1583,2025-12-01,61,610
1585,2025-12-01,22,220
1586,2025-12-01,1,25
1587,2025-12-01,3,75
1592,2025-12-01,20,360
1593,2025-12-01,29,551
1596,2025-12-01,19,361
1597,2025-12-01,3,51
1598,2025-12-01,140,2800
1600,2025-12-01,24,216
1603,2025-12-01,5,105
1605,2025-12-01,76,1748
1607,2025-12-01,8,112
1609,2025-12-01,123,2460
1610,2025-12-01,75,1725
1611,2025-12-01,15,315
1612,2025-12-01,86,1118
1613,2025-12-01,7,154
1620,2025-12-01,115,2415
1621,2025-12-01,5,50
1622,2025-12-01,5,115
1625,2025-12-01,8,96
1626,2025-12-01,34,510
1627,2025-12-01,4,40
1630,2025-12-01,54,486
1631,2025-12-01,55,605
1634,2025-12-01,28,588
1635,2025-12-01,36,900
1637,2025-12-01,7,105
1638,2025-12-01,26,286
1639,2025-12-01,3,45
1640,2025-12-01,34,544
1641,2025-12-01,12,240
1642,2025-12-01,10,150
1643,2025-12-01,3,42
1645,2025-12-01,3,33
1646,2025-12-01,275,2475
1649,2025-12-01,3,54
1651,2025-12-01,7,126
1652,2025-12-01,8,160
1653,2025-12-01,13,156
1656,2025-12-01,51,765
1657,2025-12-01,40,440
1658,2025-12-01,6,84
1659,2025-12-01,9,126
1660,2025-12-01,13,234
1663,2025-12-01,2,40
1666,2025-12-01,8,112
1668,2025-12-01,2,32
1670,2025-12-01,4,32
1672,2025-12-01,14,238
1674,2025-12-01,67,804
1675,2025-12-01,8,96
1677,2025-12-01,27,675
1678,2025-12-01,26,286
1680,2025-12-01,3,39
1681,2025-12-01,22,264
1682,2025-12-01,1,8
1683,2025-12-01,7,63
1684,2025-12-01,20,380
1686,2025-12-01,14,336
1687,2025-12-01,2,26
1688,2025-12-01,2,46
1689,2025-12-01,102,1224
1690,2025-12-01,12,228
1692,2025-12-01,6,102
1694,2025-12-01,19,247
1695,2025-12-01,3,39
1696,2025-12-01,3,36
1697,2025-12-01,29,725
1699,2025-12-01,22,242
1702,2025-12-01,11,220
1703,2025-12-01,3,75
1704,2025-12-01,1,8
1707,2025-12-01,50,950
1708,2025-12-01,61,610
1709,2025-12-01,4,36
1711,2025-12-01,52,1248
1712,2025-12-01,7,56
1713,2025-12-01,8,168
1714,2025-12-01,86,1290
1715,2025-12-01,3,45
1716,2025-12-01,5,50
1718,2025-12-01,8,96
1719,2025-12-01,54,594
1721,2025-12-01,34,680
1722,2025-12-01,23,552
1723,2025-12-01,5,65
1725,2025-12-01,146,2482
1728,2025-12-01,5,80
1730,2025-12-01,5,85
1731,2025-12-01,16,144
1732,2025-12-01,4,48
1734,2025-12-01,13,273
1736,2025-12-01,11,88
1737,2025-12-01,4,88
1738,2025-12-01,26,364
1739,2025-12-01,76,1368
1740,2025-12-01,17,221
1741,2025-12-01,22,330
1743,2025-12-01,24,576
1745,2025-12-01,19,304
1746,2025-12-01,15,135
1747,2025-12-01,3,45
1748,2025-12-01,10,180
1749,2025-12-01,4,72
1750,2025-12-01,4,52
1751,2025-12-01,195,4875
1752,2025-12-01,26,338
1755,2025-12-01,1,13
1756,2025-12-01,22,528
1759,2025-12-01,122,1464
1760,2025-12-01,36,720
1761,2025-12-01,5,55
1762,2025-12-01,2,32
1763,2025-12-01,47,940
1764,2025-12-01,3,60
1765,2025-12-01,26,624
1766,2025-12-01,32,640
1767,2025-12-01,114,1596
1769,2025-12-01,3,51
1770,2025-12-01,10,100
1772,2025-12-01,35,455
1773,2025-12-01,52,936
1774,2025-12-01,40,840
1776,2025-12-01,6,138
1778,2025-12-01,3,30
1779,2025-12-01,12,156
1782,2025-12-01,3,72
1786,2025-12-01,26,598
1787,2025-12-01,66,1386
1788,2025-12-01,51,561
1791,2025-12-01,29,406
1793,2025-12-01,4,96
1794,2025-12-01,8,72
1796,2025-12-01,30,420
1797,2025-12-01,33,561
1799,2025-12-01,11,187
1801,2025-12-01,30,750
1802,2025-12-01,108,1296
1803,2025-12-01,5,90
1806,2025-12-01,22,242
1808,2025-12-01,7,168
1810,2025-12-01,4,68
1812,2025-12-01,3,24
1814,2025-12-01,26,598
1817,2025-12-01,22,330
1818,2025-12-01,19,456
1819,2025-12-01,8,200
1820,2025-12-01,6,54
1821,2025-12-01,4,56
1823,2025-12-01,14,112
1824,2025-12-01,1,17
1825,2025-12-01,17,170
1828,2025-12-01,15,240
1829,2025-12-01,15,225
1830,2025-12-01,14,308
1831,2025-12-01,6,120
1832,2025-12-01,4,64
1834,2025-12-01,16,208
1837,2025-12-01,8,64
1838,2025-12-01,6,144
1839,2025-12-01,3,39
1840,2025-12-01,25,375
1841,2025-12-01,25,425
1844,2025-12-01,9,72
1845,2025-12-01,4,88
1846,2025-12-01,129,2709
1848,2025-12-01,8,112
1849,2025-12-01,22,550
1850,2025-12-01,3,39
1851,2025-12-01,22,528
1852,2025-12-01,15,150
1853,2025-12-01,1,24
1854,2025-12-01,6,84
1855,2025-12-01,8,96
1857,2025-12-01,22,330
1858,2025-12-01,87,1305
1859,2025-12-01,7,84
1864,2025-12-01,45,360
1865,2025-12-01,28,672
1866,2025-12-01,19,475
1867,2025-12-01,1,22
1868,2025-12-01,9,189
1869,2025-12-01,41,410
1870,2025-12-01,5,80
1871,2025-12-01,12,192
1872,2025-12-01,8,128
1873,2025-12-01,3,51
1874,2025-12-01,8,152
1877,2025-12-01,2,24
1879,2025-12-01,21,420
1880,2025-12-01,3,24
1881,2025-12-01,70,1470
1882,2025-12-01,12,144
1883,2025-12-01,34,510
1884,2025-12-01,37,481
1886,2025-12-01,3,24
1888,2025-12-01,28,532
1890,2025-12-01,9,72
1891,2025-12-01,2,44
1892,2025-12-01,76,1596
1893,2025-12-01,7,112
1895,2025-12-01,58,1160
1896,2025-12-01,10,80
1897,2025-12-01,8,88
1898,2025-12-01,16,160
1899,2025-12-01,34,544
1900,2025-12-01,11,198
1901,2025-12-01,3,69
1902,2025-12-01,40,960
1906,2025-12-01,46,1104
1907,2025-12-01,20,260
1909,2025-12-01,2,18
1910,2025-12-01,7,63
1911,2025-12-01,3,30
1912,2025-12-01,266,4788
1913,2025-12-01,34,816
1914,2025-12-01,101,1616
1915,2025-12-01,39,975
1917,2025-12-01,29,406
1921,2025-12-01,3,27
1924,2025-12-01,25,550
1925,2025-12-01,2,48
1927,2025-12-01,4,76
1929,2025-12-01,4,36
1931,2025-12-01,8,144
1933,2025-12-01,60,1140
1934,2025-12-01,9,162
1935,2025-12-01,60,600
1936,2025-12-01,53,1272
1938,2025-12-01,73,803
1939,2025-12-01,3,48
1940,2025-12-01,16,192
1941,2025-12-01,26,364
1943,2025-12-01,10,100
1944,2025-12-01,167,2672
1946,2025-12-01,6,102
1947,2025-12-01,7,105
1948,2025-12-01,47,987
1949,2025-12-01,2,30
1950,2025-12-01,20,480
1953,2025-12-01,2,50
1955,2025-12-01,3,60
1957,2025-12-01,8,176
1959,2025-12-01,22,440
1960,2025-12-01,27,405
1962,2025-12-01,13,130
1963,2025-12-01,31,341
1964,2025-12-01,20,360
1965,2025-12-01,16,368
1966,2025-12-01,6,102
1967,2025-12-01,15,210
1971,2025-12-01,8,80
1972,2025-12-01,22,286
1973,2025-12-01,124,1984
1975,2025-12-01,128,2176
1976,2025-12-01,25,200
1979,2025-12-01,13,221
1980,2025-12-01,4,44
1981,2025-12-01,47,611
1982,2025-12-01,4,44
1987,2025-12-01,19,304
1988,2025-12-01,13,156
1989,2025-12-01,5,40
1990,2025-12-01,3,27
1991,2025-12-01,6,120
1992,2025-12-01,4,64
1993,2025-12-01,57,969
1994,2025-12-01,2,44
1995,2025-12-01,4,40
1996,2025-12-01,9,171
1998,2025-12-01,10,160
1999,2025-12-01,37,518
2000,2025-12-01,41,328
2001,2025-12-01,3,36
2005,2025-12-01,3,27
2006,2025-12-01,49,784
2007,2025-12-01,4,56
2008,2025-12-01,15,285
2009,2025-12-01,130,2990
2012,2025-12-01,55,495
2015,2025-12-01,73,1168
2017,2025-12-01,12,216
2018,2025-12-01,16,176
2019,2025-12-01,77,1617
2020,2025-12-01,8,96
2021,2025-12-01,42,840
2022,2025-12-01,32,608
2023,2025-12-01,3,54
2024,2025-12-01,8,104
2025,2025-12-01,2,26
2028,2025-12-01,37,481
2029,2025-12-01,10,100
2030,2025-12-01,38,684
2031,2025-12-01,4,84
2032,2025-12-01,7,91
2033,2025-12-01,9,81
2035,2025-12-01,8,128
2036,2025-12-01,9,81
2037,2025-12-01,1,17
2038,2025-12-01,20,380
2039,2025-12-01,103,1339
2040,2025-12-01,30,300
2042,2025-12-01,4,80
2043,2025-12-01,4,96
2044,2025-12-01,6,102
2045,2025-12-01,1,21
2046,2025-12-01,40,920
2049,2025-12-01,66,1122
2050,2025-12-01,9,72
2051,2025-12-01,6,138
2053,2025-12-01,6,132
2054,2025-12-01,7,161
2055,2025-12-01,8,160
2057,2025-12-01,13,143
2060,2025-12-01,11,176
2061,2025-12-01,34,680
2062,2025-12-01,113,2373
2063,2025-12-01,5,115
2064,2025-12-01,11,231
2068,2025-12-01,7,91
2070,2025-12-01,9,90
2071,2025-12-01,22,286
2072,2025-12-01,71,1207
2073,2025-12-01,9,72
2074,2025-12-01,44,748
2075,2025-12-01,4,88
2076,2025-12-01,32,608
2077,2025-12-01,8,136
2078,2025-12-01,21,315
2079,2025-12-01,30,750
2080,2025-12-01,5,85
2083,2025-12-01,6,72
2084,2025-12-01,2,18
2085,2025-12-01,129,2064
2086,2025-12-01,7,147
2087,2025-12-01,29,406
2088,2025-12-01,5,60
2090,2025-12-01,10,110
2091,2025-12-01,41,410
2092,2025-12-01,10,240
2094,2025-12-01,17,221
2095,2025-12-01,50,850
2096,2025-12-01,99,2277
2097,2025-12-01,2,44
2100,2025-12-01,16,288
2101,2025-12-01,83,1577
2102,2025-12-01,11,253
2103,2025-12-01,21,315
2104,2025-12-01,23,368
2105,2025-12-01,36,828
2107,2025-12-01,8,176
2108,2025-12-01,247,4199
2109,2025-12-01,19,437
2111,2025-12-01,53,1007
2114,2025-12-01,6,120
2115,2025-12-01,19,399
2116,2025-12-01,7,77
2118,2025-12-01,20,160
2119,2025-12-01,20,200
2120,2025-12-01,76,1292
2123,2025-12-01,98,2156
2124,2025-12-01,46,690
2126,2025-12-01,7,161
2127,2025-12-01,30,450
2128,2025-12-01,25,275
2129,2025-12-01,1,25
2130,2025-12-01,4,84
2132,2025-12-01,48,576
2134,2025-12-01,0,0
2136,2025-12-01,11,198
2137,2025-12-01,25,400
2139,2025-12-01,28,644
2142,2025-12-01,3,48
2143,2025-12-01,17,391
2144,2025-12-01,70,1750
2145,2025-12-01,23,529
2146,2025-12-01,4,84
2147,2025-12-01,35,490
2148,2025-12-01,38,304
2149,2025-12-01,168,1344
2150,2025-12-01,20,460
2151,2025-12-01,6,150
2152,2025-12-01,6,150
2153,2025-12-01,47,799
2154,2025-12-01,6,150
2156,2025-12-01,13,260
2157,2025-12-01,18,414
2158,2025-12-01,38,912
2159,2025-12-01,51,663
2160,2025-12-01,1,17
2161,2025-12-01,38,912
2163,2025-12-01,6,144
2164,2025-12-01,11,132
2165,2025-12-01,5,125
2166,2025-12-01,7,126
2167,2025-12-01,7,84
2169,2025-12-01,145,2465
2170,2025-12-01,2,42
2171,2025-12-01,33,561
2172,2025-12-01,84,2100
2174,2025-12-01,44,440
2177,2025-12-01,343,2744
2178,2025-12-01,9,189
2179,2025-12-01,8,112
2180,2025-12-01,10,100
2181,2025-12-01,36,432
2183,2025-12-01,219,3285
2185,2025-12-01,12,228
2187,2025-12-01,24,600
2188,2025-12-01,37,370
2189,2025-12-01,197,3743
2191,2025-12-01,7,84
2193,2025-12-01,90,1890
2197,2025-12-01,14,154
2198,2025-12-01,4,48
2200,2025-12-01,82,1230
2202,2025-12-01,6,90
2204,2025-12-01,81,1620
2207,2025-12-01,145,1160
2208,2025-12-01,8,176
2209,2025-12-01,13,325
2210,2025-12-01,5,80
2211,2025-12-01,3,54
2212,2025-12-01,160,2240
2213,2025-12-01,409,3272
2214,2025-12-01,6,54
2215,2025-12-01,5,85
2217,2025-12-01,137,1507
2218,2025-12-01,4,68
2219,2025-12-01,45,765
2220,2025-12-01,16,272
2221,2025-12-01,17,374
2222,2025-12-01,2,48
2224,2025-12-01,137,1507
2226,2025-12-01,6,90
2227,2025-12-01,2,36
2229,2025-12-01,28,476
2230,2025-12-01,4,44
2231,2025-12-01,3,39
2232,2025-12-01,6,96
2233,2025-12-01,8,192
2234,2025-12-01,20,400
2236,2025-12-01,38,798
2237,2025-12-01,8,184
2238,2025-12-01,14,112
2240,2025-12-01,36,360
2241,2025-12-01,12,300
2242,2025-12-01,5,70
2243,2025-12-01,25,550
2244,2025-12-01,6,126
2245,2025-12-01,17,153
2246,2025-12-01,10,130
2248,2025-12-01,22,550
2249,2025-12-01,1,21
2250,2025-12-01,41,738
2251,2025-12-01,26,364
2252,2025-12-01,16,128
2254,2025-12-01,10,170
2256,2025-12-01,3,33
2258,2025-12-01,11,143
2260,2025-12-01,8,144
2261,2025-12-01,4,40
2263,2025-12-01,3,39
2264,2025-12-01,0,0
2265,2025-12-01,14,224
2266,2025-12-01,3,42
2267,2025-12-01,6,150
2270,2025-12-01,4,76
2271,2025-12-01,31,589
2273,2025-12-01,7,56
2274,2025-12-01,32,672
2276,2025-12-01,9,171
2280,2025-12-01,15,300
2281,2025-12-01,28,476
2283,2025-12-01,15,225
2284,2025-12-01,45,495
2285,2025-12-01,7,105
2286,2025-12-01,8,144
2287,2025-12-01,159,1272
2288,2025-12-01,176,2288
2289,2025-12-01,68,1428
2290,2025-12-01,5,125
2291,2025-12-01,5,75
2292,2025-12-01,8,88
2293,2025-12-01,17,136
2295,2025-12-01,70,1190
2296,2025-12-01,8,192
2297,2025-12-01,18,324
2299,2025-12-01,8,80
2301,2025-12-01,5,65
2302,2025-12-01,7,98
2303,2025-12-01,206,3914
2304,2025-12-01,25,375
2305,2025-12-01,6,72
2307,2025-12-01,8,152
2308,2025-12-01,11,121
2309,2025-12-01,40,600
2310,2025-12-01,3,72
2312,2025-12-01,7,70
2313,2025-12-01,31,341
2314,2025-12-01,3,27
2315,2025-12-01,12,156
2316,2025-12-01,8,88
2317,2025-12-01,15,330
2319,2025-12-01,3,75
2320,2025-12-01,13,247
2321,2025-12-01,9,189
2322,2025-12-01,5,110
2323,2025-12-01,53,1007
2325,2025-12-01,12,132
2326,2025-12-01,14,238
2327,2025-12-01,36,648
2328,2025-12-01,56,1064
2329,2025-12-01,39,702
2330,2025-12-01,109,2071
2333,2025-12-01,44,660
2334,2025-12-01,12,288
2335,2025-12-01,4,88
2336,2025-12-01,6,72
2337,2025-12-01,7,70
2338,2025-12-01,5,120
2339,2025-12-01,27,351
2341,2025-12-01,6,114
2343,2025-12-01,17,340
2344,2025-12-01,1,20
2345,2025-12-01,14,126
2346,2025-12-01,37,777
2348,2025-12-01,48,912
2351,2025-12-01,3,51
2352,2025-12-01,20,480
2354,2025-12-01,15,120
2356,2025-12-01,42,840
2358,2025-12-01,5,45
2359,2025-12-01,9,207
2360,2025-12-01,2,32
2362,2025-12-01,8,128
2363,2025-12-01,2,16
2364,2025-12-01,141,1692
2365,2025-12-01,13,195
2367,2025-12-01,17,408
2368,2025-12-01,5,45
2369,2025-12-01,20,480
2370,2025-12-01,35,455
2371,2025-12-01,0,0
2376,2025-12-01,8,168
2377,2025-12-01,5,85
2378,2025-12-01,5,95
2381,2025-12-01,24,480
2382,2025-12-01,8,104
2383,2025-12-01,43,817
2384,2025-12-01,7,84
2385,2025-12-01,1,21
2386,2025-12-01,3,27
2387,2025-12-01,13,156
2389,2025-12-01,27,432
2390,2025-12-01,33,693
2391,2025-12-01,25,525
2393,2025-12-01,13,182
2395,2025-12-01,11,143
2396,2025-12-01,16,192
2397,2025-12-01,12,96
2398,2025-12-01,21,378
2399,2025-12-01,14,154
2401,2025-12-01,54,702
2402,2025-12-01,9,153
2403,2025-12-01,6,54
2404,2025-12-01,14,154
2405,2025-12-01,13,312
2406,2025-12-01,7,98
2410,2025-12-01,16,144
2411,2025-12-01,165,3465
2413,2025-12-01,37,370
2415,2025-12-01,11,121
2416,2025-12-01,172,2924
2418,2025-12-01,119,2380
2419,2025-12-01,8,120
2420,2025-12-01,5,65
2421,2025-12-01,155,2015
2422,2025-12-01,4,40
2423,2025-12-01,16,400
2424,2025-12-01,17,425
2426,2025-12-01,13,130
2427,2025-12-01,6,132
2428,2025-12-01,21,252
2429,2025-12-01,72,720
2430,2025-12-01,3,54
2431,2025-12-01,3,39
2432,2025-12-01,3,63
2433,2025-12-01,25,275
2435,2025-12-01,71,781
2436,2025-12-01,1,16
2437,2025-12-01,103,2060
2439,2025-12-01,26,208
2440,2025-12-01,25,300
2441,2025-12-01,4,84
2442,2025-12-01,16,208
2444,2025-12-01,2,28
2445,2025-12-01,48,816
2447,2025-12-01,36,792
2448,2025-12-01,5,60
2449,2025-12-01,3,60
2450,2025-12-01,25,400
2451,2025-12-01,6,84
2452,2025-12-01,8,80
2453,2025-12-01,15,300
2455,2025-12-01,31,279
2456,2025-12-01,4,44
2457,2025-12-01,36,432
2458,2025-12-01,3,48
2461,2025-12-01,2,20
2463,2025-12-01,7,56
2464,2025-12-01,12,96
2465,2025-12-01,8,88
2466,2025-12-01,18,450
2467,2025-12-01,5,45
2469,2025-12-01,108,2700
2470,2025-12-01,20,480
2471,2025-12-01,33,429
2472,2025-12-01,6,90
2473,2025-12-01,7,161
2474,2025-12-01,146,3358
2475,2025-12-01,19,380
2476,2025-12-01,34,748
2477,2025-12-01,20,300
2478,2025-12-01,2,18
2479,2025-12-01,29,464
2480,2025-12-01,24,360
2481,2025-12-01,13,195
2482,2025-12-01,6,78
2483,2025-12-01,14,294
2484,2025-12-01,12,120
2485,2025-12-01,3,51
2486,2025-12-01,34,510
2488,2025-12-01,3,75
2489,2025-12-01,14,252
2491,2025-12-01,19,380
2492,2025-12-01,4,40
2493,2025-12-01,165,4125
2495,2025-12-01,79,1264
2496,2025-12-01,2,46
2497,2025-12-01,15,195
2498,2025-12-01,0,0
2499,2025-12-01,3,24
2500,2025-12-01,15,120
2501,2025-12-01,54,702
2502,2025-12-01,3,30
2504,2025-12-01,4,88
2505,2025-12-01,31,589
2506,2025-12-01,49,980
2507,2025-12-01,39,975
2509,2025-12-01,50,450
2510,2025-12-01,60,1440
2512,2025-12-01,85,1530
2513,2025-12-01,17,340
2514,2025-12-01,38,684
2515,2025-12-01,14,182
2516,2025-12-01,37,481
2517,2025-12-01,12,192
2518,2025-12-01,9,90
2519,2025-12-01,61,488
2521,2025-12-01,5,85
2522,2025-12-01,38,304
2524,2025-12-01,8,184
2525,2025-12-01,9,225
2526,2025-12-01,3,30
2527,2025-12-01,21,378
2530,2025-12-01,10,220
2531,2025-12-01,26,598
2532,2025-12-01,118,2832
2533,2025-12-01,9,99
2534,2025-12-01,5,40
2535,2025-12-01,36,576
2536,2025-12-01,6,132
2537,2025-12-01,4,80
2538,2025-12-01,11,176
2539,2025-12-01,7,105
2540,2025-12-01,5,75
2541,2025-12-01,112,1232
2542,2025-12-01,15,150
2543,2025-12-01,3,75
2544,2025-12-01,270,4860
2545,2025-12-01,136,3264
2546,2025-12-01,3,63
2547,2025-12-01,153,3060
2549,2025-12-01,5,55
2550,2025-12-01,98,2156
2552,2025-12-01,1,17
2554,2025-12-01,24,312
2557,2025-12-01,4,88
2558,2025-12-01,5,115
2559,2025-12-01,7,147
2560,2025-12-01,7,70
2562,2025-12-01,31,403
2563,2025-12-01,4,64
2564,2025-12-01,0,0
2565,2025-12-01,29,609
2566,2025-12-01,7,98
2567,2025-12-01,17,187
2568,2025-12-01,18,234
2571,2025-12-01,26,546
2572,2025-12-01,11,143
2573,2025-12-01,11,275
2574,2025-12-01,7,112
2575,2025-12-01,11,132
2576,2025-12-01,37,555
2577,2025-12-01,11,242
2578,2025-12-01,5,115
2579,2025-12-01,11,99
2580,2025-12-01,5,125
2581,2025-12-01,8,184
2582,2025-12-01,7,91
2583,2025-12-01,43,946
2585,2025-12-01,24,600
2586,2025-12-01,5,70
2588,2025-12-01,1,18
2590,2025-12-01,12,228
2593,2025-12-01,6,102
2594,2025-12-01,12,276
2595,2025-12-01,10,250
2596,2025-12-01,9,225
2599,2025-12-01,6,108
2602,2025-12-01,28,700
2603,2025-12-01,29,493
2604,2025-12-01,23,575
2605,2025-12-01,3,54
2606,2025-12-01,66,660
2607,2025-12-01,7,112
2608,2025-12-01,6,126
2611,2025-12-01,4,64
2612,2025-12-01,7,70
2614,2025-12-01,37,592
2615,2025-12-01,15,240
2616,2025-12-01,4,68
2619,2025-12-01,36,576
2620,2025-12-01,4,68
2621,2025-12-01,10,80
2622,2025-12-01,14,210
2624,2025-12-01,9,99
2625,2025-12-01,4,68
2626,2025-12-01,10,110
2627,2025-12-01,6,144
2628,2025-12-01,2,24
2629,2025-12-01,2,50
2630,2025-12-01,4,80
2631,2025-12-01,3,57
2632,2025-12-01,7,112
2634,2025-12-01,15,180
2635,2025-12-01,6,66
2637,2025-12-01,6,72
2638,2025-12-01,20,180
2639,2025-12-01,2,48
2640,2025-12-01,153,2754
2641,2025-12-01,7,98
2643,2025-12-01,4,36
2644,2025-12-01,5,95
2645,2025-12-01,33,792
2647,2025-12-01,4,44
2648,2025-12-01,38,608
2649,2025-12-01,11,264
2650,2025-12-01,9,171
2651,2025-12-01,10,170
2652,2025-12-01,42,630
2653,2025-12-01,66,1386
2655,2025-12-01,11,121
2656,2025-12-01,1,10
2657,2025-12-01,20,380
2658,2025-12-01,12,288
2659,2025-12-01,201,4824
2660,2025-12-01,26,390
2663,2025-12-01,18,324
2664,2025-12-01,7,105
2665,2025-12-01,26,572
2666,2025-12-01,29,696
2667,2025-12-01,8,152
2668,2025-12-01,258,3096
2669,2025-12-01,37,555
2671,2025-12-01,14,154
2672,2025-12-01,3,48
2673,2025-12-01,40,600
2674,2025-12-01,8,88
2675,2025-12-01,2,20
2676,2025-12-01,7,98
2677,2025-12-01,17,272
2678,2025-12-01,9,135
2679,2025-12-01,71,1349
2680,2025-12-01,65,1040
2681,2025-12-01,9,144
2682,2025-12-01,10,80
2683,2025-12-01,4,64
2684,2025-12-01,13,273
2685,2025-12-01,32,416
2686,2025-12-01,156,2496
2688,2025-12-01,4,48
2689,2025-12-01,147,1911
2690,2025-12-01,17,340
2691,2025-12-01,2,40
2692,2025-12-01,12,276
2693,2025-12-01,11,132
2694,2025-12-01,14,266
2695,2025-12-01,5,55
2696,2025-12-01,7,119
2697,2025-12-01,11,143
2698,2025-12-01,20,200
2700,2025-12-01,26,468
2701,2025-12-01,6,48
2702,2025-12-01,11,264
2703,2025-12-01,4,40
2704,2025-12-01,3,45
2705,2025-12-01,128,1664
2706,2025-12-01,11,132
2708,2025-12-01,6,54
2709,2025-12-01,41,533
2710,2025-12-01,20,500
2711,2025-12-01,32,608
2712,2025-12-01,31,682
2713,2025-12-01,7,119
2715,2025-12-01,10,110
2716,2025-12-01,8,64
2717,2025-12-01,12,180
2718,2025-12-01,4,72
2719,2025-12-01,8,168
2720,2025-12-01,5,110
2721,2025-12-01,10,110
2722,2025-12-01,4,88
2723,2025-12-01,20,480
2724,2025-12-01,94,1316
2725,2025-12-01,12,276
2726,2025-12-01,7,84
2727,2025-12-01,25,525
2728,2025-12-01,4,52
2729,2025-12-01,10,140
2730,2025-12-01,5,125
2731,2025-12-01,2,34
2732,2025-12-01,9,225
2734,2025-12-01,29,493
2735,2025-12-01,4,60
2737,2025-12-01,8,112
2739,2025-12-01,6,102
2740,2025-12-01,52,520
2741,2025-12-01,8,168
2742,2025-12-01,10,210
2743,2025-12-01,9,207
2744,2025-12-01,4,88
2745,2025-12-01,13,195
2746,2025-12-01,13,273
2747,2025-12-01,4,72
2748,2025-12-01,7,98
2749,2025-12-01,38,798
2751,2025-12-01,7,112
2752,2025-12-01,4,96
2753,2025-12-01,25,350
2754,2025-12-01,29,667
2755,2025-12-01,5,85
2756,2025-12-01,42,756
2757,2025-12-01,10,170
2758,2025-12-01,16,176
2759,2025-12-01,8,96
2761,2025-12-01,26,520
2762,2025-12-01,9,144
2763,2025-12-01,13,169
2764,2025-12-01,6,54
2765,2025-12-01,31,713
2766,2025-12-01,43,387
2767,2025-12-01,42,924
2768,2025-12-01,9,135
2769,2025-12-01,2,20
2771,2025-12-01,20,240
2772,2025-12-01,13,169
2773,2025-12-01,2,30
2774,2025-12-01,47,517
2775,2025-12-01,6,48
2777,2025-12-01,51,867
2778,2025-12-01,7,105
2779,2025-12-01,20,440
2781,2025-12-01,35,700
2782,2025-12-01,6,114
2783,2025-12-01,34,510
2784,2025-12-01,4,80
2785,2025-12-01,33,264
2786,2025-12-01,15,300
2787,2025-12-01,3,39
2788,2025-12-01,2,42
2789,2025-12-01,156,2964
2790,2025-12-01,3,42
2791,2025-12-01,62,992
2792,2025-12-01,8,160
2793,2025-12-01,12,120
2794,2025-12-01,7,70
2795,2025-12-01,27,378
2796,2025-12-01,19,152
2798,2025-12-01,7,133
2799,2025-12-01,34,544
2800,2025-12-01,4,32
2801,2025-12-01,16,160
2803,2025-12-01,84,924
2804,2025-12-01,39,624
2805,2025-12-01,4,84
2806,2025-12-01,168,3696
2807,2025-12-01,2,44
2808,2025-12-01,5,105
2809,2025-12-01,7,126
2811,2025-12-01,6,150
2812,2025-12-01,3,39
2813,2025-12-01,1,20
2814,2025-12-01,20,380
2815,2025-12-01,5,80
2816,2025-12-01,12,228
2817,2025-12-01,38,950
2818,2025-12-01,7,161
2819,2025-12-01,13,234
2822,2025-12-01,144,1152
2825,2025-12-01,33,594
2826,2025-12-01,10,160
2827,2025-12-01,7,154
2828,2025-12-01,185,3515
2829,2025-12-01,21,273
2830,2025-12-01,7,147
2831,2025-12-01,8,64
2832,2025-12-01,6,78
2833,2025-12-01,9,216
2834,2025-12-01,10,150
2835,2025-12-01,3,51
2836,2025-12-01,173,1730
2837,2025-12-01,14,112
2838,2025-12-01,43,817
2839,2025-12-01,7,112
2841,2025-12-01,5,65
2842,2025-12-01,78,858
2843,2025-12-01,12,180
2844,2025-12-01,40,920
2845,2025-12-01,6,84
2847,2025-12-01,2,50
2848,2025-12-01,11,132
2849,2025-12-01,29,319
2850,2025-12-01,6,114
2851,2025-12-01,6,132
2852,2025-12-01,8,136
2853,2025-12-01,4,92
2854,2025-12-01,32,544
2855,2025-12-01,2,16
2856,2025-12-01,7,147
2857,2025-12-01,8,152
2858,2025-12-01,180,4320
2859,2025-12-01,5,85
2860,2025-12-01,9,171
2861,2025-12-01,16,400
2863,2025-12-01,39,507
2864,2025-12-01,40,680
2865,2025-12-01,7,147
2866,2025-12-01,70,1260
2867,2025-12-01,218,2398
2868,2025-12-01,21,231
2869,2025-12-01,6,60
2870,2025-12-01,4,100
2871,2025-12-01,12,264
2872,2025-12-01,4,72
2873,2025-12-01,4,40
2874,2025-12-01,12,120
2875,2025-12-01,5,100
2876,2025-12-01,3,42
2877,2025-12-01,4,60
2878,2025-12-01,6,114
2879,2025-12-01,5,70
2880,2025-12-01,8,80
2881,2025-12-01,25,225
2882,2025-12-01,8,128
2883,2025-12-01,24,576
2884,2025-12-01,4,64
2885,2025-12-01,9,108
2886,2025-12-01,42,714
2887,2025-12-01,5,115
2888,2025-12-01,14,210
2889,2025-12-01,42,840
2890,2025-12-01,8,200
2891,2025-12-01,4,68
2892,2025-12-01,2,50
2893,2025-12-01,7,133
2894,2025-12-01,10,120
2895,2025-12-01,4,88
2896,2025-12-01,41,369
2897,2025-12-01,14,210
2898,2025-12-01,10,140
2899,2025-12-01,3,63
2900,2025-12-01,15,345
2901,2025-12-01,21,399
2902,2025-12-01,11,143
2903,2025-12-01,25,625
2904,2025-12-01,4,52
2905,2025-12-01,25,475
2906,2025-12-01,161,1771
2907,2025-12-01,6,60
2908,2025-12-01,17,374
2909,2025-12-01,93,2325
2910,2025-12-01,7,84
2911,2025-12-01,7,147
2912,2025-12-01,9,117
2913,2025-12-01,1,23
2914,2025-12-01,15,375
2915,2025-12-01,6,144
2916,2025-12-01,6,102
2917,2025-12-01,2,18
2918,2025-12-01,3,63
2920,2025-12-01,20,360
2921,2025-12-01,189,3402
2922,2025-12-01,54,486
2923,2025-12-01,4,60
2924,2025-12-01,15,225
2925,2025-12-01,4,64
2926,2025-12-01,13,299
2927,2025-12-01,45,540
2928,2025-12-01,7,77
2929,2025-12-01,6,102
2930,2025-12-01,3,30
2931,2025-12-01,12,132
2932,2025-12-01,32,448
2933,2025-12-01,28,504
2934,2025-12-01,230,2530
2935,2025-12-01,2,22
2936,2025-12-01,2,40
2937,2025-12-01,22,462
2938,2025-12-01,2,18
2939,2025-12-01,50,450
2940,2025-12-01,40,960
2941,2025-12-01,10,210
2942,2025-12-01,3,54
2943,2025-12-01,8,176
2944,2025-12-01,6,72
2945,2025-12-01,32,800
2947,2025-12-01,5,50
2948,2025-12-01,38,760
2949,2025-12-01,5,75
2950,2025-12-01,28,308
2951,2025-12-01,13,117
2952,2025-12-01,68,544
2953,2025-12-01,6,54
2954,2025-12-01,7,91
2955,2025-12-01,71,639
2956,2025-12-01,24,192
2957,2025-12-01,4,36
2958,2025-12-01,5,40
2959,2025-12-01,156,1872
2960,2025-12-01,5,50
2961,2025-12-01,7,98
2962,2025-12-01,7,70
2963,2025-12-01,2,36
2965,2025-12-01,11,220
2966,2025-12-01,7,140
2967,2025-12-01,7,91
2968,2025-12-01,26,312
2969,2025-12-01,25,625
2971,2025-12-01,9,144
2972,2025-12-01,4,44
2973,2025-12-01,60,1500
2974,2025-12-01,32,384
2975,2025-12-01,25,200
2976,2025-12-01,4,48
2977,2025-12-01,5,80
2978,2025-12-01,5,80
2979,2025-12-01,31,713
2980,2025-12-01,6,78
2981,2025-12-01,3,45
2982,2025-12-01,30,330
2983,2025-12-01,5,90
2984,2025-12-01,8,88
2985,2025-12-01,4,64
2986,2025-12-01,12,276
2987,2025-12-01,4,36
2988,2025-12-01,26,234
2989,2025-12-01,39,858
2990,2025-12-01,12,96
2991,2025-12-01,197,3349
2992,2025-12-01,27,540
2993,2025-12-01,7,133
2994,2025-12-01,2,24
2995,2025-12-01,5,45
2996,2025-12-01,5,40
2997,2025-12-01,21,189
2998,2025-12-01,3,33
2999,2025-12-01,165,3465
3000,2025-12-01,13,117
3001,2025-12-01,8,112
3002,2025-12-01,6,78
3003,2025-12-01,70,1190
3004,2025-12-01,23,506
3005,2025-12-01,23,575
3006,2025-12-01,8,88
3007,2025-12-01,5,50
3008,2025-12-01,1,13
3009,2025-12-01,5,45
3010,2025-12-01,43,946
3011,2025-12-01,49,637
3012,2025-12-01,9,126
3013,2025-12-01,1,19
3014,2025-12-01,7,56
3015,2025-12-01,1,15
3016,2025-12-01,21,525
3017,2025-12-01,35,315
3018,2025-12-01,4,44
3019,2025-12-01,5,95
3020,2025-12-01,1,19
3021,2025-12-01,11,198
3022,2025-12-01,11,253
3023,2025-12-01,183,3294
3024,2025-12-01,20,460
3025,2025-12-01,7,119
3026,2025-12-01,10,200
3027,2025-12-01,11,99
3028,2025-12-01,16,304
3029,2025-12-01,4,64
3030,2025-12-01,13,234
3031,2025-12-01,7,105
3032,2025-12-01,2,26
3033,2025-12-01,11,110
3034,2025-12-01,5,55
3035,2025-12-01,6,108
3036,2025-12-01,14,336
3037,2025-12-01,1,23
3038,2025-12-01,78,702
3039,2025-12-01,8,72
3040,2025-12-01,19,437
3041,2025-12-01,2,30
3042,2025-12-01,11,209
3043,2025-12-01,33,297
3044,2025-12-01,30,450
3045,2025-12-01,14,350
3046,2025-12-01,10,240
3047,2025-12-01,5,50
3048,2025-12-01,19,228
3049,2025-12-01,149,1192
3050,2025-12-01,9,189
3051,2025-12-01,2,42
3052,2025-12-01,12,300
3053,2025-12-01,5,45
3054,2025-12-01,106,1696
3055,2025-12-01,6,72
3056,2025-12-01,9,81
3057,2025-12-01,3,75
3058,2025-12-01,6,60
3059,2025-12-01,2,48
3060,2025-12-01,108,1404
3061,2025-12-01,3,72
3062,2025-12-01,23,368
3063,2025-12-01,7,77
3064,2025-12-01,17,204
3065,2025-12-01,15,345
1002,2026-01-01,8,88
1004,2026-01-01,1,19
1007,2026-01-01,29,551
1008,2026-01-01,33,660
1010,2026-01-01,1,11
1012,2026-01-01,38,304
1013,2026-01-01,189,2835
1016,2026-01-01,4,80
1025,2026-01-01,14,294
1026,2026-01-01,192,2880
1027,2026-01-01,11,198
1028,2026-01-01,4,32
1033,2026-01-01,5,75
1038,2026-01-01,13,260
1039,2026-01-01,7,161
1040,2026-01-01,26,442
1042,2026-01-01,27,297
1043,2026-01-01,40,760
1045,2026-01-01,96,1824
1053,2026-01-01,41,656
1057,2026-01-01,1,12
1059,2026-01-01,306,4284
1060,2026-01-01,11,242
1062,2026-01-01,43,817
1064,2026-01-01,189,3024
1065,2026-01-01,50,1200
1067,2026-01-01,23,529
1071,2026-01-01,5,105
1072,2026-01-01,6,138
1078,2026-01-01,12,180
1079,2026-01-01,17,374
1085,2026-01-01,36,288
1089,2026-01-01,45,1080
1091,2026-01-01,6,102
1092,2026-01-01,11,121
1093,2026-01-01,56,560
1094,2026-01-01,23,276
1096,2026-01-01,6,90
1098,2026-01-01,26,286
1099,2026-01-01,9,153
1102,2026-01-01,3,48
1110,2026-01-01,11,187
1111,2026-01-01,6,132
1112,2026-01-01,4,56
1113,2026-01-01,26,572
1115,2026-01-01,93,2139
1124,2026-01-01,14,168
1126,2026-01-01,4,44
1127,2026-01-01,45,495
1129,2026-01-01,0,0
1130,2026-01-01,3,24
1131,2026-01-01,6,84
1134,2026-01-01,42,714
1139,2026-01-01,4,72
1140,2026-01-01,43,344
1143,2026-01-01,97,1552
1144,2026-01-01,16,320
1146,2026-01-01,10,200
1147,2026-01-01,22,264
1151,2026-01-01,24,192
1152,2026-01-01,10,220
1153,2026-01-01,6,72
1154,2026-01-01,62,496
1157,2026-01-01,46,828
1158,2026-01-01,4,96
1160,2026-01-01,4,52
1161,2026-01-01,1,8
1167,2026-01-01,13,195
1170,2026-01-01,29,319
1172,2026-01-01,59,1416
1174,2026-01-01,21,504
1175,2026-01-01,28,476
1177,2026-01-01,3,60
1178,2026-01-01,2,30
1179,2026-01-01,11,143
1181,2026-01-01,8,96
1183,2026-01-01,6,54
1185,2026-01-01,24,384
1186,2026-01-01,21,252
1187,2026-01-01,56,896
1188,2026-01-01,6,138
1189,2026-01-01,19,437
1192,2026-01-01,14,126
1194,2026-01-01,30,570
1195,2026-01-01,18,324
1196,2026-01-01,28,644
1197,2026-01-01,1,24
1198,2026-01-01,20,420
1199,2026-01-01,36,396
1200,2026-01-01,265,6625
1202,2026-01-01,0,0
1203,2026-01-01,71,852
1207,2026-01-01,28,252
1208,2026-01-01,28,616
1209,2026-01-01,6,108
1211,2026-01-01,9,162
1212,2026-01-01,11,275
1213,2026-01-01,95,1995
1214,2026-01-01,3,24
1216,2026-01-01,6,114
1219,2026-01-01,8,168
1221,2026-01-01,5,85
1222,2026-01-01,26,416
1227,2026-01-01,36,288
1229,2026-01-01,3,57
1231,2026-01-01,52,936
1234,2026-01-01,69,1587
1235,2026-01-01,4,48
1237,2026-01-01,1,8
1241,2026-01-01,4,68
1242,2026-01-01,76,684
1244,2026-01-01,3,45
1245,2026-01-01,4,68
1249,2026-01-01,2,46
1250,2026-01-01,34,544
1256,2026-01-01,15,135
1257,2026-01-01,9,126
1258,2026-01-01,11,187
1259,2026-01-01,144,1152
1261,2026-01-01,173,2422
1262,2026-01-01,241,2169
1263,2026-01-01,9,72
1265,2026-01-01,18,360
1266,2026-01-01,70,1190
1267,2026-01-01,7,119
1270,2026-01-01,412,8240
1271,2026-01-01,1,21
1274,2026-01-01,151,1359
1275,2026-01-01,79,711
1279,2026-01-01,4,96
1281,2026-01-01,43,344
1282,2026-01-01,5,55
1284,2026-01-01,116,2668
1285,2026-01-01,78,1560
1287,2026-01-01,78,1716
1288,2026-01-01,2,50
1289,2026-01-01,16,224
1291,2026-01-01,26,468
1297,2026-01-01,4,64
1299,2026-01-01,3,54
1301,2026-01-01,2,24
1302,2026-01-01,33,297
1304,2026-01-01,14,112
1305,2026-01-01,45,765
1308,2026-01-01,9,180
1309,2026-01-01,24,288
1310,2026-01-01,61,732
1312,2026-01-01,8,64
1314,2026-01-01,9,90
1315,2026-01-01,14,168
1317,2026-01-01,5,75
1318,2026-01-01,20,200
1320,2026-01-01,17,289
1321,2026-01-01,15,135
1322,2026-01-01,61,1220
1323,2026-01-01,14,224
1327,2026-01-01,49,882
1329,2026-01-01,19,342
1333,2026-01-01,12,168
1334,2026-01-01,36,828
1335,2026-01-01,11,154
1336,2026-01-01,32,736
1337,2026-01-01,141,1551
1338,2026-01-01,8,160
1339,2026-01-01,46,1058
1341,2026-01-01,41,369
1342,2026-01-01,10,210
1343,2026-01-01,54,702
1344,2026-01-01,1,13
1346,2026-01-01,31,713
1347,2026-01-01,4,36
1348,2026-01-01,10,240
1351,2026-01-01,9,135
1352,2026-01-01,30,360
1353,2026-01-01,3,39
1354,2026-01-01,1,23
1355,2026-01-01,64,1216
1358,2026-01-01,73,584
1363,2026-01-01,57,456
1367,2026-01-01,8,176
1369,2026-01-01,3,54
1372,2026-01-01,27,297
1373,2026-01-01,61,1037
1374,2026-01-01,5,85
1375,2026-01-01,117,1872
1380,2026-01-01,6,126
1381,2026-01-01,7,63
1385,2026-01-01,3,27
1386,2026-01-01,3,45
1387,2026-01-01,3,63
1389,2026-01-01,18,360
1393,2026-01-01,14,336
1395,2026-01-01,16,288
1397,2026-01-01,10,220
1400,2026-01-01,85,1105
1402,2026-01-01,49,1176
1403,2026-01-01,4,48
1404,2026-01-01,8,104
1405,2026-01-01,60,660
1409,2026-01-01,22,484
1410,2026-01-01,35,700
1411,2026-01-01,4,32
1414,2026-01-01,12,228
1416,2026-01-01,7,56
1417,2026-01-01,18,396
1419,2026-01-01,8,136
1420,2026-01-01,115,1265
1422,2026-01-01,43,903
1426,2026-01-01,2,34
1427,2026-01-01,3,42
1428,2026-01-01,60,480
1432,2026-01-01,8,80
1434,2026-01-01,4,60
1435,2026-01-01,5,85
1436,2026-01-01,24,480
1437,2026-01-01,11,99
1438,2026-01-01,10,230
1439,2026-01-01,89,890
1444,2026-01-01,27,324
1445,2026-01-01,4,80
1447,2026-01-01,32,448
1448,2026-01-01,45,450
1449,2026-01-01,1,18
1450,2026-01-01,25,225
1451,2026-01-01,7,112
1452,2026-01-01,65,585
1455,2026-01-01,25,325
1457,2026-01-01,73,1606
1458,2026-01-01,32,576
1461,2026-01-01,7,147
1462,2026-01-01,36,540
1464,2026-01-01,6,54
1466,2026-01-01,2,44
1468,2026-01-01,10,170
1470,2026-01-01,1,13
1471,2026-01-01,347,6246
1474,2026-01-01,52,832
1476,2026-01-01,119,1071
1477,2026-01-01,8,152
1478,2026-01-01,6,144
1479,2026-01-01,2,50
1481,2026-01-01,90,1170
1483,2026-01-01,37,407
1486,2026-01-01,17,306
1487,2026-01-01,17,204
1490,2026-01-01,9,72
1491,2026-01-01,0,0
1494,2026-01-01,42,714
1495,2026-01-01,8,120
1497,2026-01-01,2,32
1498,2026-01-01,6,144
1499,2026-01-01,25,275
1500,2026-01-01,1,24
1503,2026-01-01,19,304
1505,2026-01-01,5,120
1507,2026-01-01,1,24
1509,2026-01-01,3,42
1510,2026-01-01,15,120
1514,2026-01-01,16,224
1517,2026-01-01,25,500
1520,2026-01-01,10,220
1521,2026-01-01,6,108
1522,2026-01-01,27,432
1523,2026-01-01,6,84
1524,2026-01-01,226,2712
1525,2026-01-01,17,238
1526,2026-01-01,28,224
1527,2026-01-01,2,50
1528,2026-01-01,28,308
1529,2026-01-01,2,20
1530,2026-01-01,75,975
1531,2026-01-01,3,63
1533,2026-01-01,72,1008
1534,2026-01-01,3,60
1537,2026-01-01,10,200
1539,2026-01-01,123,1107
1540,2026-01-01,11,198
1541,2026-01-01,67,871
1542,2026-01-01,8,64
1544,2026-01-01,9,144
1545,2026-01-01,60,1320
1546,2026-01-01,40,400
1553,2026-01-01,167,2672
1554,2026-01-01,21,399
1556,2026-01-01,12,108
1557,2026-01-01,18,234
1558,2026-01-01,7,140
1559,2026-01-01,24,216
1561,2026-01-01,2,36
1562,2026-01-01,8,176
1563,2026-01-01,2,26
1564,2026-01-01,26,624
1565,2026-01-01,4,44
1566,2026-01-01,1,16
1568,2026-01-01,2,34
1569,2026-01-01,236,4484
1570,2026-01-01,42,798
1572,2026-01-01,6,54
1574,2026-01-01,20,180
1575,2026-01-01,70,630
1578,2026-01-01,2,22
1579,2026-01-01,6,138
1581,2026-01-01,31,310
1583,2026-01-01,98,2058
1585,2026-01-01,27,648
1586,2026-01-01,1,25
1587,2026-01-01,2,26
1592,2026-01-01,12,132
1593,2026-01-01,20,400
1596,2026-01-01,18,198
1597,2026-01-01,2,22
1598,2026-01-01,131,2489
1600,2026-01-01,25,350
1603,2026-01-01,4,72
1605,2026-01-01,62,1240
1607,2026-01-01,10,90
1609,2026-01-01,127,3175
1610,2026-01-01,61,610
1611,2026-01-01,20,220
1612,2026-01-01,85,2125
1613,2026-01-01,9,216
1620,2026-01-01,119,2618
1621,2026-01-01,5,70
1625,2026-01-01,9,198
1626,2026-01-01,36,540
1627,2026-01-01,3,39
1630,2026-01-01,76,608
1631,2026-01-01,55,1375
1634,2026-01-01,31,558
1635,2026-01-01,31,558
1637,2026-01-01,8,80
1638,2026-01-01,28,364
1639,2026-01-01,3,60
1640,2026-01-01,30,480
1641,2026-01-01,13,182
1642,2026-01-01,9,162
1643,2026-01-01,4,48
1645,2026-01-01,3,27
1646,2026-01-01,255,3570
1649,2026-01-01,3,72
1651,2026-01-01,5,55
1652,2026-01-01,6,144
1653,2026-01-01,10,130
1656,2026-01-01,59,944
1657,2026-01-01,45,630
1658,2026-01-01,4,88
1659,2026-01-01,8,64
1660,2026-01-01,12,156
1663,2026-01-01,2,26
1666,2026-01-01,7,154
1668,2026-01-01,2,38
1670,2026-01-01,4,100
1672,2026-01-01,15,180
1674,2026-01-01,67,737
1675,2026-01-01,6,126
1677,2026-01-01,33,396
1678,2026-01-01,23,253
1680,2026-01-01,3,66
1681,2026-01-01,22,528
1682,2026-01-01,2,44
1683,2026-01-01,7,77
1684,2026-01-01,20,460
1686,2026-01-01,15,120
1687,2026-01-01,3,63
1688,2026-01-01,2,18
1689,2026-01-01,132,2112
1690,2026-01-01,12,216
1692,2026-01-01,7,77
1694,2026-01-01,20,200
1695,2026-01-01,5,105
1696,2026-01-01,3,72
1697,2026-01-01,34,714
1699,2026-01-01,29,696
1702,2026-01-01,11,165
1703,2026-01-01,2,36
1704,2026-01-01,1,23
1707,2026-01-01,49,882
1708,2026-01-01,46,368
1709,2026-01-01,4,88
1711,2026-01-01,54,1296
1712,2026-01-01,8,152
1713,2026-01-01,8,160
1714,2026-01-01,82,820
1715,2026-01-01,3,48
1716,2026-01-01,4,36
1718,2026-01-01,9,99
1719,2026-01-01,54,1188
1721,2026-01-01,31,651
1722,2026-01-01,26,546
1723,2026-01-01,7,161
1725,2026-01-01,147,3381
1728,2026-01-01,3,30
1731,2026-01-01,14,168
1732,2026-01-01,5,90
1734,2026-01-01,14,280
1736,2026-01-01,41,738
1737,2026-01-01,5,55
1738,2026-01-01,26,598
1739,2026-01-01,74,740
1740,2026-01-01,18,360
1741,2026-01-01,19,361
1743,2026-01-01,23,345
1745,2026-01-01,24,288
1746,2026-01-01,18,216
1747,2026-01-01,8,80
1748,2026-01-01,12,108
1749,2026-01-01,4,40
1750,2026-01-01,3,48
1751,2026-01-01,214,4922
1752,2026-01-01,19,171
1755,2026-01-01,1,23
1756,2026-01-01,19,399
1759,2026-01-01,107,2568
1760,2026-01-01,33,528
1761,2026-01-01,5,120
1762,2026-01-01,2,34
1763,2026-01-01,42,378
1764,2026-01-01,3,48
1765,2026-01-01,29,551
1766,2026-01-01,38,836
1767,2026-01-01,153,3366
1769,2026-01-01,4,72
1770,2026-01-01,11,242
1772,2026-01-01,37,296
1773,2026-01-01,38,722
1774,2026-01-01,49,1127
1776,2026-01-01,6,60
1778,2026-01-01,3,24
1779,2026-01-01,7,126
1782,2026-01-01,3,72
1786,2026-01-01,25,400
1787,2026-01-01,80,800
1788,2026-01-01,61,793
1791,2026-01-01,36,864
1793,2026-01-01,3,30
1794,2026-01-01,10,160
1796,2026-01-01,33,792
1797,2026-01-01,33,396
1799,2026-01-01,10,240
1801,2026-01-01,34,340
1802,2026-01-01,158,2370
1803,2026-01-01,6,66
1806,2026-01-01,25,375
1808,2026-01-01,6,60
1810,2026-01-01,3,48
1812,2026-01-01,5,65
1814,2026-01-01,26,416
1817,2026-01-01,24,408
1819,2026-01-01,9,81
1820,2026-01-01,5,100
1821,2026-01-01,4,100
1823,2026-01-01,12,108
1825,2026-01-01,15,120
1828,2026-01-01,11,220
1829,2026-01-01,15,210
1830,2026-01-01,13,182
1831,2026-01-01,7,119
1832,2026-01-01,4,56
1834,2026-01-01,12,264
1837,2026-01-01,8,88
1838,2026-01-01,5,50
1839,2026-01-01,3,69
1840,2026-01-01,31,403
1841,2026-01-01,23,207
1844,2026-01-01,10,170
1845,2026-01-01,3,75
1846,2026-01-01,108,864
1848,2026-01-01,7,77
1849,2026-01-01,25,625
1850,2026-01-01,3,72
1851,2026-01-01,27,486
1852,2026-01-01,15,285
1853,2026-01-01,1,8
1854,2026-01-01,8,200
1855,2026-01-01,7,175
1857,2026-01-01,9,189
1858,2026-01-01,70,1050
1859,2026-01-01,7,98
1864,2026-01-01,40,600
1865,2026-01-01,25,200
1866,2026-01-01,15,120
1867,2026-01-01,1,21
1868,2026-01-01,8,120
1869,2026-01-01,50,650
1870,2026-01-01,5,70
1871,2026-01-01,12,144
1872,2026-01-01,7,140
1873,2026-01-01,3,36
1874,2026-01-01,8,136
1877,2026-01-01,2,48
1879,2026-01-01,19,456
1880,2026-01-01,5,80
1881,2026-01-01,70,1470
1882,2026-01-01,15,360
1883,2026-01-01,34,442
1884,2026-01-01,38,950
1886,2026-01-01,3,51
1888,2026-01-01,20,400
1890,2026-01-01,8,192
1891,2026-01-01,1,13
1892,2026-01-01,77,693
1893,2026-01-01,11,220
1895,2026-01-01,45,765
1896,2026-01-01,9,189
1898,2026-01-01,16,208
1899,2026-01-01,34,680
1900,2026-01-01,13,312
1901,2026-01-01,3,54
1902,2026-01-01,33,726
1906,2026-01-01,47,987
1907,2026-01-01,20,480
1909,2026-01-01,2,40
1910,2026-01-01,7,161
1911,2026-01-01,3,51
1912,2026-01-01,310,7750
1913,2026-01-01,39,468
1914,2026-01-01,118,1652
1915,2026-01-01,36,828
1917,2026-01-01,27,513
1921,2026-01-01,3,66
1924,2026-01-01,23,345
1925,2026-01-01,2,16
1927,2026-01-01,5,45
1929,2026-01-01,3,63
1931,2026-01-01,8,80
1933,2026-01-01,48,720
1934,2026-01-01,6,108
1935,2026-01-01,60,1380
1936,2026-01-01,58,1450
1938,2026-01-01,69,1656
1939,2026-01-01,3,42
1940,2026-01-01,14,112
1941,2026-01-01,21,357
1943,2026-01-01,13,169
1944,2026-01-01,129,1935
1946,2026-01-01,4,72
1947,2026-01-01,6,150
1948,2026-01-01,38,684
1949,2026-01-01,2,26
1953,2026-01-01,3,45
1955,2026-01-01,2,34
1957,2026-01-01,8,144
1959,2026-01-01,26,338
1960,2026-01-01,30,660
1962,2026-01-01,15,285
1963,2026-01-01,32,256
1964,2026-01-01,23,276
1965,2026-01-01,16,176
1966,2026-01-01,6,60
1967,2026-01-01,19,247
1971,2026-01-01,8,168
1972,2026-01-01,23,322
1973,2026-01-01,136,1360
1975,2026-01-01,134,2278
1976,2026-01-01,25,350
1979,2026-01-01,11,165
1980,2026-01-01,5,115
1981,2026-01-01,38,874
1982,2026-01-01,5,105
1987,2026-01-01,18,324
1988,2026-01-01,15,180
1989,2026-01-01,5,105
1990,2026-01-01,2,48
1991,2026-01-01,7,161
1992,2026-01-01,5,115
1993,2026-01-01,44,1100
1994,2026-01-01,1,21
1995,2026-01-01,4,84
1996,2026-01-01,9,72
1998,2026-01-01,9,216
1999,2026-01-01,42,756
2000,2026-01-01,53,795
2001,2026-01-01,3,57
2005,2026-01-01,3,57
2006,2026-01-01,44,1012
2007,2026-01-01,4,32
2008,2026-01-01,14,112
2009,2026-01-01,103,1236
2012,2026-01-01,43,344
2015,2026-01-01,60,1320
2017,2026-01-01,13,260
2018,2026-01-01,14,182
2019,2026-01-01,87,1479
2020,2026-01-01,8,136
2021,2026-01-01,43,473
2022,2026-01-01,31,403
2023,2026-01-01,3,42
2024,2026-01-01,7,91
2025,2026-01-01,3,75
2028,2026-01-01,41,738
2029,2026-01-01,12,108
2030,2026-01-01,39,975
2031,2026-01-01,6,78
2032,2026-01-01,8,168
2033,2026-01-01,10,90
2036,2026-01-01,9,108
2037,2026-01-01,1,22
2038,2026-01-01,24,336
2039,2026-01-01,99,2079
2040,2026-01-01,29,377
2042,2026-01-01,3,33
2043,2026-01-01,4,72
2044,2026-01-01,6,54
2045,2026-01-01,1,19
2046,2026-01-01,39,507
2049,2026-01-01,58,1276
2050,2026-01-01,10,240
2051,2026-01-01,8,200
2053,2026-01-01,6,48
2054,2026-01-01,7,105
2055,2026-01-01,8,104
2057,2026-01-01,15,240
2060,2026-01-01,15,120
2061,2026-01-01,39,702
2062,2026-01-01,143,2860
2063,2026-01-01,4,80
2064,2026-01-01,11,209
2068,2026-01-01,10,190
2071,2026-01-01,18,252
2072,2026-01-01,62,1488
2073,2026-01-01,9,144
2074,2026-01-01,41,697
2075,2026-01-01,2,42
2076,2026-01-01,34,510
2077,2026-01-01,11,176
2078,2026-01-01,23,414
2079,2026-01-01,16,368
2080,2026-01-01,8,80
2084,2026-01-01,2,22
2085,2026-01-01,137,1507
2086,2026-01-01,9,153
2087,2026-01-01,31,434
2088,2026-01-01,4,68
2090,2026-01-01,8,192
2091,2026-01-01,34,578
2092,2026-01-01,10,210
2094,2026-01-01,17,170
2095,2026-01-01,48,1200
2096,2026-01-01,96,1056
2097,2026-01-01,2,48
2100,2026-01-01,14,238
2101,2026-01-01,108,1296
2102,2026-01-01,10,120
2103,2026-01-01,24,456
2104,2026-01-01,23,230
2105,2026-01-01,47,470
2107,2026-01-01,7,70
2108,2026-01-01,294,7056
2109,2026-01-01,20,440
2111,2026-01-01,62,1178
2114,2026-01-01,7,154
2116,2026-01-01,3,30
2118,2026-01-01,18,216
2119,2026-01-01,22,308
2120,2026-01-01,79,1422
2123,2026-01-01,102,1428
2124,2026-01-01,47,940
2126,2026-01-01,7,119
2127,2026-01-01,35,420
2128,2026-01-01,17,340
2129,2026-01-01,1,14
2130,2026-01-01,5,70
2132,2026-01-01,43,344
2134,2026-01-01,0,0
2136,2026-01-01,12,252
2137,2026-01-01,23,253
2139,2026-01-01,26,286
2142,2026-01-01,4,52
2143,2026-01-01,15,255
2144,2026-01-01,59,1357
2145,2026-01-01,25,525
2146,2026-01-01,5,55
2147,2026-01-01,31,403
2148,2026-01-01,41,943
2149,2026-01-01,147,1617
2150,2026-01-01,23,414
2152,2026-01-01,6,138
2153,2026-01-01,43,731
2154,2026-01-01,5,90
2156,2026-01-01,11,132
2157,2026-01-01,15,120
2158,2026-01-01,41,943
2159,2026-01-01,46,966
2160,2026-01-01,2,24
2161,2026-01-01,38,836
2163,2026-01-01,6,114
2164,2026-01-01,10,80
2165,2026-01-01,5,60
2166,2026-01-01,3,27
2167,2026-01-01,8,96
2169,2026-01-01,149,2235
2170,2026-01-01,2,38
2171,2026-01-01,28,644
2172,2026-01-01,98,2254
2174,2026-01-01,42,336
2177,2026-01-01,481,4329
2178,2026-01-01,11,253
2179,2026-01-01,7,84
2180,2026-01-01,11,88
2181,2026-01-01,37,481
2183,2026-01-01,174,3306
2185,2026-01-01,13,117
2187,2026-01-01,20,260
2188,2026-01-01,36,504
2189,2026-01-01,195,2925
2191,2026-01-01,6,102
2193,2026-01-01,94,2068
2197,2026-01-01,15,135
2198,2026-01-01,4,36
2200,2026-01-01,79,1501
2202,2026-01-01,6,78
2204,2026-01-01,81,729
2207,2026-01-01,138,1794
2208,2026-01-01,8,120
2209,2026-01-01,14,154
2210,2026-01-01,6,138
2211,2026-01-01,4,40
2212,2026-01-01,199,3184
2213,2026-01-01,363,8349
2214,2026-01-01,7,161
2215,2026-01-01,3,45
2217,2026-01-01,128,3072
2218,2026-01-01,4,76
2219,2026-01-01,41,369
2220,2026-01-01,15,210
2221,2026-01-01,15,195
2222,2026-01-01,2,44
2224,2026-01-01,139,1390
2226,2026-01-01,5,55
2227,2026-01-01,2,38
2229,2026-01-01,24,576
2230,2026-01-01,4,40
2231,2026-01-01,3,72
2232,2026-01-01,6,108
2233,2026-01-01,9,144
2234,2026-01-01,21,168
2236,2026-01-01,40,960
2237,2026-01-01,7,154
2238,2026-01-01,12,252
2240,2026-01-01,30,750
2241,2026-01-01,13,117
2242,2026-01-01,5,95
2243,2026-01-01,27,594
2244,2026-01-01,6,120
2245,2026-01-01,23,368
2246,2026-01-01,11,99
2248,2026-01-01,18,342
2249,2026-01-01,0,0
2250,2026-01-01,43,344
2251,2026-01-01,27,459
2252,2026-01-01,15,300
2254,2026-01-01,12,96
2256,2026-01-01,3,30
2258,2026-01-01,11,143
2260,2026-01-01,9,90
2261,2026-01-01,3,72
2263,2026-01-01,3,33
2264,2026-01-01,0,0
2265,2026-01-01,17,306
2266,2026-01-01,3,63
2267,2026-01-01,6,120
2270,2026-01-01,6,78
2271,2026-01-01,26,416
2273,2026-01-01,7,147
2274,2026-01-01,31,682
2276,2026-01-01,6,54
2280,2026-01-01,16,352
2281,2026-01-01,32,704
2283,2026-01-01,9,225
2284,2026-01-01,34,646
2285,2026-01-01,9,171
2286,2026-01-01,7,91
2287,2026-01-01,141,2538
2288,2026-01-01,160,2560
2289,2026-01-01,58,1218
2290,2026-01-01,4,64
2291,2026-01-01,5,110
2292,2026-01-01,6,78
2293,2026-01-01,17,187
2295,2026-01-01,71,852
2296,2026-01-01,9,117
2297,2026-01-01,14,168
2299,2026-01-01,9,153
2301,2026-01-01,4,76
2302,2026-01-01,8,80
2303,2026-01-01,203,3857
2304,2026-01-01,28,224
2305,2026-01-01,3,72
2307,2026-01-01,10,120
2308,2026-01-01,11,88
2309,2026-01-01,34,510
2310,2026-01-01,3,27
2312,2026-01-01,8,96
2313,2026-01-01,35,595
2314,2026-01-01,3,48
2315,2026-01-01,12,216
2316,2026-01-01,6,84
2317,2026-01-01,12,168
2319,2026-01-01,3,51
2320,2026-01-01,15,285
2321,2026-01-01,8,168
2322,2026-01-01,8,152
2323,2026-01-01,52,1300
2325,2026-01-01,11,198
2326,2026-01-01,15,150
2327,2026-01-01,37,666
2328,2026-01-01,51,1122
2329,2026-01-01,48,1104
2330,2026-01-01,120,1440
2333,2026-01-01,39,858
2334,2026-01-01,11,242
2335,2026-01-01,3,54
2336,2026-01-01,6,90
2337,2026-01-01,8,128
2338,2026-01-01,4,52
2339,2026-01-01,31,372
2341,2026-01-01,7,98
2343,2026-01-01,19,152
2344,2026-01-01,1,25
2345,2026-01-01,7,56
2346,2026-01-01,30,420
2348,2026-01-01,32,448
2351,2026-01-01,2,16
2352,2026-01-01,17,136
2354,2026-01-01,17,425
2356,2026-01-01,49,1127
2358,2026-01-01,6,48
2359,2026-01-01,8,136
2360,2026-01-01,2,28
2362,2026-01-01,8,144
2363,2026-01-01,3,27
2364,2026-01-01,143,3432
2365,2026-01-01,11,275
2367,2026-01-01,23,460
2368,2026-01-01,6,126
2369,2026-01-01,16,144
2370,2026-01-01,43,946
2371,2026-01-01,0,0
2376,2026-01-01,10,100
2377,2026-01-01,4,40
2378,2026-01-01,6,90
2381,2026-01-01,28,252
2382,2026-01-01,9,117
2383,2026-01-01,44,528
2384,2026-01-01,6,138
2385,2026-01-01,1,23
2386,2026-01-01,4,88
2387,2026-01-01,18,180
2389,2026-01-01,24,576
2390,2026-01-01,36,540
2391,2026-01-01,29,377
2393,2026-01-01,10,240
2395,2026-01-01,10,180
2396,2026-01-01,15,345
2397,2026-01-01,11,88
2398,2026-01-01,22,462
2399,2026-01-01,12,156
2401,2026-01-01,55,660
2402,2026-01-01,9,189
2403,2026-01-01,6,132
2404,2026-01-01,14,294
2405,2026-01-01,12,276
2406,2026-01-01,3,36
2410,2026-01-01,15,135
2411,2026-01-01,143,3289
2413,2026-01-01,30,660
2415,2026-01-01,13,195
2416,2026-01-01,165,3135
2418,2026-01-01,149,1788
2419,2026-01-01,7,77
2420,2026-01-01,4,68
2421,2026-01-01,153,2601
2422,2026-01-01,4,40
2423,2026-01-01,17,374
2424,2026-01-01,15,180
2426,2026-01-01,13,208
2427,2026-01-01,7,84
2428,2026-01-01,21,357
2429,2026-01-01,60,1260
2430,2026-01-01,3,36
2431,2026-01-01,4,76
2432,2026-01-01,3,33
2433,2026-01-01,27,486
2435,2026-01-01,66,528
2436,2026-01-01,1,10
2437,2026-01-01,99,1188
2439,2026-01-01,30,270
2440,2026-01-01,30,630
2441,2026-01-01,5,115
2442,2026-01-01,37,740
2444,2026-01-01,2,48
2445,2026-01-01,49,490
2447,2026-01-01,32,512
2448,2026-01-01,6,72
2449,2026-01-01,3,30
2450,2026-01-01,33,264
2451,2026-01-01,6,66
2453,2026-01-01,21,357
2455,2026-01-01,31,465
2456,2026-01-01,5,105
2457,2026-01-01,46,1104
2458,2026-01-01,3,66
2461,2026-01-01,1,11
2463,2026-01-01,10,250
2464,2026-01-01,13,208
2465,2026-01-01,7,56
2466,2026-01-01,22,242
2467,2026-01-01,6,78
2469,2026-01-01,120,1200
2470,2026-01-01,20,460
2471,2026-01-01,41,533
2472,2026-01-01,8,136
2473,2026-01-01,8,144
2474,2026-01-01,129,2838
2475,2026-01-01,15,285
2476,2026-01-01,31,527
2477,2026-01-01,16,384
2478,2026-01-01,2,50
2479,2026-01-01,31,341
2480,2026-01-01,23,575
2481,2026-01-01,15,240
2482,2026-01-01,4,32
2483,2026-01-01,14,322
2484,2026-01-01,13,286
2485,2026-01-01,3,72
2486,2026-01-01,31,713
2488,2026-01-01,4,84
2489,2026-01-01,15,150
2491,2026-01-01,22,440
2492,2026-01-01,4,72
2493,2026-01-01,133,1064
2495,2026-01-01,81,810
2496,2026-01-01,2,26
2497,2026-01-01,19,361
2498,2026-01-01,0,0
2499,2026-01-01,3,69
2500,2026-01-01,14,294
2501,2026-01-01,73,1606
2502,2026-01-01,2,38
2504,2026-01-01,4,64
2505,2026-01-01,36,504
2506,2026-01-01,43,946
2507,2026-01-01,39,429
2509,2026-01-01,46,1150
2512,2026-01-01,83,747
2513,2026-01-01,14,140
2514,2026-01-01,36,648
2515,2026-01-01,12,264
2516,2026-01-01,24,264
2517,2026-01-01,12,156
2518,2026-01-01,11,132
2519,2026-01-01,48,1152
2521,2026-01-01,4,44
2522,2026-01-01,32,608
2524,2026-01-01,9,189
2525,2026-01-01,7,140
2526,2026-01-01,4,32
2527,2026-01-01,29,551
2530,2026-01-01,9,153
2531,2026-01-01,23,322
2532,2026-01-01,121,1936
2533,2026-01-01,8,80
2534,2026-01-01,5,85
2536,2026-01-01,5,110
2537,2026-01-01,4,36
2538,2026-01-01,12,180
2539,2026-01-01,5,90
2540,2026-01-01,4,68
2541,2026-01-01,90,1710
2542,2026-01-01,16,272
2543,2026-01-01,3,30
2544,2026-01-01,262,2096
2545,2026-01-01,136,2584
2546,2026-01-01,3,42
2547,2026-01-01,141,1692
2549,2026-01-01,5,50
2550,2026-01-01,77,1925
2552,2026-01-01,1,16
2554,2026-01-01,26,364
2557,2026-01-01,4,80
2558,2026-01-01,4,44
2559,2026-01-01,7,140
2560,2026-01-01,8,184
2562,2026-01-01,29,319
2563,2026-01-01,3,48
2564,2026-01-01,0,0
2565,2026-01-01,38,646
2566,2026-01-01,8,104
2567,2026-01-01,16,192
2568,2026-01-01,18,234
2571,2026-01-01,32,768
2572,2026-01-01,10,190
2573,2026-01-01,14,294
2574,2026-01-01,6,60
2575,2026-01-01,9,126
2576,2026-01-01,31,620
2577,2026-01-01,10,180
2578,2026-01-01,5,85
2579,2026-01-01,10,140
2580,2026-01-01,6,108
2581,2026-01-01,7,119
2582,2026-01-01,6,96
2583,2026-01-01,37,777
2585,2026-01-01,15,180
2586,2026-01-01,4,96
2590,2026-01-01,14,112
2593,2026-01-01,5,110
2594,2026-01-01,12,96
2595,2026-01-01,12,276
2596,2026-01-01,13,143
2599,2026-01-01,8,64
2602,2026-01-01,34,612
2603,2026-01-01,30,600
2604,2026-01-01,19,285
2605,2026-01-01,2,46
2606,2026-01-01,63,1134
2607,2026-01-01,8,136
2608,2026-01-01,4,92
2611,2026-01-01,4,76
2612,2026-01-01,8,104
2614,2026-01-01,40,320
2616,2026-01-01,4,44
2619,2026-01-01,31,310
2620,2026-01-01,4,72
2621,2026-01-01,14,154
2622,2026-01-01,15,240
2624,2026-01-01,11,121
2625,2026-01-01,2,36
2626,2026-01-01,10,220
2627,2026-01-01,6,96
2628,2026-01-01,2,26
2629,2026-01-01,2,32
2630,2026-01-01,5,105
2631,2026-01-01,4,88
2632,2026-01-01,5,75
2635,2026-01-01,6,72
2637,2026-01-01,10,90
2638,2026-01-01,18,324
2640,2026-01-01,142,1562
2643,2026-01-01,5,105
2644,2026-01-01,4,44
2645,2026-01-01,32,512
2647,2026-01-01,4,96
2648,2026-01-01,37,333
2649,2026-01-01,13,247
2650,2026-01-01,8,72
2651,2026-01-01,11,110
2652,2026-01-01,44,616
2653,2026-01-01,64,832
2655,2026-01-01,7,147
2656,2026-01-01,2,24
2657,2026-01-01,23,529
2658,2026-01-01,12,288
2659,2026-01-01,179,1790
2660,2026-01-01,34,816
2663,2026-01-01,16,400
2664,2026-01-01,7,133
2665,2026-01-01,28,560
2666,2026-01-01,33,726
2667,2026-01-01,8,128
2669,2026-01-01,34,612
2671,2026-01-01,14,266
2672,2026-01-01,3,51
2673,2026-01-01,39,351
2674,2026-01-01,5,125
2675,2026-01-01,2,34
2676,2026-01-01,9,144
2677,2026-01-01,20,320
2678,2026-01-01,8,80
2679,2026-01-01,77,693
2680,2026-01-01,65,1625
2681,2026-01-01,9,117
2682,2026-01-01,8,72
2683,2026-01-01,3,33
2684,2026-01-01,15,285
2685,2026-01-01,38,836
2686,2026-01-01,152,3496
2688,2026-01-01,3,24
2689,2026-01-01,119,1666
2690,2026-01-01,18,324
2691,2026-01-01,2,22
2692,2026-01-01,13,208
2693,2026-01-01,10,120
2694,2026-01-01,14,126
2696,2026-01-01,9,108
2697,2026-01-01,11,187
2698,2026-01-01,16,272
2700,2026-01-01,29,696
2701,2026-01-01,5,85
2702,2026-01-01,11,220
2703,2026-01-01,4,40
2704,2026-01-01,4,64
2705,2026-01-01,161,3864
2706,2026-01-01,11,143
2708,2026-01-01,5,45
2709,2026-01-01,34,306
2710,2026-01-01,17,187
2711,2026-01-01,25,350
2712,2026-01-01,25,275
2713,2026-01-01,6,90
2715,2026-01-01,10,140
2716,2026-01-01,8,160
2717,2026-01-01,13,195
2718,2026-01-01,6,90
2719,2026-01-01,8,144
2720,2026-01-01,6,150
2721,2026-01-01,14,238
2722,2026-01-01,3,72
2723,2026-01-01,22,440
2724,2026-01-01,58,986
2725,2026-01-01,10,220
2726,2026-01-01,8,184
2727,2026-01-01,27,324
2728,2026-01-01,4,84
2729,2026-01-01,13,260
2730,2026-01-01,5,85
2731,2026-01-01,1,8
2732,2026-01-01,9,99
2734,2026-01-01,31,775
2735,2026-01-01,4,48
2739,2026-01-01,6,48
2740,2026-01-01,54,648
2741,2026-01-01,9,72
2742,2026-01-01,10,230
2743,2026-01-01,8,96
2744,2026-01-01,4,64
2745,2026-01-01,14,294
2746,2026-01-01,14,224
2747,2026-01-01,4,80
2748,2026-01-01,7,126
2749,2026-01-01,41,328
2751,2026-01-01,6,96
2752,2026-01-01,4,52
2753,2026-01-01,17,187
2754,2026-01-01,31,589
2755,2026-01-01,5,85
2756,2026-01-01,37,888
2757,2026-01-01,11,220
2758,2026-01-01,13,208
2761,2026-01-01,28,420
2762,2026-01-01,9,153
2763,2026-01-01,15,375
2764,2026-01-01,6,78
2765,2026-01-01,24,384
2766,2026-01-01,41,492
2767,2026-01-01,27,378
2768,2026-01-01,10,130
2769,2026-01-01,2,28
2771,2026-01-01,16,320
2772,2026-01-01,17,204
2773,2026-01-01,2,38
2774,2026-01-01,56,1400
2775,2026-01-01,7,140
2777,2026-01-01,53,1219
2778,2026-01-01,7,77
2779,2026-01-01,18,396
2781,2026-01-01,33,627
2782,2026-01-01,4,36
2783,2026-01-01,32,608
2784,2026-01-01,4,52
2785,2026-01-01,26,572
2786,2026-01-01,15,240
2787,2026-01-01,3,57
2788,2026-01-01,2,30
2789,2026-01-01,154,1386
2790,2026-01-01,2,16
2791,2026-01-01,66,1320
2792,2026-01-01,9,144
2793,2026-01-01,15,330
2794,2026-01-01,7,133
2795,2026-01-01,35,315
2796,2026-01-01,20,380
2798,2026-01-01,6,54
2799,2026-01-01,37,518
2800,2026-01-01,4,100
2801,2026-01-01,18,252
2803,2026-01-01,72,1368
2804,2026-01-01,37,629
2805,2026-01-01,5,75
2806,2026-01-01,124,2728
2807,2026-01-01,2,20
2808,2026-01-01,5,90
2809,2026-01-01,7,168
2811,2026-01-01,6,102
2812,2026-01-01,3,75
2813,2026-01-01,1,22
2814,2026-01-01,19,380
2815,2026-01-01,5,120
2816,2026-01-01,9,117
2817,2026-01-01,38,646
2818,2026-01-01,9,153
2819,2026-01-01,13,234
2822,2026-01-01,153,3366
2825,2026-01-01,34,714
2827,2026-01-01,7,77
2828,2026-01-01,176,4048
2829,2026-01-01,22,484
2830,2026-01-01,7,70
2831,2026-01-01,9,207
2832,2026-01-01,4,88
2833,2026-01-01,9,162
2834,2026-01-01,7,133
2835,2026-01-01,3,45
2836,2026-01-01,207,4347
2837,2026-01-01,13,195
2838,2026-01-01,50,450
2839,2026-01-01,7,161
2841,2026-01-01,6,126
2842,2026-01-01,91,910
2843,2026-01-01,11,165
2844,2026-01-01,49,686
2845,2026-01-01,5,105
2847,2026-01-01,2,24
2848,2026-01-01,11,264
2849,2026-01-01,25,575
2850,2026-01-01,6,108
2851,2026-01-01,6,60
2852,2026-01-01,8,72
2853,2026-01-01,5,40
2854,2026-01-01,29,696
2855,2026-01-01,2,42
2856,2026-01-01,7,126
2857,2026-01-01,10,250
2858,2026-01-01,189,4725
2859,2026-01-01,5,120
2860,2026-01-01,9,162
2861,2026-01-01,11,132
2863,2026-01-01,47,564
2864,2026-01-01,37,777
2865,2026-01-01,5,95
2866,2026-01-01,64,512
2867,2026-01-01,224,4032
2868,2026-01-01,19,190
2869,2026-01-01,5,70
2870,2026-01-01,4,100
2871,2026-01-01,12,144
2872,2026-01-01,3,54
2873,2026-01-01,5,115
2874,2026-01-01,10,140
2875,2026-01-01,5,70
2876,2026-01-01,3,36
2877,2026-01-01,5,90
2878,2026-01-01,4,36
2879,2026-01-01,7,105
2880,2026-01-01,8,144
2881,2026-01-01,22,352
2883,2026-01-01,27,351
2885,2026-01-01,6,144
2886,2026-01-01,39,429
2887,2026-01-01,4,84
2888,2026-01-01,12,204
2889,2026-01-01,48,1056
2890,2026-01-01,6,102
2891,2026-01-01,4,40
2892,2026-01-01,2,36
2893,2026-01-01,7,154
2894,2026-01-01,11,242
2895,2026-01-01,4,68
2896,2026-01-01,53,795
2897,2026-01-01,14,238
2898,2026-01-01,10,250
2899,2026-01-01,3,66
2900,2026-01-01,16,336
2901,2026-01-01,15,270
2904,2026-01-01,2,24
2905,2026-01-01,23,322
2906,2026-01-01,204,2652
2907,2026-01-01,5,105
2908,2026-01-01,15,375
2909,2026-01-01,77,1001
2910,2026-01-01,7,175
2911,2026-01-01,8,120
2912,2026-01-01,7,112
2913,2026-01-01,1,18
2915,2026-01-01,5,50
2916,2026-01-01,6,78
2917,2026-01-01,2,44
2918,2026-01-01,4,60
2920,2026-01-01,15,120
2921,2026-01-01,205,3075
2922,2026-01-01,54,702
2923,2026-01-01,4,92
2924,2026-01-01,13,208
2925,2026-01-01,4,52
2926,2026-01-01,13,104
2927,2026-01-01,37,666
2928,2026-01-01,7,112
2929,2026-01-01,5,70
2931,2026-01-01,11,220
2932,2026-01-01,33,627
2933,2026-01-01,28,560
2934,2026-01-01,228,4104
2935,2026-01-01,1,19
2936,2026-01-01,2,38
2937,2026-01-01,20,400
2938,2026-01-01,3,30
2939,2026-01-01,55,990
2940,2026-01-01,49,980
2941,2026-01-01,11,110
2943,2026-01-01,11,143
2944,2026-01-01,5,120
2945,2026-01-01,37,666
2948,2026-01-01,39,663
2949,2026-01-01,5,80
2950,2026-01-01,35,735
2951,2026-01-01,12,252
2952,2026-01-01,55,1210
2953,2026-01-01,6,72
2954,2026-01-01,8,128
2955,2026-01-01,68,816
2956,2026-01-01,24,576
2957,2026-01-01,5,80
2958,2026-01-01,9,144
2959,2026-01-01,113,2147
2961,2026-01-01,8,104
2962,2026-01-01,8,144
2963,2026-01-01,2,40
2965,2026-01-01,14,350
2966,2026-01-01,7,126
2967,2026-01-01,4,60
2968,2026-01-01,28,364
2969,2026-01-01,26,468
2971,2026-01-01,7,133
2972,2026-01-01,5,95
2973,2026-01-01,56,616
2974,2026-01-01,33,363
2975,2026-01-01,20,220
2976,2026-01-01,2,40
2977,2026-01-01,4,36
2978,2026-01-01,4,72
2979,2026-01-01,35,560
2980,2026-01-01,8,192
2981,2026-01-01,4,92
2982,2026-01-01,38,456
2983,2026-01-01,5,50
2984,2026-01-01,7,161
2986,2026-01-01,13,156
2987,2026-01-01,4,92
2988,2026-01-01,28,280
2989,2026-01-01,55,1210
2990,2026-01-01,10,250
2991,2026-01-01,176,1584
2992,2026-01-01,23,414
2993,2026-01-01,7,98
2994,2026-01-01,2,32
2995,2026-01-01,6,138
2996,2026-01-01,3,39
2997,2026-01-01,21,441
2998,2026-01-01,3,72
2999,2026-01-01,167,2505
3000,2026-01-01,14,280
3001,2026-01-01,7,84
3002,2026-01-01,5,50
3003,2026-01-01,45,1080
3004,2026-01-01,21,420
3005,2026-01-01,21,378
3006,2026-01-01,7,175
3007,2026-01-01,5,50
3009,2026-01-01,5,65
3010,2026-01-01,40,1000
3011,2026-01-01,52,624
3012,2026-01-01,9,153
3013,2026-01-01,2,42
3014,2026-01-01,7,119
3015,2026-01-01,1,12
3016,2026-01-01,30,630
3017,2026-01-01,34,680
3018,2026-01-01,4,76
3019,2026-01-01,7,105
3020,2026-01-01,1,14
3021,2026-01-01,11,110
3022,2026-01-01,11,231
3023,2026-01-01,205,4100
3024,2026-01-01,20,380
3026,2026-01-01,8,200
3027,2026-01-01,9,72
3028,2026-01-01,14,182
3029,2026-01-01,4,64
3030,2026-01-01,14,252
3031,2026-01-01,7,70
3032,2026-01-01,1,14
3033,2026-01-01,9,108
3034,2026-01-01,5,115
3035,2026-01-01,6,54
3036,2026-01-01,18,288
3037,2026-01-01,1,12
3038,2026-01-01,72,1296
3039,2026-01-01,6,48
3040,2026-01-01,11,187
3041,2026-01-01,2,50
3042,2026-01-01,13,312
3043,2026-01-01,35,455
3044,2026-01-01,38,456
3045,2026-01-01,15,165
3046,2026-01-01,9,108
3047,2026-01-01,6,102
3048,2026-01-01,20,480
3049,2026-01-01,109,1308
3050,2026-01-01,9,171
3051,2026-01-01,2,32
3052,2026-01-01,10,150
3054,2026-01-01,140,1400
3055,2026-01-01,7,147
3056,2026-01-01,9,117
3058,2026-01-01,5,95
3059,2026-01-01,2,46
3060,2026-01-01,131,1572
3061,2026-01-01,3,39
3062,2026-01-01,24,456
3063,2026-01-01,8,120
3064,2026-01-01,13,325
3065,2026-01-01,18,198
3066,2026-01-01,7,91
3067,2026-01-01,4,40
3068,2026-01-01,28,588
3069,2026-01-01,23,529
3070,2026-01-01,56,952
3071,2026-01-01,4,60
3072,2026-01-01,29,580
3073,2026-01-01,19,380
3074,2026-01-01,111,1221
3075,2026-01-01,15,255
3076,2026-01-01,5,80
3077,2026-01-01,28,700
3078,2026-01-01,3,60
3079,2026-01-01,20,220
3080,2026-01-01,36,684
3081,2026-01-01,11,99
3082,2026-01-01,3,48
3083,2026-01-01,8,200
3084,2026-01-01,8,96
3085,2026-01-01,23,253
3086,2026-01-01,3,75
3087,2026-01-01,13,260
3088,2026-01-01,3,66
3089,2026-01-01,39,936
3090,2026-01-01,38,456
3091,2026-01-01,4,40
3092,2026-01-01,7,84
3093,2026-01-01,8,152
3094,2026-01-01,22,198
3095,2026-01-01,8,128
3096,2026-01-01,10,240
3097,2026-01-01,9,117
3098,2026-01-01,21,336
3099,2026-01-01,7,91
3100,2026-01-01,6,108
3101,2026-01-01,25,450
3102,2026-01-01,14,294
3103,2026-01-01,7,56
3104,2026-01-01,25,350
3105,2026-01-01,7,105
3106,2026-01-01,77,693
3107,2026-01-01,7,63
3108,2026-01-01,7,91
3109,2026-01-01,10,100
3110,2026-01-01,35,770
3111,2026-01-01,27,594
3112,2026-01-01,14,252
3113,2026-01-01,7,168
3114,2026-01-01,1,8
3115,2026-01-01,9,81
3116,2026-01-01,20,260
3117,2026-01-01,17,204
3118,2026-01-01,5,75
3119,2026-01-01,21,462
3120,2026-01-01,3,45
3121,2026-01-01,32,736
3122,2026-01-01,21,483
3123,2026-01-01,19,456
3124,2026-01-01,39,702
3125,2026-01-01,5,55
3126,2026-01-01,6,120
3127,2026-01-01,6,132
3128,2026-01-01,18,270
3129,2026-01-01,3,48
3130,2026-01-01,5,40
3131,2026-01-01,4,40
3132,2026-01-01,6,114
3133,2026-01-01,5,65
3134,2026-01-01,21,378
3135,2026-01-01,11,253
3136,2026-01-01,10,210
3137,2026-01-01,50,950
3138,2026-01-01,23,207
3139,2026-01-01,46,966
3140,2026-01-01,8,104
3141,2026-01-01,6,126
3142,2026-01-01,9,117
3143,2026-01-01,5,60
3144,2026-01-01,9,99
3145,2026-01-01,5,120
3146,2026-01-01,4,100
3147,2026-01-01,8,64
3148,2026-01-01,31,341
3149,2026-01-01,4,76
3150,2026-01-01,15,240
3151,2026-01-01,7,112
3152,2026-01-01,5,110
3153,2026-01-01,9,135
3154,2026-01-01,9,99
3155,2026-01-01,48,960
3156,2026-01-01,7,84
3157,2026-01-01,12,156
1002,2026-02-01,9,216
1007,2026-02-01,23,460
1008,2026-02-01,29,290
1010,2026-02-01,1,10
1012,2026-02-01,45,675
1013,2026-02-01,261,6264
1016,2026-02-01,3,45
1025,2026-02-01,16,384
1026,2026-02-01,160,3360
1027,2026-02-01,10,240
1028,2026-02-01,4,96
1033,2026-02-01,5,50
1038,2026-02-01,12,228
1039,2026-02-01,5,70
1040,2026-02-01,25,400
1042,2026-02-01,35,350
1043,2026-02-01,37,444
1045,2026-02-01,104,2600
1053,2026-02-01,50,1200
1057,2026-02-01,2,38
1059,2026-02-01,344,8256
1060,2026-02-01,13,221
1062,2026-02-01,40,1000
1064,2026-02-01,189,2835
1065,2026-02-01,50,1100
1067,2026-02-01,27,594
1071,2026-02-01,5,55
1072,2026-02-01,5,110
1078,2026-02-01,9,171
1079,2026-02-01,22,352
1085,2026-02-01,31,341
1089,2026-02-01,48,432
1091,2026-02-01,7,112
1092,2026-02-01,9,180
1093,2026-02-01,59,767
1094,2026-02-01,20,300
1096,2026-02-01,34,306
1098,2026-02-01,17,425
1099,2026-02-01,8,120
1102,2026-02-01,3,63
1111,2026-02-01,6,132
1112,2026-02-01,4,36
1113,2026-02-01,23,483
1115,2026-02-01,102,1122
1124,2026-02-01,17,408
1126,2026-02-01,4,52
1127,2026-02-01,43,473
1129,2026-02-01,0,0
1130,2026-02-01,3,75
1131,2026-02-01,6,60
1134,2026-02-01,41,410
1139,2026-02-01,2,22
1140,2026-02-01,36,720
1143,2026-02-01,111,1998
1144,2026-02-01,17,187
1146,2026-02-01,9,99
1147,2026-02-01,22,352
1151,2026-02-01,29,348
1152,2026-02-01,5,85
1153,2026-02-01,7,112
1154,2026-02-01,51,816
1157,2026-02-01,52,1248
1158,2026-02-01,3,48
1160,2026-02-01,3,63
1161,2026-02-01,1,10
1167,2026-02-01,15,330
1170,2026-02-01,42,840
1172,2026-02-01,69,552
1174,2026-02-01,20,260
1175,2026-02-01,23,506
1177,2026-02-01,3,42
1178,2026-02-01,1,20
1179,2026-02-01,43,688
1181,2026-02-01,7,168
1183,2026-02-01,5,85
1185,2026-02-01,19,475
1186,2026-02-01,21,252
1187,2026-02-01,60,1140
1188,2026-02-01,6,78
1189,2026-02-01,18,378
1192,2026-02-01,11,154
1194,2026-02-01,39,858
1195,2026-02-01,17,204
1196,2026-02-01,30,390
1198,2026-02-01,24,288
1199,2026-02-01,54,702
1200,2026-02-01,416,6240
1202,2026-02-01,0,0
1203,2026-02-01,61,610
1207,2026-02-01,30,690
1208,2026-02-01,26,390
1209,2026-02-01,8,88
1211,2026-02-01,9,216
1212,2026-02-01,8,144
1213,2026-02-01,74,1850
1214,2026-02-01,2,48
1216,2026-02-01,7,70
1219,2026-02-01,5,100
1221,2026-02-01,3,45
1222,2026-02-01,32,480
1227,2026-02-01,28,476
1229,2026-02-01,4,88
1231,2026-02-01,53,795
1234,2026-02-01,76,1368
1235,2026-02-01,3,54
1237,2026-02-01,1,18
1241,2026-02-01,4,100
1242,2026-02-01,84,2016
1244,2026-02-01,2,26
1245,2026-02-01,3,48
1249,2026-02-01,2,20
1250,2026-02-01,38,456
1256,2026-02-01,16,320
1257,2026-02-01,9,108
1258,2026-02-01,13,312
1259,2026-02-01,123,1968
1261,2026-02-01,136,1632
1262,2026-02-01,214,4494
1263,2026-02-01,10,190
1265,2026-02-01,14,280
1266,2026-02-01,53,636
1267,2026-02-01,7,133
1270,2026-02-01,276,2208
1271,2026-02-01,1,10
1274,2026-02-01,145,1160
1275,2026-02-01,105,1995
1279,2026-02-01,3,75
1281,2026-02-01,39,351
1282,2026-02-01,5,85
1284,2026-02-01,108,2376
1285,2026-02-01,72,1152
1287,2026-02-01,80,1360
1288,2026-02-01,2,36
1289,2026-02-01,17,272
1291,2026-02-01,36,864
1297,2026-02-01,4,76
1299,2026-02-01,3,33
1301,2026-02-01,2,46
1302,2026-02-01,33,264
1304,2026-02-01,14,252
1305,2026-02-01,46,1150
1308,2026-02-01,9,90
1310,2026-02-01,66,858
1312,2026-02-01,7,63
1315,2026-02-01,15,255
1317,2026-02-01,5,100
1318,2026-02-01,24,288
1320,2026-02-01,17,306
1321,2026-02-01,12,96
1322,2026-02-01,62,620
1323,2026-02-01,16,368
1327,2026-02-01,57,456
1329,2026-02-01,20,180
1334,2026-02-01,36,756
1335,2026-02-01,12,264
1336,2026-02-01,34,272
1337,2026-02-01,156,1872
1338,2026-02-01,9,81
1339,2026-02-01,40,320
1341,2026-02-01,43,731
1342,2026-02-01,9,126
1343,2026-02-01,53,1166
1344,2026-02-01,1,14
1346,2026-02-01,28,420
1347,2026-02-01,6,132
1348,2026-02-01,9,99
1351,2026-02-01,10,130
1352,2026-02-01,30,510
1353,2026-02-01,3,72
1354,2026-02-01,1,12
1355,2026-02-01,62,1364
1358,2026-02-01,78,702
1363,2026-02-01,57,1254
1367,2026-02-01,7,168
1369,2026-02-01,3,30
1372,2026-02-01,30,270
1373,2026-02-01,84,1848
1374,2026-02-01,5,90
1375,2026-02-01,109,2289
1380,2026-02-01,6,60
1381,2026-02-01,7,119
1385,2026-02-01,2,30
1386,2026-02-01,4,40
1387,2026-02-01,5,75
1389,2026-02-01,19,209
1393,2026-02-01,13,182
1395,2026-02-01,16,128
1397,2026-02-01,8,176
1400,2026-02-01,69,621
1402,2026-02-01,45,900
1403,2026-02-01,4,88
1404,2026-02-01,9,135
1405,2026-02-01,50,700
1409,2026-02-01,32,416
1410,2026-02-01,31,310
1411,2026-02-01,2,38
1414,2026-02-01,13,156
1416,2026-02-01,7,126
1417,2026-02-01,18,252
1419,2026-02-01,8,96
1420,2026-02-01,130,3120
1422,2026-02-01,41,410
1426,2026-02-01,3,54
1427,2026-02-01,2,30
1428,2026-02-01,53,477
1432,2026-02-01,7,126
1434,2026-02-01,3,75
1435,2026-02-01,5,120
1436,2026-02-01,28,644
1437,2026-02-01,12,168
1438,2026-02-01,9,81
1439,2026-02-01,78,858
1444,2026-02-01,32,800
1445,2026-02-01,4,76
1447,2026-02-01,26,416
1448,2026-02-01,44,924
1449,2026-02-01,1,8
1450,2026-02-01,23,345
1451,2026-02-01,4,76
1452,2026-02-01,72,1440
1455,2026-02-01,23,345
1457,2026-02-01,62,1426
1458,2026-02-01,26,338
1461,2026-02-01,6,126
1462,2026-02-01,46,1058
1464,2026-02-01,9,171
1466,2026-02-01,2,48
1468,2026-02-01,10,190
1470,2026-02-01,2,26
1471,2026-02-01,345,7590
1474,2026-02-01,43,602
1476,2026-02-01,114,2622
1477,2026-02-01,8,96
1478,2026-02-01,4,60
1479,2026-02-01,2,38
1481,2026-02-01,75,600
1483,2026-02-01,34,476
1486,2026-02-01,15,330
1487,2026-02-01,19,361
1490,2026-02-01,11,275
1494,2026-02-01,48,1056
1495,2026-02-01,7,70
1497,2026-02-01,2,44
1498,2026-02-01,6,60
1499,2026-02-01,22,330
1500,2026-02-01,1,13
1503,2026-02-01,21,525
1505,2026-02-01,6,54
1507,2026-02-01,1,19
1509,2026-02-01,3,27
1510,2026-02-01,15,225
1514,2026-02-01,15,165
1517,2026-02-01,18,270
1520,2026-02-01,9,225
1521,2026-02-01,5,115
1522,2026-02-01,33,792
1523,2026-02-01,6,138
1524,2026-02-01,209,5016
1525,2026-02-01,18,324
1526,2026-02-01,26,598
1528,2026-02-01,41,902
1529,2026-02-01,2,50
1530,2026-02-01,58,1450
1531,2026-02-01,4,40
1533,2026-02-01,67,1474
1534,2026-02-01,3,36
1537,2026-02-01,10,100
1539,2026-02-01,142,2698
1540,2026-02-01,8,160
1541,2026-02-01,62,1426
1542,2026-02-01,9,153
1544,2026-02-01,12,240
1545,2026-02-01,63,819
1546,2026-02-01,34,612
1553,2026-02-01,146,1898
1554,2026-02-01,28,280
1556,2026-02-01,12,96
1557,2026-02-01,16,304
1558,2026-02-01,8,72
1559,2026-02-01,29,464
1561,2026-02-01,2,30
1562,2026-02-01,7,112
1563,2026-02-01,2,32
1564,2026-02-01,27,675
1565,2026-02-01,3,45
1566,2026-02-01,1,19
1568,2026-02-01,2,18
1569,2026-02-01,311,5287
1570,2026-02-01,40,440
1572,2026-02-01,5,80
1574,2026-02-01,21,378
1575,2026-02-01,79,1106
1578,2026-02-01,2,42
1579,2026-02-01,7,63
1581,2026-02-01,38,570
1583,2026-02-01,102,2550
1585,2026-02-01,21,315
1587,2026-02-01,2,44
1592,2026-02-01,13,325
1593,2026-02-01,22,308
1596,2026-02-01,17,170
1597,2026-02-01,2,36
1598,2026-02-01,137,3425
1600,2026-02-01,18,198
1603,2026-02-01,5,55
1605,2026-02-01,72,1008
1607,2026-02-01,8,136
1609,2026-02-01,146,2774
1610,2026-02-01,69,1518
1611,2026-02-01,18,378
1612,2026-02-01,84,756
1613,2026-02-01,8,64
1620,2026-02-01,100,1900
1621,2026-02-01,6,138
1625,2026-02-01,10,100
1626,2026-02-01,32,352
1627,2026-02-01,3,24
1630,2026-02-01,99,2277
1631,2026-02-01,46,368
1634,2026-02-01,33,528
1635,2026-02-01,34,850
1637,2026-02-01,8,112
1638,2026-02-01,30,570
1639,2026-02-01,2,48
1640,2026-02-01,35,665
1641,2026-02-01,9,108
1642,2026-02-01,10,150
1643,2026-02-01,3,30
1645,2026-02-01,4,64
1646,2026-02-01,261,3393
1649,2026-02-01,3,45
1651,2026-02-01,5,55
1652,2026-02-01,6,48
1653,2026-02-01,8,168
1656,2026-02-01,47,517
1657,2026-02-01,40,680
1659,2026-02-01,9,90
1660,2026-02-01,11,132
1663,2026-02-01,2,18
1666,2026-02-01,7,105
1668,2026-02-01,2,36
1670,2026-02-01,5,75
1674,2026-02-01,57,513
1675,2026-02-01,6,120
1677,2026-02-01,29,464
1678,2026-02-01,20,220
1680,2026-02-01,3,42
1681,2026-02-01,27,621
1682,2026-02-01,3,24
1683,2026-02-01,9,189
1684,2026-02-01,23,506
1686,2026-02-01,16,400
1687,2026-02-01,2,20
1688,2026-02-01,2,26
1689,2026-02-01,125,2000
1690,2026-02-01,10,250
1692,2026-02-01,7,84
1694,2026-02-01,18,198
1695,2026-02-01,5,85
1696,2026-02-01,3,42
1697,2026-02-01,30,690
1699,2026-02-01,28,364
1703,2026-02-01,2,24
1704,2026-02-01,1,15
1707,2026-02-01,66,792
1708,2026-02-01,40,600
1709,2026-02-01,4,80
1711,2026-02-01,70,1260
1712,2026-02-01,10,180
1713,2026-02-01,8,128
1714,2026-02-01,88,1320
1715,2026-02-01,4,80
1716,2026-02-01,5,120
1718,2026-02-01,8,104
1719,2026-02-01,44,484
1721,2026-02-01,32,512
1722,2026-02-01,23,322
1723,2026-02-01,5,85
1725,2026-02-01,129,2451
1728,2026-02-01,3,72
1731,2026-02-01,16,208
1732,2026-02-01,4,68
1734,2026-02-01,15,195
1736,2026-02-01,43,344
1737,2026-02-01,4,92
1738,2026-02-01,16,160
1739,2026-02-01,67,871
1740,2026-02-01,16,304
1741,2026-02-01,28,252
1743,2026-02-01,20,500
1745,2026-02-01,25,275
1746,2026-02-01,28,224
1747,2026-02-01,7,168
1748,2026-02-01,14,154
1749,2026-02-01,4,48
1750,2026-02-01,3,45
1751,2026-02-01,225,2025
1752,2026-02-01,22,550
1755,2026-02-01,1,10
1756,2026-02-01,21,252
1759,2026-02-01,125,2000
1760,2026-02-01,35,735
1761,2026-02-01,5,110
1762,2026-02-01,2,42
1763,2026-02-01,52,1144
1764,2026-02-01,4,68
1765,2026-02-01,33,693
1766,2026-02-01,24,384
1767,2026-02-01,178,3026
1769,2026-02-01,6,54
1770,2026-02-01,11,220
1772,2026-02-01,39,858
1773,2026-02-01,36,684
1774,2026-02-01,43,1075
1776,2026-02-01,7,70
1778,2026-02-01,3,51
1779,2026-02-01,6,120
1782,2026-02-01,3,72
1786,2026-02-01,19,399
1787,2026-02-01,108,1512
1788,2026-02-01,63,630
1791,2026-02-01,27,270
1793,2026-02-01,3,72
1794,2026-02-01,10,160
1796,2026-02-01,43,645
1797,2026-02-01,34,578
1799,2026-02-01,10,220
1801,2026-02-01,38,874
1802,2026-02-01,150,1950
1803,2026-02-01,6,66
1806,2026-02-01,27,243
1808,2026-02-01,5,70
1810,2026-02-01,3,60
1812,2026-02-01,3,69
1814,2026-02-01,24,384
1817,2026-02-01,24,552
1819,2026-02-01,6,144
1820,2026-02-01,5,115
1821,2026-02-01,4,56
1823,2026-02-01,12,144
1825,2026-02-01,15,285
1828,2026-02-01,10,190
1829,2026-02-01,9,180
1830,2026-02-01,14,336
1831,2026-02-01,6,138
1832,2026-02-01,5,70
1834,2026-02-01,14,308
1837,2026-02-01,5,110
1838,2026-02-01,6,102
1839,2026-02-01,3,42
1840,2026-02-01,32,320
1841,2026-02-01,21,315
1844,2026-02-01,11,231
1845,2026-02-01,3,45
1846,2026-02-01,140,2800
1848,2026-02-01,7,154
1849,2026-02-01,24,600
1850,2026-02-01,3,30
1851,2026-02-01,26,338
1852,2026-02-01,17,255
1853,2026-02-01,1,17
1854,2026-02-01,9,207
1855,2026-02-01,7,119
1857,2026-02-01,3,60
1858,2026-02-01,78,1404
1859,2026-02-01,7,112
1864,2026-02-01,36,648
1866,2026-02-01,11,88
1867,2026-02-01,1,23
1868,2026-02-01,4,48
1869,2026-02-01,45,405
1870,2026-02-01,4,84
1871,2026-02-01,18,144
1872,2026-02-01,7,70
1873,2026-02-01,3,27
1874,2026-02-01,11,99
1877,2026-02-01,1,22
1879,2026-02-01,17,306
1880,2026-02-01,5,95
1881,2026-02-01,77,1232
1882,2026-02-01,14,266
1883,2026-02-01,22,286
1884,2026-02-01,35,385
1888,2026-02-01,24,456
1890,2026-02-01,10,250
1891,2026-02-01,2,32
1892,2026-02-01,73,803
1893,2026-02-01,13,208
1896,2026-02-01,8,192
1898,2026-02-01,17,374
1899,2026-02-01,37,444
1900,2026-02-01,13,234
1901,2026-02-01,3,75
1902,2026-02-01,33,363
1906,2026-02-01,41,861
1907,2026-02-01,20,460
1909,2026-02-01,1,20
1910,2026-02-01,6,150
1911,2026-02-01,2,26
1912,2026-02-01,290,3770
1913,2026-02-01,32,672
1914,2026-02-01,120,1080
1917,2026-02-01,36,504
1921,2026-02-01,2,20
1924,2026-02-01,20,500
1925,2026-02-01,2,50
1927,2026-02-01,5,65
1929,2026-02-01,4,84
1931,2026-02-01,9,81
1933,2026-02-01,55,880
1934,2026-02-01,6,90
1935,2026-02-01,54,1026
1936,2026-02-01,56,1176
1938,2026-02-01,91,728
1939,2026-02-01,2,26
1940,2026-02-01,15,165
1941,2026-02-01,23,414
1943,2026-02-01,11,209
1944,2026-02-01,156,2808
1946,2026-02-01,4,68
1947,2026-02-01,5,55
1948,2026-02-01,40,320
1953,2026-02-01,2,44
1955,2026-02-01,3,72
1957,2026-02-01,8,192
1959,2026-02-01,21,210
1960,2026-02-01,20,300
1962,2026-02-01,20,340
1963,2026-02-01,21,168
1964,2026-02-01,20,200
1965,2026-02-01,17,153
1966,2026-02-01,7,105
1967,2026-02-01,19,190
1971,2026-02-01,6,78
1972,2026-02-01,21,252
1973,2026-02-01,167,2338
1975,2026-02-01,129,2451
1976,2026-02-01,25,500
1979,2026-02-01,11,88
1980,2026-02-01,3,57
1981,2026-02-01,29,580
1982,2026-02-01,5,80
1987,2026-02-01,18,270
1988,2026-02-01,14,210
1989,2026-02-01,5,65
1990,2026-02-01,2,28
1991,2026-02-01,6,120
1992,2026-02-01,6,72
1993,2026-02-01,54,756
1994,2026-02-01,1,8
1995,2026-02-01,4,36
1996,2026-02-01,10,100
1998,2026-02-01,9,207
1999,2026-02-01,37,518
2000,2026-02-01,44,440
2001,2026-02-01,3,66
2005,2026-02-01,3,42
2006,2026-02-01,44,660
2007,2026-02-01,4,36
2008,2026-02-01,18,432
2009,2026-02-01,92,2300
2012,2026-02-01,48,1056
2015,2026-02-01,68,612
2017,2026-02-01,12,216
2018,2026-02-01,16,272
2019,2026-02-01,94,1316
2020,2026-02-01,8,176
2021,2026-02-01,42,714
2022,2026-02-01,39,897
2023,2026-02-01,4,44
2024,2026-02-01,9,81
2025,2026-02-01,3,63
2028,2026-02-01,34,850
2029,2026-02-01,13,156
2030,2026-02-01,42,420
2031,2026-02-01,2,20
2032,2026-02-01,6,126
2033,2026-02-01,9,108
2036,2026-02-01,7,126
2037,2026-02-01,1,21
2038,2026-02-01,25,450
2039,2026-02-01,97,2231
2040,2026-02-01,37,925
2042,2026-02-01,3,69
2043,2026-02-01,4,80
2044,2026-02-01,5,105
2045,2026-02-01,1,17
2046,2026-02-01,39,780
2049,2026-02-01,52,676
2050,2026-02-01,9,207
2051,2026-02-01,7,70
2053,2026-02-01,5,70
2054,2026-02-01,7,84
2055,2026-02-01,9,126
2057,2026-02-01,17,221
2060,2026-02-01,16,272
2061,2026-02-01,49,1029
2062,2026-02-01,134,1876
2063,2026-02-01,5,65
2064,2026-02-01,11,154
2071,2026-02-01,17,340
2072,2026-02-01,60,840
2073,2026-02-01,10,250
2074,2026-02-01,31,589
2075,2026-02-01,4,44
2076,2026-02-01,32,736
2077,2026-02-01,10,150
2078,2026-02-01,15,240
2079,2026-02-01,40,600
2080,2026-02-01,8,176
2084,2026-02-01,3,69
2085,2026-02-01,121,2299
2086,2026-02-01,8,144
2087,2026-02-01,32,288
2088,2026-02-01,3,24
2090,2026-02-01,7,161
2091,2026-02-01,35,700
2092,2026-02-01,12,300
2094,2026-02-01,26,338
2095,2026-02-01,53,901
2096,2026-02-01,120,960
2097,2026-02-01,2,30
2100,2026-02-01,17,357
2101,2026-02-01,108,2700
2102,2026-02-01,10,100
2103,2026-02-01,31,279
2104,2026-02-01,23,460
2105,2026-02-01,45,765
2107,2026-02-01,6,60
2108,2026-02-01,228,4332
2109,2026-02-01,8,80
2111,2026-02-01,76,1824
2114,2026-02-01,6,126
2116,2026-02-01,5,85
2118,2026-02-01,12,288
2119,2026-02-01,20,320
2120,2026-02-01,84,1428
2123,2026-02-01,94,846
2124,2026-02-01,43,430
2126,2026-02-01,6,84
2127,2026-02-01,32,320
2128,2026-02-01,14,210
2129,2026-02-01,1,22
2130,2026-02-01,4,80
2132,2026-02-01,46,828
2134,2026-02-01,1,25
2136,2026-02-01,13,312
2137,2026-02-01,24,576
2139,2026-02-01,32,512
2142,2026-02-01,5,75
2143,2026-02-01,15,150
2144,2026-02-01,98,980
2145,2026-02-01,25,225
2146,2026-02-01,4,44
2147,2026-02-01,35,630
2148,2026-02-01,43,903
2149,2026-02-01,139,2502
2150,2026-02-01,28,644
2152,2026-02-01,7,84
2153,2026-02-01,55,1045
2154,2026-02-01,6,144
2156,2026-02-01,13,325
2157,2026-02-01,19,323
2158,2026-02-01,37,740
2159,2026-02-01,47,846
2160,2026-02-01,2,42
2161,2026-02-01,43,473
2163,2026-02-01,5,125
2164,2026-02-01,11,154
2165,2026-02-01,5,75
2166,2026-02-01,4,80
2167,2026-02-01,10,110
2169,2026-02-01,113,1469
2170,2026-02-01,2,48
2171,2026-02-01,28,532
2172,2026-02-01,95,760
2174,2026-02-01,43,688
2177,2026-02-01,419,8380
2178,2026-02-01,11,88
2179,2026-02-01,6,72
2180,2026-02-01,10,250
2181,2026-02-01,31,713
2183,2026-02-01,221,1989
2185,2026-02-01,13,312
2187,2026-02-01,17,425
2188,2026-02-01,36,684
2189,2026-02-01,160,4000
2191,2026-02-01,6,66
2193,2026-02-01,110,1320
2197,2026-02-01,13,221
2198,2026-02-01,2,28
2200,2026-02-01,64,960
2202,2026-02-01,8,144
2204,2026-02-01,73,1022
2207,2026-02-01,115,920
2208,2026-02-01,9,117
2209,2026-02-01,13,325
2210,2026-02-01,8,88
2211,2026-02-01,4,52
2212,2026-02-01,194,3492
2213,2026-02-01,369,3690
2214,2026-02-01,7,77
2215,2026-02-01,3,69
2217,2026-02-01,116,1856
2218,2026-02-01,3,45
2219,2026-02-01,40,480
2220,2026-02-01,16,160
2221,2026-02-01,15,345
2222,2026-02-01,2,36
2224,2026-02-01,124,1116
2226,2026-02-01,6,114
2227,2026-02-01,2,32
2229,2026-02-01,20,260
2230,2026-02-01,5,95
2231,2026-02-01,4,84
2232,2026-02-01,5,45
2233,2026-02-01,7,98
2234,2026-02-01,12,168
2236,2026-02-01,44,924
2237,2026-02-01,8,104
2238,2026-02-01,15,120
2240,2026-02-01,38,532
2241,2026-02-01,14,182
2242,2026-02-01,5,85
2243,2026-02-01,29,580
2244,2026-02-01,6,138
2245,2026-02-01,17,323
2246,2026-02-01,11,253
2248,2026-02-01,16,128
2249,2026-02-01,1,9
2250,2026-02-01,45,360
2251,2026-02-01,32,576
2252,2026-02-01,6,84
2254,2026-02-01,8,72
2256,2026-02-01,4,56
2258,2026-02-01,11,231
2260,2026-02-01,9,198
2261,2026-02-01,2,34
2263,2026-02-01,3,63
2264,2026-02-01,0,0
2265,2026-02-01,18,252
2266,2026-02-01,3,45
2267,2026-02-01,4,36
2270,2026-02-01,8,184
2271,2026-02-01,26,598
2273,2026-02-01,6,72
2274,2026-02-01,27,459
2276,2026-02-01,6,48
2280,2026-02-01,13,143
2281,2026-02-01,34,680
2283,2026-02-01,9,90
2284,2026-02-01,42,378
2285,2026-02-01,10,200
2286,2026-02-01,8,176
2287,2026-02-01,137,1644
2288,2026-02-01,174,4350
2289,2026-02-01,59,767
2290,2026-02-01,4,100
2291,2026-02-01,5,85
2292,2026-02-01,5,75
2293,2026-02-01,21,504
2296,2026-02-01,8,200
2297,2026-02-01,15,315
2299,2026-02-01,12,288
2301,2026-02-01,4,100
2302,2026-02-01,8,80
2304,2026-02-01,28,560
2305,2026-02-01,3,75
2307,2026-02-01,7,56
2308,2026-02-01,11,209
2309,2026-02-01,39,585
2310,2026-02-01,2,44
2312,2026-02-01,7,175
2313,2026-02-01,36,900
2314,2026-02-01,2,38
2315,2026-02-01,11,220
2316,2026-02-01,6,150
2317,2026-02-01,13,182
2319,2026-02-01,3,63
2320,2026-02-01,13,247
2321,2026-02-01,7,119
2322,2026-02-01,8,96
2323,2026-02-01,40,960
2325,2026-02-01,8,88
2326,2026-02-01,12,300
2327,2026-02-01,47,705
2328,2026-02-01,50,700
2329,2026-02-01,49,833
2330,2026-02-01,97,2425
2333,2026-02-01,52,520
2334,2026-02-01,12,180
2335,2026-02-01,4,96
2336,2026-02-01,7,77
2337,2026-02-01,7,91
2338,2026-02-01,5,55
2339,2026-02-01,25,300
2341,2026-02-01,6,60
2343,2026-02-01,21,252
2344,2026-02-01,1,24
2345,2026-02-01,6,150
2346,2026-02-01,38,532
2348,2026-02-01,29,638
2351,2026-02-01,2,18
2352,2026-02-01,15,240
2354,2026-02-01,17,238
2356,2026-02-01,39,741
2358,2026-02-01,5,90
2359,2026-02-01,9,225
2360,2026-02-01,3,54
2362,2026-02-01,9,198
2363,2026-02-01,2,18
2364,2026-02-01,109,1526
2365,2026-02-01,11,231
2367,2026-02-01,18,270
2368,2026-02-01,11,154
2369,2026-02-01,19,323
2370,2026-02-01,44,968
2376,2026-02-01,10,130
2377,2026-02-01,5,115
2378,2026-02-01,9,117
2381,2026-02-01,27,405
2382,2026-02-01,8,152
2383,2026-02-01,41,697
2384,2026-02-01,9,171
2385,2026-02-01,0,0
2386,2026-02-01,3,48
2387,2026-02-01,19,475
2389,2026-02-01,22,440
2390,2026-02-01,36,504
2391,2026-02-01,25,550
2393,2026-02-01,11,253
2395,2026-02-01,11,110
2396,2026-02-01,18,288
2397,2026-02-01,11,209
2398,2026-02-01,21,441
2399,2026-02-01,8,200
2401,2026-02-01,58,986
2402,2026-02-01,7,70
2403,2026-02-01,6,102
2404,2026-02-01,13,117
2405,2026-02-01,14,168
2406,2026-02-01,4,64
2410,2026-02-01,13,117
2411,2026-02-01,136,1360
2413,2026-02-01,25,325
2415,2026-02-01,16,304
2416,2026-02-01,155,2480
2418,2026-02-01,178,1602
2419,2026-02-01,4,36
2420,2026-02-01,4,68
2421,2026-02-01,142,1136
2422,2026-02-01,5,125
2423,2026-02-01,19,247
2424,2026-02-01,19,380
2426,2026-02-01,14,196
2427,2026-02-01,6,66
2428,2026-02-01,20,380
2429,2026-02-01,97,970
2430,2026-02-01,3,51
2431,2026-02-01,3,66
2432,2026-02-01,3,33
2433,2026-02-01,23,253
2435,2026-02-01,87,1479
2436,2026-02-01,1,21
2437,2026-02-01,93,1767
2439,2026-02-01,28,700
2440,2026-02-01,26,234
2441,2026-02-01,5,110
2442,2026-02-01,19,285
2444,2026-02-01,2,40
2445,2026-02-01,46,736
2447,2026-02-01,38,418
2448,2026-02-01,7,98
2449,2026-02-01,4,68
2450,2026-02-01,28,224
2451,2026-02-01,4,56
2453,2026-02-01,24,432
2455,2026-02-01,29,406
2456,2026-02-01,5,65
2457,2026-02-01,41,656
2458,2026-02-01,3,33
2461,2026-02-01,1,20
2463,2026-02-01,8,96
2464,2026-02-01,12,156
2465,2026-02-01,6,138
2466,2026-02-01,19,380
2467,2026-02-01,5,115
2469,2026-02-01,134,2814
2470,2026-02-01,22,374
2471,2026-02-01,40,920
2472,2026-02-01,4,36
2473,2026-02-01,10,80
2474,2026-02-01,137,2877
2475,2026-02-01,17,187
2476,2026-02-01,37,370
2477,2026-02-01,9,180
2478,2026-02-01,2,40
2479,2026-02-01,32,736
2480,2026-02-01,22,286
2481,2026-02-01,16,192
2482,2026-02-01,4,76
2483,2026-02-01,15,210
2484,2026-02-01,13,312
2485,2026-02-01,3,45
2488,2026-02-01,4,96
2489,2026-02-01,17,374
2491,2026-02-01,24,408
2492,2026-02-01,4,56
2493,2026-02-01,147,3234
2495,2026-02-01,68,612
2496,2026-02-01,2,44
2497,2026-02-01,19,171
2498,2026-02-01,1,17
2499,2026-02-01,3,30
2501,2026-02-01,63,882
2504,2026-02-01,4,52
2505,2026-02-01,33,660
2506,2026-02-01,43,387
2507,2026-02-01,44,924
2509,2026-02-01,48,1008
2512,2026-02-01,67,1541
2513,2026-02-01,18,324
2514,2026-02-01,44,528
2515,2026-02-01,12,228
2516,2026-02-01,13,117
2517,2026-02-01,13,247
2518,2026-02-01,10,230
2519,2026-02-01,49,490
2521,2026-02-01,4,68
2522,2026-02-01,31,713
2524,2026-02-01,8,168
2525,2026-02-01,8,184
2526,2026-02-01,5,70
2527,2026-02-01,30,420
2530,2026-02-01,12,216
2531,2026-02-01,24,552
2532,2026-02-01,103,1339
2533,2026-02-01,8,136
2534,2026-02-01,6,60
2536,2026-02-01,6,108
2537,2026-02-01,6,48
2538,2026-02-01,14,182
2539,2026-02-01,6,60
2540,2026-02-01,4,76
2541,2026-02-01,85,1615
2542,2026-02-01,17,153
2543,2026-02-01,3,39
2544,2026-02-01,243,3402
2545,2026-02-01,165,1485
2546,2026-02-01,3,45
2547,2026-02-01,148,3700
2549,2026-02-01,3,30
2550,2026-02-01,94,1598
2552,2026-02-01,1,9
2554,2026-02-01,21,210
2557,2026-02-01,3,42
2558,2026-02-01,3,69
2559,2026-02-01,8,120
2560,2026-02-01,9,135
2562,2026-02-01,33,825
2563,2026-02-01,2,38
2564,2026-02-01,1,18
2565,2026-02-01,32,256
2566,2026-02-01,8,168
2567,2026-02-01,19,399
2568,2026-02-01,18,144
2571,2026-02-01,32,352
2572,2026-02-01,11,176
2573,2026-02-01,14,350
2574,2026-02-01,6,114
2575,2026-02-01,7,133
2576,2026-02-01,35,420
2577,2026-02-01,11,99
2578,2026-02-01,6,114
2579,2026-02-01,10,130
2580,2026-02-01,5,115
2581,2026-02-01,8,192
2582,2026-02-01,5,85
2583,2026-02-01,33,594
2585,2026-02-01,12,108
2586,2026-02-01,3,57
2590,2026-02-01,14,350
2593,2026-02-01,4,32
2595,2026-02-01,11,165
2596,2026-02-01,12,96
2599,2026-02-01,6,96
2602,2026-02-01,44,484
2603,2026-02-01,27,567
2604,2026-02-01,17,238
2605,2026-02-01,3,54
2606,2026-02-01,73,584
2607,2026-02-01,10,180
2608,2026-02-01,4,72
2611,2026-02-01,3,72
2612,2026-02-01,8,168
2614,2026-02-01,47,517
2616,2026-02-01,3,54
2619,2026-02-01,30,510
2620,2026-02-01,5,80
2621,2026-02-01,16,192
2622,2026-02-01,18,432
2624,2026-02-01,11,198
2625,2026-02-01,2,40
2626,2026-02-01,10,90
2627,2026-02-01,4,56
2628,2026-02-01,2,36
2629,2026-02-01,2,18
2631,2026-02-01,5,120
2632,2026-02-01,6,114
2635,2026-02-01,6,120
2637,2026-02-01,11,275
2638,2026-02-01,20,340
2640,2026-02-01,149,3576
2643,2026-02-01,4,88
2644,2026-02-01,2,30
2645,2026-02-01,34,850
2647,2026-02-01,6,132
2648,2026-02-01,31,527
2649,2026-02-01,14,210
2650,2026-02-01,6,72
2651,2026-02-01,11,88
2653,2026-02-01,58,928
2655,2026-02-01,6,48
2656,2026-02-01,2,42
2657,2026-02-01,25,325
2658,2026-02-01,13,260
2659,2026-02-01,168,3360
2660,2026-02-01,34,578
2663,2026-02-01,17,221
2664,2026-02-01,6,132
2665,2026-02-01,31,279
2666,2026-02-01,30,420
2667,2026-02-01,8,104
2669,2026-02-01,33,726
2671,2026-02-01,14,210
2672,2026-02-01,3,60
2673,2026-02-01,39,312
2674,2026-02-01,4,44
2675,2026-02-01,2,44
2676,2026-02-01,8,136
2677,2026-02-01,31,775
2678,2026-02-01,12,288
2679,2026-02-01,61,1464
2680,2026-02-01,51,765
2681,2026-02-01,7,77
2682,2026-02-01,8,64
2683,2026-02-01,3,42
2684,2026-02-01,11,242
2685,2026-02-01,35,560
2686,2026-02-01,153,3519
2688,2026-02-01,3,69
2689,2026-02-01,120,2280
2690,2026-02-01,18,162
2691,2026-02-01,2,22
2692,2026-02-01,12,156
2693,2026-02-01,10,180
2694,2026-02-01,19,304
2696,2026-02-01,9,108
2697,2026-02-01,10,210
2698,2026-02-01,15,180
2700,2026-02-01,24,312
2701,2026-02-01,5,55
2702,2026-02-01,12,216
2703,2026-02-01,5,65
2704,2026-02-01,4,40
2705,2026-02-01,130,2340
2706,2026-02-01,9,162
2708,2026-02-01,6,72
2709,2026-02-01,32,352
2710,2026-02-01,16,336
2711,2026-02-01,30,600
2712,2026-02-01,29,493
2713,2026-02-01,7,126
2715,2026-02-01,9,108
2716,2026-02-01,7,161
2717,2026-02-01,16,160
2718,2026-02-01,5,120
2719,2026-02-01,8,80
2720,2026-02-01,5,90
2721,2026-02-01,12,168
2722,2026-02-01,3,39
2723,2026-02-01,19,285
2724,2026-02-01,59,1416
2726,2026-02-01,6,96
2727,2026-02-01,16,176
2728,2026-02-01,3,60
2729,2026-02-01,11,198
2730,2026-02-01,5,55
2731,2026-02-01,0,0
2732,2026-02-01,9,171
2734,2026-02-01,39,390
2735,2026-02-01,4,48
2739,2026-02-01,10,150
2740,2026-02-01,40,440
2741,2026-02-01,9,216
2742,2026-02-01,9,90
2743,2026-02-01,7,140
2744,2026-02-01,3,57
2745,2026-02-01,13,221
2746,2026-02-01,16,240
2747,2026-02-01,4,36
2748,2026-02-01,8,120
2749,2026-02-01,37,333
2751,2026-02-01,10,210
2752,2026-02-01,5,50
2753,2026-02-01,24,216
2754,2026-02-01,31,310
2755,2026-02-01,5,120
2756,2026-02-01,40,960
2757,2026-02-01,10,200
2758,2026-02-01,12,228
2761,2026-02-01,32,704
2762,2026-02-01,9,216
2763,2026-02-01,12,132
2764,2026-02-01,4,84
2765,2026-02-01,22,286
2766,2026-02-01,48,1056
2767,2026-02-01,27,567
2768,2026-02-01,8,112
2769,2026-02-01,1,21
2771,2026-02-01,14,294
2773,2026-02-01,2,46
2774,2026-02-01,62,1178
2775,2026-02-01,6,150
2777,2026-02-01,57,513
2778,2026-02-01,8,160
2779,2026-02-01,17,357
2781,2026-02-01,32,256
2782,2026-02-01,4,60
2783,2026-02-01,35,805
2784,2026-02-01,5,55
2785,2026-02-01,33,726
2786,2026-02-01,18,396
2787,2026-02-01,2,48
2788,2026-02-01,2,42
2789,2026-02-01,142,2414
2790,2026-02-01,3,33
2791,2026-02-01,82,1640
2792,2026-02-01,8,80
2793,2026-02-01,35,875
2794,2026-02-01,7,175
2795,2026-02-01,37,296
2796,2026-02-01,24,384
2798,2026-02-01,5,75
2799,2026-02-01,37,555
2800,2026-02-01,3,69
2801,2026-02-01,18,216
2803,2026-02-01,13,195
2804,2026-02-01,41,574
2805,2026-02-01,5,45
2806,2026-02-01,175,4200
2807,2026-02-01,2,18
2808,2026-02-01,4,64
2809,2026-02-01,6,132
2811,2026-02-01,5,50
2812,2026-02-01,2,42
2814,2026-02-01,20,320
2815,2026-02-01,5,40
2816,2026-02-01,11,132
2817,2026-02-01,29,638
2818,2026-02-01,8,144
2819,2026-02-01,20,220
2822,2026-02-01,146,1898
2825,2026-02-01,32,640
2827,2026-02-01,8,200
2828,2026-02-01,159,3339
2829,2026-02-01,20,480
2830,2026-02-01,6,102
2831,2026-02-01,9,216
2832,2026-02-01,5,70
2833,2026-02-01,8,72
2834,2026-02-01,9,216
2835,2026-02-01,3,69
2836,2026-02-01,203,2030
2837,2026-02-01,15,225
2838,2026-02-01,51,1173
2839,2026-02-01,6,138
2841,2026-02-01,5,90
2842,2026-02-01,81,2025
2843,2026-02-01,7,105
2844,2026-02-01,39,819
2845,2026-02-01,3,33
2848,2026-02-01,14,112
2849,2026-02-01,24,216
2850,2026-02-01,5,50
2851,2026-02-01,7,126
2852,2026-02-01,9,81
2853,2026-02-01,4,80
2854,2026-02-01,36,792
2855,2026-02-01,2,28
2856,2026-02-01,8,104
2857,2026-02-01,8,168
2858,2026-02-01,187,4114
2859,2026-02-01,4,88
2860,2026-02-01,8,160
2861,2026-02-01,14,350
2863,2026-02-01,40,880
2864,2026-02-01,42,504
2865,2026-02-01,5,55
2866,2026-02-01,71,1420
2867,2026-02-01,275,2200
2868,2026-02-01,19,380
2869,2026-02-01,5,120
2870,2026-02-01,5,50
2871,2026-02-01,10,130
2872,2026-02-01,3,39
2873,2026-02-01,6,144
2874,2026-02-01,10,220
2875,2026-02-01,5,85
2876,2026-02-01,3,33
2877,2026-02-01,5,80
2878,2026-02-01,4,72
2879,2026-02-01,7,77
2880,2026-02-01,8,128
2881,2026-02-01,29,232
2883,2026-02-01,27,351
2885,2026-02-01,5,45
2886,2026-02-01,37,777
2887,2026-02-01,3,72
2888,2026-02-01,11,176
2889,2026-02-01,63,1197
2890,2026-02-01,4,76
2891,2026-02-01,4,56
2892,2026-02-01,2,16
2893,2026-02-01,7,126
2894,2026-02-01,13,117
2895,2026-02-01,4,32
2896,2026-02-01,54,540
2897,2026-02-01,16,240
2898,2026-02-01,16,240
2899,2026-02-01,3,66
2900,2026-02-01,16,352
2901,2026-02-01,9,90
2904,2026-02-01,2,28
2905,2026-02-01,24,480
2906,2026-02-01,195,3120
2907,2026-02-01,7,119
2909,2026-02-01,89,1869
2910,2026-02-01,8,120
2911,2026-02-01,8,88
2912,2026-02-01,7,161
2913,2026-02-01,1,24
2915,2026-02-01,5,60
2916,2026-02-01,6,114
2917,2026-02-01,2,48
2918,2026-02-01,4,44
2920,2026-02-01,15,270
2921,2026-02-01,145,1305
2922,2026-02-01,54,756
2923,2026-02-01,4,80
2924,2026-02-01,11,165
2925,2026-02-01,3,69
2926,2026-02-01,12,96
2927,2026-02-01,41,697
2928,2026-02-01,6,150
2929,2026-02-01,5,65
2931,2026-02-01,11,143
2932,2026-02-01,23,207
2933,2026-02-01,23,483
2934,2026-02-01,225,3375
2935,2026-02-01,0,0
2936,2026-02-01,3,42
2937,2026-02-01,21,273
2938,2026-02-01,3,66
2939,2026-02-01,52,936
2940,2026-02-01,49,392
2941,2026-02-01,11,264
2943,2026-02-01,10,210
2944,2026-02-01,7,105
2945,2026-02-01,41,615
2948,2026-02-01,41,861
2949,2026-02-01,5,90
2950,2026-02-01,33,264
2951,2026-02-01,13,182
2952,2026-02-01,43,602
2953,2026-02-01,5,120
2954,2026-02-01,7,105
2955,2026-02-01,60,600
2956,2026-02-01,20,240
2957,2026-02-01,5,65
2958,2026-02-01,9,189
2959,2026-02-01,111,999
2961,2026-02-01,9,180
2962,2026-02-01,8,104
2963,2026-02-01,2,48
2965,2026-02-01,16,240
2966,2026-02-01,7,168
2967,2026-02-01,7,91
2968,2026-02-01,27,486
2969,2026-02-01,30,300
2971,2026-02-01,6,96
2972,2026-02-01,6,138
2973,2026-02-01,55,440
2974,2026-02-01,36,864
2975,2026-02-01,30,480
2976,2026-02-01,2,22
2977,2026-02-01,4,92
2978,2026-02-01,5,45
2979,2026-02-01,33,462
2980,2026-02-01,7,126
2981,2026-02-01,4,60
2982,2026-02-01,39,741
2983,2026-02-01,5,50
2984,2026-02-01,9,207
2986,2026-02-01,13,156
2987,2026-02-01,3,42
2988,2026-02-01,33,660
2989,2026-02-01,67,1608
2990,2026-02-01,10,90
2991,2026-02-01,207,4968
2992,2026-02-01,14,112
2993,2026-02-01,8,96
2994,2026-02-01,2,24
2995,2026-02-01,6,72
2996,2026-02-01,4,72
2997,2026-02-01,20,500
2998,2026-02-01,4,44
2999,2026-02-01,139,1946
3000,2026-02-01,12,156
3001,2026-02-01,7,91
3002,2026-02-01,6,60
3003,2026-02-01,47,1175
3005,2026-02-01,24,312
3006,2026-02-01,7,140
3009,2026-02-01,5,120
3010,2026-02-01,44,616
3011,2026-02-01,53,1113
3012,2026-02-01,8,128
3013,2026-02-01,1,18
3014,2026-02-01,7,56
3015,2026-02-01,1,9
3016,2026-02-01,23,552
3017,2026-02-01,39,741
3018,2026-02-01,5,105
3019,2026-02-01,8,96
3020,2026-02-01,1,12
3021,2026-02-01,11,154
3022,2026-02-01,9,171
3023,2026-02-01,222,4218
3024,2026-02-01,16,384
3026,2026-02-01,7,168
3027,2026-02-01,11,242
3028,2026-02-01,12,132
3029,2026-02-01,5,125
3030,2026-02-01,15,240
3031,2026-02-01,7,112
3032,2026-02-01,1,8
3033,2026-02-01,8,88
3034,2026-02-01,5,85
3035,2026-02-01,9,189
3036,2026-02-01,19,475
3038,2026-02-01,76,988
3039,2026-02-01,6,144
3040,2026-02-01,7,119
3041,2026-02-01,1,11
3042,2026-02-01,14,308
3043,2026-02-01,32,800
3044,2026-02-01,44,836
3045,2026-02-01,17,340
3046,2026-02-01,11,264
3047,2026-02-01,7,105
3048,2026-02-01,14,238
3049,2026-02-01,104,2080
3050,2026-02-01,10,150
3051,2026-02-01,2,24
3052,2026-02-01,12,264
3054,2026-02-01,159,2067
3055,2026-02-01,7,133
3056,2026-02-01,9,81
3058,2026-02-01,6,54
3059,2026-02-01,3,60
3060,2026-02-01,124,2976
3061,2026-02-01,3,30
3062,2026-02-01,30,300
3063,2026-02-01,8,88
3064,2026-02-01,13,130
3065,2026-02-01,19,361
3066,2026-02-01,9,99
3067,2026-02-01,4,92
3068,2026-02-01,27,378
3069,2026-02-01,25,200
3070,2026-02-01,56,728
3071,2026-02-01,5,95
3072,2026-02-01,28,588
3073,2026-02-01,13,221
3074,2026-02-01,80,2000
3075,2026-02-01,15,360
3076,2026-02-01,6,84
3079,2026-02-01,21,483
3080,2026-02-01,35,490
3081,2026-02-01,10,200
3082,2026-02-01,2,40
3083,2026-02-01,8,176
3084,2026-02-01,7,175
3085,2026-02-01,21,483
3086,2026-02-01,3,69
3087,2026-02-01,13,117
3088,2026-02-01,4,60
3089,2026-02-01,41,656
3090,2026-02-01,40,840
3091,2026-02-01,3,72
3092,2026-02-01,5,115
3093,2026-02-01,9,81
3094,2026-02-01,18,270
3095,2026-02-01,7,56
3096,2026-02-01,10,110
3098,2026-02-01,19,209
3099,2026-02-01,6,48
3100,2026-02-01,6,96
3101,2026-02-01,30,240
3102,2026-02-01,13,221
3103,2026-02-01,8,192
3104,2026-02-01,25,325
3105,2026-02-01,14,210
3106,2026-02-01,74,666
3107,2026-02-01,7,119
3108,2026-02-01,5,80
3109,2026-02-01,9,171
3110,2026-02-01,34,782
3111,2026-02-01,21,399
3112,2026-02-01,12,156
3113,2026-02-01,7,161
3114,2026-02-01,1,21
3115,2026-02-01,9,189
3116,2026-02-01,19,171
3117,2026-02-01,17,153
3119,2026-02-01,23,207
3120,2026-02-01,2,50
3121,2026-02-01,28,672
3123,2026-02-01,19,475
3124,2026-02-01,41,984
3125,2026-02-01,5,120
3126,2026-02-01,6,144
3127,2026-02-01,7,119
3128,2026-02-01,21,462
3129,2026-02-01,4,68
3130,2026-02-01,6,60
3131,2026-02-01,4,80
3132,2026-02-01,5,125
3133,2026-02-01,4,96
3134,2026-02-01,20,420
3135,2026-02-01,11,242
3136,2026-02-01,11,99
3137,2026-02-01,40,1000
3138,2026-02-01,20,460
3139,2026-02-01,45,945
3140,2026-02-01,10,180
3141,2026-02-01,7,154
3142,2026-02-01,8,168
3143,2026-02-01,2,42
3144,2026-02-01,10,130
3145,2026-02-01,5,40
3146,2026-02-01,4,36
3147,2026-02-01,8,144
3148,2026-02-01,28,420
3149,2026-02-01,4,80
3150,2026-02-01,15,255
3151,2026-02-01,3,69
3152,2026-02-01,5,60
3153,2026-02-01,6,54
3154,2026-02-01,6,66
3155,2026-02-01,50,1100
3156,2026-02-01,8,184
3157,2026-02-01,17,255
3158,2026-02-01,12,288
3159,2026-02-01,59,826
3160,2026-02-01,6,90
3161,2026-02-01,208,2496
3162,2026-02-01,7,98
3163,2026-02-01,8,136
3164,2026-02-01,4,44
3165,2026-02-01,4,76
3166,2026-02-01,9,135
3167,2026-02-01,10,90
3168,2026-02-01,10,140
3169,2026-02-01,4,48
3170,2026-02-01,20,480
3171,2026-02-01,9,216
3172,2026-02-01,47,1175
3173,2026-02-01,86,1806
3174,2026-02-01,2,40
3175,2026-02-01,88,1496
3176,2026-02-01,2,16
3177,2026-02-01,31,403
3178,2026-02-01,9,99
3179,2026-02-01,30,630
3180,2026-02-01,9,72
3181,2026-02-01,9,153
3182,2026-02-01,70,1680
3183,2026-02-01,21,504
3184,2026-02-01,7,91
3185,2026-02-01,41,328
3186,2026-02-01,25,225
3187,2026-02-01,3,63
3188,2026-02-01,6,114
3189,2026-02-01,143,2717
3190,2026-02-01,9,207
3191,2026-02-01,11,99
3192,2026-02-01,8,112
3193,2026-02-01,12,108
3194,2026-02-01,2,32
3195,2026-02-01,12,192
3196,2026-02-01,8,96
3197,2026-02-01,28,308
3198,2026-02-01,30,390
3199,2026-02-01,12,264
3200,2026-02-01,2,28
3201,2026-02-01,10,160
3202,2026-02-01,15,150
3203,2026-02-01,5,100
3204,2026-02-01,22,330
3205,2026-02-01,6,102
3206,2026-02-01,2,46
3207,2026-02-01,31,434
3208,2026-02-01,1,23
3209,2026-02-01,14,210
3210,2026-02-01,28,532
3211,2026-02-01,76,1672
3212,2026-02-01,21,420
3213,2026-02-01,6,78
3214,2026-02-01,6,96
3215,2026-02-01,113,1130
3216,2026-02-01,30,720
3217,2026-02-01,22,418
3218,2026-02-01,120,1800
3219,2026-02-01,56,1288
3220,2026-02-01,192,2304
3221,2026-02-01,3,75
3222,2026-02-01,24,408
3223,2026-02-01,7,77
3224,2026-02-01,21,399
3225,2026-02-01,3,69
3226,2026-02-01,8,96
3227,2026-02-01,19,475
3228,2026-02-01,25,350
3229,2026-02-01,3,69
3230,2026-02-01,8,80
3231,2026-02-01,3,66
3232,2026-02-01,7,105
3233,2026-02-01,24,408
3234,2026-02-01,10,160
3235,2026-02-01,143,2145
3236,2026-02-01,9,126
3237,2026-02-01,39,975
3238,2026-02-01,11,99
3239,2026-02-01,9,198
3240,2026-02-01,19,285
3241,2026-02-01,8,160
3242,2026-02-01,5,120
3243,2026-02-01,15,195
3244,2026-02-01,5,60
3245,2026-02-01,31,558
1002,2026-03-01,5,70
1007,2026-03-01,19,361
1008,2026-03-01,28,616
1010,2026-03-01,2,30
1012,2026-03-01,34,408
1013,2026-03-01,216,5400
1016,2026-03-01,4,100
1025,2026-03-01,19,323
1026,2026-03-01,177,2124
1027,2026-03-01,11,143
1028,2026-03-01,5,45
1033,2026-03-01,6,72
1038,2026-03-01,14,168
1039,2026-03-01,5,50
1040,2026-03-01,19,285
1042,2026-03-01,33,825
1043,2026-03-01,26,234
1045,2026-03-01,87,1392
1053,2026-03-01,56,952
1057,2026-03-01,2,42
1059,2026-03-01,314,3454
1060,2026-03-01,10,190
1062,2026-03-01,46,552
1064,2026-03-01,209,3971
1065,2026-03-01,62,1178
1067,2026-03-01,42,1050
1071,2026-03-01,5,90
1072,2026-03-01,5,40
1078,2026-03-01,11,253
1079,2026-03-01,21,336
1085,2026-03-01,39,624
1089,2026-03-01,41,697
1091,2026-03-01,7,70
1092,2026-03-01,9,90
1093,2026-03-01,62,930
1094,2026-03-01,27,567
1096,2026-03-01,36,468
1098,2026-03-01,17,204
1099,2026-03-01,9,180
1102,2026-03-01,3,42
1111,2026-03-01,7,161
1112,2026-03-01,5,95
1113,2026-03-01,21,210
1115,2026-03-01,82,738
1124,2026-03-01,15,225
1126,2026-03-01,4,100
1127,2026-03-01,40,1000
1129,2026-03-01,1,25
1130,2026-03-01,3,72
1131,2026-03-01,5,120
1134,2026-03-01,40,400
1139,2026-03-01,2,40
1140,2026-03-01,34,612
1143,2026-03-01,112,896
1144,2026-03-01,17,255
1146,2026-03-01,11,143
1147,2026-03-01,22,484
1151,2026-03-01,25,625
1152,2026-03-01,5,40
1153,2026-03-01,8,120
1154,2026-03-01,53,689
1157,2026-03-01,56,896
1158,2026-03-01,3,60
1160,2026-03-01,3,60
1161,2026-03-01,1,20
1167,2026-03-01,16,192
1170,2026-03-01,37,333
1172,2026-03-01,58,522
1174,2026-03-01,16,368
1175,2026-03-01,43,645
1177,2026-03-01,3,54
1178,2026-03-01,2,38
1179,2026-03-01,34,510
1181,2026-03-01,7,175
1183,2026-03-01,5,40
1185,2026-03-01,22,396
1186,2026-03-01,24,552
1187,2026-03-01,73,949
1188,2026-03-01,8,112
1189,2026-03-01,15,360
1192,2026-03-01,17,391
1194,2026-03-01,42,966
1195,2026-03-01,16,144
1196,2026-03-01,26,598
1198,2026-03-01,28,504
1199,2026-03-01,51,765
1200,2026-03-01,419,8380
1203,2026-03-01,60,1200
1207,2026-03-01,22,528
1208,2026-03-01,24,336
1211,2026-03-01,7,133
1212,2026-03-01,7,56
1213,2026-03-01,91,1638
1214,2026-03-01,2,42
1216,2026-03-01,5,95
1219,2026-03-01,6,108
1221,2026-03-01,4,56
1222,2026-03-01,29,406
1227,2026-03-01,27,270
1229,2026-03-01,4,36
1231,2026-03-01,44,880
1234,2026-03-01,76,1140
1235,2026-03-01,3,54
1237,2026-03-01,1,9
1241,2026-03-01,5,70
1242,2026-03-01,69,1035
1244,2026-03-01,4,56
1249,2026-03-01,2,38
1250,2026-03-01,37,481
1256,2026-03-01,15,210
1257,2026-03-01,9,72
1258,2026-03-01,16,240
1259,2026-03-01,102,1326
1261,2026-03-01,127,2159
1262,2026-03-01,214,3852
1263,2026-03-01,9,90
1265,2026-03-01,11,99
1266,2026-03-01,50,800
1267,2026-03-01,8,112
1270,2026-03-01,294,2940
1271,2026-03-01,1,22
1274,2026-03-01,135,2970
1275,2026-03-01,107,1605
1279,2026-03-01,2,40
1281,2026-03-01,43,989
1282,2026-03-01,4,96
1284,2026-03-01,18,198
1285,2026-03-01,68,612
1287,2026-03-01,84,1764
1288,2026-03-01,3,51
1289,2026-03-01,19,437
1291,2026-03-01,41,574
1297,2026-03-01,4,92
1299,2026-03-01,3,54
1301,2026-03-01,2,22
1302,2026-03-01,41,533
1304,2026-03-01,13,104
1305,2026-03-01,50,850
1308,2026-03-01,9,207
1310,2026-03-01,67,1005
1312,2026-03-01,7,112
1315,2026-03-01,22,484
1317,2026-03-01,4,36
1318,2026-03-01,19,209
1320,2026-03-01,16,208
1321,2026-03-01,12,216
1322,2026-03-01,90,2070
1323,2026-03-01,24,240
1327,2026-03-01,63,882
1329,2026-03-01,18,270
1334,2026-03-01,28,308
1335,2026-03-01,12,144
1336,2026-03-01,34,850
1337,2026-03-01,162,2268
1339,2026-03-01,40,560
1341,2026-03-01,29,232
1342,2026-03-01,12,216
1343,2026-03-01,71,1633
1344,2026-03-01,1,24
1346,2026-03-01,19,380
1347,2026-03-01,6,48
1348,2026-03-01,9,108
1351,2026-03-01,7,168
1352,2026-03-01,26,572
1353,2026-03-01,3,27
1354,2026-03-01,1,25
1355,2026-03-01,54,1242
1358,2026-03-01,78,1248
1363,2026-03-01,57,1026
1367,2026-03-01,7,84
1369,2026-03-01,2,30
1372,2026-03-01,28,504
1373,2026-03-01,73,1314
1374,2026-03-01,6,132
1375,2026-03-01,125,1250
1380,2026-03-01,6,84
1381,2026-03-01,9,108
1385,2026-03-01,2,24
1386,2026-03-01,4,48
1387,2026-03-01,6,66
1389,2026-03-01,20,260
1393,2026-03-01,13,234
1395,2026-03-01,18,144
1397,2026-03-01,9,90
1400,2026-03-01,70,1260
1402,2026-03-01,53,901
1403,2026-03-01,5,115
1404,2026-03-01,9,198
1405,2026-03-01,38,646
1409,2026-03-01,34,340
1410,2026-03-01,36,324
1411,2026-03-01,3,27
1414,2026-03-01,13,273
1416,2026-03-01,7,140
1417,2026-03-01,17,408
1419,2026-03-01,8,152
1420,2026-03-01,156,2652
1422,2026-03-01,38,608
1426,2026-03-01,2,42
1427,2026-03-01,2,50
1428,2026-03-01,53,795
1432,2026-03-01,8,88
1434,2026-03-01,3,30
1435,2026-03-01,4,48
1436,2026-03-01,26,234
1437,2026-03-01,11,198
1438,2026-03-01,8,112
1439,2026-03-01,90,1260
1444,2026-03-01,29,435
1445,2026-03-01,4,44
1447,2026-03-01,30,600
1448,2026-03-01,46,1104
1449,2026-03-01,1,24
1450,2026-03-01,22,176
1451,2026-03-01,5,60
1452,2026-03-01,48,672
1455,2026-03-01,23,345
1457,2026-03-01,66,594
1458,2026-03-01,23,253
1461,2026-03-01,6,138
1462,2026-03-01,42,1050
1464,2026-03-01,6,60
1466,2026-03-01,3,30
1468,2026-03-01,11,242
1470,2026-03-01,2,40
1471,2026-03-01,393,3537
1474,2026-03-01,44,968
1476,2026-03-01,122,1342
1477,2026-03-01,6,150
1478,2026-03-01,5,80
1479,2026-03-01,2,18
1481,2026-03-01,87,696
1483,2026-03-01,29,493
1486,2026-03-01,19,266
1487,2026-03-01,20,460
1490,2026-03-01,9,108
1494,2026-03-01,67,1407
1495,2026-03-01,7,84
1498,2026-03-01,5,70
1499,2026-03-01,25,325
1500,2026-03-01,1,17
1503,2026-03-01,17,255
1507,2026-03-01,1,20
1509,2026-03-01,3,57
1510,2026-03-01,12,156
1514,2026-03-01,15,360
1517,2026-03-01,21,420
1520,2026-03-01,9,81
1521,2026-03-01,4,48
1522,2026-03-01,34,442
1524,2026-03-01,194,4268
1526,2026-03-01,32,512
1528,2026-03-01,31,682
1529,2026-03-01,1,11
1530,2026-03-01,52,572
1531,2026-03-01,4,88
1533,2026-03-01,58,754
1534,2026-03-01,3,36
1537,2026-03-01,12,216
1539,2026-03-01,123,2214
1540,2026-03-01,10,200
1541,2026-03-01,60,1140
1542,2026-03-01,8,160
1544,2026-03-01,11,220
1545,2026-03-01,58,522
1546,2026-03-01,29,551
1553,2026-03-01,205,3485
1554,2026-03-01,30,270
1556,2026-03-01,10,80
1557,2026-03-01,12,240
1558,2026-03-01,6,132
1562,2026-03-01,7,77
1563,2026-03-01,2,32
1564,2026-03-01,30,510
1565,2026-03-01,4,100
1566,2026-03-01,1,9
1568,2026-03-01,2,40
1569,2026-03-01,299,6578
1570,2026-03-01,47,846
1572,2026-03-01,7,154
1574,2026-03-01,20,480
1575,2026-03-01,58,986
1578,2026-03-01,3,48
1579,2026-03-01,6,114
1581,2026-03-01,33,462
1583,2026-03-01,86,1806
1585,2026-03-01,22,176
1587,2026-03-01,2,30
1592,2026-03-01,14,336
1593,2026-03-01,32,576
1596,2026-03-01,15,300
1597,2026-03-01,2,30
1598,2026-03-01,145,1450
1600,2026-03-01,18,144
1603,2026-03-01,6,96
1605,2026-03-01,41,861
1607,2026-03-01,6,150
1609,2026-03-01,157,3768
1610,2026-03-01,60,960
1611,2026-03-01,16,288
1612,2026-03-01,96,1728
1613,2026-03-01,8,120
1620,2026-03-01,111,2442
1621,2026-03-01,5,55
1625,2026-03-01,10,120
1626,2026-03-01,31,713
1627,2026-03-01,4,52
1630,2026-03-01,111,1554
1631,2026-03-01,51,408
1634,2026-03-01,30,570
1635,2026-03-01,30,600
1637,2026-03-01,6,72
1638,2026-03-01,35,280
1639,2026-03-01,2,24
1640,2026-03-01,29,580
1641,2026-03-01,10,240
1642,2026-03-01,11,154
1643,2026-03-01,4,40
1645,2026-03-01,4,100
1646,2026-03-01,209,5016
1649,2026-03-01,3,51
1652,2026-03-01,6,78
1653,2026-03-01,9,171
1656,2026-03-01,49,686
1657,2026-03-01,35,385
1659,2026-03-01,8,88
1660,2026-03-01,13,182
1663,2026-03-01,2,34
1666,2026-03-01,8,120
1670,2026-03-01,5,75
1674,2026-03-01,66,726
1675,2026-03-01,6,54
1677,2026-03-01,34,442
1678,2026-03-01,19,342
1680,2026-03-01,3,60
1681,2026-03-01,27,243
1682,2026-03-01,2,46
1683,2026-03-01,10,130
1684,2026-03-01,21,504
1686,2026-03-01,20,500
1687,2026-03-01,1,17
1688,2026-03-01,2,46
1689,2026-03-01,120,2400
1690,2026-03-01,10,150
1692,2026-03-01,7,98
1694,2026-03-01,20,180
1695,2026-03-01,5,115
1696,2026-03-01,2,46
1697,2026-03-01,29,609
1699,2026-03-01,26,260
1703,2026-03-01,2,42
1704,2026-03-01,2,18
1707,2026-03-01,59,1298
1708,2026-03-01,31,744
1709,2026-03-01,3,66
1711,2026-03-01,80,960
1712,2026-03-01,7,70
1713,2026-03-01,8,168
1714,2026-03-01,89,1691
1715,2026-03-01,4,48
1716,2026-03-01,4,100
1718,2026-03-01,7,140
1719,2026-03-01,37,407
1721,2026-03-01,38,760
1722,2026-03-01,27,243
1723,2026-03-01,4,88
1725,2026-03-01,133,2128
1728,2026-03-01,3,33
1731,2026-03-01,21,336
1732,2026-03-01,6,132
1734,2026-03-01,15,180
1736,2026-03-01,31,310
1737,2026-03-01,4,76
1738,2026-03-01,20,240
1739,2026-03-01,83,1992
1740,2026-03-01,19,399
1741,2026-03-01,30,360
1743,2026-03-01,20,380
1745,2026-03-01,25,375
1746,2026-03-01,30,630
1747,2026-03-01,12,300
1748,2026-03-01,15,330
1749,2026-03-01,4,80
1751,2026-03-01,200,3800
1752,2026-03-01,20,360
1755,2026-03-01,0,0
1756,2026-03-01,20,380
1759,2026-03-01,122,2196
1760,2026-03-01,31,620
1761,2026-03-01,6,96
1762,2026-03-01,1,16
1763,2026-03-01,57,1197
1764,2026-03-01,3,75
1766,2026-03-01,28,616
1767,2026-03-01,195,1560
1769,2026-03-01,7,133
1770,2026-03-01,13,234
1772,2026-03-01,40,920
1773,2026-03-01,46,920
1774,2026-03-01,45,675
1776,2026-03-01,9,153
1778,2026-03-01,3,66
1779,2026-03-01,6,138
1782,2026-03-01,3,27
1786,2026-03-01,19,475
1787,2026-03-01,92,1472
1788,2026-03-01,54,540
1791,2026-03-01,27,513
1793,2026-03-01,4,80
1794,2026-03-01,7,84
1796,2026-03-01,45,630
1797,2026-03-01,36,576
1799,2026-03-01,10,140
1801,2026-03-01,18,270
1802,2026-03-01,136,2176
1803,2026-03-01,6,120
1806,2026-03-01,24,576
1808,2026-03-01,4,84
1810,2026-03-01,3,33
1812,2026-03-01,2,50
1814,2026-03-01,27,324
1817,2026-03-01,24,384
1819,2026-03-01,4,52
1820,2026-03-01,5,120
1823,2026-03-01,13,182
1825,2026-03-01,13,234
1828,2026-03-01,11,99
1829,2026-03-01,8,136
1830,2026-03-01,12,276
1831,2026-03-01,8,136
1832,2026-03-01,6,114
1834,2026-03-01,12,204
1837,2026-03-01,6,120
1838,2026-03-01,5,80
1839,2026-03-01,3,69
1840,2026-03-01,29,551
1841,2026-03-01,26,650
1844,2026-03-01,9,189
1845,2026-03-01,4,72
1846,2026-03-01,220,3740
1848,2026-03-01,6,144
1849,2026-03-01,24,576
1850,2026-03-01,3,27
1851,2026-03-01,27,513
1852,2026-03-01,16,240
1853,2026-03-01,1,24
1854,2026-03-01,8,64
1855,2026-03-01,9,207
1857,2026-03-01,3,42
1858,2026-03-01,94,1786
1859,2026-03-01,9,171
1864,2026-03-01,46,506
1866,2026-03-01,10,130
1867,2026-03-01,1,11
1868,2026-03-01,5,65
1869,2026-03-01,39,585
1870,2026-03-01,4,36
1871,2026-03-01,23,345
1872,2026-03-01,5,120
1873,2026-03-01,3,45
1874,2026-03-01,10,180
1877,2026-03-01,1,16
1879,2026-03-01,18,414
1880,2026-03-01,6,84
1881,2026-03-01,63,819
1882,2026-03-01,16,304
1883,2026-03-01,22,396
1884,2026-03-01,28,588
1888,2026-03-01,18,180
1890,2026-03-01,10,130
1891,2026-03-01,2,42
1892,2026-03-01,66,858
1893,2026-03-01,11,220
1896,2026-03-01,9,126
1898,2026-03-01,15,195
1899,2026-03-01,26,650
1900,2026-03-01,11,209
1901,2026-03-01,4,68
1902,2026-03-01,28,616
1906,2026-03-01,52,468
1907,2026-03-01,18,162
1909,2026-03-01,2,22
1910,2026-03-01,6,132
1911,2026-03-01,2,18
1912,2026-03-01,313,3130
1913,2026-03-01,33,627
1914,2026-03-01,114,1254
1917,2026-03-01,33,792
1921,2026-03-01,2,18
1924,2026-03-01,21,420
1925,2026-03-01,2,18
1927,2026-03-01,6,96
1929,2026-03-01,3,24
1931,2026-03-01,8,200
1933,2026-03-01,59,1357
1934,2026-03-01,7,98
1935,2026-03-01,60,840
1936,2026-03-01,38,418
1938,2026-03-01,96,1536
1939,2026-03-01,2,30
1940,2026-03-01,12,108
1941,2026-03-01,22,264
1943,2026-03-01,11,165
1944,2026-03-01,123,1476
1946,2026-03-01,4,84
1947,2026-03-01,6,120
1948,2026-03-01,38,380
1953,2026-03-01,2,28
1955,2026-03-01,2,18
1957,2026-03-01,8,168
1959,2026-03-01,20,360
1960,2026-03-01,19,418
1962,2026-03-01,20,200
1963,2026-03-01,26,546
1964,2026-03-01,22,286
1965,2026-03-01,21,273
1966,2026-03-01,6,48
1967,2026-03-01,16,192
1971,2026-03-01,4,52
1972,2026-03-01,22,506
1973,2026-03-01,145,2030
1975,2026-03-01,149,3576
1976,2026-03-01,27,540
1979,2026-03-01,9,117
1980,2026-03-01,4,56
1981,2026-03-01,26,650
1982,2026-03-01,1,23
1987,2026-03-01,20,480
1988,2026-03-01,15,300
1989,2026-03-01,6,120
1990,2026-03-01,1,19
1991,2026-03-01,6,72
1992,2026-03-01,5,50
1993,2026-03-01,47,846
1994,2026-03-01,1,14
1995,2026-03-01,4,80
1996,2026-03-01,11,88
1998,2026-03-01,8,72
1999,2026-03-01,44,1012
2000,2026-03-01,39,975
2001,2026-03-01,4,32
2005,2026-03-01,3,48
2006,2026-03-01,41,410
2007,2026-03-01,5,125
2008,2026-03-01,17,221
2009,2026-03-01,97,2134
2012,2026-03-01,47,1081
2015,2026-03-01,57,1311
2017,2026-03-01,16,272
2018,2026-03-01,17,272
2019,2026-03-01,110,1210
2020,2026-03-01,9,99
2021,2026-03-01,40,400
2022,2026-03-01,43,860
2023,2026-03-01,4,52
2024,2026-03-01,10,230
2025,2026-03-01,3,75
2028,2026-03-01,29,725
2029,2026-03-01,12,264
2030,2026-03-01,39,780
2031,2026-03-01,2,40
2032,2026-03-01,7,112
2033,2026-03-01,8,160
2036,2026-03-01,8,96
2037,2026-03-01,1,13
2038,2026-03-01,26,624
2039,2026-03-01,101,909
2040,2026-03-01,32,416
2042,2026-03-01,3,45
2043,2026-03-01,4,88
2044,2026-03-01,5,80
2045,2026-03-01,1,14
2046,2026-03-01,41,738
2049,2026-03-01,60,1140
2050,2026-03-01,11,209
2051,2026-03-01,8,88
2054,2026-03-01,7,56
2055,2026-03-01,9,90
2057,2026-03-01,14,224
2060,2026-03-01,19,209
2062,2026-03-01,71,710
2063,2026-03-01,5,40
2064,2026-03-01,11,110
2071,2026-03-01,13,117
2072,2026-03-01,61,732
2073,2026-03-01,8,152
2074,2026-03-01,37,703
2075,2026-03-01,4,64
2076,2026-03-01,35,280
2077,2026-03-01,10,160
2078,2026-03-01,17,408
2079,2026-03-01,57,627
2080,2026-03-01,8,80
2084,2026-03-01,2,26
2085,2026-03-01,118,2832
2086,2026-03-01,6,126
2087,2026-03-01,30,450
2088,2026-03-01,5,110
2090,2026-03-01,9,117
2091,2026-03-01,38,798
2092,2026-03-01,12,132
2094,2026-03-01,20,340
2095,2026-03-01,52,520
2096,2026-03-01,39,507
2097,2026-03-01,2,32
2100,2026-03-01,18,342
2101,2026-03-01,114,2280
2102,2026-03-01,9,198
2103,2026-03-01,27,243
2104,2026-03-01,22,374
2105,2026-03-01,31,527
2107,2026-03-01,5,50
2108,2026-03-01,271,4878
2109,2026-03-01,9,117
2111,2026-03-01,62,868
2114,2026-03-01,10,110
2116,2026-03-01,4,88
2118,2026-03-01,10,200
2119,2026-03-01,17,221
2120,2026-03-01,91,1911
2123,2026-03-01,74,1110
2124,2026-03-01,49,441
2126,2026-03-01,7,175
2127,2026-03-01,47,799
2128,2026-03-01,9,225
2129,2026-03-01,1,10
2130,2026-03-01,4,88
2132,2026-03-01,34,646
2134,2026-03-01,0,0
2136,2026-03-01,10,210
2137,2026-03-01,25,325
2139,2026-03-01,28,588
2142,2026-03-01,5,90
2143,2026-03-01,14,322
2144,2026-03-01,93,1953
2145,2026-03-01,23,414
2146,2026-03-01,4,84
2147,2026-03-01,32,672
2148,2026-03-01,39,741
2149,2026-03-01,153,2142
2150,2026-03-01,29,580
2152,2026-03-01,6,72
2153,2026-03-01,45,810
2154,2026-03-01,5,90
2156,2026-03-01,13,143
2157,2026-03-01,21,189
2158,2026-03-01,35,700
2159,2026-03-01,54,1242
2160,2026-03-01,2,16
2161,2026-03-01,35,420
2163,2026-03-01,5,110
2164,2026-03-01,11,99
2165,2026-03-01,8,144
2166,2026-03-01,5,100
2167,2026-03-01,10,90
2169,2026-03-01,101,2020
2170,2026-03-01,4,76
2171,2026-03-01,27,324
2172,2026-03-01,85,1785
2174,2026-03-01,33,429
2177,2026-03-01,402,9246
2178,2026-03-01,10,250
2179,2026-03-01,7,105
2180,2026-03-01,10,230
2181,2026-03-01,24,360
2183,2026-03-01,204,5100
2185,2026-03-01,13,234
2187,2026-03-01,18,162
2188,2026-03-01,31,465
2189,2026-03-01,175,2450
2191,2026-03-01,6,132
2193,2026-03-01,84,2100
2197,2026-03-01,10,200
2198,2026-03-01,2,40
2200,2026-03-01,80,1360
2202,2026-03-01,7,105
2207,2026-03-01,133,1197
2208,2026-03-01,5,45
2209,2026-03-01,12,204
2210,2026-03-01,9,162
2211,2026-03-01,4,44
2212,2026-03-01,192,4224
2213,2026-03-01,303,3333
2214,2026-03-01,8,136
2215,2026-03-01,3,30
2217,2026-03-01,111,2775
2218,2026-03-01,4,32
2219,2026-03-01,42,714
2220,2026-03-01,17,204
2221,2026-03-01,15,180
2222,2026-03-01,2,48
2224,2026-03-01,118,1534
2226,2026-03-01,5,110
2227,2026-03-01,2,48
2229,2026-03-01,17,306
2230,2026-03-01,4,84
2231,2026-03-01,4,100
2232,2026-03-01,6,84
2233,2026-03-01,9,90
2234,2026-03-01,16,240
2236,2026-03-01,36,576
2237,2026-03-01,8,176
2238,2026-03-01,15,315
2240,2026-03-01,47,799
2241,2026-03-01,14,182
2242,2026-03-01,4,64
2243,2026-03-01,26,520
2244,2026-03-01,6,66
2245,2026-03-01,22,484
2246,2026-03-01,8,96
2248,2026-03-01,13,104
2249,2026-03-01,0,0
2250,2026-03-01,41,328
2251,2026-03-01,30,300
2252,2026-03-01,9,207
2254,2026-03-01,6,48
2256,2026-03-01,4,36
2258,2026-03-01,12,240
2260,2026-03-01,11,209
2261,2026-03-01,3,30
2263,2026-03-01,3,75
2265,2026-03-01,16,352
2266,2026-03-01,4,84
2267,2026-03-01,6,144
2270,2026-03-01,7,140
2271,2026-03-01,21,525
2273,2026-03-01,6,138
2274,2026-03-01,23,345
2276,2026-03-01,7,119
2280,2026-03-01,16,256
2281,2026-03-01,38,494
2283,2026-03-01,9,153
2284,2026-03-01,50,400
2285,2026-03-01,9,189
2286,2026-03-01,8,176
2287,2026-03-01,117,1989
2288,2026-03-01,171,3249
2289,2026-03-01,55,440
2290,2026-03-01,4,68
2291,2026-03-01,5,75
2292,2026-03-01,6,96
2293,2026-03-01,18,360
2296,2026-03-01,6,126
2297,2026-03-01,7,63
2299,2026-03-01,9,126
2301,2026-03-01,4,56
2302,2026-03-01,6,126
2304,2026-03-01,24,600
2305,2026-03-01,2,34
2307,2026-03-01,9,81
2308,2026-03-01,11,143
2309,2026-03-01,40,680
2310,2026-03-01,2,16
2312,2026-03-01,8,152
2313,2026-03-01,38,570
2314,2026-03-01,2,20
2315,2026-03-01,13,273
2316,2026-03-01,6,72
2317,2026-03-01,10,120
2319,2026-03-01,3,57
2320,2026-03-01,13,312
2321,2026-03-01,8,176
2322,2026-03-01,8,88
2323,2026-03-01,41,533
2325,2026-03-01,9,90
2326,2026-03-01,11,99
2327,2026-03-01,47,1034
2328,2026-03-01,53,954
2329,2026-03-01,55,1320
2330,2026-03-01,112,1344
2333,2026-03-01,41,902
2334,2026-03-01,15,360
2335,2026-03-01,5,50
2336,2026-03-01,6,108
2337,2026-03-01,6,126
2338,2026-03-01,5,80
2339,2026-03-01,20,320
2341,2026-03-01,6,144
2343,2026-03-01,20,200
2344,2026-03-01,1,14
2345,2026-03-01,5,45
2346,2026-03-01,35,350
2348,2026-03-01,26,572
2351,2026-03-01,2,38
2352,2026-03-01,18,324
2354,2026-03-01,18,396
2356,2026-03-01,46,414
2358,2026-03-01,6,78
2359,2026-03-01,10,210
2362,2026-03-01,9,189
2363,2026-03-01,3,60
2364,2026-03-01,173,3806
2365,2026-03-01,9,117
2367,2026-03-01,21,504
2368,2026-03-01,8,192
2369,2026-03-01,15,135
2370,2026-03-01,42,546
2376,2026-03-01,9,99
2377,2026-03-01,5,55
2378,2026-03-01,6,126
2381,2026-03-01,31,682
2382,2026-03-01,7,105
2383,2026-03-01,45,720
2384,2026-03-01,10,90
2385,2026-03-01,0,0
2386,2026-03-01,3,60
2387,2026-03-01,22,528
2389,2026-03-01,27,567
2390,2026-03-01,33,627
2391,2026-03-01,28,560
2393,2026-03-01,10,200
2395,2026-03-01,12,288
2396,2026-03-01,16,352
2397,2026-03-01,10,120
2398,2026-03-01,20,400
2399,2026-03-01,6,132
2401,2026-03-01,65,845
2402,2026-03-01,8,64
2403,2026-03-01,6,60
2404,2026-03-01,14,322
2405,2026-03-01,12,300
2406,2026-03-01,4,36
2410,2026-03-01,11,275
2411,2026-03-01,156,1872
2413,2026-03-01,32,352
2415,2026-03-01,17,272
2416,2026-03-01,144,3312
2418,2026-03-01,174,1392
2419,2026-03-01,2,28
2420,2026-03-01,5,105
2421,2026-03-01,133,1995
2422,2026-03-01,4,80
2423,2026-03-01,23,184
2424,2026-03-01,18,252
2426,2026-03-01,12,120
2427,2026-03-01,6,54
2428,2026-03-01,21,399
2429,2026-03-01,105,2520
2430,2026-03-01,3,33
2431,2026-03-01,3,48
2432,2026-03-01,3,51
2433,2026-03-01,21,189
2435,2026-03-01,99,2277
2436,2026-03-01,2,28
2437,2026-03-01,114,1140
2439,2026-03-01,27,486
2440,2026-03-01,26,442
2441,2026-03-01,5,110
2442,2026-03-01,15,150
2444,2026-03-01,2,30
2445,2026-03-01,44,792
2447,2026-03-01,48,672
2448,2026-03-01,8,144
2449,2026-03-01,4,56
2450,2026-03-01,31,434
2451,2026-03-01,6,144
2453,2026-03-01,20,500
2455,2026-03-01,31,558
2456,2026-03-01,6,144
2457,2026-03-01,48,1008
2458,2026-03-01,3,45
2461,2026-03-01,1,17
2463,2026-03-01,9,198
2464,2026-03-01,11,165
2465,2026-03-01,6,114
2466,2026-03-01,22,352
2467,2026-03-01,5,95
2469,2026-03-01,125,1375
2470,2026-03-01,15,360
2471,2026-03-01,30,420
2472,2026-03-01,4,88
2473,2026-03-01,8,176
2474,2026-03-01,126,2268
2475,2026-03-01,18,414
2476,2026-03-01,35,630
2477,2026-03-01,5,45
2478,2026-03-01,3,57
2479,2026-03-01,30,420
2480,2026-03-01,27,405
2482,2026-03-01,5,75
2483,2026-03-01,12,96
2484,2026-03-01,11,220
2485,2026-03-01,4,96
2488,2026-03-01,4,48
2489,2026-03-01,12,240
2491,2026-03-01,28,252
2492,2026-03-01,4,68
2493,2026-03-01,144,1152
2495,2026-03-01,75,1200
2496,2026-03-01,3,60
2497,2026-03-01,19,437
2499,2026-03-01,1,21
2501,2026-03-01,69,1587
2504,2026-03-01,4,60
2505,2026-03-01,33,297
2506,2026-03-01,46,1058
2507,2026-03-01,44,616
2509,2026-03-01,37,555
2512,2026-03-01,78,1404
2513,2026-03-01,17,340
2514,2026-03-01,40,760
2515,2026-03-01,7,119
2516,2026-03-01,8,128
2517,2026-03-01,9,81
2518,2026-03-01,12,168
2519,2026-03-01,54,702
2522,2026-03-01,38,950
2524,2026-03-01,7,161
2525,2026-03-01,10,200
2526,2026-03-01,4,92
2527,2026-03-01,28,280
2530,2026-03-01,10,110
2531,2026-03-01,20,480
2532,2026-03-01,101,1818
2533,2026-03-01,8,128
2534,2026-03-01,6,48
2536,2026-03-01,5,115
2537,2026-03-01,6,60
2538,2026-03-01,13,195
2539,2026-03-01,5,50
2540,2026-03-01,4,84
2541,2026-03-01,80,960
2542,2026-03-01,20,200
2543,2026-03-01,3,27
2544,2026-03-01,236,5192
2545,2026-03-01,172,1720
2546,2026-03-01,4,68
2547,2026-03-01,166,3486
2549,2026-03-01,2,16
2550,2026-03-01,101,2525
2552,2026-03-01,1,17
2554,2026-03-01,24,360
2557,2026-03-01,5,85
2558,2026-03-01,3,72
2559,2026-03-01,6,150
2560,2026-03-01,10,80
2562,2026-03-01,28,364
2564,2026-03-01,0,0
2565,2026-03-01,40,400
2566,2026-03-01,6,132
2567,2026-03-01,18,288
2568,2026-03-01,18,360
2571,2026-03-01,39,858
2572,2026-03-01,9,162
2573,2026-03-01,13,312
2574,2026-03-01,7,119
2575,2026-03-01,9,117
2576,2026-03-01,35,630
2577,2026-03-01,9,81
2578,2026-03-01,6,120
2579,2026-03-01,8,168
2580,2026-03-01,7,77
2581,2026-03-01,9,117
2582,2026-03-01,5,90
2583,2026-03-01,38,912
2585,2026-03-01,16,384
2586,2026-03-01,3,51
2590,2026-03-01,13,234
2593,2026-03-01,5,60
2595,2026-03-01,12,120
2596,2026-03-01,11,242
2599,2026-03-01,6,108
2602,2026-03-01,37,555
2603,2026-03-01,30,750
2604,2026-03-01,17,374
2605,2026-03-01,3,54
2606,2026-03-01,85,1105
2607,2026-03-01,8,104
2608,2026-03-01,4,96
2611,2026-03-01,3,30
2612,2026-03-01,7,140
2614,2026-03-01,44,484
2616,2026-03-01,3,54
2619,2026-03-01,36,900
2620,2026-03-01,4,56
2621,2026-03-01,16,192
2622,2026-03-01,15,195
2624,2026-03-01,8,120
2626,2026-03-01,9,90
2627,2026-03-01,5,70
2628,2026-03-01,2,50
2629,2026-03-01,2,50
2631,2026-03-01,4,44
2632,2026-03-01,6,72
2635,2026-03-01,7,70
2637,2026-03-01,10,150
2638,2026-03-01,19,456
2640,2026-03-01,152,2280
2643,2026-03-01,5,80
2644,2026-03-01,3,24
2645,2026-03-01,30,630
2647,2026-03-01,6,102
2648,2026-03-01,32,704
2649,2026-03-01,10,160
2650,2026-03-01,8,200
2651,2026-03-01,11,220
2653,2026-03-01,61,793
2655,2026-03-01,6,114
2656,2026-03-01,2,32
2657,2026-03-01,21,378
2658,2026-03-01,11,88
2659,2026-03-01,143,1287
2663,2026-03-01,17,221
2664,2026-03-01,6,144
2665,2026-03-01,30,660
2666,2026-03-01,24,240
2667,2026-03-01,7,77
2669,2026-03-01,24,480
2671,2026-03-01,14,308
2672,2026-03-01,3,48
2673,2026-03-01,41,369
2674,2026-03-01,4,76
2675,2026-03-01,2,48
2676,2026-03-01,8,72
2677,2026-03-01,30,360
2678,2026-03-01,11,275
2679,2026-03-01,65,1170
2680,2026-03-01,59,1062
2681,2026-03-01,7,175
2682,2026-03-01,9,225
2683,2026-03-01,3,60
2684,2026-03-01,12,120
2685,2026-03-01,41,615
2686,2026-03-01,137,2192
2688,2026-03-01,3,30
2689,2026-03-01,120,1200
2690,2026-03-01,17,323
2691,2026-03-01,2,34
2692,2026-03-01,13,130
2693,2026-03-01,11,110
2694,2026-03-01,18,270
2696,2026-03-01,10,110
2697,2026-03-01,9,72
2698,2026-03-01,12,252
2700,2026-03-01,25,400
2701,2026-03-01,6,114
2702,2026-03-01,11,231
2703,2026-03-01,5,85
2704,2026-03-01,4,36
2705,2026-03-01,122,2196
2706,2026-03-01,8,112
2708,2026-03-01,5,110
2709,2026-03-01,39,858
2710,2026-03-01,22,396
2711,2026-03-01,29,464
2712,2026-03-01,25,425
2713,2026-03-01,4,88
2715,2026-03-01,9,117
2716,2026-03-01,6,60
2717,2026-03-01,19,342
2718,2026-03-01,5,40
2719,2026-03-01,7,147
2720,2026-03-01,5,40
2721,2026-03-01,11,275
2722,2026-03-01,4,48
2723,2026-03-01,23,529
2724,2026-03-01,58,522
2726,2026-03-01,8,184
2727,2026-03-01,15,300
2728,2026-03-01,3,33
2729,2026-03-01,11,220
2730,2026-03-01,4,32
2731,2026-03-01,0,0
2732,2026-03-01,10,200
2734,2026-03-01,29,348
2735,2026-03-01,5,50
2739,2026-03-01,9,108
2740,2026-03-01,44,1056
2741,2026-03-01,9,144
2742,2026-03-01,9,108
2743,2026-03-01,6,96
2744,2026-03-01,5,40
2745,2026-03-01,15,120
2746,2026-03-01,15,270
2747,2026-03-01,4,68
2748,2026-03-01,7,133
2749,2026-03-01,39,312
2751,2026-03-01,7,56
2752,2026-03-01,4,36
2753,2026-03-01,27,648
2754,2026-03-01,32,512
2755,2026-03-01,6,132
2756,2026-03-01,39,585
2757,2026-03-01,9,225
2758,2026-03-01,11,231
2761,2026-03-01,33,759
2762,2026-03-01,9,81
2763,2026-03-01,15,165
2764,2026-03-01,3,69
2765,2026-03-01,23,345
2766,2026-03-01,50,1200
2767,2026-03-01,27,567
2769,2026-03-01,2,18
2771,2026-03-01,11,231
2773,2026-03-01,2,50
2774,2026-03-01,75,1650
2777,2026-03-01,68,1292
2778,2026-03-01,8,152
2779,2026-03-01,16,368
2781,2026-03-01,23,368
2782,2026-03-01,4,64
2783,2026-03-01,35,805
2784,2026-03-01,5,45
2785,2026-03-01,35,770
2786,2026-03-01,16,288
2787,2026-03-01,2,24
2788,2026-03-01,2,42
2789,2026-03-01,123,1722
2791,2026-03-01,68,748
2792,2026-03-01,7,140
2793,2026-03-01,28,280
2794,2026-03-01,8,200
2795,2026-03-01,44,836
2796,2026-03-01,25,425
2798,2026-03-01,5,60
2799,2026-03-01,35,630
2800,2026-03-01,4,32
2801,2026-03-01,19,247
2803,2026-03-01,24,552
2804,2026-03-01,38,532
2805,2026-03-01,4,40
2806,2026-03-01,161,2254
2807,2026-03-01,2,38
2808,2026-03-01,5,100
2809,2026-03-01,7,147
2811,2026-03-01,5,65
2812,2026-03-01,2,48
2814,2026-03-01,20,380
2815,2026-03-01,6,150
2816,2026-03-01,8,200
2817,2026-03-01,29,290
2818,2026-03-01,10,160
2819,2026-03-01,26,286
2822,2026-03-01,158,1738
2825,2026-03-01,30,690
2827,2026-03-01,8,160
2828,2026-03-01,177,2655
2829,2026-03-01,20,260
2830,2026-03-01,6,120
2831,2026-03-01,9,225
2832,2026-03-01,8,184
2833,2026-03-01,6,96
2834,2026-03-01,9,225
2835,2026-03-01,4,64
2836,2026-03-01,169,2873
2837,2026-03-01,13,208
2839,2026-03-01,8,104
2841,2026-03-01,6,108
2842,2026-03-01,73,1095
2843,2026-03-01,7,84
2844,2026-03-01,31,558
2845,2026-03-01,3,30
2848,2026-03-01,14,308
2849,2026-03-01,22,352
2850,2026-03-01,7,63
2852,2026-03-01,8,64
2853,2026-03-01,4,44
2854,2026-03-01,35,665
2855,2026-03-01,2,16
2856,2026-03-01,8,152
2857,2026-03-01,9,153
2858,2026-03-01,161,2254
2859,2026-03-01,5,40
2860,2026-03-01,10,120
2861,2026-03-01,12,156
2863,2026-03-01,43,688
2864,2026-03-01,53,1219
2865,2026-03-01,6,90
2866,2026-03-01,40,680
2867,2026-03-01,275,4950
2868,2026-03-01,22,198
2869,2026-03-01,5,85
2870,2026-03-01,4,48
2871,2026-03-01,11,132
2872,2026-03-01,4,36
2873,2026-03-01,5,85
2874,2026-03-01,11,154
2875,2026-03-01,6,114
2876,2026-03-01,3,54
2877,2026-03-01,5,65
2878,2026-03-01,5,60
2879,2026-03-01,7,154
2880,2026-03-01,7,84
2881,2026-03-01,26,234
2883,2026-03-01,24,312
2885,2026-03-01,5,105
2886,2026-03-01,43,516
2887,2026-03-01,3,27
2889,2026-03-01,61,1037
2891,2026-03-01,4,92
2892,2026-03-01,3,42
2893,2026-03-01,7,98
2894,2026-03-01,12,216
2895,2026-03-01,4,60
2896,2026-03-01,53,795
2897,2026-03-01,14,210
2898,2026-03-01,22,374
2899,2026-03-01,2,50
2900,2026-03-01,16,336
2901,2026-03-01,5,60
2904,2026-03-01,2,18
2905,2026-03-01,35,735
2906,2026-03-01,159,2703
2907,2026-03-01,6,54
2909,2026-03-01,87,870
2910,2026-03-01,9,180
2911,2026-03-01,8,120
2912,2026-03-01,3,63
2913,2026-03-01,1,25
2915,2026-03-01,5,65
2916,2026-03-01,6,48
2917,2026-03-01,2,28
2918,2026-03-01,4,84
2920,2026-03-01,18,216
2921,2026-03-01,160,1280
2922,2026-03-01,50,600
2923,2026-03-01,6,96
2924,2026-03-01,10,250
2925,2026-03-01,3,51
2926,2026-03-01,12,264
2927,2026-03-01,44,924
2928,2026-03-01,6,102
2929,2026-03-01,5,80
2931,2026-03-01,11,264
2932,2026-03-01,26,312
2933,2026-03-01,22,220
2934,2026-03-01,231,4158
2936,2026-03-01,2,46
2937,2026-03-01,29,493
2938,2026-03-01,8,72
2939,2026-03-01,60,1260
2940,2026-03-01,51,408
2941,2026-03-01,10,190
2944,2026-03-01,8,72
2945,2026-03-01,39,819
2948,2026-03-01,29,290
2949,2026-03-01,4,84
2950,2026-03-01,25,200
2951,2026-03-01,11,209
2952,2026-03-01,57,1197
2953,2026-03-01,7,112
2954,2026-03-01,9,126
2956,2026-03-01,16,400
2957,2026-03-01,4,72
2959,2026-03-01,122,976
2961,2026-03-01,10,250
2962,2026-03-01,6,132
2965,2026-03-01,14,224
2966,2026-03-01,7,147
2967,2026-03-01,6,114
2968,2026-03-01,34,816
2969,2026-03-01,31,682
2971,2026-03-01,7,126
2972,2026-03-01,5,45
2973,2026-03-01,45,720
2974,2026-03-01,26,338
2975,2026-03-01,22,374
2976,2026-03-01,2,22
2978,2026-03-01,5,70
2979,2026-03-01,47,658
2980,2026-03-01,7,112
2981,2026-03-01,4,84
2982,2026-03-01,50,1200
2983,2026-03-01,4,56
2984,2026-03-01,8,136
2986,2026-03-01,11,88
2987,2026-03-01,3,36
2988,2026-03-01,35,280
2989,2026-03-01,61,976
2990,2026-03-01,14,336
2991,2026-03-01,207,3519
2992,2026-03-01,15,195
2993,2026-03-01,6,54
2994,2026-03-01,1,24
2995,2026-03-01,6,72
2996,2026-03-01,3,66
2997,2026-03-01,22,462
2998,2026-03-01,3,36
2999,2026-03-01,99,2079
3000,2026-03-01,14,154
3001,2026-03-01,6,66
3003,2026-03-01,57,1425
3005,2026-03-01,23,253
3006,2026-03-01,7,70
3009,2026-03-01,6,84
3010,2026-03-01,29,667
3011,2026-03-01,48,1104
3012,2026-03-01,9,216
3013,2026-03-01,2,30
3014,2026-03-01,8,160
3015,2026-03-01,1,24
3016,2026-03-01,25,450
3017,2026-03-01,38,418
3018,2026-03-01,4,36
3019,2026-03-01,9,225
3020,2026-03-01,0,0
3021,2026-03-01,12,168
3022,2026-03-01,11,198
3023,2026-03-01,179,3938
3024,2026-03-01,17,306
3026,2026-03-01,7,119
3027,2026-03-01,11,154
3028,2026-03-01,15,180
3029,2026-03-01,4,96
3030,2026-03-01,13,221
3031,2026-03-01,9,72
3032,2026-03-01,2,32
3033,2026-03-01,7,56
3034,2026-03-01,4,76
3035,2026-03-01,9,117
3036,2026-03-01,21,252
3038,2026-03-01,67,603
3040,2026-03-01,4,32
3041,2026-03-01,1,22
3042,2026-03-01,15,225
3043,2026-03-01,25,575
3045,2026-03-01,18,450
3046,2026-03-01,10,250
3047,2026-03-01,7,147
3048,2026-03-01,18,234
3049,2026-03-01,96,2208
3050,2026-03-01,9,126
3051,2026-03-01,2,26
3052,2026-03-01,12,228
3054,2026-03-01,153,2448
3055,2026-03-01,7,112
3056,2026-03-01,9,144
3058,2026-03-01,7,175
3059,2026-03-01,3,69
3060,2026-03-01,116,1044
3061,2026-03-01,3,75
3062,2026-03-01,30,360
3063,2026-03-01,8,104
3064,2026-03-01,18,450
3065,2026-03-01,15,180
3066,2026-03-01,7,147
3067,2026-03-01,4,52
3068,2026-03-01,15,195
3069,2026-03-01,34,272
3070,2026-03-01,50,550
3071,2026-03-01,5,125
3072,2026-03-01,25,425
3073,2026-03-01,16,256
3074,2026-03-01,93,1767
3075,2026-03-01,13,234
3076,2026-03-01,5,95
3079,2026-03-01,19,342
3080,2026-03-01,32,512
3081,2026-03-01,11,121
3082,2026-03-01,3,63
3083,2026-03-01,9,225
3084,2026-03-01,8,200
3085,2026-03-01,16,208
3087,2026-03-01,14,210
3088,2026-03-01,4,72
3089,2026-03-01,32,448
3090,2026-03-01,59,531
3091,2026-03-01,3,45
3092,2026-03-01,7,161
3093,2026-03-01,12,96
3094,2026-03-01,20,300
3095,2026-03-01,9,108
3096,2026-03-01,9,153
3098,2026-03-01,15,210
3099,2026-03-01,8,152
3100,2026-03-01,7,56
3101,2026-03-01,23,299
3102,2026-03-01,15,345
3103,2026-03-01,9,126
3104,2026-03-01,26,208
3105,2026-03-01,13,286
3106,2026-03-01,104,1872
3107,2026-03-01,7,133
3108,2026-03-01,5,60
3109,2026-03-01,9,225
3110,2026-03-01,25,575
3111,2026-03-01,27,594
3112,2026-03-01,14,280
3113,2026-03-01,7,63
3114,2026-03-01,1,20
3115,2026-03-01,7,112
3116,2026-03-01,18,252
3117,2026-03-01,17,170
3119,2026-03-01,22,396
3120,2026-03-01,2,26
3121,2026-03-01,37,629
3124,2026-03-01,36,468
3125,2026-03-01,6,54
3126,2026-03-01,6,126
3127,2026-03-01,6,102
3128,2026-03-01,18,414
3129,2026-03-01,2,18
3130,2026-03-01,5,75
3131,2026-03-01,3,63
3132,2026-03-01,4,96
3133,2026-03-01,8,104
3134,2026-03-01,22,176
3135,2026-03-01,12,156
3136,2026-03-01,11,220
3137,2026-03-01,51,867
3138,2026-03-01,21,399
3139,2026-03-01,39,780
3140,2026-03-01,10,230
3141,2026-03-01,7,91
3144,2026-03-01,8,200
3145,2026-03-01,6,126
3147,2026-03-01,8,136
3148,2026-03-01,24,432
3149,2026-03-01,4,88
3151,2026-03-01,4,56
3152,2026-03-01,3,27
3153,2026-03-01,7,140
3154,2026-03-01,4,64
3155,2026-03-01,49,1176
3156,2026-03-01,7,154
3157,2026-03-01,22,198
3158,2026-03-01,13,234
3159,2026-03-01,59,1298
3160,2026-03-01,6,84
3161,2026-03-01,176,1408
3162,2026-03-01,9,198
3163,2026-03-01,7,77
3164,2026-03-01,4,92
3165,2026-03-01,5,95
3167,2026-03-01,9,225
3168,2026-03-01,12,120
3169,2026-03-01,3,57
3170,2026-03-01,20,380
3172,2026-03-01,39,312
3173,2026-03-01,105,1575
3174,2026-03-01,2,50
3175,2026-03-01,93,930
3176,2026-03-01,2,26
3177,2026-03-01,37,666
3178,2026-03-01,9,144
3179,2026-03-01,25,450
3180,2026-03-01,5,95
3181,2026-03-01,10,240
3182,2026-03-01,73,803
3183,2026-03-01,25,550
3184,2026-03-01,7,77
3185,2026-03-01,37,629
3186,2026-03-01,18,288
3187,2026-03-01,4,80
3188,2026-03-01,6,84
3189,2026-03-01,123,1107
3190,2026-03-01,10,240
3191,2026-03-01,11,110
3192,2026-03-01,8,104
3193,2026-03-01,13,117
3194,2026-03-01,2,38
3195,2026-03-01,13,221
3196,2026-03-01,9,99
3197,2026-03-01,29,348
3198,2026-03-01,21,441
3199,2026-03-01,11,264
3200,2026-03-01,2,18
3201,2026-03-01,10,170
3202,2026-03-01,15,345
3203,2026-03-01,6,132
3204,2026-03-01,22,264
3205,2026-03-01,5,80
3206,2026-03-01,2,16
3207,2026-03-01,39,624
3208,2026-03-01,1,14
3209,2026-03-01,11,165
3210,2026-03-01,37,333
3211,2026-03-01,72,1152
3212,2026-03-01,18,270
3213,2026-03-01,4,44
3214,2026-03-01,6,132
3215,2026-03-01,97,1649
3216,2026-03-01,36,540
3217,2026-03-01,23,253
3218,2026-03-01,129,2451
3219,2026-03-01,42,1008
3220,2026-03-01,141,1551
3221,2026-03-01,4,32
3222,2026-03-01,28,364
3223,2026-03-01,6,138
3224,2026-03-01,16,176
3225,2026-03-01,3,36
3226,2026-03-01,11,99
3227,2026-03-01,19,437
3228,2026-03-01,23,391
3229,2026-03-01,3,75
3230,2026-03-01,8,192
3231,2026-03-01,3,48
3232,2026-03-01,8,80
3233,2026-03-01,25,250
3234,2026-03-01,11,88
3235,2026-03-01,167,2171
3236,2026-03-01,10,120
3237,2026-03-01,27,621
3238,2026-03-01,12,120
3239,2026-03-01,11,242
3240,2026-03-01,18,252
3241,2026-03-01,8,176
3242,2026-03-01,7,140
3243,2026-03-01,14,336
3244,2026-03-01,7,126
3245,2026-03-01,28,308
3246,2026-03-01,15,240
3247,2026-03-01,6,138
3248,2026-03-01,109,2180
3249,2026-03-01,6,144
3250,2026-03-01,7,133
3251,2026-03-01,9,207
3252,2026-03-01,4,36
3253,2026-03-01,7,154
3254,2026-03-01,21,252
3255,2026-03-01,8,96
3256,2026-03-01,12,192
3257,2026-03-01,9,153
3258,2026-03-01,16,240
3259,2026-03-01,8,184
3260,2026-03-01,7,105
3261,2026-03-01,18,216
3262,2026-03-01,10,180
3263,2026-03-01,14,252
3264,2026-03-01,4,56
3265,2026-03-01,5,55
3266,2026-03-01,4,72
3267,2026-03-01,33,429
3268,2026-03-01,38,570
3269,2026-03-01,9,99
3270,2026-03-01,10,190
3271,2026-03-01,3,36
3272,2026-03-01,12,168
3273,2026-03-01,4,40
3274,2026-03-01,181,2896
3275,2026-03-01,4,84
3276,2026-03-01,153,1836
3277,2026-03-01,4,40
3278,2026-03-01,13,286
3279,2026-03-01,8,80
3280,2026-03-01,11,253
3281,2026-03-01,5,90
3282,2026-03-01,8,88
3283,2026-03-01,176,4048
3284,2026-03-01,10,110
3285,2026-03-01,17,255
3286,2026-03-01,7,77
3287,2026-03-01,36,684
3288,2026-03-01,9,180
3289,2026-03-01,17,306
3290,2026-03-01,5,105
3291,2026-03-01,2,26
3292,2026-03-01,3,36
3293,2026-03-01,25,400
3294,2026-03-01,9,189
3295,2026-03-01,13,273
3296,2026-03-01,3,42
3297,2026-03-01,10,170
3298,2026-03-01,63,1575
3299,2026-03-01,15,360
3300,2026-03-01,10,220
3301,2026-03-01,28,280
3302,2026-03-01,124,1984
3303,2026-03-01,18,360
3304,2026-03-01,33,330
3305,2026-03-01,9,225
3306,2026-03-01,4,40
3307,2026-03-01,141,2538
3308,2026-03-01,9,72
3309,2026-03-01,5,50
3310,2026-03-01,7,140
3311,2026-03-01,5,40
3312,2026-03-01,7,98
3313,2026-03-01,9,99
3314,2026-03-01,13,312
3315,2026-03-01,16,320
3316,2026-03-01,4,92
3317,2026-03-01,16,256
3318,2026-03-01,24,336
3319,2026-03-01,5,90
3320,2026-03-01,12,300
3321,2026-03-01,50,1150
3322,2026-03-01,2,20
3323,2026-03-01,9,189
3324,2026-03-01,4,100
1002,2026-04-01,9,198
1007,2026-04-01,15,270
1008,2026-04-01,31,651
1010,2026-04-01,2,16
1012,2026-04-01,38,608
1013,2026-04-01,237,2607
1016,2026-04-01,6,132
1025,2026-04-01,23,184
1026,2026-04-01,179,2864
1027,2026-04-01,11,165
1028,2026-04-01,4,60
1033,2026-04-01,5,95
1038,2026-04-01,10,210
1039,2026-04-01,5,45
1040,2026-04-01,30,660
1042,2026-04-01,36,468
1043,2026-04-01,31,248
1045,2026-04-01,86,688
1053,2026-04-01,63,1260
1057,2026-04-01,2,20
1059,2026-04-01,330,2970
1060,2026-04-01,15,315
1062,2026-04-01,41,697
1064,2026-04-01,271,2710
1065,2026-04-01,37,814
1067,2026-04-01,34,272
1072,2026-04-01,6,132
1078,2026-04-01,13,221
1079,2026-04-01,19,380
1085,2026-04-01,39,819
1089,2026-04-01,43,946
1091,2026-04-01,6,90
1092,2026-04-01,9,135
1093,2026-04-01,55,605
1094,2026-04-01,31,341
1096,2026-04-01,36,504
1098,2026-04-01,15,330
1099,2026-04-01,8,136
1102,2026-04-01,3,66
1111,2026-04-01,6,78
1112,2026-04-01,4,52
1113,2026-04-01,22,374
1115,2026-04-01,87,2088
1124,2026-04-01,15,165
1126,2026-04-01,4,56
1127,2026-04-01,30,270
1129,2026-04-01,1,13
1130,2026-04-01,4,56
1131,2026-04-01,6,150
1134,2026-04-01,42,840
1139,2026-04-01,2,30
1140,2026-04-01,37,370
1143,2026-04-01,94,1410
1144,2026-04-01,16,176
1146,2026-04-01,13,208
1147,2026-04-01,19,190
1151,2026-04-01,21,378
1152,2026-04-01,5,120
1153,2026-04-01,6,132
1154,2026-04-01,59,1180
1157,2026-04-01,57,1425
1158,2026-04-01,2,42
1160,2026-04-01,3,66
1161,2026-04-01,1,19
1167,2026-04-01,15,255
1170,2026-04-01,35,875
1172,2026-04-01,62,992
1174,2026-04-01,18,414
1175,2026-04-01,36,648
1177,2026-04-01,3,45
1178,2026-04-01,1,8
1179,2026-04-01,36,504
1181,2026-04-01,7,161
1183,2026-04-01,5,60
1185,2026-04-01,18,378
1186,2026-04-01,21,525
1187,2026-04-01,64,1472
1189,2026-04-01,12,96
1192,2026-04-01,18,360
1194,2026-04-01,42,588
1195,2026-04-01,10,150
1196,2026-04-01,25,500
1198,2026-04-01,35,805
1199,2026-04-01,54,594
1200,2026-04-01,440,5720
1207,2026-04-01,28,364
1208,2026-04-01,26,624
1211,2026-04-01,5,100
1212,2026-04-01,8,112
1213,2026-04-01,102,816
1214,2026-04-01,2,42
1216,2026-04-01,3,24
1219,2026-04-01,4,72
1221,2026-04-01,4,60
1222,2026-04-01,32,608
1227,2026-04-01,34,578
1229,2026-04-01,7,56
1231,2026-04-01,44,396
1234,2026-04-01,83,1743
1235,2026-04-01,4,68
1237,2026-04-01,1,9
1241,2026-04-01,3,24
1242,2026-04-01,69,759
1244,2026-04-01,4,52
1249,2026-04-01,3,27
1250,2026-04-01,4,72
1256,2026-04-01,14,210
1257,2026-04-01,9,216
1258,2026-04-01,13,156
1259,2026-04-01,122,2562
1261,2026-04-01,113,904
1262,2026-04-01,257,2570
1263,2026-04-01,11,154
1265,2026-04-01,9,144
1266,2026-04-01,51,765
1267,2026-04-01,7,168
1270,2026-04-01,287,7175
1271,2026-04-01,1,23
1274,2026-04-01,92,920
1275,2026-04-01,142,2414
1279,2026-04-01,1,25
1281,2026-04-01,31,651
1282,2026-04-01,3,51
1285,2026-04-01,61,1281
1287,2026-04-01,91,1001
1288,2026-04-01,2,16
1289,2026-04-01,9,153
1291,2026-04-01,41,533
1297,2026-04-01,3,42
1299,2026-04-01,4,92
1301,2026-04-01,2,48
1302,2026-04-01,25,250
1304,2026-04-01,17,425
1305,2026-04-01,50,450
1308,2026-04-01,9,99
1310,2026-04-01,68,1428
1312,2026-04-01,6,132
1315,2026-04-01,23,368
1317,2026-04-01,4,76
1318,2026-04-01,20,340
1320,2026-04-01,11,121
1321,2026-04-01,10,130
1322,2026-04-01,113,2486
1323,2026-04-01,20,360
1327,2026-04-01,69,828
1329,2026-04-01,17,323
1335,2026-04-01,10,220
1336,2026-04-01,31,527
1337,2026-04-01,142,2840
1339,2026-04-01,41,656
1341,2026-04-01,23,230
1342,2026-04-01,15,330
1343,2026-04-01,79,632
1344,2026-04-01,0,0
1346,2026-04-01,20,480
1347,2026-04-01,5,55
1348,2026-04-01,8,80
1351,2026-04-01,7,105
1352,2026-04-01,31,403
1353,2026-04-01,3,39
1354,2026-04-01,1,12
1355,2026-04-01,53,1007
1358,2026-04-01,55,880
1363,2026-04-01,57,1254
1367,2026-04-01,8,104
1369,2026-04-01,2,50
1372,2026-04-01,30,630
1373,2026-04-01,76,684
1374,2026-04-01,7,56
1375,2026-04-01,152,2736
1380,2026-04-01,5,110
1381,2026-04-01,8,144
1385,2026-04-01,2,24
1386,2026-04-01,4,80
1387,2026-04-01,5,105
1389,2026-04-01,18,180
1393,2026-04-01,12,264
1395,2026-04-01,12,300
1397,2026-04-01,9,90
1400,2026-04-01,47,1081
1402,2026-04-01,53,1060
1404,2026-04-01,8,184
1405,2026-04-01,56,448
1409,2026-04-01,31,341
1410,2026-04-01,34,816
1411,2026-04-01,2,30
1414,2026-04-01,14,182
1416,2026-04-01,5,45
1417,2026-04-01,16,144
1419,2026-04-01,9,180
1420,2026-04-01,172,2236
1422,2026-04-01,39,897
1426,2026-04-01,2,36
1427,2026-04-01,2,40
1428,2026-04-01,62,868
1432,2026-04-01,8,64
1434,2026-04-01,3,30
1435,2026-04-01,3,60
1436,2026-04-01,28,392
1437,2026-04-01,11,253
1438,2026-04-01,7,105
1439,2026-04-01,85,935
1444,2026-04-01,29,522
1445,2026-04-01,5,95
1447,2026-04-01,26,546
1448,2026-04-01,32,416
1450,2026-04-01,21,462
1451,2026-04-01,5,95
1452,2026-04-01,42,378
1455,2026-04-01,24,576
1457,2026-04-01,70,700
1458,2026-04-01,24,600
1461,2026-04-01,6,144
1462,2026-04-01,39,624
1464,2026-04-01,6,138
1466,2026-04-01,4,60
1468,2026-04-01,17,340
1470,2026-04-01,1,16
1471,2026-04-01,388,7372
1474,2026-04-01,47,846
1476,2026-04-01,127,2032
1477,2026-04-01,6,150
1478,2026-04-01,4,36
1479,2026-04-01,1,23
1481,2026-04-01,82,1558
1483,2026-04-01,33,495
1486,2026-04-01,16,256
1487,2026-04-01,19,171
1490,2026-04-01,7,140
1494,2026-04-01,54,1080
1495,2026-04-01,9,135
1498,2026-04-01,5,65
1499,2026-04-01,25,275
1500,2026-04-01,2,42
1503,2026-04-01,21,483
1507,2026-04-01,1,17
1509,2026-04-01,4,80
1510,2026-04-01,12,192
1514,2026-04-01,16,176
1517,2026-04-01,16,192
1520,2026-04-01,10,80
1521,2026-04-01,4,76
1522,2026-04-01,45,540
1524,2026-04-01,207,3312
1526,2026-04-01,40,920
1528,2026-04-01,28,336
1529,2026-04-01,1,22
1530,2026-04-01,58,1392
1531,2026-04-01,3,42
1533,2026-04-01,46,828
1534,2026-04-01,2,30
1537,2026-04-01,13,325
1539,2026-04-01,160,1440
1540,2026-04-01,13,221
1541,2026-04-01,38,532
1542,2026-04-01,7,63
1544,2026-04-01,11,220
1545,2026-04-01,63,1071
1546,2026-04-01,32,384
1553,2026-04-01,128,1536
1554,2026-04-01,29,348
1556,2026-04-01,10,110
1557,2026-04-01,12,240
1558,2026-04-01,3,60
1562,2026-04-01,7,112
1563,2026-04-01,2,26
1564,2026-04-01,25,475
1565,2026-04-01,4,56
1566,2026-04-01,1,14
1568,2026-04-01,2,48
1569,2026-04-01,314,7536
1570,2026-04-01,46,1058
1572,2026-04-01,9,225
1574,2026-04-01,16,272
1575,2026-04-01,55,1265
1578,2026-04-01,3,42
1579,2026-04-01,7,63
1581,2026-04-01,33,660
1583,2026-04-01,74,1776
1585,2026-04-01,19,475
1587,2026-04-01,2,40
1592,2026-04-01,15,285
1593,2026-04-01,26,390
1596,2026-04-01,19,323
1597,2026-04-01,2,36
1598,2026-04-01,137,1644
1600,2026-04-01,14,182
1605,2026-04-01,39,507
1607,2026-04-01,7,161
1609,2026-04-01,131,2620
1610,2026-04-01,73,1314
1611,2026-04-01,15,360
1612,2026-04-01,80,1360
1613,2026-04-01,9,180
1620,2026-04-01,119,2023
1621,2026-04-01,5,90
1625,2026-04-01,8,184
1626,2026-04-01,28,448
1627,2026-04-01,4,36
1630,2026-04-01,124,2480
1631,2026-04-01,44,616
1634,2026-04-01,31,372
1635,2026-04-01,30,750
1637,2026-04-01,6,132
1638,2026-04-01,36,468
1640,2026-04-01,23,345
1641,2026-04-01,10,200
1642,2026-04-01,12,96
1643,2026-04-01,4,40
1645,2026-04-01,4,60
1646,2026-04-01,254,5588
1649,2026-04-01,3,27
1652,2026-04-01,7,119
1653,2026-04-01,8,168
1656,2026-04-01,45,1125
1657,2026-04-01,21,378
1659,2026-04-01,9,126
1660,2026-04-01,12,120
1663,2026-04-01,2,24
1666,2026-04-01,7,140
1670,2026-04-01,6,150
1674,2026-04-01,67,871
1677,2026-04-01,36,756
1678,2026-04-01,17,272
1680,2026-04-01,3,48
1681,2026-04-01,28,560
1682,2026-04-01,2,20
1683,2026-04-01,9,90
1684,2026-04-01,21,315
1686,2026-04-01,21,399
1687,2026-04-01,2,22
1688,2026-04-01,3,27
1689,2026-04-01,142,3408
1690,2026-04-01,13,156
1692,2026-04-01,7,112
1694,2026-04-01,5,50
1695,2026-04-01,4,52
1696,2026-04-01,2,16
1697,2026-04-01,26,416
1699,2026-04-01,32,640
1703,2026-04-01,4,96
1704,2026-04-01,1,21
1707,2026-04-01,57,1311
1708,2026-04-01,36,612
1709,2026-04-01,3,54
1711,2026-04-01,56,1008
1712,2026-04-01,7,126
1713,2026-04-01,7,168
1714,2026-04-01,90,1800
1715,2026-04-01,5,65
1716,2026-04-01,5,60
1718,2026-04-01,9,171
1719,2026-04-01,42,798
1721,2026-04-01,39,936
1722,2026-04-01,26,208
1723,2026-04-01,4,40
1725,2026-04-01,122,1586
1728,2026-04-01,3,48
1731,2026-04-01,23,322
1732,2026-04-01,6,102
1734,2026-04-01,15,330
1736,2026-04-01,35,315
1737,2026-04-01,4,68
1738,2026-04-01,14,322
1739,2026-04-01,77,616
1740,2026-04-01,8,128
1741,2026-04-01,33,429
1743,2026-04-01,24,240
1745,2026-04-01,19,152
1746,2026-04-01,18,198
1747,2026-04-01,12,264
1748,2026-04-01,20,200
1749,2026-04-01,4,100
1751,2026-04-01,221,4199
1752,2026-04-01,19,209
1755,2026-04-01,0,0
1756,2026-04-01,19,247
1759,2026-04-01,121,1331
1760,2026-04-01,28,588
1761,2026-04-01,5,70
1762,2026-04-01,1,18
1763,2026-04-01,61,976
1764,2026-04-01,4,84
1766,2026-04-01,23,299
1767,2026-04-01,172,3956
1769,2026-04-01,6,102
1770,2026-04-01,11,198
1772,2026-04-01,49,441
1773,2026-04-01,38,418
1774,2026-04-01,44,572
1776,2026-04-01,6,96
1779,2026-04-01,7,63
1782,2026-04-01,4,56
1786,2026-04-01,21,189
1787,2026-04-01,85,935
1788,2026-04-01,51,1071
1791,2026-04-01,30,360
1793,2026-04-01,3,66
1794,2026-04-01,7,105
1796,2026-04-01,34,340
1797,2026-04-01,33,792
1799,2026-04-01,11,165
1801,2026-04-01,28,588
1802,2026-04-01,192,2112
1803,2026-04-01,7,56
1806,2026-04-01,24,576
1808,2026-04-01,5,40
1810,2026-04-01,3,51
1812,2026-04-01,3,27
1814,2026-04-01,22,462
1817,2026-04-01,26,286
1819,2026-04-01,7,91
1823,2026-04-01,13,169
1825,2026-04-01,15,165
1828,2026-04-01,9,135
1829,2026-04-01,12,180
1830,2026-04-01,8,184
1831,2026-04-01,6,126
1832,2026-04-01,6,102
1834,2026-04-01,15,285
1837,2026-04-01,6,132
1838,2026-04-01,6,66
1839,2026-04-01,3,66
1840,2026-04-01,31,775
1841,2026-04-01,23,552
1844,2026-04-01,41,902
1845,2026-04-01,3,24
1846,2026-04-01,199,4378
1848,2026-04-01,6,150
1849,2026-04-01,32,352
1850,2026-04-01,5,95
1851,2026-04-01,25,325
1852,2026-04-01,15,120
1853,2026-04-01,1,17
1854,2026-04-01,10,80
1855,2026-04-01,9,126
1857,2026-04-01,2,44
1858,2026-04-01,100,1700
1859,2026-04-01,8,168
1864,2026-04-01,46,1058
1866,2026-04-01,10,100
1867,2026-04-01,1,12
1868,2026-04-01,5,105
1869,2026-04-01,33,330
1870,2026-04-01,4,60
1871,2026-04-01,27,459
1872,2026-04-01,7,56
1873,2026-04-01,3,57
1874,2026-04-01,9,126
1877,2026-04-01,1,14
1879,2026-04-01,20,500
1880,2026-04-01,7,91
1881,2026-04-01,64,1152
1883,2026-04-01,20,220
1884,2026-04-01,30,630
1888,2026-04-01,19,304
1890,2026-04-01,8,120
1891,2026-04-01,2,44
1892,2026-04-01,80,1040
1893,2026-04-01,11,121
1896,2026-04-01,9,135
1898,2026-04-01,19,285
1899,2026-04-01,29,319
1900,2026-04-01,10,220
1901,2026-04-01,4,92
1902,2026-04-01,26,494
1906,2026-04-01,45,810
1907,2026-04-01,21,294
1909,2026-04-01,2,16
1910,2026-04-01,6,132
1911,2026-04-01,1,10
1912,2026-04-01,379,3790
1913,2026-04-01,26,208
1914,2026-04-01,105,1575
1917,2026-04-01,28,280
1921,2026-04-01,3,51
1924,2026-04-01,19,399
1925,2026-04-01,2,30
1927,2026-04-01,5,50
1929,2026-04-01,4,44
1931,2026-04-01,8,120
1933,2026-04-01,61,793
1934,2026-04-01,7,56
1935,2026-04-01,60,900
1936,2026-04-01,53,1325
1938,2026-04-01,80,1680
1939,2026-04-01,2,22
1940,2026-04-01,15,375
1941,2026-04-01,18,414
1943,2026-04-01,10,90
1944,2026-04-01,125,2500
1946,2026-04-01,5,80
1947,2026-04-01,2,36
1948,2026-04-01,41,328
1953,2026-04-01,2,18
1955,2026-04-01,2,50
1957,2026-04-01,9,135
1959,2026-04-01,17,391
1960,2026-04-01,17,340
1962,2026-04-01,18,198
1963,2026-04-01,24,480
1964,2026-04-01,22,396
1966,2026-04-01,5,105
1967,2026-04-01,16,352
1972,2026-04-01,21,378
1973,2026-04-01,169,3380
1975,2026-04-01,134,2144
1976,2026-04-01,25,200
1979,2026-04-01,8,200
1980,2026-04-01,3,48
1981,2026-04-01,32,416
1982,2026-04-01,1,22
1987,2026-04-01,18,306
1988,2026-04-01,13,286
1989,2026-04-01,7,175
1990,2026-04-01,1,18
1991,2026-04-01,6,54
1992,2026-04-01,5,120
1993,2026-04-01,55,880
1994,2026-04-01,2,42
1995,2026-04-01,4,32
1996,2026-04-01,9,189
1998,2026-04-01,7,168
1999,2026-04-01,48,432
2000,2026-04-01,47,423
2001,2026-04-01,5,110
2005,2026-04-01,3,75
2006,2026-04-01,47,940
2007,2026-04-01,6,120
2008,2026-04-01,20,460
2009,2026-04-01,88,1672
2012,2026-04-01,49,392
2015,2026-04-01,49,735
2017,2026-04-01,13,260
2018,2026-04-01,14,294
2019,2026-04-01,91,728
2020,2026-04-01,12,252
2021,2026-04-01,40,1000
2022,2026-04-01,36,432
2023,2026-04-01,4,44
2024,2026-04-01,10,160
2025,2026-04-01,3,51
2028,2026-04-01,36,828
2029,2026-04-01,11,187
2030,2026-04-01,45,630
2031,2026-04-01,1,19
2032,2026-04-01,7,154
2036,2026-04-01,7,84
2037,2026-04-01,1,17
2038,2026-04-01,25,450
2039,2026-04-01,66,1188
2040,2026-04-01,37,666
2042,2026-04-01,5,90
2043,2026-04-01,5,105
2044,2026-04-01,3,72
2045,2026-04-01,1,18
2046,2026-04-01,41,902
2049,2026-04-01,54,1350
2050,2026-04-01,9,144
2051,2026-04-01,8,112
2054,2026-04-01,7,140
2055,2026-04-01,9,135
2057,2026-04-01,16,128
2060,2026-04-01,18,198
2062,2026-04-01,109,1853
2063,2026-04-01,4,80
2064,2026-04-01,12,132
2071,2026-04-01,17,425
2072,2026-04-01,43,817
2073,2026-04-01,8,200
2074,2026-04-01,28,616
2075,2026-04-01,4,72
2076,2026-04-01,37,407
2077,2026-04-01,11,88
2078,2026-04-01,22,528
2079,2026-04-01,39,663
2080,2026-04-01,8,104
2084,2026-04-01,2,20
2085,2026-04-01,124,992
2086,2026-04-01,7,147
2087,2026-04-01,38,494
2088,2026-04-01,5,50
2090,2026-04-01,9,189
2091,2026-04-01,33,792
2092,2026-04-01,12,132
2094,2026-04-01,22,528
2095,2026-04-01,50,1250
2096,2026-04-01,36,720
2097,2026-04-01,2,38
2100,2026-04-01,18,270
2101,2026-04-01,132,2772
2102,2026-04-01,9,108
2103,2026-04-01,28,392
2104,2026-04-01,25,275
2105,2026-04-01,25,450
2107,2026-04-01,7,112
2108,2026-04-01,328,6232
2109,2026-04-01,11,187
2111,2026-04-01,74,1258
2114,2026-04-01,9,189
2118,2026-04-01,8,80
2119,2026-04-01,20,320
2120,2026-04-01,98,2352
2123,2026-04-01,92,1748
2124,2026-04-01,48,960
2126,2026-04-01,8,136
2127,2026-04-01,48,1200
2128,2026-04-01,9,126
2129,2026-04-01,1,14
2130,2026-04-01,4,52
2132,2026-04-01,42,924
2134,2026-04-01,1,11
2136,2026-04-01,8,136
2137,2026-04-01,19,266
2139,2026-04-01,28,308
2142,2026-04-01,5,40
2143,2026-04-01,15,225
2144,2026-04-01,114,2508
2145,2026-04-01,23,437
2146,2026-04-01,5,65
2147,2026-04-01,28,504
2148,2026-04-01,37,444
2149,2026-04-01,130,1950
2150,2026-04-01,22,308
2152,2026-04-01,4,44
2153,2026-04-01,45,495
2154,2026-04-01,4,92
2156,2026-04-01,13,273
2157,2026-04-01,19,171
2158,2026-04-01,34,408
2159,2026-04-01,61,1403
2160,2026-04-01,2,20
2161,2026-04-01,42,630
2163,2026-04-01,6,90
2164,2026-04-01,9,207
2165,2026-04-01,6,132
2167,2026-04-01,12,180
2169,2026-04-01,87,1479
2170,2026-04-01,4,88
2171,2026-04-01,31,744
2172,2026-04-01,97,2134
2174,2026-04-01,38,798
2177,2026-04-01,434,10850
2178,2026-04-01,13,182
2179,2026-04-01,7,105
2180,2026-04-01,9,198
2181,2026-04-01,35,840
2183,2026-04-01,245,3675
2185,2026-04-01,13,221
2187,2026-04-01,16,272
2188,2026-04-01,34,782
2189,2026-04-01,154,3234
2193,2026-04-01,95,760
2198,2026-04-01,1,14
2200,2026-04-01,70,1120
2202,2026-04-01,7,147
2207,2026-04-01,114,2394
2208,2026-04-01,7,105
2209,2026-04-01,12,96
2210,2026-04-01,11,154
2211,2026-04-01,5,50
2212,2026-04-01,143,2717
2213,2026-04-01,339,6102
2214,2026-04-01,8,80
2215,2026-04-01,4,36
2218,2026-04-01,3,36
2219,2026-04-01,42,882
2220,2026-04-01,19,266
2221,2026-04-01,16,160
2222,2026-04-01,2,48
2224,2026-04-01,147,3087
2226,2026-04-01,4,72
2227,2026-04-01,2,24
2229,2026-04-01,14,196
2230,2026-04-01,4,80
2231,2026-04-01,4,80
2232,2026-04-01,6,48
2233,2026-04-01,8,80
2234,2026-04-01,14,168
2236,2026-04-01,35,735
2237,2026-04-01,9,180
2238,2026-04-01,12,204
2240,2026-04-01,37,666
2241,2026-04-01,14,154
2242,2026-04-01,4,36
2243,2026-04-01,31,775
2244,2026-04-01,5,75
2245,2026-04-01,19,285
2246,2026-04-01,9,198
2248,2026-04-01,16,336
2249,2026-04-01,1,11
2250,2026-04-01,36,684
2251,2026-04-01,30,600
2252,2026-04-01,10,250
2254,2026-04-01,5,40
2256,2026-04-01,4,80
2258,2026-04-01,12,216
2260,2026-04-01,12,216
2261,2026-04-01,3,57
2263,2026-04-01,3,39
2265,2026-04-01,14,322
2266,2026-04-01,4,76
2267,2026-04-01,7,147
2270,2026-04-01,5,105
2271,2026-04-01,20,340
2273,2026-04-01,6,90
2274,2026-04-01,27,675
2276,2026-04-01,7,77
2280,2026-04-01,22,286
2281,2026-04-01,29,522
2283,2026-04-01,8,144
2284,2026-04-01,52,884
2285,2026-04-01,10,170
2286,2026-04-01,8,200
2288,2026-04-01,166,3818
2289,2026-04-01,53,477
2291,2026-04-01,5,105
2292,2026-04-01,5,65
2293,2026-04-01,19,285
2296,2026-04-01,7,56
2297,2026-04-01,6,66
2299,2026-04-01,8,144
2301,2026-04-01,5,55
2302,2026-04-01,5,60
2304,2026-04-01,29,493
2305,2026-04-01,4,76
2308,2026-04-01,10,90
2309,2026-04-01,36,576
2310,2026-04-01,2,50
2312,2026-04-01,5,60
2313,2026-04-01,38,342
2315,2026-04-01,13,195
2316,2026-04-01,6,96
2317,2026-04-01,11,264
2319,2026-04-01,2,34
2320,2026-04-01,10,220
2321,2026-04-01,8,64
2322,2026-04-01,7,126
2323,2026-04-01,31,620
2325,2026-04-01,10,80
2326,2026-04-01,10,130
2327,2026-04-01,43,860
2328,2026-04-01,45,855
2329,2026-04-01,55,990
2330,2026-04-01,140,3360
2333,2026-04-01,55,1320
2334,2026-04-01,14,266
2335,2026-04-01,3,27
2336,2026-04-01,6,90
2337,2026-04-01,7,91
2338,2026-04-01,6,54
2339,2026-04-01,21,273
2341,2026-04-01,8,184
2343,2026-04-01,22,264
2344,2026-04-01,1,15
2345,2026-04-01,5,105
2346,2026-04-01,32,320
2348,2026-04-01,33,792
2351,2026-04-01,2,18
2352,2026-04-01,14,196
2354,2026-04-01,21,483
2356,2026-04-01,38,836
2358,2026-04-01,6,138
2359,2026-04-01,11,264
2362,2026-04-01,8,136
2363,2026-04-01,3,72
2364,2026-04-01,177,1416
2365,2026-04-01,9,162
2367,2026-04-01,19,475
2368,2026-04-01,10,80
2369,2026-04-01,16,176
2370,2026-04-01,50,400
2376,2026-04-01,9,171
2377,2026-04-01,4,64
2378,2026-04-01,1,19
2381,2026-04-01,25,625
2382,2026-04-01,6,150
2383,2026-04-01,48,672
2384,2026-04-01,10,180
2385,2026-04-01,0,0
2386,2026-04-01,3,45
2387,2026-04-01,22,506
2389,2026-04-01,20,380
2390,2026-04-01,35,315
2391,2026-04-01,32,512
2393,2026-04-01,7,56
2395,2026-04-01,11,88
2396,2026-04-01,19,304
2397,2026-04-01,10,220
2398,2026-04-01,20,220
2399,2026-04-01,10,150
2401,2026-04-01,81,1620
2402,2026-04-01,9,108
2403,2026-04-01,6,108
2404,2026-04-01,14,112
2405,2026-04-01,15,225
2406,2026-04-01,4,56
2410,2026-04-01,8,136
2411,2026-04-01,160,3360
2413,2026-04-01,30,600
2415,2026-04-01,15,270
2416,2026-04-01,138,2484
2418,2026-04-01,62,1240
2419,2026-04-01,2,36
2420,2026-04-01,4,56
2421,2026-04-01,141,2961
2422,2026-04-01,4,56
2423,2026-04-01,19,475
2424,2026-04-01,15,330
2426,2026-04-01,13,169
2427,2026-04-01,5,45
2428,2026-04-01,18,360
2429,2026-04-01,79,869
2430,2026-04-01,3,63
2431,2026-04-01,4,64
2432,2026-04-01,4,60
2433,2026-04-01,21,294
2435,2026-04-01,94,1880
2436,2026-04-01,1,14
2437,2026-04-01,112,1792
2439,2026-04-01,30,240
2440,2026-04-01,26,338
2441,2026-04-01,4,44
2442,2026-04-01,2,50
2444,2026-04-01,2,36
2445,2026-04-01,38,570
2447,2026-04-01,49,1078
2448,2026-04-01,6,138
2449,2026-04-01,4,84
2450,2026-04-01,31,713
2451,2026-04-01,5,115
2453,2026-04-01,23,207
2455,2026-04-01,35,840
2456,2026-04-01,5,50
2458,2026-04-01,2,48
2461,2026-04-01,1,17
2463,2026-04-01,9,171
2464,2026-04-01,9,72
2465,2026-04-01,7,91
2466,2026-04-01,25,575
2467,2026-04-01,5,60
2469,2026-04-01,169,2028
2470,2026-04-01,10,230
2471,2026-04-01,30,570
2472,2026-04-01,3,60
2473,2026-04-01,9,72
2474,2026-04-01,123,2091
2475,2026-04-01,17,374
2476,2026-04-01,32,640
2477,2026-04-01,5,75
2478,2026-04-01,3,60
2479,2026-04-01,27,648
2480,2026-04-01,24,192
2482,2026-04-01,5,100
2483,2026-04-01,14,322
2484,2026-04-01,14,168
2485,2026-04-01,5,50
2488,2026-04-01,4,88
2489,2026-04-01,15,345
2491,2026-04-01,26,546
2493,2026-04-01,137,3288
2495,2026-04-01,75,750
2496,2026-04-01,3,60
2497,2026-04-01,18,324
2499,2026-04-01,2,38
2501,2026-04-01,47,1128
2504,2026-04-01,4,36
2505,2026-04-01,41,410
2506,2026-04-01,37,370
2507,2026-04-01,41,451
2509,2026-04-01,39,858
2512,2026-04-01,69,1380
2513,2026-04-01,20,300
2514,2026-04-01,35,595
2515,2026-04-01,9,171
2516,2026-04-01,14,210
2517,2026-04-01,9,216
2518,2026-04-01,14,168
2519,2026-04-01,70,1400
2522,2026-04-01,43,602
2524,2026-04-01,7,63
2525,2026-04-01,8,160
2526,2026-04-01,4,68
2527,2026-04-01,29,493
2530,2026-04-01,7,133
2531,2026-04-01,14,210
2532,2026-04-01,98,1666
2533,2026-04-01,8,136
2534,2026-04-01,6,48
2536,2026-04-01,6,54
2537,2026-04-01,7,63
2538,2026-04-01,15,180
2539,2026-04-01,5,40
2540,2026-04-01,3,51
2541,2026-04-01,77,1694
2542,2026-04-01,18,360
2543,2026-04-01,3,33
2544,2026-04-01,289,2890
2545,2026-04-01,223,4460
2546,2026-04-01,4,84
2547,2026-04-01,159,2703
2549,2026-04-01,4,96
2550,2026-04-01,93,930
2552,2026-04-01,1,18
2554,2026-04-01,29,290
2557,2026-04-01,4,40
2558,2026-04-01,3,36
2559,2026-04-01,7,63
2560,2026-04-01,9,153
2562,2026-04-01,21,420
2564,2026-04-01,1,21
2565,2026-04-01,33,561
2566,2026-04-01,5,90
2567,2026-04-01,23,414
2568,2026-04-01,21,483
2571,2026-04-01,37,592
2572,2026-04-01,8,104
2573,2026-04-01,10,140
2574,2026-04-01,8,144
2575,2026-04-01,9,90
2577,2026-04-01,7,175
2578,2026-04-01,6,150
2580,2026-04-01,3,48
2581,2026-04-01,3,60
2582,2026-04-01,4,40
2583,2026-04-01,40,480
2585,2026-04-01,13,234
2586,2026-04-01,4,56
2590,2026-04-01,18,324
2593,2026-04-01,6,54
2595,2026-04-01,12,120
2596,2026-04-01,11,231
2599,2026-04-01,4,68
2602,2026-04-01,35,595
2603,2026-04-01,30,480
2604,2026-04-01,13,195
2605,2026-04-01,3,66
2607,2026-04-01,8,80
2608,2026-04-01,4,100
2611,2026-04-01,3,30
2612,2026-04-01,8,80
2614,2026-04-01,47,893
2616,2026-04-01,2,32
2619,2026-04-01,39,936
2620,2026-04-01,5,110
2621,2026-04-01,18,270
2622,2026-04-01,16,320
2624,2026-04-01,9,99
2627,2026-04-01,4,52
2628,2026-04-01,2,48
2629,2026-04-01,3,24
2631,2026-04-01,6,108
2632,2026-04-01,5,60
2635,2026-04-01,7,70
2637,2026-04-01,11,99
2638,2026-04-01,22,198
2640,2026-04-01,171,2907
2643,2026-04-01,3,69
2644,2026-04-01,2,44
2645,2026-04-01,31,589
2647,2026-04-01,5,120
2648,2026-04-01,37,740
2649,2026-04-01,10,130
2650,2026-04-01,8,192
2651,2026-04-01,11,99
2653,2026-04-01,74,1406
2655,2026-04-01,8,88
2656,2026-04-01,2,36
2657,2026-04-01,26,338
2658,2026-04-01,10,190
2659,2026-04-01,173,2076
2663,2026-04-01,17,221
2664,2026-04-01,6,138
2665,2026-04-01,33,792
2666,2026-04-01,28,532
2667,2026-04-01,8,120
2669,2026-04-01,29,290
2671,2026-04-01,14,126
2672,2026-04-01,8,184
2673,2026-04-01,45,675
2674,2026-04-01,4,100
2675,2026-04-01,2,38
2676,2026-04-01,8,160
2677,2026-04-01,33,297
2678,2026-04-01,12,240
2679,2026-04-01,49,1078
2680,2026-04-01,63,1008
2681,2026-04-01,7,98
2682,2026-04-01,9,180
2683,2026-04-01,3,48
2684,2026-04-01,17,357
2685,2026-04-01,46,644
2686,2026-04-01,180,4320
2688,2026-04-01,3,51
2689,2026-04-01,111,1332
2690,2026-04-01,19,266
2691,2026-04-01,2,32
2692,2026-04-01,15,270
2693,2026-04-01,10,250
2694,2026-04-01,16,160
2696,2026-04-01,12,300
2697,2026-04-01,11,110
2698,2026-04-01,18,342
2700,2026-04-01,17,374
2701,2026-04-01,6,90
2702,2026-04-01,12,120
2703,2026-04-01,4,92
2704,2026-04-01,4,40
2705,2026-04-01,138,1794
2706,2026-04-01,11,165
2708,2026-04-01,5,105
2709,2026-04-01,39,858
2710,2026-04-01,21,231
2711,2026-04-01,27,243
2712,2026-04-01,24,600
2715,2026-04-01,10,140
2716,2026-04-01,6,72
2718,2026-04-01,5,80
2719,2026-04-01,8,112
2720,2026-04-01,8,152
2721,2026-04-01,14,308
2723,2026-04-01,25,525
2724,2026-04-01,59,944
2726,2026-04-01,7,119
2727,2026-04-01,13,195
2728,2026-04-01,3,54
2729,2026-04-01,12,264
2730,2026-04-01,4,48
2731,2026-04-01,0,0
2732,2026-04-01,12,288
2734,2026-04-01,27,324
2735,2026-04-01,5,75
2739,2026-04-01,7,84
2740,2026-04-01,41,861
2741,2026-04-01,11,99
2742,2026-04-01,4,52
2743,2026-04-01,6,132
2744,2026-04-01,4,32
2745,2026-04-01,11,121
2746,2026-04-01,18,414
2747,2026-04-01,4,48
2748,2026-04-01,9,126
2749,2026-04-01,38,532
2751,2026-04-01,8,136
2752,2026-04-01,4,80
2753,2026-04-01,23,276
2754,2026-04-01,26,494
2755,2026-04-01,6,96
2756,2026-04-01,39,351
2757,2026-04-01,9,117
2758,2026-04-01,14,336
2761,2026-04-01,26,286
2762,2026-04-01,6,144
2763,2026-04-01,16,192
2764,2026-04-01,4,96
2765,2026-04-01,26,520
2766,2026-04-01,36,576
2767,2026-04-01,27,351
2769,2026-04-01,2,38
2771,2026-04-01,11,99
2773,2026-04-01,2,34
2774,2026-04-01,102,1122
2778,2026-04-01,8,136
2779,2026-04-01,18,234
2781,2026-04-01,30,480
2782,2026-04-01,4,84
2783,2026-04-01,34,578
2784,2026-04-01,6,114
2785,2026-04-01,36,324
2786,2026-04-01,13,143
2787,2026-04-01,2,42
2788,2026-04-01,2,40
2789,2026-04-01,130,2600
2791,2026-04-01,79,632
2792,2026-04-01,8,168
2793,2026-04-01,28,252
2794,2026-04-01,7,112
2795,2026-04-01,41,943
2796,2026-04-01,31,589
2798,2026-04-01,5,75
2799,2026-04-01,37,666
2800,2026-04-01,4,64
2801,2026-04-01,19,171
2803,2026-04-01,20,360
2804,2026-04-01,43,989
2805,2026-04-01,3,30
2806,2026-04-01,227,3632
2807,2026-04-01,2,18
2808,2026-04-01,4,64
2809,2026-04-01,6,84
2812,2026-04-01,2,32
2814,2026-04-01,17,306
2815,2026-04-01,7,63
2816,2026-04-01,7,154
2817,2026-04-01,32,288
2818,2026-04-01,9,180
2819,2026-04-01,30,720
2822,2026-04-01,173,4152
2825,2026-04-01,35,490
2827,2026-04-01,7,77
2828,2026-04-01,205,4920
2830,2026-04-01,5,40
2831,2026-04-01,9,171
2832,2026-04-01,7,154
2833,2026-04-01,5,85
2834,2026-04-01,9,225
2835,2026-04-01,4,52
2836,2026-04-01,177,3009
2837,2026-04-01,8,144
2839,2026-04-01,8,88
2841,2026-04-01,6,72
2842,2026-04-01,88,1760
2843,2026-04-01,8,136
2844,2026-04-01,36,720
2845,2026-04-01,4,76
2848,2026-04-01,15,330
2849,2026-04-01,28,588
2850,2026-04-01,8,160
2852,2026-04-01,9,198
2853,2026-04-01,5,65
2854,2026-04-01,31,403
2855,2026-04-01,2,26
2856,2026-04-01,7,140
2857,2026-04-01,10,170
2858,2026-04-01,178,2136
2860,2026-04-01,37,555
2861,2026-04-01,13,234
2863,2026-04-01,37,629
2864,2026-04-01,50,400
2865,2026-04-01,6,60
2866,2026-04-01,45,810
2867,2026-04-01,219,5475
2868,2026-04-01,24,264
2869,2026-04-01,4,32
2870,2026-04-01,4,40
2871,2026-04-01,9,81
2872,2026-04-01,3,33
2873,2026-04-01,4,96
2874,2026-04-01,14,252
2875,2026-04-01,6,72
2877,2026-04-01,6,132
2878,2026-04-01,7,119
2879,2026-04-01,7,140
2880,2026-04-01,7,147
2881,2026-04-01,18,180
2885,2026-04-01,6,90
2886,2026-04-01,39,663
2887,2026-04-01,4,44
2889,2026-04-01,53,477
2891,2026-04-01,3,36
2892,2026-04-01,3,57
2893,2026-04-01,6,150
2894,2026-04-01,13,325
2895,2026-04-01,3,27
2896,2026-04-01,48,720
2898,2026-04-01,19,456
2899,2026-04-01,2,40
2901,2026-04-01,1,24
2904,2026-04-01,2,16
2905,2026-04-01,28,644
2906,2026-04-01,132,2904
2907,2026-04-01,5,125
2909,2026-04-01,83,1992
2910,2026-04-01,9,144
2911,2026-04-01,6,108
2912,2026-04-01,5,110
2913,2026-04-01,1,10
2915,2026-04-01,5,90
2916,2026-04-01,6,132
2917,2026-04-01,2,36
2918,2026-04-01,4,88
2920,2026-04-01,19,171
2921,2026-04-01,169,3380
2922,2026-04-01,54,756
2923,2026-04-01,5,85
2924,2026-04-01,11,110
2925,2026-04-01,4,52
2926,2026-04-01,12,120
2927,2026-04-01,33,429
2928,2026-04-01,5,50
2929,2026-04-01,5,60
2931,2026-04-01,10,100
2932,2026-04-01,14,294
2933,2026-04-01,24,600
2934,2026-04-01,252,4788
2936,2026-04-01,2,28
2937,2026-04-01,22,220
2938,2026-04-01,7,56
2939,2026-04-01,84,1092
2940,2026-04-01,45,855
2941,2026-04-01,13,169
2944,2026-04-01,6,138
2945,2026-04-01,36,864
2948,2026-04-01,26,572
2949,2026-04-01,3,39
2950,2026-04-01,26,208
2951,2026-04-01,8,184
2952,2026-04-01,62,682
2953,2026-04-01,5,100
2954,2026-04-01,8,104
2956,2026-04-01,18,162
2957,2026-04-01,5,80
2959,2026-04-01,150,1350
2961,2026-04-01,10,100
2962,2026-04-01,9,189
2965,2026-04-01,12,108
2966,2026-04-01,6,144
2967,2026-04-01,5,55
2968,2026-04-01,31,744
2969,2026-04-01,31,248
2971,2026-04-01,7,105
2972,2026-04-01,6,126
2973,2026-04-01,49,1029
2974,2026-04-01,26,468
2975,2026-04-01,22,308
2976,2026-04-01,2,26
2978,2026-04-01,3,48
2979,2026-04-01,40,880
2980,2026-04-01,9,72
2981,2026-04-01,4,52
2982,2026-04-01,49,1176
2983,2026-04-01,3,30
2984,2026-04-01,8,120
2986,2026-04-01,9,162
2988,2026-04-01,32,448
2989,2026-04-01,64,1152
2990,2026-04-01,14,196
2991,2026-04-01,163,3423
2992,2026-04-01,13,273
2993,2026-04-01,6,72
2994,2026-04-01,1,23
2995,2026-04-01,4,32
2996,2026-04-01,3,48
2997,2026-04-01,20,380
2998,2026-04-01,3,42
2999,2026-04-01,104,832
3000,2026-04-01,13,104
3001,2026-04-01,5,125
3003,2026-04-01,61,1220
3005,2026-04-01,26,260
3006,2026-04-01,6,66
3009,2026-04-01,6,72
3010,2026-04-01,25,550
3011,2026-04-01,46,828
3012,2026-04-01,10,130
3013,2026-04-01,1,11
3014,2026-04-01,11,165
3015,2026-04-01,2,44
3016,2026-04-01,21,294
3017,2026-04-01,39,546
3018,2026-04-01,3,27
3019,2026-04-01,7,126
3020,2026-04-01,1,13
3021,2026-04-01,10,80
3022,2026-04-01,8,176
3023,2026-04-01,191,4393
3024,2026-04-01,16,336
3026,2026-04-01,6,120
3028,2026-04-01,16,256
3029,2026-04-01,3,63
3030,2026-04-01,38,836
3031,2026-04-01,8,160
3032,2026-04-01,1,9
3033,2026-04-01,7,70
3034,2026-04-01,5,70
3035,2026-04-01,12,192
3036,2026-04-01,16,352
3038,2026-04-01,73,949
3040,2026-04-01,7,63
3041,2026-04-01,2,50
3042,2026-04-01,14,196
3045,2026-04-01,18,180
3046,2026-04-01,9,144
3047,2026-04-01,9,117
3048,2026-04-01,19,209
3049,2026-04-01,101,1414
3050,2026-04-01,7,70
3051,2026-04-01,2,38
3052,2026-04-01,12,276
3054,2026-04-01,170,3740
3055,2026-04-01,6,120
3056,2026-04-01,10,110
3058,2026-04-01,6,144
3059,2026-04-01,3,66
3060,2026-04-01,98,1274
3061,2026-04-01,3,51
3062,2026-04-01,23,230
3063,2026-04-01,9,81
3064,2026-04-01,14,168
3065,2026-04-01,18,180
3066,2026-04-01,7,140
3067,2026-04-01,6,126
3068,2026-04-01,16,336
3069,2026-04-01,32,256
3070,2026-04-01,53,1007
3071,2026-04-01,5,80
3072,2026-04-01,27,486
3073,2026-04-01,12,276
3074,2026-04-01,59,885
3075,2026-04-01,13,299
3076,2026-04-01,5,105
3079,2026-04-01,23,552
3080,2026-04-01,30,750
3081,2026-04-01,9,81
3082,2026-04-01,3,51
3084,2026-04-01,6,78
3085,2026-04-01,21,315
3087,2026-04-01,12,144
3088,2026-04-01,4,80
3089,2026-04-01,24,216
3090,2026-04-01,55,715
3091,2026-04-01,3,36
3092,2026-04-01,7,126
3093,2026-04-01,15,255
3094,2026-04-01,22,396
3096,2026-04-01,8,176
3098,2026-04-01,16,352
3099,2026-04-01,9,72
3100,2026-04-01,7,168
3102,2026-04-01,13,273
3103,2026-04-01,6,60
3104,2026-04-01,25,225
3106,2026-04-01,91,2184
3107,2026-04-01,6,120
3108,2026-04-01,7,84
3109,2026-04-01,12,168
3110,2026-04-01,29,464
3111,2026-04-01,20,200
3112,2026-04-01,18,306
3113,2026-04-01,7,56
3114,2026-04-01,2,38
3115,2026-04-01,6,78
3117,2026-04-01,16,320
3119,2026-04-01,20,440
3120,2026-04-01,3,39
3121,2026-04-01,50,1150
3124,2026-04-01,38,532
3125,2026-04-01,5,75
3126,2026-04-01,5,105
3127,2026-04-01,6,90
3128,2026-04-01,11,110
3129,2026-04-01,2,50
3130,2026-04-01,5,90
3131,2026-04-01,2,22
3132,2026-04-01,4,88
3133,2026-04-01,7,140
3134,2026-04-01,22,286
3135,2026-04-01,10,110
3136,2026-04-01,8,160
3137,2026-04-01,47,611
3138,2026-04-01,22,352
3139,2026-04-01,46,828
3140,2026-04-01,8,120
3141,2026-04-01,9,207
3144,2026-04-01,6,114
3145,2026-04-01,6,126
3147,2026-04-01,8,128
3148,2026-04-01,23,230
3149,2026-04-01,3,39
3151,2026-04-01,3,57
3152,2026-04-01,3,69
3153,2026-04-01,9,189
3154,2026-04-01,5,75
3155,2026-04-01,47,376
3157,2026-04-01,17,153
3158,2026-04-01,10,80
3159,2026-04-01,59,1062
3160,2026-04-01,6,72
3161,2026-04-01,205,1640
3162,2026-04-01,9,90
3163,2026-04-01,6,132
3164,2026-04-01,3,27
3165,2026-04-01,5,100
3167,2026-04-01,10,240
3168,2026-04-01,13,325
3169,2026-04-01,4,76
3170,2026-04-01,23,322
3172,2026-04-01,43,645
3173,2026-04-01,107,2675
3174,2026-04-01,2,50
3175,2026-04-01,80,1040
3176,2026-04-01,2,22
3177,2026-04-01,37,555
3178,2026-04-01,9,126
3179,2026-04-01,20,280
3180,2026-04-01,5,40
3181,2026-04-01,9,90
3182,2026-04-01,73,1022
3183,2026-04-01,25,500
3185,2026-04-01,42,546
3186,2026-04-01,20,160
3187,2026-04-01,4,32
3188,2026-04-01,6,54
3189,2026-04-01,180,2700
3190,2026-04-01,11,165
3191,2026-04-01,11,220
3192,2026-04-01,11,176
3193,2026-04-01,17,357
3194,2026-04-01,1,22
3195,2026-04-01,19,190
3196,2026-04-01,8,64
3198,2026-04-01,34,714
3199,2026-04-01,9,162
3200,2026-04-01,1,11
3201,2026-04-01,12,288
3202,2026-04-01,15,360
3203,2026-04-01,4,80
3204,2026-04-01,26,442
3205,2026-04-01,5,45
3206,2026-04-01,3,36
3207,2026-04-01,37,444
3208,2026-04-01,1,25
3209,2026-04-01,11,220
3210,2026-04-01,31,775
3211,2026-04-01,90,900
3212,2026-04-01,19,323
3213,2026-04-01,5,105
3214,2026-04-01,6,144
3215,2026-04-01,118,2478
3216,2026-04-01,45,990
3217,2026-04-01,26,312
3218,2026-04-01,108,2592
3219,2026-04-01,44,528
3220,2026-04-01,162,2916
3221,2026-04-01,5,95
3222,2026-04-01,34,442
3223,2026-04-01,6,114
3225,2026-04-01,2,42
3226,2026-04-01,8,144
3227,2026-04-01,19,361
3228,2026-04-01,32,800
3229,2026-04-01,3,27
3230,2026-04-01,7,56
3231,2026-04-01,2,34
3232,2026-04-01,12,240
3233,2026-04-01,34,442
3234,2026-04-01,12,156
3235,2026-04-01,146,1752
3237,2026-04-01,23,368
3238,2026-04-01,11,220
3239,2026-04-01,10,230
3240,2026-04-01,17,306
3241,2026-04-01,9,207
3242,2026-04-01,5,60
3243,2026-04-01,12,240
3245,2026-04-01,30,360
3246,2026-04-01,19,304
3247,2026-04-01,6,72
3248,2026-04-01,111,2442
3249,2026-04-01,5,50
3250,2026-04-01,10,210
3252,2026-04-01,5,65
3253,2026-04-01,7,77
3254,2026-04-01,23,529
3255,2026-04-01,9,99
3256,2026-04-01,11,253
3257,2026-04-01,5,45
3258,2026-04-01,37,555
3259,2026-04-01,9,99
3260,2026-04-01,7,126
3261,2026-04-01,17,238
3262,2026-04-01,10,230
3263,2026-04-01,13,325
3264,2026-04-01,4,56
3265,2026-04-01,4,48
3266,2026-04-01,6,126
3267,2026-04-01,25,250
3268,2026-04-01,23,299
3270,2026-04-01,11,264
3271,2026-04-01,4,52
3272,2026-04-01,13,104
3273,2026-04-01,2,36
3274,2026-04-01,169,4225
3275,2026-04-01,4,44
3276,2026-04-01,153,2142
3277,2026-04-01,4,36
3278,2026-04-01,11,99
3279,2026-04-01,8,136
3280,2026-04-01,13,169
3281,2026-04-01,4,80
3283,2026-04-01,198,3168
3284,2026-04-01,12,204
3285,2026-04-01,16,320
3286,2026-04-01,7,133
3287,2026-04-01,37,851
3288,2026-04-01,7,147
3289,2026-04-01,20,280
3290,2026-04-01,5,40
3291,2026-04-01,2,48
3292,2026-04-01,2,28
3293,2026-04-01,29,377
3294,2026-04-01,9,117
3295,2026-04-01,11,121
3296,2026-04-01,4,80
3297,2026-04-01,10,180
3298,2026-04-01,69,690
3299,2026-04-01,14,322
3300,2026-04-01,8,120
3301,2026-04-01,28,364
3302,2026-04-01,138,1794
3303,2026-04-01,18,378
3304,2026-04-01,27,270
3305,2026-04-01,8,104
3306,2026-04-01,5,105
3307,2026-04-01,140,3080
3308,2026-04-01,5,60
3310,2026-04-01,7,112
3311,2026-04-01,5,75
3313,2026-04-01,10,230
3314,2026-04-01,11,209
3315,2026-04-01,15,240
3316,2026-04-01,5,60
3317,2026-04-01,20,240
3318,2026-04-01,23,299
3319,2026-04-01,5,80
3320,2026-04-01,10,250
3321,2026-04-01,49,1078
3322,2026-04-01,3,45
3323,2026-04-01,8,88
3324,2026-04-01,4,40
3325,2026-04-01,183,2379
3326,2026-04-01,35,560
3327,2026-04-01,6,144
3328,2026-04-01,15,375
3329,2026-04-01,176,4400
3330,2026-04-01,12,264
3331,2026-04-01,3,48
3332,2026-04-01,5,80
3333,2026-04-01,3,54
3334,2026-04-01,10,190
3335,2026-04-01,5,120
3336,2026-04-01,5,70
3337,2026-04-01,23,276
3338,2026-04-01,7,112
3339,2026-04-01,17,272
3340,2026-04-01,26,364
3341,2026-04-01,11,121
3342,2026-04-01,30,360
3343,2026-04-01,17,425
3344,2026-04-01,22,242
3345,2026-04-01,22,374
3346,2026-04-01,10,150
3347,2026-04-01,146,3066
3348,2026-04-01,6,60
3349,2026-04-01,33,726
3350,2026-04-01,2,50
3351,2026-04-01,7,133
3352,2026-04-01,41,820
3353,2026-04-01,33,363
3354,2026-04-01,3,63
3355,2026-04-01,29,406
3356,2026-04-01,82,1148
3357,2026-04-01,6,120
3358,2026-04-01,7,175
3359,2026-04-01,32,384
3360,2026-04-01,6,138
3361,2026-04-01,7,133
3362,2026-04-01,10,130
3363,2026-04-01,7,98
3364,2026-04-01,4,88
3365,2026-04-01,5,85
3366,2026-04-01,40,600
3367,2026-04-01,199,2985
3368,2026-04-01,5,40
3369,2026-04-01,8,80
3370,2026-04-01,5,115
3371,2026-04-01,9,144
3372,2026-04-01,3,51
3373,2026-04-01,43,430
3374,2026-04-01,58,638
3375,2026-04-01,7,140
3376,2026-04-01,8,120
3377,2026-04-01,6,138
3378,2026-04-01,2,30
3379,2026-04-01,105,1260
3380,2026-04-01,3,75
3381,2026-04-01,11,165
3382,2026-04-01,9,126
3383,2026-04-01,9,198
3384,2026-04-01,3,75
3385,2026-04-01,5,115
3386,2026-04-01,6,132
3387,2026-04-01,4,56
3388,2026-04-01,25,200
3389,2026-04-01,6,126
3390,2026-04-01,25,325
3391,2026-04-01,76,1748
3392,2026-04-01,10,230
3393,2026-04-01,9,171
3394,2026-04-01,52,468
3395,2026-04-01,6,66
3396,2026-04-01,17,238
3397,2026-04-01,24,408
3398,2026-04-01,13,117
3399,2026-04-01,13,273
3400,2026-04-01,50,1050
3401,2026-04-01,9,72
3402,2026-04-01,12,300
3403,2026-04-01,30,600
3404,2026-04-01,20,240
1002,2026-05-01,8,160
1007,2026-05-01,16,192
1008,2026-05-01,38,304
1010,2026-05-01,2,16
1012,2026-05-01,37,666
1013,2026-05-01,258,2322
1016,2026-05-01,6,66
1025,2026-05-01,22,462
1026,2026-05-01,196,3724
1027,2026-05-01,12,276
1028,2026-05-01,5,75
1033,2026-05-01,4,68
1038,2026-05-01,9,153
1039,2026-05-01,3,63
1040,2026-05-01,37,518
1042,2026-05-01,38,570
1043,2026-05-01,23,253
1045,2026-05-01,103,1751
1053,2026-05-01,91,1911
1059,2026-05-01,388,5432
1060,2026-05-01,18,162
1062,2026-05-01,38,646
1064,2026-05-01,431,10775
1065,2026-05-01,39,507
1067,2026-05-01,22,396
1072,2026-05-01,5,60
1078,2026-05-01,11,154
1079,2026-05-01,19,247
1085,2026-05-01,45,585
1089,2026-05-01,52,520
1091,2026-05-01,8,184
1092,2026-05-01,9,72
1093,2026-05-01,68,612
1094,2026-05-01,43,903
1096,2026-05-01,42,924
1098,2026-05-01,17,255
1099,2026-05-01,8,112
1102,2026-05-01,3,27
1111,2026-05-01,7,175
1112,2026-05-01,4,36
1113,2026-05-01,20,160
1115,2026-05-01,68,1088
1124,2026-05-01,15,315
1126,2026-05-01,2,26
1127,2026-05-01,39,975
1129,2026-05-01,0,0
1130,2026-05-01,4,32
1131,2026-05-01,6,138
1134,2026-05-01,27,648
1139,2026-05-01,2,30
1140,2026-05-01,40,800
1143,2026-05-01,113,2373
1144,2026-05-01,18,432
1146,2026-05-01,12,192
1147,2026-05-01,18,306
1151,2026-05-01,22,352
1152,2026-05-01,5,120
1153,2026-05-01,8,200
1154,2026-05-01,61,854
1157,2026-05-01,52,832
1158,2026-05-01,2,20
1160,2026-05-01,3,36
1161,2026-05-01,1,12
1167,2026-05-01,14,350
1170,2026-05-01,39,429
1172,2026-05-01,68,884
1174,2026-05-01,15,225
1175,2026-05-01,43,387
1177,2026-05-01,4,96
1179,2026-05-01,31,558
1181,2026-05-01,6,126
1183,2026-05-01,5,80
1185,2026-05-01,18,162
1186,2026-05-01,23,230
1187,2026-05-01,79,1264
1189,2026-05-01,14,182
1192,2026-05-01,15,120
1194,2026-05-01,31,248
1195,2026-05-01,8,104
1196,2026-05-01,31,434
1198,2026-05-01,30,510
1199,2026-05-01,51,663
1200,2026-05-01,494,6916
1207,2026-05-01,26,468
1208,2026-05-01,17,408
1211,2026-05-01,4,100
1212,2026-05-01,9,72
1213,2026-05-01,110,2420
1214,2026-05-01,2,42
1216,2026-05-01,3,39
1219,2026-05-01,5,100
1221,2026-05-01,4,72
1222,2026-05-01,34,748
1227,2026-05-01,27,513
1229,2026-05-01,6,126
1231,2026-05-01,50,650
1234,2026-05-01,70,1610
1235,2026-05-01,4,84
1237,2026-05-01,1,22
1241,2026-05-01,3,72
1242,2026-05-01,66,1056
1244,2026-05-01,7,112
1249,2026-05-01,3,66
1250,2026-05-01,11,220
1256,2026-05-01,10,160
1257,2026-05-01,10,200
1258,2026-05-01,13,117
1259,2026-05-01,121,1815
1261,2026-05-01,122,2806
1262,2026-05-01,245,2205
1263,2026-05-01,11,242
1265,2026-05-01,7,168
1266,2026-05-01,44,792
1267,2026-05-01,5,55
1270,2026-05-01,258,2580
1274,2026-05-01,116,1392
1275,2026-05-01,164,3444
1279,2026-05-01,1,11
1281,2026-05-01,32,384
1282,2026-05-01,4,44
1285,2026-05-01,59,1003
1287,2026-05-01,107,1819
1288,2026-05-01,2,28
1289,2026-05-01,9,207
1291,2026-05-01,50,650
1297,2026-05-01,4,64
1299,2026-05-01,4,80
1301,2026-05-01,2,24
1302,2026-05-01,27,216
1304,2026-05-01,14,294
1305,2026-05-01,48,1152
1308,2026-05-01,9,216
1310,2026-05-01,61,610
1312,2026-05-01,7,63
1315,2026-05-01,25,275
1317,2026-05-01,4,84
1318,2026-05-01,18,396
1320,2026-05-01,8,168
1321,2026-05-01,9,180
1322,2026-05-01,118,2714
1323,2026-05-01,29,377
1327,2026-05-01,51,663
1329,2026-05-01,17,204
1335,2026-05-01,10,100
1336,2026-05-01,31,341
1337,2026-05-01,172,3268
1339,2026-05-01,52,832
1341,2026-05-01,20,160
1342,2026-05-01,14,140
1343,2026-05-01,69,1173
1344,2026-05-01,0,0
1346,2026-05-01,20,360
1347,2026-05-01,6,126
1348,2026-05-01,8,64
1351,2026-05-01,9,180
1352,2026-05-01,29,493
1353,2026-05-01,4,68
1354,2026-05-01,1,11
1355,2026-05-01,53,583
1358,2026-05-01,59,1003
1363,2026-05-01,52,520
1367,2026-05-01,9,171
1369,2026-05-01,3,45
1372,2026-05-01,28,420
1373,2026-05-01,84,1008
1374,2026-05-01,6,102
1375,2026-05-01,160,2880
1380,2026-05-01,3,27
1381,2026-05-01,8,192
1385,2026-05-01,2,32
1386,2026-05-01,5,110
1387,2026-05-01,3,75
1389,2026-05-01,20,340
1393,2026-05-01,14,322
1395,2026-05-01,14,140
1397,2026-05-01,10,90
1400,2026-05-01,46,1150
1402,2026-05-01,72,864
1404,2026-05-01,5,125
1405,2026-05-01,52,416
1409,2026-05-01,39,975
1410,2026-05-01,37,925
1411,2026-05-01,2,16
1414,2026-05-01,15,180
1416,2026-05-01,5,90
1417,2026-05-01,13,182
1419,2026-05-01,8,88
1420,2026-05-01,209,5225
1422,2026-05-01,38,684
1426,2026-05-01,2,20
1427,2026-05-01,1,12
1428,2026-05-01,67,1474
1432,2026-05-01,8,128
1434,2026-05-01,3,30
1435,2026-05-01,4,68
1436,2026-05-01,26,520
1437,2026-05-01,11,220
1438,2026-05-01,1,14
1439,2026-05-01,90,1890
1444,2026-05-01,24,408
1447,2026-05-01,25,625
1448,2026-05-01,32,640
1450,2026-05-01,19,361
1451,2026-05-01,4,36
1452,2026-05-01,46,966
1455,2026-05-01,23,460
1457,2026-05-01,64,1536
1458,2026-05-01,21,336
1461,2026-05-01,6,60
1462,2026-05-01,43,473
1464,2026-05-01,6,72
1466,2026-05-01,5,70
1468,2026-05-01,20,180
1470,2026-05-01,2,38
1471,2026-05-01,363,6171
1474,2026-05-01,41,738
1476,2026-05-01,119,952
1477,2026-05-01,6,66
1478,2026-05-01,4,92
1479,2026-05-01,1,20
1481,2026-05-01,96,1152
1483,2026-05-01,39,897
1486,2026-05-01,16,304
1487,2026-05-01,21,483
1490,2026-05-01,7,70
1494,2026-05-01,55,1210
1495,2026-05-01,7,112
1498,2026-05-01,6,90
1499,2026-05-01,25,600
1500,2026-05-01,1,15
1503,2026-05-01,20,480
1507,2026-05-01,1,12
1509,2026-05-01,4,76
1514,2026-05-01,16,400
1517,2026-05-01,21,483
1520,2026-05-01,10,200
1521,2026-05-01,5,65
1522,2026-05-01,41,738
1524,2026-05-01,207,2484
1526,2026-05-01,34,476
1528,2026-05-01,29,290
1530,2026-05-01,51,1173
1531,2026-05-01,3,48
1533,2026-05-01,50,450
1534,2026-05-01,3,57
1537,2026-05-01,11,264
1539,2026-05-01,117,2106
1540,2026-05-01,11,143
1541,2026-05-01,40,720
1542,2026-05-01,6,66
1544,2026-05-01,12,96
1545,2026-05-01,55,440
1546,2026-05-01,40,840
1553,2026-05-01,146,1460
1554,2026-05-01,21,168
1556,2026-05-01,11,242
1557,2026-05-01,10,120
1558,2026-05-01,4,60
1562,2026-05-01,7,175
1563,2026-05-01,0,0
1564,2026-05-01,25,375
1565,2026-05-01,4,64
1566,2026-05-01,1,10
1568,2026-05-01,2,20
1569,2026-05-01,338,4394
1570,2026-05-01,35,420
1572,2026-05-01,5,110
1574,2026-05-01,20,300
1575,2026-05-01,51,663
1578,2026-05-01,3,51
1579,2026-05-01,8,200
1581,2026-05-01,32,384
1583,2026-05-01,72,648
1585,2026-05-01,19,399
1587,2026-05-01,1,8
1592,2026-05-01,14,182
1593,2026-05-01,22,462
1596,2026-05-01,18,144
1597,2026-05-01,2,18
1598,2026-05-01,163,1467
1600,2026-05-01,11,110
1605,2026-05-01,44,484
1607,2026-05-01,10,80
1609,2026-05-01,113,1695
1611,2026-05-01,20,220
1612,2026-05-01,83,996
1613,2026-05-01,8,64
1620,2026-05-01,100,1500
1621,2026-05-01,6,132
1625,2026-05-01,10,130
1626,2026-05-01,40,760
1627,2026-05-01,4,60
1630,2026-05-01,105,2100
1631,2026-05-01,46,1104
1634,2026-05-01,32,640
1635,2026-05-01,27,513
1637,2026-05-01,10,80
1638,2026-05-01,32,416
1640,2026-05-01,19,437
1641,2026-05-01,10,150
1642,2026-05-01,12,120
1643,2026-05-01,3,39
1645,2026-05-01,3,42
1646,2026-05-01,160,1760
1649,2026-05-01,3,51
1652,2026-05-01,8,64
1653,2026-05-01,8,160
1656,2026-05-01,50,800
1657,2026-05-01,13,312
1659,2026-05-01,7,91
1660,2026-05-01,12,192
1663,2026-05-01,2,24
1666,2026-05-01,10,210
1670,2026-05-01,6,66
1674,2026-05-01,66,858
1677,2026-05-01,35,700
1678,2026-05-01,19,171
1680,2026-05-01,2,22
1681,2026-05-01,24,384
1682,2026-05-01,2,40
1683,2026-05-01,8,120
1684,2026-05-01,23,299
1686,2026-05-01,20,180
1687,2026-05-01,2,36
1688,2026-05-01,3,30
1689,2026-05-01,131,1572
1690,2026-05-01,13,299
1692,2026-05-01,7,154
1694,2026-05-01,7,84
1695,2026-05-01,3,33
1696,2026-05-01,2,36
1697,2026-05-01,20,180
1699,2026-05-01,29,261
1703,2026-05-01,3,42
1704,2026-05-01,2,24
1707,2026-05-01,65,520
1708,2026-05-01,44,704
1709,2026-05-01,4,32
1711,2026-05-01,51,714
1712,2026-05-01,7,119
1713,2026-05-01,6,66
1714,2026-05-01,96,2208
1715,2026-05-01,4,72
1716,2026-05-01,3,27
1718,2026-05-01,7,119
1719,2026-05-01,37,777
1721,2026-05-01,37,703
1722,2026-05-01,26,494
1723,2026-05-01,4,44
1725,2026-05-01,212,2968
1728,2026-05-01,3,69
1731,2026-05-01,22,418
1732,2026-05-01,5,110
1734,2026-05-01,11,198
1736,2026-05-01,28,476
1737,2026-05-01,4,96
1738,2026-05-01,16,240
1739,2026-05-01,92,1564
1740,2026-05-01,13,273
1741,2026-05-01,32,320
1743,2026-05-01,23,483
1745,2026-05-01,19,190
1746,2026-05-01,17,136
1748,2026-05-01,17,374
1749,2026-05-01,3,30
1751,2026-05-01,175,3325
1752,2026-05-01,23,391
1755,2026-05-01,1,17
1756,2026-05-01,19,247
1759,2026-05-01,133,3325
1760,2026-05-01,27,567
1761,2026-05-01,5,70
1762,2026-05-01,1,8
1763,2026-05-01,62,1364
1764,2026-05-01,3,42
1766,2026-05-01,25,450
1767,2026-05-01,178,3382
1769,2026-05-01,4,56
1770,2026-05-01,11,154
1772,2026-05-01,32,768
1773,2026-05-01,34,850
1774,2026-05-01,39,468
1776,2026-05-01,6,84
1779,2026-05-01,6,78
1782,2026-05-01,3,45
1786,2026-05-01,23,345
1787,2026-05-01,101,2525
1788,2026-05-01,63,1197
1791,2026-05-01,28,392
1793,2026-05-01,2,34
1794,2026-05-01,10,170
1796,2026-05-01,29,580
1797,2026-05-01,32,512
1799,2026-05-01,16,320
1801,2026-05-01,36,396
1802,2026-05-01,176,4048
1803,2026-05-01,6,150
1806,2026-05-01,22,484
1808,2026-05-01,3,24
1810,2026-05-01,3,57
1812,2026-05-01,4,80
1814,2026-05-01,20,160
1817,2026-05-01,26,598
1819,2026-05-01,6,66
1823,2026-05-01,12,96
1828,2026-05-01,12,144
1829,2026-05-01,9,117
1830,2026-05-01,7,84
1831,2026-05-01,7,70
1832,2026-05-01,5,50
1834,2026-05-01,14,224
1837,2026-05-01,6,96
1838,2026-05-01,5,125
1839,2026-05-01,2,22
1840,2026-05-01,30,240
1841,2026-05-01,22,330
1844,2026-05-01,39,351
1845,2026-05-01,3,24
1846,2026-05-01,218,2616
1848,2026-05-01,6,48
1849,2026-05-01,26,520
1850,2026-05-01,6,102
1851,2026-05-01,21,378
1852,2026-05-01,16,288
1853,2026-05-01,1,23
1854,2026-05-01,9,72
1855,2026-05-01,10,90
1857,2026-05-01,3,48
1858,2026-05-01,105,1155
1859,2026-05-01,9,117
1864,2026-05-01,57,1311
1866,2026-05-01,9,81
1867,2026-05-01,1,12
1868,2026-05-01,5,125
1869,2026-05-01,32,640
1870,2026-05-01,5,90
1871,2026-05-01,24,408
1872,2026-05-01,7,161
1873,2026-05-01,3,45
1874,2026-05-01,9,72
1877,2026-05-01,2,44
1880,2026-05-01,7,168
1881,2026-05-01,66,1584
1883,2026-05-01,17,170
1884,2026-05-01,32,736
1888,2026-05-01,24,576
1890,2026-05-01,32,256
1891,2026-05-01,2,40
1892,2026-05-01,72,1440
1893,2026-05-01,11,154
1896,2026-05-01,9,171
1898,2026-05-01,22,550
1899,2026-05-01,30,480
1900,2026-05-01,7,147
1901,2026-05-01,4,60
1902,2026-05-01,14,224
1906,2026-05-01,46,1104
1907,2026-05-01,21,273
1909,2026-05-01,2,26
1910,2026-05-01,7,147
1911,2026-05-01,2,26
1912,2026-05-01,340,3400
1913,2026-05-01,32,448
1914,2026-05-01,95,1330
1917,2026-05-01,23,552
1921,2026-05-01,2,18
1924,2026-05-01,19,361
1925,2026-05-01,2,26
1927,2026-05-01,5,70
1929,2026-05-01,3,66
1931,2026-05-01,9,99
1933,2026-05-01,64,768
1935,2026-05-01,44,484
1936,2026-05-01,59,1180
1938,2026-05-01,98,1568
1939,2026-05-01,2,32
1940,2026-05-01,16,208
1941,2026-05-01,17,221
1943,2026-05-01,9,153
1944,2026-05-01,156,2028
1946,2026-05-01,5,105
1947,2026-05-01,2,22
1948,2026-05-01,37,888
1953,2026-05-01,1,9
1955,2026-05-01,2,46
1957,2026-05-01,9,135
1959,2026-05-01,13,130
1960,2026-05-01,24,456
1962,2026-05-01,20,200
1963,2026-05-01,13,104
1964,2026-05-01,22,242
1966,2026-05-01,5,120
1967,2026-05-01,13,195
1972,2026-05-01,22,506
1973,2026-05-01,161,3381
1975,2026-05-01,124,2480
1976,2026-05-01,19,228
1979,2026-05-01,11,198
1980,2026-05-01,2,20
1981,2026-05-01,31,465
1982,2026-05-01,2,18
1987,2026-05-01,13,182
1988,2026-05-01,12,252
1989,2026-05-01,8,200
1990,2026-05-01,1,14
1991,2026-05-01,5,90
1992,2026-05-01,7,133
1993,2026-05-01,49,1078
1994,2026-05-01,7,119
1995,2026-05-01,4,32
1996,2026-05-01,9,81
1998,2026-05-01,8,176
1999,2026-05-01,52,676
2000,2026-05-01,48,528
2001,2026-05-01,5,85
2005,2026-05-01,4,80
2006,2026-05-01,49,441
2007,2026-05-01,6,120
2008,2026-05-01,18,288
2009,2026-05-01,74,1184
2012,2026-05-01,49,882
2015,2026-05-01,38,950
2017,2026-05-01,17,289
2018,2026-05-01,14,182
2019,2026-05-01,110,1760
2020,2026-05-01,12,132
2021,2026-05-01,29,493
2022,2026-05-01,55,440
2023,2026-05-01,3,24
2024,2026-05-01,9,198
2025,2026-05-01,3,42
2028,2026-05-01,36,396
2029,2026-05-01,11,88
2030,2026-05-01,50,1100
2031,2026-05-01,2,36
2032,2026-05-01,7,133
2036,2026-05-01,9,153
2037,2026-05-01,1,22
2038,2026-05-01,37,518
2039,2026-05-01,59,826
2040,2026-05-01,45,675
2042,2026-05-01,4,40
2043,2026-05-01,4,52
2044,2026-05-01,4,84
2045,2026-05-01,1,14
2046,2026-05-01,38,950
2049,2026-05-01,65,1300
2050,2026-05-01,10,210
2051,2026-05-01,9,198
2054,2026-05-01,8,192
2055,2026-05-01,10,250
2057,2026-05-01,18,414
2060,2026-05-01,16,384
2062,2026-05-01,103,1545
2063,2026-05-01,6,84
2064,2026-05-01,14,252
2071,2026-05-01,14,126
2072,2026-05-01,46,1012
2073,2026-05-01,7,154
2074,2026-05-01,34,612
2075,2026-05-01,4,100
2076,2026-05-01,36,720
2077,2026-05-01,10,220
2078,2026-05-01,18,288
2079,2026-05-01,25,625
2080,2026-05-01,8,192
2084,2026-05-01,3,33
2085,2026-05-01,84,1176
2086,2026-05-01,8,176
2087,2026-05-01,45,540
2088,2026-05-01,7,126
2090,2026-05-01,10,160
2091,2026-05-01,35,805
2092,2026-05-01,13,169
2094,2026-05-01,22,484
2095,2026-05-01,35,630
2096,2026-05-01,35,490
2097,2026-05-01,2,24
2100,2026-05-01,16,208
2101,2026-05-01,137,1233
2102,2026-05-01,10,170
2103,2026-05-01,32,576
2104,2026-05-01,26,624
2105,2026-05-01,27,675
2107,2026-05-01,8,200
2108,2026-05-01,281,4215
2109,2026-05-01,18,360
2111,2026-05-01,78,1638
2114,2026-05-01,6,150
2118,2026-05-01,6,120
2119,2026-05-01,23,253
2120,2026-05-01,110,2420
2123,2026-05-01,55,880
2124,2026-05-01,66,1584
2126,2026-05-01,7,154
2127,2026-05-01,55,1155
2128,2026-05-01,13,260
2129,2026-05-01,0,0
2130,2026-05-01,4,60
2132,2026-05-01,47,846
2134,2026-05-01,1,24
2136,2026-05-01,9,180
2137,2026-05-01,20,380
2139,2026-05-01,30,570
2142,2026-05-01,5,95
2143,2026-05-01,15,135
2144,2026-05-01,149,2235
2145,2026-05-01,28,448
2146,2026-05-01,5,45
2147,2026-05-01,27,459
2148,2026-05-01,33,561
2149,2026-05-01,160,2400
2150,2026-05-01,16,352
2152,2026-05-01,4,56
2153,2026-05-01,27,486
2154,2026-05-01,4,64
2156,2026-05-01,12,204
2157,2026-05-01,18,378
2158,2026-05-01,38,646
2159,2026-05-01,72,864
2160,2026-05-01,2,22
2161,2026-05-01,51,510
2163,2026-05-01,6,144
2164,2026-05-01,8,128
2165,2026-05-01,7,77
2167,2026-05-01,9,216
2169,2026-05-01,67,737
2170,2026-05-01,5,100
2171,2026-05-01,30,660
2172,2026-05-01,89,2047
2174,2026-05-01,40,320
2177,2026-05-01,386,3474
2178,2026-05-01,13,143
2179,2026-05-01,7,91
2181,2026-05-01,37,444
2183,2026-05-01,270,3240
2185,2026-05-01,12,288
2187,2026-05-01,16,288
2188,2026-05-01,36,720
2189,2026-05-01,194,4656
2193,2026-05-01,92,2024
2198,2026-05-01,1,24
2200,2026-05-01,73,1533
2202,2026-05-01,9,153
2207,2026-05-01,90,2160
2208,2026-05-01,7,70
2209,2026-05-01,11,132
2210,2026-05-01,9,180
2211,2026-05-01,5,50
2212,2026-05-01,148,3108
2213,2026-05-01,331,5958
2214,2026-05-01,7,84
2215,2026-05-01,3,63
2218,2026-05-01,3,48
2219,2026-05-01,36,900
2220,2026-05-01,47,1034
2221,2026-05-01,15,225
2222,2026-05-01,4,48
2224,2026-05-01,155,1860
2226,2026-05-01,4,76
2227,2026-05-01,2,26
2229,2026-05-01,14,196
2230,2026-05-01,3,60
2231,2026-05-01,4,52
2232,2026-05-01,6,108
2233,2026-05-01,10,130
2234,2026-05-01,17,323
2236,2026-05-01,30,690
2237,2026-05-01,9,189
2238,2026-05-01,12,240
2240,2026-05-01,46,460
2241,2026-05-01,14,266
2242,2026-05-01,3,75
2243,2026-05-01,33,264
2244,2026-05-01,5,100
2245,2026-05-01,16,368
2246,2026-05-01,8,96
2248,2026-05-01,18,342
2249,2026-05-01,1,12
2250,2026-05-01,34,816
2251,2026-05-01,26,624
2252,2026-05-01,10,100
2254,2026-05-01,4,36
2256,2026-05-01,3,36
2258,2026-05-01,10,180
2260,2026-05-01,13,299
2261,2026-05-01,3,69
2263,2026-05-01,2,32
2265,2026-05-01,14,210
2266,2026-05-01,4,96
2267,2026-05-01,7,147
2270,2026-05-01,5,100
2271,2026-05-01,24,216
2273,2026-05-01,8,88
2274,2026-05-01,33,429
2276,2026-05-01,7,77
2280,2026-05-01,20,160
2281,2026-05-01,41,902
2283,2026-05-01,9,198
2284,2026-05-01,48,480
2285,2026-05-01,9,198
2286,2026-05-01,7,112
2288,2026-05-01,179,1611
2289,2026-05-01,63,1386
2291,2026-05-01,5,90
2292,2026-05-01,5,125
2293,2026-05-01,19,190
2296,2026-05-01,7,140
2297,2026-05-01,5,105
2299,2026-05-01,7,105
2301,2026-05-01,5,125
2302,2026-05-01,5,115
2304,2026-05-01,22,440
2305,2026-05-01,4,68
2308,2026-05-01,11,198
2309,2026-05-01,35,630
2310,2026-05-01,2,30
2312,2026-05-01,6,90
2313,2026-05-01,25,500
2315,2026-05-01,12,252
2316,2026-05-01,6,90
2317,2026-05-01,12,168
2319,2026-05-01,2,40
2320,2026-05-01,12,216
2321,2026-05-01,8,152
2322,2026-05-01,6,138
2323,2026-05-01,29,290
2325,2026-05-01,8,88
2326,2026-05-01,11,143
2327,2026-05-01,61,610
2328,2026-05-01,52,1300
2329,2026-05-01,48,720
2330,2026-05-01,133,3059
2333,2026-05-01,65,975
2334,2026-05-01,12,264
2335,2026-05-01,2,40
2336,2026-05-01,9,81
2337,2026-05-01,5,95
2338,2026-05-01,9,90
2339,2026-05-01,24,240
2341,2026-05-01,3,63
2343,2026-05-01,19,285
2344,2026-05-01,1,15
2345,2026-05-01,6,150
2346,2026-05-01,40,720
2348,2026-05-01,25,300
2351,2026-05-01,2,24
2352,2026-05-01,19,380
2354,2026-05-01,21,357
2356,2026-05-01,39,468
2358,2026-05-01,5,60
2359,2026-05-01,11,165
2362,2026-05-01,9,171
2363,2026-05-01,3,72
2364,2026-05-01,120,1440
2365,2026-05-01,8,136
2367,2026-05-01,18,234
2368,2026-05-01,13,117
2369,2026-05-01,13,286
2370,2026-05-01,42,1050
2376,2026-05-01,8,192
2377,2026-05-01,5,110
2378,2026-05-01,1,24
2381,2026-05-01,26,546
2382,2026-05-01,8,144
2383,2026-05-01,48,1200
2384,2026-05-01,11,143
2385,2026-05-01,0,0
2386,2026-05-01,3,39
2387,2026-05-01,22,440
2389,2026-05-01,17,153
2390,2026-05-01,30,480
2391,2026-05-01,28,504
2393,2026-05-01,9,81
2395,2026-05-01,11,154
2396,2026-05-01,21,189
2397,2026-05-01,11,253
2398,2026-05-01,22,506
2399,2026-05-01,11,187
2401,2026-05-01,84,840
2402,2026-05-01,9,99
2403,2026-05-01,5,120
2404,2026-05-01,13,260
2405,2026-05-01,16,320
2406,2026-05-01,4,92
2410,2026-05-01,13,117
2411,2026-05-01,151,2416
2413,2026-05-01,25,625
2415,2026-05-01,17,272
2416,2026-05-01,142,1136
2418,2026-05-01,94,2162
2419,2026-05-01,2,34
2420,2026-05-01,4,60
2421,2026-05-01,101,2020
2422,2026-05-01,4,44
2423,2026-05-01,18,432
2424,2026-05-01,15,330
2426,2026-05-01,10,80
2427,2026-05-01,4,80
2428,2026-05-01,24,456
2429,2026-05-01,81,1782
2430,2026-05-01,3,27
2431,2026-05-01,3,48
2432,2026-05-01,4,84
2433,2026-05-01,15,360
2435,2026-05-01,97,1067
2436,2026-05-01,1,21
2437,2026-05-01,89,1246
2439,2026-05-01,27,378
2440,2026-05-01,25,625
2441,2026-05-01,3,75
2442,2026-05-01,4,56
2444,2026-05-01,2,40
2445,2026-05-01,30,420
2447,2026-05-01,41,779
2448,2026-05-01,7,119
2449,2026-05-01,5,125
2450,2026-05-01,37,925
2451,2026-05-01,5,125
2453,2026-05-01,20,440
2455,2026-05-01,34,306
2456,2026-05-01,6,66
2458,2026-05-01,2,22
2461,2026-05-01,1,24
2463,2026-05-01,11,231
2464,2026-05-01,10,170
2465,2026-05-01,6,84
2466,2026-05-01,15,240
2467,2026-05-01,7,112
2469,2026-05-01,178,2136
2470,2026-05-01,10,170
2471,2026-05-01,32,320
2472,2026-05-01,4,60
2473,2026-05-01,11,242
2474,2026-05-01,167,4008
2475,2026-05-01,20,480
2476,2026-05-01,21,357
2477,2026-05-01,5,40
2478,2026-05-01,3,69
2479,2026-05-01,35,665
2480,2026-05-01,23,299
2482,2026-05-01,4,40
2483,2026-05-01,13,273
2484,2026-05-01,13,156
2485,2026-05-01,5,55
2488,2026-05-01,3,72
2489,2026-05-01,23,322
2491,2026-05-01,36,540
2493,2026-05-01,148,3552
2496,2026-05-01,3,30
2497,2026-05-01,16,144
2499,2026-05-01,2,32
2501,2026-05-01,49,441
2504,2026-05-01,6,114
2505,2026-05-01,38,456
2506,2026-05-01,37,703
2507,2026-05-01,44,880
2509,2026-05-01,31,465
2512,2026-05-01,51,1122
2513,2026-05-01,23,483
2514,2026-05-01,42,1008
2515,2026-05-01,9,171
2516,2026-05-01,21,357
2517,2026-05-01,8,184
2518,2026-05-01,13,169
2519,2026-05-01,67,804
2522,2026-05-01,43,516
2524,2026-05-01,5,70
2525,2026-05-01,9,144
2526,2026-05-01,4,48
2527,2026-05-01,24,240
2530,2026-05-01,9,72
2531,2026-05-01,11,231
2532,2026-05-01,93,1488
2533,2026-05-01,8,152
2534,2026-05-01,5,105
2536,2026-05-01,4,88
2537,2026-05-01,6,66
2538,2026-05-01,15,135
2539,2026-05-01,4,60
2540,2026-05-01,3,63
2541,2026-05-01,65,1430
2542,2026-05-01,20,440
2543,2026-05-01,2,42
2544,2026-05-01,258,3096
2545,2026-05-01,207,2070
2546,2026-05-01,4,72
2547,2026-05-01,185,4440
2550,2026-05-01,74,1850
2552,2026-05-01,1,9
2554,2026-05-01,20,340
2557,2026-05-01,4,76
2558,2026-05-01,3,72
2559,2026-05-01,6,48
2560,2026-05-01,13,273
2562,2026-05-01,22,550
2565,2026-05-01,23,506
2566,2026-05-01,6,90
2567,2026-05-01,25,375
2568,2026-05-01,21,441
2571,2026-05-01,39,390
2572,2026-05-01,8,88
2573,2026-05-01,8,192
2574,2026-05-01,7,70
2575,2026-05-01,8,96
2577,2026-05-01,8,104
2578,2026-05-01,8,176
2580,2026-05-01,3,27
2581,2026-05-01,3,33
2582,2026-05-01,3,69
2583,2026-05-01,34,408
2585,2026-05-01,12,240
2586,2026-05-01,3,63
2590,2026-05-01,14,140
2593,2026-05-01,5,70
2595,2026-05-01,12,216
2596,2026-05-01,11,231
2599,2026-05-01,4,32
2602,2026-05-01,35,770
2603,2026-05-01,25,350
2604,2026-05-01,5,50
2605,2026-05-01,1,18
2607,2026-05-01,9,198
2608,2026-05-01,5,75
2611,2026-05-01,4,40
2612,2026-05-01,8,104
2614,2026-05-01,32,576
2616,2026-05-01,4,88
2619,2026-05-01,31,775
2620,2026-05-01,5,100
2621,2026-05-01,16,272
2622,2026-05-01,17,170
2624,2026-05-01,9,144
2627,2026-05-01,5,90
2628,2026-05-01,1,9
2629,2026-05-01,2,34
2631,2026-05-01,5,80
2632,2026-05-01,5,60
2635,2026-05-01,7,161
2637,2026-05-01,14,266
2638,2026-05-01,22,308
2640,2026-05-01,153,2142
2643,2026-05-01,4,80
2644,2026-05-01,3,48
2645,2026-05-01,33,297
2647,2026-05-01,6,150
2648,2026-05-01,29,319
2649,2026-05-01,14,266
2650,2026-05-01,8,144
2653,2026-05-01,56,1232
2655,2026-05-01,7,154
2656,2026-05-01,2,46
2657,2026-05-01,27,324
2658,2026-05-01,10,160
2659,2026-05-01,153,3366
2663,2026-05-01,18,270
2664,2026-05-01,6,84
2665,2026-05-01,29,725
2666,2026-05-01,16,128
2667,2026-05-01,7,168
2669,2026-05-01,36,396
2671,2026-05-01,12,228
2672,2026-05-01,9,189
2673,2026-05-01,45,360
2674,2026-05-01,4,56
2675,2026-05-01,2,26
2676,2026-05-01,10,180
2677,2026-05-01,26,494
2678,2026-05-01,10,100
2679,2026-05-01,54,540
2680,2026-05-01,49,980
2681,2026-05-01,7,77
2682,2026-05-01,7,98
2683,2026-05-01,3,69
2684,2026-05-01,14,126
2685,2026-05-01,48,864
2686,2026-05-01,157,2355
2688,2026-05-01,3,57
2689,2026-05-01,140,1960
2690,2026-05-01,18,432
2691,2026-05-01,2,34
2692,2026-05-01,15,315
2693,2026-05-01,9,162
2694,2026-05-01,14,140
2696,2026-05-01,12,216
2697,2026-05-01,15,270
2698,2026-05-01,16,288
2700,2026-05-01,15,375
2701,2026-05-01,7,154
2702,2026-05-01,11,187
2703,2026-05-01,4,40
2704,2026-05-01,3,24
2705,2026-05-01,119,1547
2706,2026-05-01,11,220
2708,2026-05-01,5,55
2709,2026-05-01,59,1357
2710,2026-05-01,21,378
2711,2026-05-01,21,273
2712,2026-05-01,28,644
2715,2026-05-01,10,120
2716,2026-05-01,7,84
2718,2026-05-01,6,144
2719,2026-05-01,8,152
2720,2026-05-01,8,128
2721,2026-05-01,14,140
2723,2026-05-01,26,208
2724,2026-05-01,72,1800
2726,2026-05-01,9,198
2727,2026-05-01,19,380
2729,2026-05-01,9,162
2730,2026-05-01,5,90
2732,2026-05-01,10,230
2734,2026-05-01,35,525
2735,2026-05-01,5,100
2739,2026-05-01,8,136
2740,2026-05-01,39,351
2741,2026-05-01,13,260
2742,2026-05-01,5,40
2743,2026-05-01,6,66
2744,2026-05-01,4,64
2745,2026-05-01,7,112
2746,2026-05-01,15,345
2747,2026-05-01,4,32
2748,2026-05-01,6,96
2749,2026-05-01,35,420
2751,2026-05-01,5,55
2752,2026-05-01,4,48
2753,2026-05-01,26,260
2754,2026-05-01,31,682
2755,2026-05-01,6,66
2756,2026-05-01,36,720
2757,2026-05-01,13,312
2758,2026-05-01,14,238
2761,2026-05-01,32,416
2762,2026-05-01,6,72
2763,2026-05-01,14,126
2764,2026-05-01,4,56
2765,2026-05-01,26,338
2766,2026-05-01,40,400
2767,2026-05-01,30,600
2771,2026-05-01,13,312
2773,2026-05-01,1,13
2774,2026-05-01,99,792
2778,2026-05-01,7,77
2779,2026-05-01,16,336
2781,2026-05-01,21,378
2782,2026-05-01,5,80
2783,2026-05-01,32,704
2784,2026-05-01,2,42
2785,2026-05-01,36,360
2786,2026-05-01,12,228
2787,2026-05-01,3,30
2788,2026-05-01,2,50
2789,2026-05-01,137,1918
2791,2026-05-01,71,1491
2792,2026-05-01,8,104
2793,2026-05-01,32,608
2794,2026-05-01,9,135
2795,2026-05-01,37,777
2796,2026-05-01,25,450
2798,2026-05-01,6,84
2799,2026-05-01,48,624
2800,2026-05-01,3,27
2801,2026-05-01,18,270
2803,2026-05-01,12,240
2804,2026-05-01,38,836
2805,2026-05-01,4,36
2806,2026-05-01,200,4400
2807,2026-05-01,2,28
2808,2026-05-01,7,84
2809,2026-05-01,7,84
2812,2026-05-01,3,66
2814,2026-05-01,20,180
2815,2026-05-01,6,132
2816,2026-05-01,5,70
2817,2026-05-01,30,570
2818,2026-05-01,6,66
2819,2026-05-01,38,912
2822,2026-05-01,198,2178
2825,2026-05-01,32,704
2827,2026-05-01,7,140
2828,2026-05-01,206,4532
2830,2026-05-01,5,55
2831,2026-05-01,10,200
2832,2026-05-01,9,90
2833,2026-05-01,8,136
2834,2026-05-01,8,160
2835,2026-05-01,3,72
2836,2026-05-01,158,3002
2837,2026-05-01,9,99
2839,2026-05-01,7,70
2841,2026-05-01,7,56
2842,2026-05-01,85,1700
2843,2026-05-01,5,45
2844,2026-05-01,48,864
2845,2026-05-01,3,69
2848,2026-05-01,17,425
2849,2026-05-01,30,630
2850,2026-05-01,7,98
2852,2026-05-01,9,81
2853,2026-05-01,4,64
2854,2026-05-01,32,384
2855,2026-05-01,2,32
2856,2026-05-01,7,133
2857,2026-05-01,9,126
2858,2026-05-01,131,2882
2860,2026-05-01,43,1032
2861,2026-05-01,15,375
2863,2026-05-01,37,370
2864,2026-05-01,56,504
2865,2026-05-01,5,85
2866,2026-05-01,40,400
2867,2026-05-01,226,2260
2868,2026-05-01,29,406
2869,2026-05-01,5,105
2870,2026-05-01,3,54
2871,2026-05-01,9,90
2872,2026-05-01,3,63
2873,2026-05-01,5,85
2874,2026-05-01,13,182
2875,2026-05-01,6,90
2877,2026-05-01,4,92
2878,2026-05-01,7,70
2879,2026-05-01,8,104
2880,2026-05-01,7,147
2881,2026-05-01,25,525
2885,2026-05-01,5,50
2886,2026-05-01,43,516
2887,2026-05-01,6,48
2889,2026-05-01,62,496
2891,2026-05-01,5,70
2892,2026-05-01,3,57
2893,2026-05-01,6,72
2894,2026-05-01,12,204
2895,2026-05-01,4,36
2896,2026-05-01,41,451
2898,2026-05-01,28,448
2899,2026-05-01,1,8
2901,2026-05-01,5,125
2904,2026-05-01,2,24
2905,2026-05-01,33,759
2906,2026-05-01,130,3250
2907,2026-05-01,5,120
2909,2026-05-01,74,666
2910,2026-05-01,10,200
2911,2026-05-01,9,216
2912,2026-05-01,6,48
2913,2026-05-01,1,15
2915,2026-05-01,5,125
2916,2026-05-01,6,114
2917,2026-05-01,2,40
2918,2026-05-01,4,44
2920,2026-05-01,21,231
2921,2026-05-01,141,1269
2922,2026-05-01,57,1197
2923,2026-05-01,6,78
2924,2026-05-01,7,91
2925,2026-05-01,4,96
2926,2026-05-01,11,99
2927,2026-05-01,33,528
2928,2026-05-01,4,60
2929,2026-05-01,5,100
2931,2026-05-01,11,231
2932,2026-05-01,20,400
2933,2026-05-01,27,513
2934,2026-05-01,252,5544
2936,2026-05-01,3,69
2937,2026-05-01,28,644
2938,2026-05-01,6,138
2939,2026-05-01,76,1824
2940,2026-05-01,41,410
2941,2026-05-01,13,182
2944,2026-05-01,5,115
2945,2026-05-01,34,408
2948,2026-05-01,25,525
2950,2026-05-01,27,432
2951,2026-05-01,7,77
2952,2026-05-01,52,416
2953,2026-05-01,6,144
2954,2026-05-01,9,225
2956,2026-05-01,15,165
2957,2026-05-01,5,45
2959,2026-05-01,176,3520
2961,2026-05-01,10,120
2962,2026-05-01,10,250
2965,2026-05-01,8,120
2966,2026-05-01,6,114
2967,2026-05-01,4,72
2968,2026-05-01,32,288
2969,2026-05-01,35,770
2971,2026-05-01,8,176
2972,2026-05-01,5,105
2973,2026-05-01,59,1475
2974,2026-05-01,26,260
2975,2026-05-01,28,588
2978,2026-05-01,3,51
2979,2026-05-01,43,860
2980,2026-05-01,10,100
2981,2026-05-01,5,80
2982,2026-05-01,41,697
2983,2026-05-01,3,48
2984,2026-05-01,9,180
2986,2026-05-01,10,130
2988,2026-05-01,41,902
2989,2026-05-01,64,1216
2990,2026-05-01,11,176
2991,2026-05-01,192,2304
2992,2026-05-01,18,144
2993,2026-05-01,6,138
2994,2026-05-01,1,18
2995,2026-05-01,3,66
2996,2026-05-01,2,30
2997,2026-05-01,15,180
2998,2026-05-01,2,44
2999,2026-05-01,99,2079
3000,2026-05-01,13,156
3001,2026-05-01,6,66
3003,2026-05-01,69,828
3005,2026-05-01,27,486
3006,2026-05-01,5,45
3009,2026-05-01,6,108
3010,2026-05-01,30,300
3011,2026-05-01,52,520
3012,2026-05-01,11,88
3013,2026-05-01,2,22
3014,2026-05-01,9,225
3016,2026-05-01,20,380
3017,2026-05-01,39,975
3018,2026-05-01,3,75
3019,2026-05-01,8,128
3020,2026-05-01,0,0
3021,2026-05-01,10,240
3023,2026-05-01,175,2800
3024,2026-05-01,18,342
3026,2026-05-01,8,200
3028,2026-05-01,15,225
3029,2026-05-01,3,72
3030,2026-05-01,33,759
3031,2026-05-01,6,108
3032,2026-05-01,1,24
3033,2026-05-01,7,91
3034,2026-05-01,4,64
3035,2026-05-01,10,150
3036,2026-05-01,20,220
3038,2026-05-01,90,1890
3040,2026-05-01,4,52
3041,2026-05-01,2,42
3042,2026-05-01,12,300
3045,2026-05-01,19,228
3046,2026-05-01,9,171
3047,2026-05-01,8,112
3048,2026-05-01,17,136
3049,2026-05-01,103,1751
3050,2026-05-01,6,84
3051,2026-05-01,2,38
3052,2026-05-01,12,120
3054,2026-05-01,154,2618
3055,2026-05-01,7,147
3056,2026-05-01,8,120
3058,2026-05-01,7,175
3059,2026-05-01,2,50
3060,2026-05-01,129,2451
3061,2026-05-01,3,33
3062,2026-05-01,21,315
3063,2026-05-01,10,90
3064,2026-05-01,13,247
3065,2026-05-01,19,152
3066,2026-05-01,5,115
3067,2026-05-01,5,60
3068,2026-05-01,17,374
3069,2026-05-01,36,720
3070,2026-05-01,50,1150
3071,2026-05-01,5,40
3072,2026-05-01,27,270
3073,2026-05-01,15,375
3074,2026-05-01,65,650
3075,2026-05-01,18,180
3076,2026-05-01,4,88
3079,2026-05-01,33,693
3080,2026-05-01,41,1025
3081,2026-05-01,9,126
3082,2026-05-01,3,45
3084,2026-05-01,8,96
3087,2026-05-01,14,126
3088,2026-05-01,3,60
3090,2026-05-01,66,1122
3091,2026-05-01,3,24
3092,2026-05-01,4,36
3093,2026-05-01,14,140
3094,2026-05-01,21,483
3096,2026-05-01,7,147
3098,2026-05-01,13,299
3099,2026-05-01,8,168
3100,2026-05-01,9,225
3102,2026-05-01,13,104
3103,2026-05-01,7,63
3104,2026-05-01,19,152
3106,2026-05-01,107,1177
3107,2026-05-01,9,198
3108,2026-05-01,7,175
3109,2026-05-01,12,264
3110,2026-05-01,26,624
3111,2026-05-01,28,616
3112,2026-05-01,17,170
3113,2026-05-01,9,189
3114,2026-05-01,2,22
3115,2026-05-01,6,138
3117,2026-05-01,18,378
3119,2026-05-01,24,408
3120,2026-05-01,3,36
3121,2026-05-01,47,893
3124,2026-05-01,33,726
3125,2026-05-01,6,66
3126,2026-05-01,6,54
3127,2026-05-01,5,80
3128,2026-05-01,12,144
3129,2026-05-01,2,24
3130,2026-05-01,6,84
3131,2026-05-01,1,12
3132,2026-05-01,4,32
3133,2026-05-01,6,102
3134,2026-05-01,20,180
3135,2026-05-01,10,220
3136,2026-05-01,9,108
3137,2026-05-01,42,882
3138,2026-05-01,20,500
3139,2026-05-01,34,782
3140,2026-05-01,11,121
3141,2026-05-01,9,216
3144,2026-05-01,6,108
3145,2026-05-01,6,102
3147,2026-05-01,9,126
3148,2026-05-01,28,448
3149,2026-05-01,4,36
3151,2026-05-01,2,34
3152,2026-05-01,3,33
3153,2026-05-01,8,64
3154,2026-05-01,5,110
3155,2026-05-01,45,1080
3157,2026-05-01,17,153
3158,2026-05-01,12,228
3159,2026-05-01,58,986
3160,2026-05-01,6,120
3161,2026-05-01,182,2366
3162,2026-05-01,8,136
3163,2026-05-01,8,184
3164,2026-05-01,4,32
3165,2026-05-01,5,65
3167,2026-05-01,4,92
3168,2026-05-01,13,286
3169,2026-05-01,4,36
3170,2026-05-01,20,420
3172,2026-05-01,37,592
3173,2026-05-01,103,2575
3174,2026-05-01,2,42
3175,2026-05-01,75,975
3176,2026-05-01,2,34
3177,2026-05-01,30,450
3178,2026-05-01,9,216
3179,2026-05-01,25,575
3180,2026-05-01,6,102
3181,2026-05-01,10,130
3182,2026-05-01,63,1512
3183,2026-05-01,28,252
3185,2026-05-01,38,874
3186,2026-05-01,19,418
3187,2026-05-01,3,60
3188,2026-05-01,6,120
3189,2026-05-01,161,1449
3190,2026-05-01,8,96
3191,2026-05-01,14,252
3193,2026-05-01,16,272
3194,2026-05-01,2,40
3195,2026-05-01,22,374
3196,2026-05-01,10,250
3198,2026-05-01,36,576
3199,2026-05-01,9,216
3200,2026-05-01,1,15
3201,2026-05-01,13,130
3202,2026-05-01,16,160
3203,2026-05-01,4,44
3204,2026-05-01,25,225
3205,2026-05-01,5,110
3206,2026-05-01,3,48
3207,2026-05-01,29,261
3208,2026-05-01,1,23
3209,2026-05-01,14,182
3210,2026-05-01,31,682
3211,2026-05-01,66,1254
3212,2026-05-01,20,460
3213,2026-05-01,5,55
3214,2026-05-01,5,75
3215,2026-05-01,102,1428
3216,2026-05-01,37,370
3217,2026-05-01,22,550
3218,2026-05-01,106,954
3219,2026-05-01,14,126
3220,2026-05-01,159,1749
3221,2026-05-01,4,72
3222,2026-05-01,30,510
3223,2026-05-01,5,60
3225,2026-05-01,3,27
3226,2026-05-01,10,230
3227,2026-05-01,18,270
3228,2026-05-01,28,364
3229,2026-05-01,3,36
3230,2026-05-01,7,77
3231,2026-05-01,2,28
3232,2026-05-01,12,252
3233,2026-05-01,25,350
3234,2026-05-01,11,198
3235,2026-05-01,132,1452
3237,2026-05-01,18,324
3238,2026-05-01,9,171
3239,2026-05-01,8,112
3240,2026-05-01,20,180
3241,2026-05-01,9,126
3242,2026-05-01,6,54
3243,2026-05-01,13,325
3245,2026-05-01,32,800
3246,2026-05-01,8,88
3247,2026-05-01,7,98
3248,2026-05-01,107,1391
3249,2026-05-01,5,105
3250,2026-05-01,9,162
3252,2026-05-01,3,51
3253,2026-05-01,6,120
3254,2026-05-01,22,506
3255,2026-05-01,8,64
3256,2026-05-01,11,121
3257,2026-05-01,6,66
3258,2026-05-01,31,713
3259,2026-05-01,7,84
3260,2026-05-01,7,168
3261,2026-05-01,17,425
3262,2026-05-01,10,230
3263,2026-05-01,14,140
3264,2026-05-01,4,84
3265,2026-05-01,5,40
3266,2026-05-01,6,96
3267,2026-05-01,27,432
3268,2026-05-01,21,483
3270,2026-05-01,13,156
3271,2026-05-01,4,88
3272,2026-05-01,17,391
3273,2026-05-01,2,36
3274,2026-05-01,143,1144
3275,2026-05-01,4,40
3276,2026-05-01,182,4004
3277,2026-05-01,4,44
3278,2026-05-01,12,168
3279,2026-05-01,7,175
3280,2026-05-01,14,224
3281,2026-05-01,4,84
3283,2026-05-01,171,2052
3284,2026-05-01,15,225
3285,2026-05-01,16,160
3286,2026-05-01,6,60
3287,2026-05-01,34,646
3288,2026-05-01,8,160
3289,2026-05-01,12,264
3290,2026-05-01,6,84
3291,2026-05-01,2,32
3292,2026-05-01,2,42
3293,2026-05-01,29,406
3294,2026-05-01,9,108
3295,2026-05-01,10,210
3296,2026-05-01,3,51
3297,2026-05-01,12,204
3298,2026-05-01,73,949
3299,2026-05-01,15,120
3300,2026-05-01,9,81
3301,2026-05-01,25,575
3302,2026-05-01,108,1728
3303,2026-05-01,18,252
3304,2026-05-01,26,312
3305,2026-05-01,6,144
3306,2026-05-01,7,147
3307,2026-05-01,114,1824
3310,2026-05-01,8,104
3311,2026-05-01,5,45
3313,2026-05-01,13,169
3314,2026-05-01,11,242
3315,2026-05-01,14,308
3316,2026-05-01,4,36
3317,2026-05-01,20,480
3318,2026-05-01,25,600
3319,2026-05-01,6,126
3320,2026-05-01,11,132
3321,2026-05-01,47,564
3322,2026-05-01,2,36
3323,2026-05-01,8,136
3324,2026-05-01,4,40
3325,2026-05-01,207,2898
3326,2026-05-01,42,924
3327,2026-05-01,6,144
3328,2026-05-01,15,180
3329,2026-05-01,162,3888
3330,2026-05-01,13,117
3331,2026-05-01,3,66
3332,2026-05-01,7,56
3333,2026-05-01,3,33
3334,2026-05-01,10,170
3335,2026-05-01,4,36
3336,2026-05-01,7,70
3337,2026-05-01,31,527
3338,2026-05-01,6,60
3339,2026-05-01,14,224
3340,2026-05-01,30,660
3342,2026-05-01,31,713
3343,2026-05-01,14,252
3344,2026-05-01,26,650
3345,2026-05-01,22,352
3346,2026-05-01,9,189
3347,2026-05-01,128,3072
3348,2026-05-01,6,114
3350,2026-05-01,3,45
3351,2026-05-01,9,198
3352,2026-05-01,42,504
3353,2026-05-01,26,364
3354,2026-05-01,4,100
3355,2026-05-01,24,480
3356,2026-05-01,79,1738
3357,2026-05-01,5,45
3358,2026-05-01,7,168
3359,2026-05-01,30,240
3360,2026-05-01,5,115
3361,2026-05-01,7,77
3362,2026-05-01,11,143
3363,2026-05-01,8,112
3364,2026-05-01,3,72
3365,2026-05-01,6,48
3366,2026-05-01,41,410
3367,2026-05-01,153,1224
3368,2026-05-01,4,80
3369,2026-05-01,9,153
3370,2026-05-01,6,54
3371,2026-05-01,8,184
3372,2026-05-01,3,42
3373,2026-05-01,45,360
3374,2026-05-01,54,918
3375,2026-05-01,8,112
3376,2026-05-01,6,72
3377,2026-05-01,6,60
3378,2026-05-01,2,24
3379,2026-05-01,102,2550
3380,2026-05-01,3,24
3381,2026-05-01,11,264
3382,2026-05-01,8,136
3384,2026-05-01,3,33
3385,2026-05-01,6,90
3386,2026-05-01,5,110
3387,2026-05-01,5,90
3388,2026-05-01,24,288
3389,2026-05-01,8,120
3390,2026-05-01,23,276
3391,2026-05-01,64,1024
3392,2026-05-01,11,176
3393,2026-05-01,6,72
3394,2026-05-01,43,688
3395,2026-05-01,4,72
3396,2026-05-01,18,180
3397,2026-05-01,26,624
3398,2026-05-01,14,294
3399,2026-05-01,13,325
3400,2026-05-01,49,441
3401,2026-05-01,10,120
3402,2026-05-01,15,345
3403,2026-05-01,19,152
3404,2026-05-01,18,432
3405,2026-05-01,144,3600
3406,2026-05-01,170,3910
3407,2026-05-01,12,300
3408,2026-05-01,28,448
3409,2026-05-01,4,44
3410,2026-05-01,40,920
3411,2026-05-01,5,50
3412,2026-05-01,4,80
3413,2026-05-01,29,261
3414,2026-05-01,11,275
3415,2026-05-01,10,130
3416,2026-05-01,10,220
3417,2026-05-01,4,96
3418,2026-05-01,8,128
3419,2026-05-01,8,160
3420,2026-05-01,14,266
3421,2026-05-01,18,450
3422,2026-05-01,30,540
3423,2026-05-01,46,506
3424,2026-05-01,9,72
3425,2026-05-01,4,80
3426,2026-05-01,2,44
3427,2026-05-01,9,81
3428,2026-05-01,200,3200
3429,2026-05-01,225,3375
3430,2026-05-01,10,190
3431,2026-05-01,7,91
3432,2026-05-01,25,600
3433,2026-05-01,3,57
3434,2026-05-01,16,240
3435,2026-05-01,8,96
3436,2026-05-01,7,161
3437,2026-05-01,27,486
3438,2026-05-01,5,90
3439,2026-05-01,13,117
3440,2026-05-01,9,144
3441,2026-05-01,13,143
3442,2026-05-01,19,266
3443,2026-05-01,6,102
3444,2026-05-01,30,330
3445,2026-05-01,38,722
3446,2026-05-01,9,171
3447,2026-05-01,4,96
3448,2026-05-01,9,90
3449,2026-05-01,5,90
3450,2026-05-01,16,224
3451,2026-05-01,18,342
3452,2026-05-01,16,240
3453,2026-05-01,27,297
3454,2026-05-01,3,63
3455,2026-05-01,8,128
3456,2026-05-01,7,154
3457,2026-05-01,5,45
3458,2026-05-01,188,4136
3459,2026-05-01,23,483
3460,2026-05-01,9,99
3461,2026-05-01,7,175
3462,2026-05-01,40,520
3463,2026-05-01,7,105
3464,2026-05-01,5,75
3465,2026-05-01,9,225
3466,2026-05-01,58,580
3467,2026-05-01,8,112
3468,2026-05-01,6,132
3469,2026-05-01,8,96
3470,2026-05-01,6,72
3471,2026-05-01,2,24
3472,2026-05-01,49,1225
3473,2026-05-01,2,32
3474,2026-05-01,21,525
3475,2026-05-01,8,176
3476,2026-05-01,17,289
3477,2026-05-01,5,70
3478,2026-05-01,16,176
3479,2026-05-01,27,270
3480,2026-05-01,7,154
3481,2026-05-01,3,69
3482,2026-05-01,15,225
3483,2026-05-01,12,288
3484,2026-05-01,3,30
3485,2026-05-01,9,117
3486,2026-05-01,7,119
3487,2026-05-01,9,135
3488,2026-05-01,6,48
3489,2026-05-01,18,378
3490,2026-05-01,5,120
3491,2026-05-01,77,1463
3492,2026-05-01,8,112
3493,2026-05-01,9,117
3494,2026-05-01,28,532
3495,2026-05-01,3,63
3496,2026-05-01,46,1150
3497,2026-05-01,8,88
3498,2026-05-01,2,50
1002,2026-06-01,7,98
1007,2026-06-01,15,285
1008,2026-06-01,38,456
1010,2026-06-01,2,26
1012,2026-06-01,34,408
1013,2026-06-01,216,4752
1016,2026-06-01,6,102
1025,2026-06-01,27,513
1026,2026-06-01,243,2916
1027,2026-06-01,12,96
1028,2026-06-01,5,110
1033,2026-06-01,4,36
1038,2026-06-01,6,78
1039,2026-06-01,4,96
1040,2026-06-01,51,408
1042,2026-06-01,39,780
1043,2026-06-01,26,624
1045,2026-06-01,89,979
1053,2026-06-01,82,1968
1059,2026-06-01,353,4589
1060,2026-06-01,17,391
1062,2026-06-01,39,312
1064,2026-06-01,363,3267
1065,2026-06-01,45,1080
1067,2026-06-01,19,475
1072,2026-06-01,5,110
1078,2026-06-01,10,200
1079,2026-06-01,18,252
1085,2026-06-01,48,624
1089,2026-06-01,41,492
1091,2026-06-01,8,88
1092,2026-06-01,10,210
1093,2026-06-01,42,336
1094,2026-06-01,52,572
1096,2026-06-01,37,629
1098,2026-06-01,13,117
1099,2026-06-01,9,126
1102,2026-06-01,3,33
1111,2026-06-01,6,72
1112,2026-06-01,5,50
1113,2026-06-01,17,170
1115,2026-06-01,74,1776
1124,2026-06-01,12,240
1126,2026-06-01,1,25
1127,2026-06-01,43,688
1129,2026-06-01,0,0
1130,2026-06-01,3,36
1131,2026-06-01,6,114
1134,2026-06-01,27,594
1139,2026-06-01,2,26
1140,2026-06-01,37,333
1143,2026-06-01,130,2470
1144,2026-06-01,16,240
1147,2026-06-01,16,176
1151,2026-06-01,27,378
1152,2026-06-01,3,27
1153,2026-06-01,8,160
1154,2026-06-01,58,754
1157,2026-06-01,37,740
1158,2026-06-01,3,33
1160,2026-06-01,4,68
1161,2026-06-01,1,16
1167,2026-06-01,11,132
1170,2026-06-01,39,507
1172,2026-06-01,66,1254
1174,2026-06-01,14,140
1175,2026-06-01,39,741
1177,2026-06-01,3,39
1179,2026-06-01,30,420
1181,2026-06-01,4,88
1183,2026-06-01,4,52
1185,2026-06-01,18,360
1186,2026-06-01,22,176
1187,2026-06-01,75,900
1189,2026-06-01,13,195
1192,2026-06-01,16,144
1194,2026-06-01,37,481
1195,2026-06-01,8,64
1196,2026-06-01,30,690
1198,2026-06-01,24,336
1199,2026-06-01,46,1150
1200,2026-06-01,504,8568
1207,2026-06-01,35,385
1208,2026-06-01,20,420
1211,2026-06-01,4,40
1213,2026-06-01,112,896
1214,2026-06-01,1,17
1216,2026-06-01,3,36
1219,2026-06-01,5,125
1221,2026-06-01,5,125
1222,2026-06-01,27,594
1227,2026-06-01,27,513
1229,2026-06-01,6,66
1231,2026-06-01,53,848
1234,2026-06-01,75,1425
1235,2026-06-01,5,125
1237,2026-06-01,1,19
1241,2026-06-01,3,60
1242,2026-06-01,54,1296
1244,2026-06-01,7,175
1249,2026-06-01,3,42
1250,2026-06-01,6,96
1256,2026-06-01,10,210
1257,2026-06-01,10,150
1258,2026-06-01,13,208
1259,2026-06-01,127,1905
1261,2026-06-01,106,954
1262,2026-06-01,257,6425
1263,2026-06-01,11,154
1265,2026-06-01,12,180
1266,2026-06-01,69,621
1267,2026-06-01,9,72
1270,2026-06-01,255,3315
1274,2026-06-01,116,1392
1275,2026-06-01,152,1976
1279,2026-06-01,1,20
1281,2026-06-01,28,616
1282,2026-06-01,4,56
1285,2026-06-01,57,627
1287,2026-06-01,106,1696
1288,2026-06-01,2,16
1289,2026-06-01,10,240
1291,2026-06-01,45,360
1297,2026-06-01,4,60
1299,2026-06-01,5,45
1302,2026-06-01,26,208
1304,2026-06-01,14,308
1305,2026-06-01,50,650
1308,2026-06-01,10,190
1310,2026-06-01,55,1100
1312,2026-06-01,5,85
1315,2026-06-01,23,345
1317,2026-06-01,5,40
1318,2026-06-01,18,450
1320,2026-06-01,7,112
1321,2026-06-01,10,170
1322,2026-06-01,123,984
1323,2026-06-01,31,496
1327,2026-06-01,73,730
1329,2026-06-01,18,252
1335,2026-06-01,11,110
1336,2026-06-01,24,456
1337,2026-06-01,93,1860
1339,2026-06-01,52,624
1341,2026-06-01,18,198
1342,2026-06-01,15,345
1343,2026-06-01,69,552
1344,2026-06-01,0,0
1346,2026-06-01,17,255
1347,2026-06-01,8,200
1348,2026-06-01,9,162
1351,2026-06-01,8,144
1352,2026-06-01,28,672
1353,2026-06-01,4,100
1354,2026-06-01,1,24
1355,2026-06-01,71,1562
1358,2026-06-01,64,1408
1363,2026-06-01,50,1050
1367,2026-06-01,9,108
1369,2026-06-01,3,45
1372,2026-06-01,25,225
1373,2026-06-01,72,1512
1374,2026-06-01,5,115
1375,2026-06-01,162,3240
1380,2026-06-01,3,51
1381,2026-06-01,9,144
1385,2026-06-01,2,30
1386,2026-06-01,5,50
1387,2026-06-01,2,50
1389,2026-06-01,15,180
1393,2026-06-01,18,378
1395,2026-06-01,13,156
1397,2026-06-01,9,180
1400,2026-06-01,32,640
1402,2026-06-01,68,952
1404,2026-06-01,5,75
1405,2026-06-01,66,1188
1409,2026-06-01,42,630
1410,2026-06-01,32,640
1414,2026-06-01,17,204
1416,2026-06-01,5,110
1417,2026-06-01,16,192
1419,2026-06-01,7,56
1420,2026-06-01,218,4360
1422,2026-06-01,45,810
1426,2026-06-01,2,28
1427,2026-06-01,2,26
1428,2026-06-01,61,1098
1432,2026-06-01,7,175
1434,2026-06-01,3,66
1435,2026-06-01,4,60
1436,2026-06-01,19,152
1437,2026-06-01,10,150
1438,2026-06-01,1,22
1439,2026-06-01,71,1278
1444,2026-06-01,25,500
1447,2026-06-01,19,209
1448,2026-06-01,23,322
1450,2026-06-01,21,210
1451,2026-06-01,5,120
1452,2026-06-01,47,705
1455,2026-06-01,17,289
1457,2026-06-01,75,1500
1458,2026-06-01,22,220
1461,2026-06-01,6,78
1462,2026-06-01,40,1000
1464,2026-06-01,6,126
1466,2026-06-01,6,120
1468,2026-06-01,15,195
1471,2026-06-01,355,6035
1474,2026-06-01,49,1078
1476,2026-06-01,127,1016
1477,2026-06-01,4,64
1478,2026-06-01,3,36
1479,2026-06-01,1,12
1481,2026-06-01,80,800
1483,2026-06-01,36,612
1486,2026-06-01,18,216
1487,2026-06-01,30,570
1490,2026-06-01,7,70
1494,2026-06-01,51,816
1495,2026-06-01,6,126
1498,2026-06-01,7,154
1499,2026-06-01,25,600
1500,2026-06-01,1,14
1503,2026-06-01,18,342
1507,2026-06-01,1,8
1509,2026-06-01,3,24
1514,2026-06-01,15,285
1517,2026-06-01,24,264
1520,2026-06-01,9,216
1521,2026-06-01,3,36
1522,2026-06-01,41,820
1524,2026-06-01,221,3536
1526,2026-06-01,38,494
1528,2026-06-01,29,638
1530,2026-06-01,53,1272
1531,2026-06-01,3,30
1533,2026-06-01,48,576
1534,2026-06-01,3,57
1537,2026-06-01,14,126
1539,2026-06-01,139,2780
1540,2026-06-01,15,270
1541,2026-06-01,32,736
1542,2026-06-01,7,175
1544,2026-06-01,11,209
1545,2026-06-01,53,1219
1546,2026-06-01,53,424
1553,2026-06-01,164,1804
1554,2026-06-01,23,414
1556,2026-06-01,11,275
1557,2026-06-01,9,135
1558,2026-06-01,4,48
1562,2026-06-01,8,192
1563,2026-06-01,0,0
1564,2026-06-01,26,286
1565,2026-06-01,3,36
1566,2026-06-01,1,13
1568,2026-06-01,2,16
1569,2026-06-01,319,2871
1570,2026-06-01,39,936
1572,2026-06-01,9,198
1574,2026-06-01,16,208
1575,2026-06-01,50,700
1578,2026-06-01,4,96
1579,2026-06-01,8,120
1581,2026-06-01,35,840
1583,2026-06-01,86,1806
1585,2026-06-01,19,209
1587,2026-06-01,2,38
1592,2026-06-01,13,325
1593,2026-06-01,28,588
1596,2026-06-01,20,280
1597,2026-06-01,2,40
1598,2026-06-01,125,2625
1600,2026-06-01,9,144
1605,2026-06-01,35,595
1607,2026-06-01,9,153
1609,2026-06-01,136,2584
1611,2026-06-01,20,360
1612,2026-06-01,87,1566
1613,2026-06-01,8,64
1620,2026-06-01,97,1358
1621,2026-06-01,6,114
1625,2026-06-01,15,150
1626,2026-06-01,38,570
1627,2026-06-01,4,68
1630,2026-06-01,108,972
1631,2026-06-01,39,507
1635,2026-06-01,24,240
1637,2026-06-01,8,192
1638,2026-06-01,41,697
1640,2026-06-01,22,484
1641,2026-06-01,10,150
1642,2026-06-01,11,121
1643,2026-06-01,2,48
1645,2026-06-01,3,27
1646,2026-06-01,186,2976
1649,2026-06-01,3,69
1652,2026-06-01,9,171
1653,2026-06-01,6,102
1656,2026-06-01,46,690
1657,2026-06-01,15,225
1659,2026-06-01,8,144
1660,2026-06-01,13,104
1663,2026-06-01,3,72
1666,2026-06-01,7,133
1670,2026-06-01,5,50
1674,2026-06-01,47,846
1677,2026-06-01,29,493
1678,2026-06-01,20,440
1680,2026-06-01,1,19
1681,2026-06-01,25,325
1682,2026-06-01,1,23
1683,2026-06-01,7,56
1684,2026-06-01,21,441
1686,2026-06-01,24,240
1687,2026-06-01,2,28
1688,2026-06-01,3,30
1689,2026-06-01,141,2961
1690,2026-06-01,11,231
1692,2026-06-01,4,36
1694,2026-06-01,5,65
1695,2026-06-01,3,60
1696,2026-06-01,2,26
1697,2026-06-01,26,624
1699,2026-06-01,31,682
1703,2026-06-01,3,75
1704,2026-06-01,1,17
1707,2026-06-01,53,424
1708,2026-06-01,32,448
1709,2026-06-01,4,96
1711,2026-06-01,42,1050
1712,2026-06-01,8,136
1713,2026-06-01,7,161
1714,2026-06-01,85,1955
1715,2026-06-01,4,88
1716,2026-06-01,4,68
1718,2026-06-01,9,153
1719,2026-06-01,46,920
1721,2026-06-01,36,288
1722,2026-06-01,28,420
1723,2026-06-01,4,60
1725,2026-06-01,192,3648
1728,2026-06-01,2,38
1731,2026-06-01,21,399
1732,2026-06-01,6,72
1736,2026-06-01,30,720
1737,2026-06-01,2,28
1738,2026-06-01,23,230
1739,2026-06-01,80,1920
1740,2026-06-01,7,140
1741,2026-06-01,39,897
1743,2026-06-01,23,345
1745,2026-06-01,21,210
1746,2026-06-01,12,300
1748,2026-06-01,22,242
1749,2026-06-01,3,60
1751,2026-06-01,218,4796
1752,2026-06-01,24,432
1755,2026-06-01,1,10
1756,2026-06-01,22,528
1759,2026-06-01,138,1242
1760,2026-06-01,31,341
1761,2026-06-01,5,55
1762,2026-06-01,1,24
1763,2026-06-01,45,360
1764,2026-06-01,4,60
1766,2026-06-01,28,224
1767,2026-06-01,218,5232
1770,2026-06-01,12,252
1772,2026-06-01,31,403
1773,2026-06-01,44,528
1774,2026-06-01,42,336
1776,2026-06-01,5,90
1779,2026-06-01,5,90
1782,2026-06-01,4,48
1786,2026-06-01,25,400
1787,2026-06-01,110,1100
1788,2026-06-01,72,792
1791,2026-06-01,26,468
1793,2026-06-01,2,32
1794,2026-06-01,9,198
1796,2026-06-01,26,234
1797,2026-06-01,32,800
1799,2026-06-01,19,209
1801,2026-06-01,25,225
1802,2026-06-01,185,1850
1803,2026-06-01,7,77
1806,2026-06-01,21,357
1808,2026-06-01,3,48
1810,2026-06-01,2,44
1812,2026-06-01,3,33
1814,2026-06-01,18,306
1817,2026-06-01,25,550
1819,2026-06-01,6,150
1823,2026-06-01,12,276
1828,2026-06-01,9,216
1829,2026-06-01,10,150
1830,2026-06-01,7,98
1831,2026-06-01,7,98
1832,2026-06-01,7,84
1834,2026-06-01,16,368
1837,2026-06-01,7,140
1838,2026-06-01,6,138
1839,2026-06-01,2,40
1840,2026-06-01,24,552
1841,2026-06-01,20,280
1844,2026-06-01,47,423
1845,2026-06-01,3,39
1846,2026-06-01,174,1392
1848,2026-06-01,5,40
1849,2026-06-01,24,504
1850,2026-06-01,6,60
1851,2026-06-01,20,500
1852,2026-06-01,17,221
1853,2026-06-01,1,11
1854,2026-06-01,10,120
1855,2026-06-01,9,90
1858,2026-06-01,124,2480
1859,2026-06-01,13,169
1864,2026-06-01,67,1407
1866,2026-06-01,12,204
1867,2026-06-01,1,25
1868,2026-06-01,8,64
1869,2026-06-01,19,285
1870,2026-06-01,2,48
1871,2026-06-01,25,525
1872,2026-06-01,8,72
1873,2026-06-01,3,57
1874,2026-06-01,8,80
1877,2026-06-01,1,17
1880,2026-06-01,7,140
1881,2026-06-01,48,624
1883,2026-06-01,21,336
1884,2026-06-01,22,484
1888,2026-06-01,15,315
1890,2026-06-01,33,396
1891,2026-06-01,2,22
1892,2026-06-01,68,680
1893,2026-06-01,9,108
1896,2026-06-01,11,264
1898,2026-06-01,18,288
1899,2026-06-01,30,570
1900,2026-06-01,7,161
1901,2026-06-01,4,40
1902,2026-06-01,9,144
1906,2026-06-01,35,455
1907,2026-06-01,23,483
1909,2026-06-01,2,28
1910,2026-06-01,7,140
1911,2026-06-01,1,11
1912,2026-06-01,456,4104
1913,2026-06-01,34,816
1914,2026-06-01,110,1100
1917,2026-06-01,29,522
1921,2026-06-01,3,72
1924,2026-06-01,18,306
1925,2026-06-01,2,24
1927,2026-06-01,4,56
1929,2026-06-01,3,24
1931,2026-06-01,9,108
1935,2026-06-01,57,1311
1936,2026-06-01,54,594
1938,2026-06-01,97,873
1939,2026-06-01,2,16
1940,2026-06-01,19,171
1941,2026-06-01,20,260
1943,2026-06-01,6,108
1944,2026-06-01,144,2016
1947,2026-06-01,2,38
1948,2026-06-01,42,336
1953,2026-06-01,1,11
1955,2026-06-01,1,8
1957,2026-06-01,8,144
1959,2026-06-01,13,273
1960,2026-06-01,24,456
1962,2026-06-01,19,171
1963,2026-06-01,10,120
1964,2026-06-01,19,266
1966,2026-06-01,5,95
1967,2026-06-01,15,240
1972,2026-06-01,18,450
1973,2026-06-01,182,3094
1975,2026-06-01,132,2904
1976,2026-06-01,14,210
1979,2026-06-01,9,180
1980,2026-06-01,3,69
1981,2026-06-01,28,280
1982,2026-06-01,4,40
1987,2026-06-01,14,182
1988,2026-06-01,13,104
1989,2026-06-01,7,133
1990,2026-06-01,1,15
1991,2026-06-01,5,40
1992,2026-06-01,8,192
1993,2026-06-01,47,799
1994,2026-06-01,8,80
1995,2026-06-01,3,69
1996,2026-06-01,11,121
1998,2026-06-01,8,152
1999,2026-06-01,48,1104
2000,2026-06-01,46,828
2001,2026-06-01,5,95
2005,2026-06-01,3,48
2006,2026-06-01,44,704
2007,2026-06-01,4,52
2008,2026-06-01,17,340
2009,2026-06-01,104,1664
2012,2026-06-01,57,456
2015,2026-06-01,44,836
2017,2026-06-01,21,315
2018,2026-06-01,13,221
2019,2026-06-01,91,910
2020,2026-06-01,10,240
2021,2026-06-01,32,640
2022,2026-06-01,51,408
2023,2026-06-01,3,54
2024,2026-06-01,7,98
2025,2026-06-01,3,63
2028,2026-06-01,30,360
2029,2026-06-01,9,126
2030,2026-06-01,46,460
2031,2026-06-01,1,23
2032,2026-06-01,7,98
2036,2026-06-01,8,176
2037,2026-06-01,1,14
2038,2026-06-01,36,432
2039,2026-06-01,46,644
2040,2026-06-01,45,1080
2042,2026-06-01,5,40
2043,2026-06-01,6,126
2044,2026-06-01,6,84
2045,2026-06-01,1,17
2046,2026-06-01,46,690
2049,2026-06-01,67,1340
2050,2026-06-01,9,126
2051,2026-06-01,9,90
2054,2026-06-01,8,184
2055,2026-06-01,10,100
2057,2026-06-01,17,272
2060,2026-06-01,16,272
2062,2026-06-01,96,1728
2063,2026-06-01,5,115
2064,2026-06-01,12,264
2071,2026-06-01,16,320
2072,2026-06-01,54,1134
2073,2026-06-01,9,198
2074,2026-06-01,36,432
2075,2026-06-01,4,64
2076,2026-06-01,29,667
2077,2026-06-01,10,190
2078,2026-06-01,19,437
2079,2026-06-01,17,153
2080,2026-06-01,8,168
2084,2026-06-01,3,66
2085,2026-06-01,83,747
2087,2026-06-01,45,810
2088,2026-06-01,9,189
2090,2026-06-01,9,153
2091,2026-06-01,41,410
2092,2026-06-01,14,266
2094,2026-06-01,22,308
2095,2026-06-01,43,817
2096,2026-06-01,62,1054
2097,2026-06-01,2,42
2100,2026-06-01,18,432
2101,2026-06-01,121,2662
2102,2026-06-01,9,180
2103,2026-06-01,29,725
2104,2026-06-01,26,286
2105,2026-06-01,27,243
2107,2026-06-01,7,91
2108,2026-06-01,268,2948
2109,2026-06-01,24,528
2111,2026-06-01,78,1638
2114,2026-06-01,6,84
2118,2026-06-01,9,99
2119,2026-06-01,22,198
2120,2026-06-01,109,1853
2123,2026-06-01,76,760
2124,2026-06-01,64,1088
2126,2026-06-01,8,96
2127,2026-06-01,47,1081
2128,2026-06-01,9,153
2129,2026-06-01,0,0
2130,2026-06-01,5,60
2132,2026-06-01,50,1150
2134,2026-06-01,1,10
2136,2026-06-01,6,54
2137,2026-06-01,18,378
2139,2026-06-01,30,360
2142,2026-06-01,7,161
2143,2026-06-01,18,162
2144,2026-06-01,137,2192
2145,2026-06-01,24,192
2146,2026-06-01,5,45
2147,2026-06-01,29,667
2148,2026-06-01,33,330
2149,2026-06-01,167,3674
2150,2026-06-01,17,289
2153,2026-06-01,29,551
2154,2026-06-01,5,60
2156,2026-06-01,9,144
2157,2026-06-01,25,200
2158,2026-06-01,41,738
2159,2026-06-01,60,1440
2160,2026-06-01,3,27
2161,2026-06-01,63,630
2163,2026-06-01,7,98
2164,2026-06-01,10,110
2165,2026-06-01,7,91
2167,2026-06-01,8,136
2169,2026-06-01,67,1072
2170,2026-06-01,5,60
2171,2026-06-01,33,759
2172,2026-06-01,134,1340
2174,2026-06-01,33,726
2177,2026-06-01,360,7200
2178,2026-06-01,13,299
2179,2026-06-01,7,119
2181,2026-06-01,35,350
2183,2026-06-01,290,3480
2185,2026-06-01,13,143
2187,2026-06-01,13,286
2188,2026-06-01,28,252
2189,2026-06-01,169,1521
2193,2026-06-01,82,1476
2198,2026-06-01,1,24
2200,2026-06-01,75,1050
2202,2026-06-01,9,72
2207,2026-06-01,90,1080
2208,2026-06-01,7,133
2209,2026-06-01,11,99
2210,2026-06-01,9,171
2211,2026-06-01,5,45
2212,2026-06-01,143,1430
2213,2026-06-01,329,5264
2214,2026-06-01,7,175
2215,2026-06-01,4,100
2218,2026-06-01,3,51
2219,2026-06-01,23,276
2220,2026-06-01,51,765
2221,2026-06-01,19,209
2222,2026-06-01,4,60
2224,2026-06-01,136,2176
2226,2026-06-01,5,110
2227,2026-06-01,2,40
2229,2026-06-01,15,135
2230,2026-06-01,3,27
2232,2026-06-01,6,108
2233,2026-06-01,8,128
2234,2026-06-01,15,195
2236,2026-06-01,29,290
2237,2026-06-01,10,100
2238,2026-06-01,11,176
2240,2026-06-01,42,420
2241,2026-06-01,11,176
2242,2026-06-01,4,48
2243,2026-06-01,32,576
2244,2026-06-01,5,60
2245,2026-06-01,20,160
2246,2026-06-01,6,54
2248,2026-06-01,22,242
2249,2026-06-01,1,9
2250,2026-06-01,28,532
2251,2026-06-01,22,418
2252,2026-06-01,12,240
2254,2026-06-01,5,90
2256,2026-06-01,2,24
2258,2026-06-01,12,288
2260,2026-06-01,15,375
2261,2026-06-01,2,48
2263,2026-06-01,2,24
2266,2026-06-01,3,75
2267,2026-06-01,5,115
2270,2026-06-01,5,55
2271,2026-06-01,27,648
2273,2026-06-01,8,120
2274,2026-06-01,30,600
2276,2026-06-01,6,60
2280,2026-06-01,19,342
2281,2026-06-01,35,630
2283,2026-06-01,8,184
2284,2026-06-01,40,760
2285,2026-06-01,9,153
2286,2026-06-01,8,192
2288,2026-06-01,195,4290
2289,2026-06-01,74,1258
2291,2026-06-01,6,66
2292,2026-06-01,2,22
2293,2026-06-01,18,252
2296,2026-06-01,8,128
2297,2026-06-01,7,119
2299,2026-06-01,7,133
2301,2026-06-01,5,45
2302,2026-06-01,5,110
2304,2026-06-01,24,456
2305,2026-06-01,3,72
2308,2026-06-01,8,88
2309,2026-06-01,23,552
2310,2026-06-01,3,57
2312,2026-06-01,6,66
2313,2026-06-01,32,544
2315,2026-06-01,9,117
2316,2026-06-01,4,36
2317,2026-06-01,8,64
2319,2026-06-01,3,69
2320,2026-06-01,15,330
2321,2026-06-01,8,176
2322,2026-06-01,6,60
2323,2026-06-01,30,720
2325,2026-06-01,10,140
2326,2026-06-01,11,231
2327,2026-06-01,56,1064
2328,2026-06-01,49,441
2329,2026-06-01,43,473
2330,2026-06-01,163,3423
2333,2026-06-01,59,1239
2334,2026-06-01,17,408
2335,2026-06-01,1,8
2336,2026-06-01,11,231
2337,2026-06-01,6,102
2338,2026-06-01,7,147
2339,2026-06-01,28,252
2341,2026-06-01,5,125
2343,2026-06-01,16,208
2344,2026-06-01,1,19
2345,2026-06-01,5,105
2346,2026-06-01,53,583
2348,2026-06-01,26,650
2351,2026-06-01,3,66
2352,2026-06-01,18,414
2354,2026-06-01,18,234
2356,2026-06-01,46,690
2358,2026-06-01,5,115
2359,2026-06-01,14,196
2362,2026-06-01,9,72
2363,2026-06-01,2,44
2364,2026-06-01,147,1911
2365,2026-06-01,8,152
2367,2026-06-01,19,190
2368,2026-06-01,12,288
2369,2026-06-01,15,135
2370,2026-06-01,39,312
2376,2026-06-01,6,60
2377,2026-06-01,5,110
2378,2026-06-01,1,10
2381,2026-06-01,24,552
2383,2026-06-01,44,660
2384,2026-06-01,10,160
2385,2026-06-01,0,0
2386,2026-06-01,4,76
2387,2026-06-01,21,189
2389,2026-06-01,17,255
2390,2026-06-01,29,696
2391,2026-06-01,29,319
2393,2026-06-01,7,175
2395,2026-06-01,10,150
2396,2026-06-01,18,216
2397,2026-06-01,10,110
2398,2026-06-01,23,253
2399,2026-06-01,13,299
2401,2026-06-01,64,1600
2402,2026-06-01,11,209
2403,2026-06-01,6,60
2404,2026-06-01,13,130
2405,2026-06-01,15,285
2406,2026-06-01,3,72
2410,2026-06-01,13,208
2411,2026-06-01,119,1428
2413,2026-06-01,23,299
2415,2026-06-01,14,238
2416,2026-06-01,169,4056
2418,2026-06-01,142,1420
2419,2026-06-01,2,42
2420,2026-06-01,6,150
2421,2026-06-01,112,2128
2423,2026-06-01,17,323
2424,2026-06-01,16,288
2426,2026-06-01,12,228
2427,2026-06-01,4,72
2428,2026-06-01,21,357
2429,2026-06-01,92,1748
2430,2026-06-01,4,40
2431,2026-06-01,2,18
2432,2026-06-01,5,50
2433,2026-06-01,17,357
2435,2026-06-01,95,1615
2436,2026-06-01,1,20
2437,2026-06-01,92,1380
2439,2026-06-01,30,750
2440,2026-06-01,26,234
2441,2026-06-01,4,52
2442,2026-06-01,12,228
2444,2026-06-01,3,60
2445,2026-06-01,29,290
2447,2026-06-01,47,517
2448,2026-06-01,6,78
2449,2026-06-01,5,60
2450,2026-06-01,36,324
2451,2026-06-01,6,48
2453,2026-06-01,22,528
2455,2026-06-01,35,315
2456,2026-06-01,5,125
2458,2026-06-01,2,22
2461,2026-06-01,1,18
2463,2026-06-01,11,264
2464,2026-06-01,11,187
2465,2026-06-01,7,168
2466,2026-06-01,19,152
2467,2026-06-01,6,150
2469,2026-06-01,170,1700
2470,2026-06-01,14,266
2471,2026-06-01,41,902
2472,2026-06-01,4,84
2473,2026-06-01,9,225
2474,2026-06-01,125,1750
2475,2026-06-01,24,552
2476,2026-06-01,18,288
2477,2026-06-01,4,88
2478,2026-06-01,2,24
2479,2026-06-01,27,378
2480,2026-06-01,28,224
2482,2026-06-01,3,39
2483,2026-06-01,13,247
2484,2026-06-01,14,196
2485,2026-06-01,5,85
2488,2026-06-01,2,44
2489,2026-06-01,21,420
2491,2026-06-01,44,836
2493,2026-06-01,154,1848
2496,2026-06-01,3,48
2497,2026-06-01,19,266
2499,2026-06-01,2,20
2501,2026-06-01,45,495
2504,2026-06-01,4,76
2505,2026-06-01,43,430
2506,2026-06-01,33,495
2507,2026-06-01,63,1071
2509,2026-06-01,42,588
2512,2026-06-01,62,868
2513,2026-06-01,22,528
2514,2026-06-01,52,1300
2515,2026-06-01,11,176
2516,2026-06-01,20,500
2517,2026-06-01,7,91
2519,2026-06-01,51,816
2522,2026-06-01,44,660
2524,2026-06-01,6,132
2525,2026-06-01,8,104
2526,2026-06-01,4,88
2527,2026-06-01,22,330
2530,2026-06-01,12,252
2531,2026-06-01,10,200
2532,2026-06-01,68,1496
2533,2026-06-01,8,96
2534,2026-06-01,3,24
2536,2026-06-01,3,42
2537,2026-06-01,5,70
2538,2026-06-01,16,208
2539,2026-06-01,4,84
2540,2026-06-01,2,28
2541,2026-06-01,86,1892
2542,2026-06-01,25,625
2543,2026-06-01,2,42
2544,2026-06-01,243,5832
2545,2026-06-01,269,3766
2546,2026-06-01,4,60
2547,2026-06-01,162,3078
2550,2026-06-01,94,2068
2552,2026-06-01,1,13
2554,2026-06-01,23,184
2557,2026-06-01,5,50
2558,2026-06-01,3,45
2559,2026-06-01,6,72
2560,2026-06-01,14,224
2562,2026-06-01,23,414
2565,2026-06-01,20,380
2566,2026-06-01,4,56
2567,2026-06-01,16,256
2568,2026-06-01,19,285
2571,2026-06-01,37,740
2572,2026-06-01,9,135
2573,2026-06-01,9,207
2574,2026-06-01,6,54
2575,2026-06-01,9,81
2577,2026-06-01,11,253
2578,2026-06-01,7,91
2580,2026-06-01,3,69
2581,2026-06-01,6,120
2582,2026-06-01,3,57
2583,2026-06-01,32,416
2585,2026-06-01,11,99
2586,2026-06-01,3,60
2590,2026-06-01,16,224
2593,2026-06-01,5,55
2595,2026-06-01,12,168
2596,2026-06-01,8,200
2599,2026-06-01,3,42
2602,2026-06-01,35,455
2603,2026-06-01,24,528
2604,2026-06-01,7,112
2607,2026-06-01,7,70
2608,2026-06-01,4,40
2611,2026-06-01,3,33
2612,2026-06-01,9,117
2614,2026-06-01,26,624
2616,2026-06-01,3,45
2619,2026-06-01,34,476
2620,2026-06-01,4,56
2621,2026-06-01,14,224
2622,2026-06-01,10,230
2624,2026-06-01,9,171
2627,2026-06-01,5,55
2628,2026-06-01,1,18
2629,2026-06-01,3,75
2631,2026-06-01,6,120
2632,2026-06-01,6,84
2635,2026-06-01,7,175
2637,2026-06-01,14,224
2638,2026-06-01,22,550
2640,2026-06-01,163,3749
2643,2026-06-01,4,84
2644,2026-06-01,3,36
2645,2026-06-01,32,640
2647,2026-06-01,6,102
2648,2026-06-01,41,738
2649,2026-06-01,13,221
2650,2026-06-01,7,84
2653,2026-06-01,57,969
2655,2026-06-01,5,120
2656,2026-06-01,1,14
2657,2026-06-01,29,580
2658,2026-06-01,10,140
2659,2026-06-01,138,1656
2663,2026-06-01,20,500
2664,2026-06-01,7,63
2665,2026-06-01,22,440
2667,2026-06-01,7,56
2669,2026-06-01,48,1152
2671,2026-06-01,14,140
2672,2026-06-01,9,108
2673,2026-06-01,35,840
2674,2026-06-01,3,60
2675,2026-06-01,2,46
2676,2026-06-01,11,110
2677,2026-06-01,23,460
2678,2026-06-01,11,165
2679,2026-06-01,49,490
2680,2026-06-01,57,684
2681,2026-06-01,5,65
2682,2026-06-01,8,152
2683,2026-06-01,3,48
2684,2026-06-01,14,168
2685,2026-06-01,47,376
2686,2026-06-01,167,1503
2688,2026-06-01,2,22
2689,2026-06-01,136,1904
2690,2026-06-01,17,340
2691,2026-06-01,1,11
2692,2026-06-01,14,280
2693,2026-06-01,8,168
2694,2026-06-01,14,238
2696,2026-06-01,11,198
2697,2026-06-01,15,225
2698,2026-06-01,17,255
2700,2026-06-01,15,240
2701,2026-06-01,7,77
2702,2026-06-01,8,72
2703,2026-06-01,4,48
2704,2026-06-01,5,55
2705,2026-06-01,140,2240
2706,2026-06-01,16,224
2708,2026-06-01,4,100
2709,2026-06-01,51,1275
2710,2026-06-01,21,252
2711,2026-06-01,26,390
2712,2026-06-01,32,480
2715,2026-06-01,9,225
2716,2026-06-01,6,48
2718,2026-06-01,5,55
2719,2026-06-01,13,299
2720,2026-06-01,8,176
2721,2026-06-01,13,117
2723,2026-06-01,23,460
2724,2026-06-01,96,768
2726,2026-06-01,9,81
2729,2026-06-01,10,130
2730,2026-06-01,5,125
2732,2026-06-01,9,90
2734,2026-06-01,27,405
2735,2026-06-01,5,115
2739,2026-06-01,8,168
2740,2026-06-01,39,780
2741,2026-06-01,13,260
2742,2026-06-01,6,78
2743,2026-06-01,5,115
2744,2026-06-01,4,72
2745,2026-06-01,7,140
2746,2026-06-01,14,126
2747,2026-06-01,4,76
2748,2026-06-01,8,168
2749,2026-06-01,30,630
2751,2026-06-01,4,36
2752,2026-06-01,5,115
2753,2026-06-01,21,420
2754,2026-06-01,28,280
2755,2026-06-01,6,90
2756,2026-06-01,40,640
2757,2026-06-01,10,230
2758,2026-06-01,16,128
2761,2026-06-01,33,660
2762,2026-06-01,7,140
2763,2026-06-01,15,180
2764,2026-06-01,4,76
2765,2026-06-01,23,460
2766,2026-06-01,34,544
2767,2026-06-01,29,609
2771,2026-06-01,16,128
2773,2026-06-01,1,25
2774,2026-06-01,111,2553
2778,2026-06-01,6,66
2779,2026-06-01,12,276
2781,2026-06-01,26,598
2782,2026-06-01,5,100
2783,2026-06-01,26,286
2784,2026-06-01,2,32
2785,2026-06-01,38,684
2786,2026-06-01,12,288
2788,2026-06-01,3,48
2789,2026-06-01,138,3174
2791,2026-06-01,82,902
2792,2026-06-01,9,144
2793,2026-06-01,36,612
2794,2026-06-01,8,96
2795,2026-06-01,40,480
2796,2026-06-01,20,500
2798,2026-06-01,5,80
2799,2026-06-01,42,420
2800,2026-06-01,4,48
2801,2026-06-01,17,289
2803,2026-06-01,16,336
2804,2026-06-01,33,462
2805,2026-06-01,4,100
2806,2026-06-01,133,3059
2807,2026-06-01,2,30
2808,2026-06-01,7,84
2809,2026-06-01,7,63
2812,2026-06-01,3,33
2814,2026-06-01,19,152
2815,2026-06-01,8,144
2816,2026-06-01,6,150
2817,2026-06-01,29,464
2818,2026-06-01,6,54
2819,2026-06-01,45,540
2822,2026-06-01,172,2752
2825,2026-06-01,32,384
2827,2026-06-01,6,120
2828,2026-06-01,232,4176
2830,2026-06-01,7,133
2831,2026-06-01,10,120
2832,2026-06-01,8,200
2833,2026-06-01,9,99
2834,2026-06-01,5,105
2835,2026-06-01,3,51
2836,2026-06-01,154,2156
2837,2026-06-01,9,207
2839,2026-06-01,6,60
2841,2026-06-01,6,108
2842,2026-06-01,100,1600
2843,2026-06-01,3,24
2844,2026-06-01,38,684
2845,2026-06-01,4,88
2848,2026-06-01,14,238
2849,2026-06-01,28,700
2850,2026-06-01,7,175
2852,2026-06-01,9,225
2853,2026-06-01,4,32
2854,2026-06-01,33,726
2855,2026-06-01,3,72
2856,2026-06-01,6,60
2857,2026-06-01,8,128
2858,2026-06-01,172,3440
2860,2026-06-01,40,640
2861,2026-06-01,13,156
2863,2026-06-01,34,612
2864,2026-06-01,67,1474
2865,2026-06-01,5,40
2866,2026-06-01,45,405
2867,2026-06-01,219,4161
2868,2026-06-01,23,460
2869,2026-06-01,5,60
2870,2026-06-01,3,69
2871,2026-06-01,9,90
2872,2026-06-01,4,72
2873,2026-06-01,5,70
2874,2026-06-01,13,104
2875,2026-06-01,5,75
2877,2026-06-01,5,100
2878,2026-06-01,6,126
2879,2026-06-01,7,126
2880,2026-06-01,9,90
2881,2026-06-01,22,198
2885,2026-06-01,6,120
2886,2026-06-01,37,851
2887,2026-06-01,6,126
2889,2026-06-01,70,1260
2891,2026-06-01,5,120
2892,2026-06-01,3,39
2893,2026-06-01,7,147
2894,2026-06-01,13,130
2895,2026-06-01,3,57
2896,2026-06-01,43,989
2898,2026-06-01,25,325
2899,2026-06-01,1,20
2901,2026-06-01,8,64
2904,2026-06-01,3,72
2905,2026-06-01,37,740
2906,2026-06-01,177,3717
2907,2026-06-01,5,115
2909,2026-06-01,61,549
2910,2026-06-01,8,88
2911,2026-06-01,7,133
2912,2026-06-01,4,56
2915,2026-06-01,5,115
2916,2026-06-01,6,72
2917,2026-06-01,1,19
2918,2026-06-01,4,72
2920,2026-06-01,16,224
2921,2026-06-01,190,4560
2922,2026-06-01,48,576
2923,2026-06-01,5,40
2924,2026-06-01,6,72
2925,2026-06-01,3,51
2926,2026-06-01,12,168
2927,2026-06-01,38,304
2928,2026-06-01,5,55
2929,2026-06-01,4,84
2931,2026-06-01,11,99
2932,2026-06-01,15,345
2933,2026-06-01,28,672
2934,2026-06-01,252,6048
2936,2026-06-01,2,36
2937,2026-06-01,26,572
2938,2026-06-01,8,104
2939,2026-06-01,77,1078
2940,2026-06-01,39,702
2941,2026-06-01,10,250
2944,2026-06-01,5,95
2945,2026-06-01,42,966
2948,2026-06-01,22,286
2950,2026-06-01,25,475
2951,2026-06-01,8,152
2952,2026-06-01,61,976
2953,2026-06-01,8,144
2954,2026-06-01,8,96
2956,2026-06-01,17,255
2957,2026-06-01,5,60
2959,2026-06-01,177,1416
2961,2026-06-01,9,81
2962,2026-06-01,6,150
2965,2026-06-01,6,96
2966,2026-06-01,7,161
2967,2026-06-01,6,120
2968,2026-06-01,29,667
2969,2026-06-01,33,330
2971,2026-06-01,7,63
2972,2026-06-01,5,65
2973,2026-06-01,58,928
2974,2026-06-01,30,540
2975,2026-06-01,26,468
2978,2026-06-01,4,56
2979,2026-06-01,42,798
2980,2026-06-01,8,96
2981,2026-06-01,5,110
2982,2026-06-01,45,540
2983,2026-06-01,5,45
2984,2026-06-01,9,153
2986,2026-06-01,10,100
2988,2026-06-01,37,518
2989,2026-06-01,55,880
2990,2026-06-01,12,192
2991,2026-06-01,202,2424
2992,2026-06-01,13,299
2993,2026-06-01,6,120
2994,2026-06-01,2,32
2995,2026-06-01,4,64
2996,2026-06-01,2,48
2997,2026-06-01,19,228
2998,2026-06-01,3,30
2999,2026-06-01,71,1065
3000,2026-06-01,11,198
3001,2026-06-01,6,66
3003,2026-06-01,72,1800
3005,2026-06-01,14,280
3006,2026-06-01,6,78
3009,2026-06-01,6,144
3010,2026-06-01,43,903
3011,2026-06-01,50,650
3012,2026-06-01,9,81
3013,2026-06-01,1,16
3014,2026-06-01,8,80
3016,2026-06-01,26,520
3017,2026-06-01,44,880
3018,2026-06-01,3,48
3019,2026-06-01,8,64
3020,2026-06-01,0,0
3021,2026-06-01,10,180
3023,2026-06-01,174,1392
3024,2026-06-01,20,420
3026,2026-06-01,8,168
3028,2026-06-01,18,396
3029,2026-06-01,4,80
3030,2026-06-01,40,600
3031,2026-06-01,7,154
3032,2026-06-01,1,8
3033,2026-06-01,8,160
3034,2026-06-01,4,100
3035,2026-06-01,16,192
3036,2026-06-01,19,266
3038,2026-06-01,85,1190
3040,2026-06-01,14,280
3041,2026-06-01,1,17
3042,2026-06-01,15,360
3045,2026-06-01,18,180
3046,2026-06-01,8,72
3047,2026-06-01,9,90
3048,2026-06-01,19,399
3049,2026-06-01,69,1449
3050,2026-06-01,6,96
3051,2026-06-01,2,28
3052,2026-06-01,11,209
3054,2026-06-01,166,2656
3055,2026-06-01,5,105
3056,2026-06-01,7,91
3058,2026-06-01,6,120
3059,2026-06-01,3,33
3060,2026-06-01,133,1064
3061,2026-06-01,3,24
3062,2026-06-01,25,250
3063,2026-06-01,10,130
3064,2026-06-01,14,350
3065,2026-06-01,27,567
3066,2026-06-01,6,84
3067,2026-06-01,5,75
3068,2026-06-01,17,374
3069,2026-06-01,32,288
3070,2026-06-01,56,840
3071,2026-06-01,5,100
3072,2026-06-01,27,675
3073,2026-06-01,7,77
3074,2026-06-01,81,1701
3075,2026-06-01,24,336
3076,2026-06-01,5,55
3079,2026-06-01,30,330
3080,2026-06-01,33,495
3081,2026-06-01,6,144
3082,2026-06-01,3,66
3084,2026-06-01,8,152
3087,2026-06-01,15,135
3088,2026-06-01,2,50
3090,2026-06-01,49,1078
3091,2026-06-01,3,36
3092,2026-06-01,4,64
3093,2026-06-01,14,112
3094,2026-06-01,23,276
3096,2026-06-01,6,108
3098,2026-06-01,15,135
3099,2026-06-01,6,120
3100,2026-06-01,10,220
3102,2026-06-01,14,252
3103,2026-06-01,6,126
3104,2026-06-01,19,304
3106,2026-06-01,89,801
3107,2026-06-01,8,96
3108,2026-06-01,7,154
3109,2026-06-01,11,187
3110,2026-06-01,24,504
3111,2026-06-01,31,310
3112,2026-06-01,15,180
3114,2026-06-01,2,22
3115,2026-06-01,6,96
3117,2026-06-01,18,360
3119,2026-06-01,22,198
3120,2026-06-01,3,57
3121,2026-06-01,54,1080
3124,2026-06-01,39,858
3126,2026-06-01,5,90
3127,2026-06-01,4,40
3128,2026-06-01,15,180
3129,2026-06-01,2,26
3130,2026-06-01,7,147
3131,2026-06-01,2,22
3132,2026-06-01,4,68
3133,2026-06-01,7,105
3134,2026-06-01,18,432
3135,2026-06-01,10,210
3136,2026-06-01,11,220
3137,2026-06-01,51,561
3138,2026-06-01,39,585
3139,2026-06-01,31,403
3140,2026-06-01,11,209
3141,2026-06-01,8,88
3144,2026-06-01,7,133
3145,2026-06-01,6,78
3147,2026-06-01,10,200
3148,2026-06-01,32,288
3149,2026-06-01,4,60
3151,2026-06-01,2,48
3152,2026-06-01,3,39
3153,2026-06-01,8,120
3154,2026-06-01,5,55
3155,2026-06-01,50,1200
3157,2026-06-01,17,221
3158,2026-06-01,16,208
3159,2026-06-01,59,1298
3160,2026-06-01,7,161
3161,2026-06-01,209,2508
3162,2026-06-01,7,56
3163,2026-06-01,9,117
3164,2026-06-01,2,36
3165,2026-06-01,4,92
3167,2026-06-01,4,44
3168,2026-06-01,11,264
3169,2026-06-01,4,100
3170,2026-06-01,29,551
3172,2026-06-01,43,645
3173,2026-06-01,106,1060
3174,2026-06-01,3,60
3175,2026-06-01,80,960
3176,2026-06-01,2,28
3177,2026-06-01,33,462
3178,2026-06-01,10,190
3179,2026-06-01,25,225
3180,2026-06-01,5,80
3181,2026-06-01,8,160
3182,2026-06-01,75,900
3183,2026-06-01,24,552
3185,2026-06-01,37,407
3186,2026-06-01,19,152
3188,2026-06-01,5,70
3189,2026-06-01,142,1420
3190,2026-06-01,9,207
3191,2026-06-01,10,210
3193,2026-06-01,18,378
3194,2026-06-01,2,26
3195,2026-06-01,18,360
3196,2026-06-01,11,198
3198,2026-06-01,39,468
3199,2026-06-01,10,160
3200,2026-06-01,1,12
3201,2026-06-01,12,204
3202,2026-06-01,18,270
3203,2026-06-01,3,24
3204,2026-06-01,26,468
3205,2026-06-01,4,96
3206,2026-06-01,3,57
3207,2026-06-01,35,595
3208,2026-06-01,0,0
3210,2026-06-01,36,792
3211,2026-06-01,79,1738
3212,2026-06-01,19,342
3213,2026-06-01,5,55
3214,2026-06-01,4,60
3215,2026-06-01,96,2400
3216,2026-06-01,34,544
3217,2026-06-01,22,550
3218,2026-06-01,116,1044
3219,2026-06-01,16,384
3220,2026-06-01,107,2568
3221,2026-06-01,3,42
3222,2026-06-01,27,432
3223,2026-06-01,5,45
3225,2026-06-01,2,28
3226,2026-06-01,9,189
3227,2026-06-01,39,429
3228,2026-06-01,31,403
3229,2026-06-01,3,45
3230,2026-06-01,9,117
3231,2026-06-01,2,18
3232,2026-06-01,15,240
3233,2026-06-01,23,391
3234,2026-06-01,11,176
3235,2026-06-01,129,1677
3237,2026-06-01,20,240
3238,2026-06-01,10,220
3239,2026-06-01,8,72
3240,2026-06-01,22,198
3241,2026-06-01,9,117
3242,2026-06-01,6,90
3243,2026-06-01,14,196
3245,2026-06-01,28,672
3246,2026-06-01,11,110
3247,2026-06-01,7,133
3248,2026-06-01,121,2178
3250,2026-06-01,9,162
3252,2026-06-01,4,36
3253,2026-06-01,5,85
3254,2026-06-01,22,264
3256,2026-06-01,9,216
3257,2026-06-01,8,144
3258,2026-06-01,28,448
3259,2026-06-01,6,78
3260,2026-06-01,6,48
3261,2026-06-01,19,380
3262,2026-06-01,11,143
3263,2026-06-01,11,275
3264,2026-06-01,4,72
3265,2026-06-01,6,54
3267,2026-06-01,20,240
3268,2026-06-01,18,252
3270,2026-06-01,11,187
3271,2026-06-01,5,60
3272,2026-06-01,18,324
3273,2026-06-01,3,48
3274,2026-06-01,157,1413
3275,2026-06-01,4,44
3276,2026-06-01,123,1599
3277,2026-06-01,4,40
3278,2026-06-01,12,264
3279,2026-06-01,7,140
3280,2026-06-01,14,252
3283,2026-06-01,174,3828
3284,2026-06-01,15,315
3285,2026-06-01,16,128
3286,2026-06-01,3,57
3287,2026-06-01,38,874
3288,2026-06-01,8,72
3289,2026-06-01,9,126
3290,2026-06-01,5,70
3291,2026-06-01,2,20
3292,2026-06-01,2,32
3293,2026-06-01,20,180
3294,2026-06-01,9,108
3295,2026-06-01,9,144
3296,2026-06-01,3,66
3297,2026-06-01,16,304
3298,2026-06-01,77,770
3299,2026-06-01,17,357
3300,2026-06-01,7,175
3301,2026-06-01,41,451
3302,2026-06-01,160,2400
3303,2026-06-01,22,352
3304,2026-06-01,22,418
3305,2026-06-01,7,126
3306,2026-06-01,8,80
3307,2026-06-01,112,2240
3310,2026-06-01,8,168
3311,2026-06-01,5,85
3313,2026-06-01,12,168
3314,2026-06-01,10,140
3315,2026-06-01,17,340
3316,2026-06-01,4,32
3317,2026-06-01,26,468
3318,2026-06-01,23,230
3319,2026-06-01,7,140
3320,2026-06-01,10,190
3321,2026-06-01,49,833
3322,2026-06-01,3,36
3323,2026-06-01,8,64
3324,2026-06-01,2,42
3325,2026-06-01,184,4232
3326,2026-06-01,35,770
3327,2026-06-01,7,91
3328,2026-06-01,16,240
3329,2026-06-01,172,1720
3330,2026-06-01,10,160
3331,2026-06-01,3,30
3332,2026-06-01,6,48
3333,2026-06-01,3,60
3334,2026-06-01,10,90
3335,2026-06-01,3,57
3336,2026-06-01,6,120
3337,2026-06-01,31,279
3338,2026-06-01,5,95
3339,2026-06-01,14,266
3340,2026-06-01,34,748
3342,2026-06-01,32,608
3343,2026-06-01,13,104
3344,2026-06-01,23,529
3346,2026-06-01,9,216
3347,2026-06-01,111,1776
3348,2026-06-01,5,105
3350,2026-06-01,2,24
3351,2026-06-01,8,176
3352,2026-06-01,34,680
3353,2026-06-01,30,750
3354,2026-06-01,3,60
3355,2026-06-01,18,414
3356,2026-06-01,75,750
3357,2026-06-01,5,100
3358,2026-06-01,9,126
3359,2026-06-01,29,290
3360,2026-06-01,5,90
3361,2026-06-01,7,56
3363,2026-06-01,6,126
3364,2026-06-01,4,96
3365,2026-06-01,6,120
3367,2026-06-01,202,3838
3368,2026-06-01,4,60
3369,2026-06-01,10,220
3370,2026-06-01,7,56
3371,2026-06-01,8,184
3372,2026-06-01,4,60
3373,2026-06-01,34,850
3374,2026-06-01,58,580
3375,2026-06-01,8,88
3376,2026-06-01,5,45
3377,2026-06-01,7,168
3378,2026-06-01,3,66
3379,2026-06-01,134,2010
3380,2026-06-01,3,66
3381,2026-06-01,12,168
3382,2026-06-01,11,209
3384,2026-06-01,4,96
3385,2026-06-01,4,100
3386,2026-06-01,5,90
3387,2026-06-01,4,88
3388,2026-06-01,28,252
3389,2026-06-01,9,171
3390,2026-06-01,19,475
3391,2026-06-01,53,689
3392,2026-06-01,12,216
3393,2026-06-01,5,115
3394,2026-06-01,42,420
3395,2026-06-01,3,39
3396,2026-06-01,18,180
3397,2026-06-01,24,384
3398,2026-06-01,12,204
3399,2026-06-01,12,240
3400,2026-06-01,51,714
3401,2026-06-01,7,84
3402,2026-06-01,11,176
3404,2026-06-01,18,414
3405,2026-06-01,142,1704
3406,2026-06-01,185,2405
3407,2026-06-01,12,300
3408,2026-06-01,24,312
3409,2026-06-01,4,100
3410,2026-06-01,48,912
3411,2026-06-01,5,75
3412,2026-06-01,5,75
3413,2026-06-01,29,667
3414,2026-06-01,7,168
3415,2026-06-01,10,220
3416,2026-06-01,8,184
3418,2026-06-01,9,108
3419,2026-06-01,9,198
3420,2026-06-01,15,195
3421,2026-06-01,21,231
3423,2026-06-01,45,630
3424,2026-06-01,10,240
3425,2026-06-01,4,100
3426,2026-06-01,1,20
3427,2026-06-01,7,70
3428,2026-06-01,215,4730
3429,2026-06-01,227,5221
3430,2026-06-01,12,288
3431,2026-06-01,5,50
3432,2026-06-01,20,280
3433,2026-06-01,3,45
3434,2026-06-01,14,322
3435,2026-06-01,8,104
3436,2026-06-01,9,81
3437,2026-06-01,31,713
3438,2026-06-01,5,90
3439,2026-06-01,11,121
3440,2026-06-01,8,120
3441,2026-06-01,14,322
3442,2026-06-01,23,552
3443,2026-06-01,6,126
3444,2026-06-01,27,432
3445,2026-06-01,39,663
3446,2026-06-01,6,54
3447,2026-06-01,4,88
3448,2026-06-01,9,207
3449,2026-06-01,4,64
3450,2026-06-01,21,273
3451,2026-06-01,23,529
3452,2026-06-01,22,176
3453,2026-06-01,26,442
3454,2026-06-01,3,57
3455,2026-06-01,8,152
3456,2026-06-01,8,168
3457,2026-06-01,4,76
3458,2026-06-01,195,2925
3459,2026-06-01,22,528
3460,2026-06-01,7,119
3461,2026-06-01,7,168
3462,2026-06-01,34,714
3463,2026-06-01,8,80
3464,2026-06-01,6,66
3465,2026-06-01,9,180
3466,2026-06-01,49,735
3467,2026-06-01,5,65
3468,2026-06-01,5,100
3469,2026-06-01,7,126
3470,2026-06-01,6,84
3471,2026-06-01,2,46
3472,2026-06-01,43,731
3473,2026-06-01,2,24
3474,2026-06-01,18,432
3475,2026-06-01,7,175
3476,2026-06-01,21,336
3477,2026-06-01,7,140
3478,2026-06-01,15,135
3479,2026-06-01,27,243
3480,2026-06-01,5,85
3481,2026-06-01,3,54
3482,2026-06-01,22,506
3483,2026-06-01,13,117
3484,2026-06-01,2,48
3485,2026-06-01,12,240
3486,2026-06-01,7,70
3487,2026-06-01,10,160
3488,2026-06-01,6,90
3489,2026-06-01,17,153
3490,2026-06-01,5,60
3491,2026-06-01,77,1232
3492,2026-06-01,8,128
3493,2026-06-01,10,230
3494,2026-06-01,34,680
3495,2026-06-01,3,45
3496,2026-06-01,60,1380
3497,2026-06-01,7,112
3498,2026-06-01,2,44
3499,2026-06-01,9,90
3500,2026-06-01,5,70
3501,2026-06-01,7,98
3502,2026-06-01,27,567
3503,2026-06-01,38,570
3504,2026-06-01,2,30
3505,2026-06-01,6,48
3506,2026-06-01,6,126
3507,2026-06-01,8,200
3508,2026-06-01,9,171
3509,2026-06-01,14,168
3510,2026-06-01,10,180
3511,2026-06-01,12,168
3512,2026-06-01,3,42
3513,2026-06-01,6,90
3514,2026-06-01,10,170
3515,2026-06-01,5,125
3516,2026-06-01,37,296
3517,2026-06-01,4,88
3518,2026-06-01,13,286
3519,2026-06-01,7,105
3520,2026-06-01,6,114
3521,2026-06-01,3,48
3522,2026-06-01,40,840
3523,2026-06-01,71,1278
3524,2026-06-01,9,126
3525,2026-06-01,13,234
3526,2026-06-01,19,228
3527,2026-06-01,3,36
3528,2026-06-01,6,150
3529,2026-06-01,4,60
3530,2026-06-01,29,261
3531,2026-06-01,3,24
3532,2026-06-01,13,221
3533,2026-06-01,3,54
3534,2026-06-01,27,648
3535,2026-06-01,11,110
3536,2026-06-01,6,138
3537,2026-06-01,4,92
3538,2026-06-01,21,462
3539,2026-06-01,2,22
3540,2026-06-01,7,119
3541,2026-06-01,17,272
3542,2026-06-01,54,1350
3543,2026-06-01,42,1008
3544,2026-06-01,4,64
3545,2026-06-01,8,168
3546,2026-06-01,9,99
3547,2026-06-01,30,540
3548,2026-06-01,6,150
3549,2026-06-01,5,40
3550,2026-06-01,8,120
3551,2026-06-01,2,18
3552,2026-06-01,36,360
3553,2026-06-01,12,228
3554,2026-06-01,29,377
3555,2026-06-01,10,120
3556,2026-06-01,6,60
3557,2026-06-01,7,105
3558,2026-06-01,33,429
3559,2026-06-01,3,30
3560,2026-06-01,175,2450
3561,2026-06-01,34,442
3562,2026-06-01,6,150
3563,2026-06-01,4,32
3564,2026-06-01,5,125
3565,2026-06-01,36,864
3566,2026-06-01,84,840
3567,2026-06-01,10,210
3568,2026-06-01,194,1746
3569,2026-06-01,29,348
3570,2026-06-01,9,225
3571,2026-06-01,3,36
3572,2026-06-01,46,920
3573,2026-06-01,3,42
3574,2026-06-01,9,171
3575,2026-06-01,201,3417
3576,2026-06-01,1,13
3577,2026-06-01,36,792
3578,2026-06-01,28,504
3579,2026-06-01,11,220
3580,2026-06-01,11,132
3581,2026-06-01,17,272
3582,2026-06-01,4,92
3583,2026-06-01,26,234
3584,2026-06-01,11,242
3585,2026-06-01,13,156
3586,2026-06-01,8,104
3587,2026-06-01,24,288
3588,2026-06-01,4,100
3589,2026-06-01,8,96
3590,2026-06-01,7,140
1002,2026-07-01,7,63
1007,2026-07-01,16,208
1008,2026-07-01,46,920
1010,2026-07-01,2,22
1012,2026-07-01,29,348
1013,2026-07-01,213,2982
1016,2026-07-01,7,98
1025,2026-07-01,28,420
1026,2026-07-01,205,3075
1028,2026-07-01,6,132
1033,2026-07-01,4,84
1038,2026-07-01,9,153
1039,2026-07-01,4,48
1040,2026-07-01,60,1140
1042,2026-07-01,40,600
1043,2026-07-01,29,522
1045,2026-07-01,95,1330
1053,2026-07-01,77,1540
1059,2026-07-01,383,3447
1060,2026-07-01,19,285
1062,2026-07-01,39,702
1064,2026-07-01,386,5404
1065,2026-07-01,42,420
1067,2026-07-01,22,484
1072,2026-07-01,4,96
1078,2026-07-01,12,300
1079,2026-07-01,16,240
1085,2026-07-01,47,846
1089,2026-07-01,44,352
1091,2026-07-01,7,119
1092,2026-07-01,8,128
1093,2026-07-01,49,637
1094,2026-07-01,43,946
1096,2026-07-01,43,989
1098,2026-07-01,13,117
1099,2026-07-01,8,112
1102,2026-07-01,3,63
1111,2026-07-01,5,55
1112,2026-07-01,6,54
1113,2026-07-01,16,240
1115,2026-07-01,76,1672
1124,2026-07-01,15,195
1127,2026-07-01,45,540
1129,2026-07-01,0,0
1130,2026-07-01,3,54
1131,2026-07-01,4,84
1134,2026-07-01,22,198
1139,2026-07-01,2,42
1140,2026-07-01,39,819
1143,2026-07-01,138,1518
1144,2026-07-01,16,384
1147,2026-07-01,15,375
1151,2026-07-01,28,476
1152,2026-07-01,4,88
1153,2026-07-01,7,84
1154,2026-07-01,53,1219
1157,2026-07-01,32,704
1158,2026-07-01,3,60
1160,2026-07-01,3,51
1161,2026-07-01,7,119
1167,2026-07-01,12,216
1170,2026-07-01,42,672
1172,2026-07-01,69,552
1174,2026-07-01,15,120
1175,2026-07-01,36,288
1177,2026-07-01,4,100
1179,2026-07-01,22,286
1181,2026-07-01,3,69
1183,2026-07-01,4,52
1185,2026-07-01,25,450
1186,2026-07-01,30,390
1187,2026-07-01,79,1896
1189,2026-07-01,13,312
1192,2026-07-01,12,144
1194,2026-07-01,31,403
1195,2026-07-01,11,143
1196,2026-07-01,22,330
1198,2026-07-01,33,660
1199,2026-07-01,44,528
1200,2026-07-01,513,6156
1207,2026-07-01,36,324
1208,2026-07-01,18,396
1211,2026-07-01,5,125
1213,2026-07-01,125,3125
1214,2026-07-01,1,16
1216,2026-07-01,3,69
1219,2026-07-01,4,84
1221,2026-07-01,4,32
1222,2026-07-01,29,609
1227,2026-07-01,24,240
1229,2026-07-01,6,96
1231,2026-07-01,60,480
1234,2026-07-01,72,1512
1235,2026-07-01,5,65
1237,2026-07-01,1,13
1241,2026-07-01,4,76
1242,2026-07-01,46,598
1244,2026-07-01,5,95
1249,2026-07-01,2,24
1250,2026-07-01,7,84
1256,2026-07-01,12,96
1257,2026-07-01,8,168
1258,2026-07-01,14,182
1259,2026-07-01,111,999
1261,2026-07-01,107,1498
1262,2026-07-01,179,2327
1263,2026-07-01,11,88
1265,2026-07-01,13,130
1266,2026-07-01,88,1584
1267,2026-07-01,9,117
1270,2026-07-01,253,3542
1274,2026-07-01,144,1872
1275,2026-07-01,170,2720
1281,2026-07-01,28,588
1282,2026-07-01,4,56
1285,2026-07-01,49,1176
1287,2026-07-01,107,1284
1288,2026-07-01,2,32
1289,2026-07-01,10,90
1291,2026-07-01,43,817
1297,2026-07-01,4,56
1299,2026-07-01,5,115
1302,2026-07-01,26,416
1304,2026-07-01,12,204
1305,2026-07-01,46,552
1308,2026-07-01,11,242
1310,2026-07-01,51,1122
1312,2026-07-01,5,50
1317,2026-07-01,6,60
1318,2026-07-01,13,117
1320,2026-07-01,7,112
1322,2026-07-01,138,3036
1323,2026-07-01,29,725
1327,2026-07-01,49,1176
1329,2026-07-01,13,234
1335,2026-07-01,10,250
1336,2026-07-01,26,234
1337,2026-07-01,144,3168
1339,2026-07-01,51,1173
1341,2026-07-01,19,342
1342,2026-07-01,16,288
1343,2026-07-01,62,682
1344,2026-07-01,0,0
1346,2026-07-01,17,408
1347,2026-07-01,7,154
1348,2026-07-01,9,207
1351,2026-07-01,9,171
1352,2026-07-01,35,350
1353,2026-07-01,4,68
1354,2026-07-01,1,15
1355,2026-07-01,81,972
1358,2026-07-01,68,816
1363,2026-07-01,48,624
1367,2026-07-01,9,207
1369,2026-07-01,3,42
1372,2026-07-01,23,299
1373,2026-07-01,74,1554
1374,2026-07-01,5,55
1375,2026-07-01,173,3633
1385,2026-07-01,2,22
1386,2026-07-01,4,76
1387,2026-07-01,2,40
1389,2026-07-01,13,143
1393,2026-07-01,14,294
1395,2026-07-01,14,182
1397,2026-07-01,8,104
1400,2026-07-01,37,518
1402,2026-07-01,87,957
1404,2026-07-01,6,144
1405,2026-07-01,61,1342
1409,2026-07-01,27,540
1410,2026-07-01,34,306
1414,2026-07-01,17,153
1416,2026-07-01,4,76
1417,2026-07-01,16,192
1419,2026-07-01,6,48
1420,2026-07-01,204,2856
1422,2026-07-01,49,833
1426,2026-07-01,1,24
1427,2026-07-01,2,32
1428,2026-07-01,53,1113
1432,2026-07-01,5,100
1434,2026-07-01,3,72
1435,2026-07-01,3,39
1436,2026-07-01,21,189
1437,2026-07-01,8,168
1439,2026-07-01,71,1065
1444,2026-07-01,31,279
1447,2026-07-01,23,276
1448,2026-07-01,22,418
1450,2026-07-01,17,204
1451,2026-07-01,5,75
1452,2026-07-01,40,960
1457,2026-07-01,65,1235
1458,2026-07-01,19,380
1461,2026-07-01,6,138
1462,2026-07-01,43,387
1464,2026-07-01,5,105
1466,2026-07-01,6,48
1468,2026-07-01,13,182
1471,2026-07-01,364,9100
1474,2026-07-01,44,440
1476,2026-07-01,157,2669
1477,2026-07-01,5,90
1478,2026-07-01,3,57
1481,2026-07-01,86,946
1483,2026-07-01,33,330
1486,2026-07-01,15,255
1487,2026-07-01,48,576
1490,2026-07-01,6,66
1494,2026-07-01,43,946
1495,2026-07-01,7,56
1498,2026-07-01,5,40
1499,2026-07-01,21,420
1500,2026-07-01,2,46
1503,2026-07-01,20,360
1507,2026-07-01,1,18
1509,2026-07-01,3,60
1514,2026-07-01,16,304
1517,2026-07-01,30,690
1520,2026-07-01,8,128
1521,2026-07-01,3,27
1522,2026-07-01,40,480
1524,2026-07-01,211,3376
1526,2026-07-01,33,528
1528,2026-07-01,36,792
1530,2026-07-01,52,676
1531,2026-07-01,3,75
1533,2026-07-01,43,688
1534,2026-07-01,4,52
1537,2026-07-01,11,231
1539,2026-07-01,137,2877
1540,2026-07-01,15,165
1541,2026-07-01,42,882
1542,2026-07-01,7,175
1544,2026-07-01,8,104
1545,2026-07-01,41,779
1546,2026-07-01,57,1254
1553,2026-07-01,148,2664
1554,2026-07-01,28,224
1556,2026-07-01,10,100
1557,2026-07-01,10,140
1558,2026-07-01,3,57
1562,2026-07-01,7,147
1563,2026-07-01,1,9
1564,2026-07-01,29,551
1565,2026-07-01,4,84
1566,2026-07-01,1,22
1568,2026-07-01,2,32
1569,2026-07-01,232,4640
1570,2026-07-01,30,420
1572,2026-07-01,7,140
1574,2026-07-01,14,126
1575,2026-07-01,41,574
1578,2026-07-01,4,92
1579,2026-07-01,7,70
1581,2026-07-01,56,1176
1583,2026-07-01,99,990
1585,2026-07-01,24,576
1587,2026-07-01,1,8
1592,2026-07-01,10,80
1593,2026-07-01,25,350
1596,2026-07-01,21,231
1597,2026-07-01,2,28
1598,2026-07-01,111,2442
1600,2026-07-01,10,240
1605,2026-07-01,46,552
1607,2026-07-01,7,84
1609,2026-07-01,136,3264
1611,2026-07-01,21,210
1612,2026-07-01,82,984
1613,2026-07-01,8,80
1620,2026-07-01,104,1352
1621,2026-07-01,5,50
1625,2026-07-01,14,196
1626,2026-07-01,35,595
1627,2026-07-01,3,42
1630,2026-07-01,124,1116
1631,2026-07-01,43,903
1635,2026-07-01,24,360
1637,2026-07-01,8,128
1638,2026-07-01,27,648
1640,2026-07-01,18,288
1641,2026-07-01,11,132
1642,2026-07-01,10,200
1643,2026-07-01,2,18
1645,2026-07-01,3,60
1646,2026-07-01,180,4500
1649,2026-07-01,3,42
1652,2026-07-01,7,98
1653,2026-07-01,7,77
1656,2026-07-01,37,777
1657,2026-07-01,13,273
1659,2026-07-01,8,128
1660,2026-07-01,17,136
1663,2026-07-01,3,42
1666,2026-07-01,8,88
1670,2026-07-01,5,70
1674,2026-07-01,48,1008
1677,2026-07-01,40,720
1678,2026-07-01,17,204
1680,2026-07-01,1,13
1681,2026-07-01,27,405
1682,2026-07-01,1,24
1683,2026-07-01,8,96
1684,2026-07-01,21,315
1686,2026-07-01,29,696
1687,2026-07-01,1,20
1688,2026-07-01,1,19
1689,2026-07-01,181,2353
1690,2026-07-01,9,225
1692,2026-07-01,3,69
1694,2026-07-01,7,175
1695,2026-07-01,2,32
1696,2026-07-01,2,20
1697,2026-07-01,20,200
1699,2026-07-01,27,297
1703,2026-07-01,3,42
1704,2026-07-01,1,19
1707,2026-07-01,44,792
1708,2026-07-01,31,651
1709,2026-07-01,5,75
1711,2026-07-01,62,930
1712,2026-07-01,8,72
1713,2026-07-01,7,154
1714,2026-07-01,87,1131
1715,2026-07-01,4,72
1718,2026-07-01,8,176
1719,2026-07-01,43,817
1721,2026-07-01,30,660
1722,2026-07-01,24,384
1723,2026-07-01,3,69
1725,2026-07-01,184,4232
1728,2026-07-01,1,12
1731,2026-07-01,21,462
1732,2026-07-01,6,48
1736,2026-07-01,28,420
1737,2026-07-01,3,75
1738,2026-07-01,22,176
1739,2026-07-01,71,1065
1740,2026-07-01,11,88
1741,2026-07-01,35,455
1743,2026-07-01,23,230
1745,2026-07-01,25,250
1746,2026-07-01,17,238
1748,2026-07-01,22,506
1749,2026-07-01,3,24
1751,2026-07-01,189,2079
1752,2026-07-01,21,504
1755,2026-07-01,0,0
1756,2026-07-01,19,342
1759,2026-07-01,142,2272
1760,2026-07-01,30,720
1761,2026-07-01,4,64
1762,2026-07-01,1,23
1763,2026-07-01,52,624
1764,2026-07-01,7,84
1766,2026-07-01,36,792
1767,2026-07-01,257,4626
1770,2026-07-01,15,255
1772,2026-07-01,29,638
1773,2026-07-01,38,456
1774,2026-07-01,49,539
1776,2026-07-01,5,65
1779,2026-07-01,6,102
1782,2026-07-01,4,60
1786,2026-07-01,32,672
1787,2026-07-01,89,1335
1788,2026-07-01,80,960
1791,2026-07-01,33,297
1793,2026-07-01,2,44
1794,2026-07-01,10,120
1796,2026-07-01,29,609
1797,2026-07-01,33,528
1799,2026-07-01,17,357
1801,2026-07-01,22,352
1802,2026-07-01,151,1510
1803,2026-07-01,8,200
1806,2026-07-01,23,483
1808,2026-07-01,2,24
1810,2026-07-01,3,39
1812,2026-07-01,4,32
1814,2026-07-01,12,192
1817,2026-07-01,21,378
1819,2026-07-01,5,90
1823,2026-07-01,13,234
1828,2026-07-01,8,200
1829,2026-07-01,13,169
1830,2026-07-01,2,24
1831,2026-07-01,6,84
1832,2026-07-01,7,140
1834,2026-07-01,16,208
1837,2026-07-01,6,150
1838,2026-07-01,6,72
1839,2026-07-01,3,57
1840,2026-07-01,25,550
1841,2026-07-01,28,308
1844,2026-07-01,40,520
1845,2026-07-01,3,45
1846,2026-07-01,175,2100
1848,2026-07-01,4,72
1849,2026-07-01,27,459
1850,2026-07-01,6,144
1851,2026-07-01,23,322
1852,2026-07-01,17,374
1853,2026-07-01,1,21
1854,2026-07-01,10,130
1855,2026-07-01,9,198
1858,2026-07-01,143,1859
1859,2026-07-01,12,168
1864,2026-07-01,62,1488
1866,2026-07-01,11,165
1867,2026-07-01,2,30
1868,2026-07-01,8,192
1869,2026-07-01,10,230
1870,2026-07-01,3,45
1871,2026-07-01,24,192
1872,2026-07-01,8,72
1873,2026-07-01,2,24
1874,2026-07-01,9,108
1877,2026-07-01,1,16
1881,2026-07-01,51,408
1884,2026-07-01,22,418
1888,2026-07-01,11,99
1890,2026-07-01,38,684
1891,2026-07-01,2,38
1892,2026-07-01,68,1224
1893,2026-07-01,10,130
1896,2026-07-01,11,231
1898,2026-07-01,19,361
1899,2026-07-01,23,368
1900,2026-07-01,8,112
1901,2026-07-01,4,44
1902,2026-07-01,4,68
1906,2026-07-01,38,570
1907,2026-07-01,20,440
1909,2026-07-01,2,24
1910,2026-07-01,7,63
1911,2026-07-01,2,50
1912,2026-07-01,666,16650
1913,2026-07-01,34,680
1914,2026-07-01,93,1116
1917,2026-07-01,36,648
1921,2026-07-01,3,66
1924,2026-07-01,19,190
1925,2026-07-01,1,24
1927,2026-07-01,3,33
1929,2026-07-01,2,22
1931,2026-07-01,8,80
1936,2026-07-01,45,1035
1938,2026-07-01,110,2420
1939,2026-07-01,1,16
1940,2026-07-01,16,352
1941,2026-07-01,22,550
1943,2026-07-01,7,119
1944,2026-07-01,118,2006
1947,2026-07-01,1,25
1948,2026-07-01,33,264
1953,2026-07-01,2,46
1955,2026-07-01,1,24
1957,2026-07-01,6,114
1959,2026-07-01,12,168
1960,2026-07-01,24,360
1962,2026-07-01,17,170
1963,2026-07-01,9,99
1964,2026-07-01,22,220
1966,2026-07-01,6,132
1967,2026-07-01,14,252
1972,2026-07-01,17,187
1973,2026-07-01,126,1134
1975,2026-07-01,132,1320
1976,2026-07-01,15,270
1979,2026-07-01,9,117
1980,2026-07-01,3,66
1981,2026-07-01,36,648
1982,2026-07-01,4,80
1987,2026-07-01,17,425
1988,2026-07-01,11,154
1989,2026-07-01,5,65
1990,2026-07-01,2,32
1991,2026-07-01,5,125
1992,2026-07-01,7,168
1993,2026-07-01,45,1080
1994,2026-07-01,9,72
1995,2026-07-01,3,45
1996,2026-07-01,13,273
1998,2026-07-01,8,64
1999,2026-07-01,58,1160
2000,2026-07-01,45,450
2001,2026-07-01,6,78
2005,2026-07-01,4,80
2006,2026-07-01,38,532
2007,2026-07-01,7,84
2008,2026-07-01,17,306
2009,2026-07-01,85,1445
2012,2026-07-01,44,924
2015,2026-07-01,59,767
2017,2026-07-01,18,288
2018,2026-07-01,13,195
2019,2026-07-01,100,900
2020,2026-07-01,12,120
2021,2026-07-01,30,450
2022,2026-07-01,43,602
2023,2026-07-01,3,60
2024,2026-07-01,9,81
2025,2026-07-01,3,75
2028,2026-07-01,30,750
2029,2026-07-01,9,189
2030,2026-07-01,46,1104
2031,2026-07-01,2,20
2032,2026-07-01,10,200
2036,2026-07-01,6,132
2038,2026-07-01,30,420
2039,2026-07-01,51,1224
2040,2026-07-01,50,650
2042,2026-07-01,5,105
2043,2026-07-01,5,95
2044,2026-07-01,6,138
2046,2026-07-01,45,450
2049,2026-07-01,54,1188
2050,2026-07-01,12,168
2051,2026-07-01,9,81
2054,2026-07-01,7,112
2055,2026-07-01,12,264
2057,2026-07-01,18,198
2060,2026-07-01,16,240
2062,2026-07-01,94,940
2063,2026-07-01,3,57
2064,2026-07-01,13,325
2071,2026-07-01,15,360
2072,2026-07-01,39,624
2073,2026-07-01,7,119
2074,2026-07-01,49,784
2075,2026-07-01,2,42
2076,2026-07-01,36,900
2077,2026-07-01,12,240
2078,2026-07-01,17,408
2079,2026-07-01,22,264
2080,2026-07-01,7,133
2084,2026-07-01,3,39
2085,2026-07-01,99,2178
2087,2026-07-01,44,836
2088,2026-07-01,7,77
2090,2026-07-01,10,140
2091,2026-07-01,53,1219
2092,2026-07-01,10,210
2094,2026-07-01,23,552
2095,2026-07-01,48,624
2096,2026-07-01,54,1350
2097,2026-07-01,1,14
2100,2026-07-01,21,294
2101,2026-07-01,141,2538
2102,2026-07-01,10,80
2103,2026-07-01,26,416
2104,2026-07-01,36,324
2105,2026-07-01,28,672
2107,2026-07-01,6,90
2108,2026-07-01,250,6250
2109,2026-07-01,27,378
2111,2026-07-01,62,1240
2114,2026-07-01,5,100
2118,2026-07-01,8,152
2119,2026-07-01,20,500
2120,2026-07-01,129,1290
2123,2026-07-01,75,1125
2124,2026-07-01,55,1265
2126,2026-07-01,8,168
2127,2026-07-01,56,1232
2128,2026-07-01,9,72
2129,2026-07-01,0,0
2130,2026-07-01,4,60
2132,2026-07-01,41,451
2134,2026-07-01,1,15
2136,2026-07-01,7,175
2137,2026-07-01,23,483
2139,2026-07-01,26,572
2142,2026-07-01,7,84
2143,2026-07-01,16,176
2144,2026-07-01,83,1992
2145,2026-07-01,27,405
2146,2026-07-01,5,50
2147,2026-07-01,29,638
2148,2026-07-01,34,782
2149,2026-07-01,183,1830
2150,2026-07-01,19,342
2153,2026-07-01,32,416
2154,2026-07-01,5,110
2156,2026-07-01,8,64
2157,2026-07-01,30,300
2158,2026-07-01,45,450
2159,2026-07-01,64,832
2160,2026-07-01,2,34
2161,2026-07-01,66,1254
2163,2026-07-01,6,150
2164,2026-07-01,10,170
2165,2026-07-01,7,175
2167,2026-07-01,10,230
2169,2026-07-01,70,1050
2170,2026-07-01,6,78
2171,2026-07-01,32,544
2172,2026-07-01,121,2178
2174,2026-07-01,40,680
2177,2026-07-01,419,5028
2178,2026-07-01,17,170
2179,2026-07-01,8,176
2181,2026-07-01,37,666
2183,2026-07-01,293,4102
2187,2026-07-01,14,224
2188,2026-07-01,34,306
2189,2026-07-01,140,1680
2193,2026-07-01,75,750
2198,2026-07-01,1,14
2200,2026-07-01,96,1824
2202,2026-07-01,9,153
2207,2026-07-01,87,2001
2208,2026-07-01,7,105
2209,2026-07-01,8,176
2210,2026-07-01,8,192
2211,2026-07-01,4,48
2212,2026-07-01,127,1778
2213,2026-07-01,387,5418
2214,2026-07-01,7,91
2215,2026-07-01,3,63
2218,2026-07-01,4,44
2219,2026-07-01,29,319
2220,2026-07-01,51,663
2221,2026-07-01,22,308
2222,2026-07-01,4,52
2224,2026-07-01,130,2990
2226,2026-07-01,5,125
2227,2026-07-01,2,34
2229,2026-07-01,13,169
2230,2026-07-01,2,46
2232,2026-07-01,5,105
2233,2026-07-01,8,136
2234,2026-07-01,20,380
2236,2026-07-01,29,551
2237,2026-07-01,11,99
2238,2026-07-01,13,312
2240,2026-07-01,50,550
2241,2026-07-01,12,288
2242,2026-07-01,3,27
2243,2026-07-01,31,279
2244,2026-07-01,5,60
2245,2026-07-01,21,210
2246,2026-07-01,8,96
2248,2026-07-01,25,200
2249,2026-07-01,1,8
2250,2026-07-01,33,495
2251,2026-07-01,19,323
2252,2026-07-01,13,286
2254,2026-07-01,6,48
2256,2026-07-01,1,8
2258,2026-07-01,12,300
2260,2026-07-01,13,299
2261,2026-07-01,2,42
2263,2026-07-01,2,48
2266,2026-07-01,4,64
2267,2026-07-01,5,120
2270,2026-07-01,5,75
2271,2026-07-01,26,520
2273,2026-07-01,7,168
2274,2026-07-01,30,450
2276,2026-07-01,6,72
2280,2026-07-01,16,224
2281,2026-07-01,35,840
2283,2026-07-01,6,102
2284,2026-07-01,52,624
2285,2026-07-01,8,80
2286,2026-07-01,8,120
2288,2026-07-01,178,4450
2289,2026-07-01,49,1176
2291,2026-07-01,7,175
2292,2026-07-01,2,50
2293,2026-07-01,20,480
2296,2026-07-01,9,126
2297,2026-07-01,7,140
2299,2026-07-01,7,77
2301,2026-07-01,5,45
2302,2026-07-01,6,72
2304,2026-07-01,19,266
2305,2026-07-01,2,28
2308,2026-07-01,7,105
2309,2026-07-01,22,374
2310,2026-07-01,2,28
2313,2026-07-01,29,232
2315,2026-07-01,8,144
2316,2026-07-01,5,65
2317,2026-07-01,11,132
2319,2026-07-01,2,50
2320,2026-07-01,4,68
2321,2026-07-01,13,286
2322,2026-07-01,6,96
2323,2026-07-01,28,252
2325,2026-07-01,8,112
2326,2026-07-01,11,253
2327,2026-07-01,56,560
2328,2026-07-01,52,1092
2329,2026-07-01,49,1078
2330,2026-07-01,155,3720
2333,2026-07-01,53,1325
2334,2026-07-01,15,225
2335,2026-07-01,1,10
2336,2026-07-01,11,165
2337,2026-07-01,7,140
2339,2026-07-01,24,408
2341,2026-07-01,6,126
2343,2026-07-01,17,204
2344,2026-07-01,1,22
2345,2026-07-01,7,147
2346,2026-07-01,56,1120
2348,2026-07-01,24,576
2351,2026-07-01,3,72
2352,2026-07-01,19,475
2354,2026-07-01,17,153
2356,2026-07-01,49,833
2358,2026-07-01,6,66
2359,2026-07-01,8,120
2362,2026-07-01,5,90
2363,2026-07-01,1,15
2364,2026-07-01,167,2338
2365,2026-07-01,9,216
2367,2026-07-01,16,192
2368,2026-07-01,11,110
2369,2026-07-01,20,500
2370,2026-07-01,34,646
2376,2026-07-01,8,72
2377,2026-07-01,5,120
2378,2026-07-01,2,34
2381,2026-07-01,25,375
2383,2026-07-01,46,966
2385,2026-07-01,0,0
2386,2026-07-01,4,100
2387,2026-07-01,22,418
2389,2026-07-01,16,256
2390,2026-07-01,32,320
2391,2026-07-01,27,243
2393,2026-07-01,6,60
2395,2026-07-01,12,276
2396,2026-07-01,20,300
2397,2026-07-01,8,120
2398,2026-07-01,25,625
2399,2026-07-01,9,108
2401,2026-07-01,64,768
2403,2026-07-01,5,125
2404,2026-07-01,14,182
2405,2026-07-01,14,154
2406,2026-07-01,5,115
2410,2026-07-01,12,180
2411,2026-07-01,173,2422
2413,2026-07-01,19,418
2415,2026-07-01,23,552
2416,2026-07-01,157,3768
2418,2026-07-01,131,2489
2419,2026-07-01,2,16
2420,2026-07-01,6,66
2421,2026-07-01,101,2020
2423,2026-07-01,16,336
2424,2026-07-01,20,260
2426,2026-07-01,11,275
2427,2026-07-01,4,56
2428,2026-07-01,19,361
2429,2026-07-01,87,1218
2430,2026-07-01,3,57
2431,2026-07-01,2,32
2432,2026-07-01,4,32
2433,2026-07-01,25,425
2435,2026-07-01,87,1392
2436,2026-07-01,2,48
2437,2026-07-01,102,1632
2439,2026-07-01,18,270
2440,2026-07-01,27,405
2441,2026-07-01,5,65
2442,2026-07-01,16,320
2444,2026-07-01,2,32
2445,2026-07-01,44,660
2447,2026-07-01,49,833
2448,2026-07-01,7,84
2450,2026-07-01,30,510
2451,2026-07-01,6,114
2453,2026-07-01,21,273
2455,2026-07-01,50,1150
2456,2026-07-01,6,66
2458,2026-07-01,2,38
2461,2026-07-01,1,12
2463,2026-07-01,11,132
2464,2026-07-01,10,240
2465,2026-07-01,7,140
2466,2026-07-01,18,324
2467,2026-07-01,4,64
2469,2026-07-01,178,2848
2470,2026-07-01,11,132
2471,2026-07-01,41,861
2472,2026-07-01,3,45
2473,2026-07-01,10,90
2474,2026-07-01,121,1210
2475,2026-07-01,23,414
2476,2026-07-01,16,368
2477,2026-07-01,2,50
2478,2026-07-01,3,54
2479,2026-07-01,23,460
2480,2026-07-01,23,345
2482,2026-07-01,4,76
2483,2026-07-01,12,300
2484,2026-07-01,12,156
2485,2026-07-01,5,90
2488,2026-07-01,3,45
2489,2026-07-01,21,525
2491,2026-07-01,27,432
2493,2026-07-01,129,2193
2496,2026-07-01,3,54
2497,2026-07-01,18,288
2499,2026-07-01,2,26
2501,2026-07-01,60,660
2504,2026-07-01,4,88
2505,2026-07-01,43,387
2506,2026-07-01,28,588
2507,2026-07-01,74,592
2512,2026-07-01,53,848
2513,2026-07-01,22,330
2514,2026-07-01,43,645
2515,2026-07-01,11,209
2516,2026-07-01,23,437
2517,2026-07-01,7,133
2519,2026-07-01,54,702
2522,2026-07-01,50,400
2524,2026-07-01,6,48
2525,2026-07-01,8,176
2526,2026-07-01,3,33
2527,2026-07-01,35,490
2530,2026-07-01,14,154
2531,2026-07-01,12,264
2532,2026-07-01,62,1054
2533,2026-07-01,7,119
2534,2026-07-01,2,32
2536,2026-07-01,3,66
2537,2026-07-01,4,60
2538,2026-07-01,15,300
2539,2026-07-01,5,100
2540,2026-07-01,2,42
2541,2026-07-01,96,1632
2542,2026-07-01,29,348
2543,2026-07-01,1,24
2544,2026-07-01,340,3400
2545,2026-07-01,294,3234
2546,2026-07-01,4,84
2547,2026-07-01,139,2502
2550,2026-07-01,94,2256
2552,2026-07-01,1,13
2554,2026-07-01,24,312
2557,2026-07-01,5,50
2558,2026-07-01,3,54
2559,2026-07-01,6,54
2560,2026-07-01,12,144
2562,2026-07-01,22,506
2565,2026-07-01,16,224
2566,2026-07-01,4,36
2567,2026-07-01,23,184
2568,2026-07-01,16,288
2571,2026-07-01,50,950
2572,2026-07-01,8,200
2573,2026-07-01,13,221
2575,2026-07-01,8,72
2577,2026-07-01,10,220
2578,2026-07-01,3,60
2580,2026-07-01,4,68
2581,2026-07-01,7,168
2582,2026-07-01,2,40
2583,2026-07-01,36,324
2585,2026-07-01,14,280
2586,2026-07-01,3,60
2590,2026-07-01,16,368
2593,2026-07-01,5,70
2595,2026-07-01,11,143
2596,2026-07-01,10,170
2599,2026-07-01,3,51
2602,2026-07-01,30,660
2603,2026-07-01,19,418
2604,2026-07-01,5,80
2607,2026-07-01,9,72
2608,2026-07-01,4,44
2611,2026-07-01,4,68
2612,2026-07-01,6,144
2614,2026-07-01,29,232
2616,2026-07-01,4,92
2619,2026-07-01,37,407
2620,2026-07-01,4,96
2621,2026-07-01,12,204
2622,2026-07-01,9,81
2624,2026-07-01,11,231
2627,2026-07-01,5,110
2628,2026-07-01,1,19
2629,2026-07-01,3,63
2631,2026-07-01,6,144
2632,2026-07-01,6,48
2635,2026-07-01,8,80
2637,2026-07-01,10,120
2638,2026-07-01,22,330
2640,2026-07-01,134,2278
2643,2026-07-01,4,32
2644,2026-07-01,5,125
2645,2026-07-01,29,406
2647,2026-07-01,5,55
2648,2026-07-01,33,363
2649,2026-07-01,13,247
2650,2026-07-01,10,80
2653,2026-07-01,68,680
2655,2026-07-01,5,55
2656,2026-07-01,1,10
2657,2026-07-01,25,275
2658,2026-07-01,8,160
2659,2026-07-01,146,2482
2663,2026-07-01,21,315
2664,2026-07-01,7,70
2665,2026-07-01,26,338
2667,2026-07-01,7,147
2669,2026-07-01,49,784
2671,2026-07-01,12,192
2672,2026-07-01,8,120
2673,2026-07-01,35,770
2674,2026-07-01,2,38
2675,2026-07-01,2,46
2676,2026-07-01,13,117
2677,2026-07-01,27,270
2678,2026-07-01,12,288
2679,2026-07-01,49,1078
2680,2026-07-01,60,1200
2681,2026-07-01,7,161
2682,2026-07-01,8,136
2683,2026-07-01,3,69
2684,2026-07-01,12,96
2685,2026-07-01,54,864
2686,2026-07-01,154,3850
2688,2026-07-01,2,18
2689,2026-07-01,176,4224
2690,2026-07-01,15,315
2691,2026-07-01,2,26
2692,2026-07-01,14,196
2693,2026-07-01,9,135
2694,2026-07-01,13,182
2696,2026-07-01,10,200
2697,2026-07-01,14,336
2698,2026-07-01,11,198
2700,2026-07-01,15,270
2701,2026-07-01,8,104
2702,2026-07-01,10,150
2703,2026-07-01,4,36
2704,2026-07-01,4,52
2705,2026-07-01,166,3320
2706,2026-07-01,20,460
2708,2026-07-01,4,32
2709,2026-07-01,58,696
2710,2026-07-01,22,286
2711,2026-07-01,40,640
2712,2026-07-01,33,594
2715,2026-07-01,9,144
2716,2026-07-01,6,138
2718,2026-07-01,5,105
2719,2026-07-01,11,110
2720,2026-07-01,6,150
2721,2026-07-01,12,180
2723,2026-07-01,15,300
2724,2026-07-01,102,2142
2726,2026-07-01,5,120
2729,2026-07-01,8,144
2730,2026-07-01,5,50
2732,2026-07-01,10,200
2734,2026-07-01,27,405
2735,2026-07-01,6,144
2739,2026-07-01,8,96
2740,2026-07-01,37,444
2741,2026-07-01,15,150
2742,2026-07-01,5,55
2743,2026-07-01,6,126
2744,2026-07-01,3,45
2745,2026-07-01,8,96
2746,2026-07-01,10,150
2747,2026-07-01,4,52
2748,2026-07-01,8,120
2749,2026-07-01,30,510
2751,2026-07-01,3,27
2752,2026-07-01,5,95
2753,2026-07-01,20,320
2754,2026-07-01,22,462
2755,2026-07-01,7,133
2756,2026-07-01,34,578
2757,2026-07-01,11,165
2758,2026-07-01,14,224
2761,2026-07-01,32,672
2762,2026-07-01,8,112
2763,2026-07-01,15,375
2764,2026-07-01,3,69
2765,2026-07-01,21,252
2766,2026-07-01,27,405
2767,2026-07-01,28,560
2771,2026-07-01,16,208
2773,2026-07-01,2,20
2774,2026-07-01,102,1326
2778,2026-07-01,7,70
2779,2026-07-01,11,99
2781,2026-07-01,19,228
2782,2026-07-01,7,91
2783,2026-07-01,28,532
2784,2026-07-01,3,66
2785,2026-07-01,29,464
2786,2026-07-01,14,280
2788,2026-07-01,4,72
2789,2026-07-01,102,1020
2791,2026-07-01,76,836
2792,2026-07-01,8,184
2793,2026-07-01,30,360
2794,2026-07-01,9,108
2795,2026-07-01,34,510
2796,2026-07-01,19,266
2798,2026-07-01,4,80
2799,2026-07-01,46,414
2800,2026-07-01,3,54
2801,2026-07-01,17,391
2803,2026-07-01,31,341
2804,2026-07-01,36,504
2805,2026-07-01,5,110
2806,2026-07-01,181,2172
2807,2026-07-01,2,18
2808,2026-07-01,7,91
2809,2026-07-01,7,175
2812,2026-07-01,3,42
2814,2026-07-01,15,270
2815,2026-07-01,5,125
2816,2026-07-01,5,75
2817,2026-07-01,24,240
2818,2026-07-01,8,112
2819,2026-07-01,65,1300
2822,2026-07-01,157,2826
2827,2026-07-01,6,48
2828,2026-07-01,189,3591
2830,2026-07-01,7,56
2831,2026-07-01,10,200
2832,2026-07-01,11,165
2833,2026-07-01,6,72
2834,2026-07-01,5,105
2835,2026-07-01,3,48
2836,2026-07-01,151,1963
2837,2026-07-01,10,250
2839,2026-07-01,5,70
2841,2026-07-01,6,60
2842,2026-07-01,76,988
2843,2026-07-01,4,68
2844,2026-07-01,38,684
2845,2026-07-01,4,80
2848,2026-07-01,13,156
2849,2026-07-01,25,600
2850,2026-07-01,7,70
2852,2026-07-01,7,161
2853,2026-07-01,4,56
2854,2026-07-01,35,735
2855,2026-07-01,3,72
2856,2026-07-01,7,63
2857,2026-07-01,8,176
2858,2026-07-01,172,4300
2860,2026-07-01,46,1150
2861,2026-07-01,11,143
2863,2026-07-01,42,378
2864,2026-07-01,60,780
2865,2026-07-01,6,84
2867,2026-07-01,250,5500
2868,2026-07-01,24,528
2869,2026-07-01,4,88
2870,2026-07-01,3,63
2871,2026-07-01,9,198
2872,2026-07-01,3,66
2873,2026-07-01,4,48
2874,2026-07-01,14,336
2875,2026-07-01,6,96
2877,2026-07-01,5,65
2878,2026-07-01,8,192
2879,2026-07-01,7,56
2880,2026-07-01,8,128
2881,2026-07-01,29,580
2885,2026-07-01,6,96
2886,2026-07-01,40,720
2887,2026-07-01,7,70
2889,2026-07-01,62,992
2891,2026-07-01,6,48
2892,2026-07-01,2,28
2893,2026-07-01,8,152
2894,2026-07-01,14,154
2895,2026-07-01,4,56
2896,2026-07-01,48,528
2899,2026-07-01,1,10
2904,2026-07-01,2,28
2905,2026-07-01,36,324
2906,2026-07-01,195,4095
2907,2026-07-01,4,60
2909,2026-07-01,47,799
2910,2026-07-01,7,168
2911,2026-07-01,9,117
2912,2026-07-01,5,65
2915,2026-07-01,6,150
2916,2026-07-01,6,84
2917,2026-07-01,2,26
2918,2026-07-01,4,44
2920,2026-07-01,18,432
2921,2026-07-01,138,1794
2922,2026-07-01,60,660
2923,2026-07-01,6,84
2924,2026-07-01,4,44
2925,2026-07-01,3,63
2926,2026-07-01,13,130
2927,2026-07-01,35,560
2928,2026-07-01,2,50
2931,2026-07-01,13,273
2932,2026-07-01,14,336
2933,2026-07-01,31,248
2934,2026-07-01,251,5522
2936,2026-07-01,1,22
2937,2026-07-01,22,550
2938,2026-07-01,6,66
2939,2026-07-01,84,2100
2940,2026-07-01,36,648
2941,2026-07-01,14,308
2944,2026-07-01,5,60
2945,2026-07-01,46,414
2948,2026-07-01,18,450
2950,2026-07-01,27,351
2951,2026-07-01,9,153
2952,2026-07-01,63,693
2953,2026-07-01,12,276
2954,2026-07-01,7,119
2956,2026-07-01,22,176
2957,2026-07-01,3,45
2959,2026-07-01,179,3222
2961,2026-07-01,10,200
2962,2026-07-01,5,100
2965,2026-07-01,8,168
2966,2026-07-01,7,168
2967,2026-07-01,7,161
2968,2026-07-01,24,528
2969,2026-07-01,37,666
2971,2026-07-01,8,112
2972,2026-07-01,4,40
2973,2026-07-01,44,660
2974,2026-07-01,33,627
2975,2026-07-01,28,532
2978,2026-07-01,4,64
2979,2026-07-01,34,442
2980,2026-07-01,8,184
2981,2026-07-01,4,84
2982,2026-07-01,46,1104
2983,2026-07-01,5,80
2984,2026-07-01,8,144
2986,2026-07-01,10,120
2988,2026-07-01,35,735
2989,2026-07-01,67,1273
2990,2026-07-01,9,198
2991,2026-07-01,206,1648
2992,2026-07-01,11,264
2993,2026-07-01,7,175
2994,2026-07-01,2,32
2995,2026-07-01,3,63
2996,2026-07-01,2,26
2997,2026-07-01,21,210
2998,2026-07-01,3,42
2999,2026-07-01,73,584
3000,2026-07-01,13,234
3001,2026-07-01,6,48
3003,2026-07-01,73,1606
3005,2026-07-01,13,104
3006,2026-07-01,6,102
3009,2026-07-01,6,72
3010,2026-07-01,36,828
3011,2026-07-01,45,720
3012,2026-07-01,8,120
3013,2026-07-01,1,12
3014,2026-07-01,9,189
3016,2026-07-01,22,352
3017,2026-07-01,42,630
3018,2026-07-01,2,44
3019,2026-07-01,7,112
3020,2026-07-01,0,0
3021,2026-07-01,10,190
3023,2026-07-01,181,2715
3024,2026-07-01,18,270
3026,2026-07-01,7,140
3028,2026-07-01,20,240
3029,2026-07-01,3,33
3030,2026-07-01,42,798
3031,2026-07-01,7,70
3032,2026-07-01,1,21
3034,2026-07-01,3,60
3035,2026-07-01,13,312
3036,2026-07-01,20,480
3038,2026-07-01,91,1820
3040,2026-07-01,11,88
3041,2026-07-01,1,12
3042,2026-07-01,14,252
3045,2026-07-01,16,272
3046,2026-07-01,10,100
3047,2026-07-01,8,192
3048,2026-07-01,21,294
3049,2026-07-01,91,1638
3050,2026-07-01,7,105
3051,2026-07-01,3,63
3052,2026-07-01,10,130
3054,2026-07-01,51,663
3055,2026-07-01,6,108
3056,2026-07-01,9,72
3058,2026-07-01,8,120
3059,2026-07-01,3,60
3060,2026-07-01,118,944
3061,2026-07-01,3,30
3062,2026-07-01,19,323
3063,2026-07-01,8,192
3064,2026-07-01,12,300
3065,2026-07-01,23,345
3066,2026-07-01,4,100
3067,2026-07-01,5,60
3068,2026-07-01,13,312
3069,2026-07-01,27,405
3070,2026-07-01,50,1250
3071,2026-07-01,5,85
3072,2026-07-01,31,434
3073,2026-07-01,6,108
3074,2026-07-01,65,715
3075,2026-07-01,22,308
3076,2026-07-01,5,70
3079,2026-07-01,27,567
3080,2026-07-01,32,544
3081,2026-07-01,8,64
3082,2026-07-01,2,50
3084,2026-07-01,9,180
3087,2026-07-01,12,144
3088,2026-07-01,2,16
3090,2026-07-01,49,392
3091,2026-07-01,3,72
3092,2026-07-01,7,119
3093,2026-07-01,17,391
3094,2026-07-01,25,600
3096,2026-07-01,5,50
3098,2026-07-01,15,180
3099,2026-07-01,4,64
3100,2026-07-01,9,99
3102,2026-07-01,12,192
3103,2026-07-01,8,192
3104,2026-07-01,22,242
3106,2026-07-01,85,2125
3107,2026-07-01,8,64
3108,2026-07-01,7,70
3109,2026-07-01,11,220
3110,2026-07-01,21,294
3111,2026-07-01,27,324
3112,2026-07-01,16,288
3114,2026-07-01,2,36
3115,2026-07-01,6,54
3117,2026-07-01,22,484
3119,2026-07-01,25,625
3120,2026-07-01,3,63
3121,2026-07-01,53,1113
3124,2026-07-01,35,560
3126,2026-07-01,5,125
3127,2026-07-01,5,90
3128,2026-07-01,17,323
3129,2026-07-01,1,13
3130,2026-07-01,5,120
3131,2026-07-01,1,8
3132,2026-07-01,4,88
3133,2026-07-01,6,72
3134,2026-07-01,21,168
3135,2026-07-01,10,190
3136,2026-07-01,12,216
3137,2026-07-01,51,1275
3138,2026-07-01,32,544
3139,2026-07-01,32,544
3140,2026-07-01,10,130
3141,2026-07-01,9,81
3144,2026-07-01,7,63
3145,2026-07-01,1,11
3147,2026-07-01,12,168
3148,2026-07-01,27,216
3149,2026-07-01,4,72
3151,2026-07-01,2,50
3152,2026-07-01,3,63
3153,2026-07-01,7,133
3154,2026-07-01,7,105
3155,2026-07-01,50,550
3157,2026-07-01,13,130
3158,2026-07-01,19,380
3159,2026-07-01,51,612
3160,2026-07-01,7,98
3161,2026-07-01,187,4114
3162,2026-07-01,8,144
3163,2026-07-01,8,176
3164,2026-07-01,2,40
3165,2026-07-01,5,45
3167,2026-07-01,3,42
3168,2026-07-01,10,220
3169,2026-07-01,5,90
3170,2026-07-01,31,465
3172,2026-07-01,39,624
3173,2026-07-01,102,1428
3174,2026-07-01,2,32
3175,2026-07-01,90,720
3176,2026-07-01,2,38
3177,2026-07-01,42,420
3178,2026-07-01,8,160
3179,2026-07-01,26,234
3180,2026-07-01,6,78
3181,2026-07-01,8,96
3182,2026-07-01,81,1134
3183,2026-07-01,22,528
3185,2026-07-01,32,640
3186,2026-07-01,25,375
3188,2026-07-01,5,125
3189,2026-07-01,213,4686
3190,2026-07-01,8,80
3191,2026-07-01,9,189
3193,2026-07-01,17,221
3194,2026-07-01,2,22
3195,2026-07-01,19,437
3196,2026-07-01,11,220
3198,2026-07-01,9,198
3199,2026-07-01,8,200
3200,2026-07-01,1,17
3201,2026-07-01,11,176
3202,2026-07-01,18,306
3203,2026-07-01,3,69
3204,2026-07-01,28,700
3205,2026-07-01,5,80
3206,2026-07-01,3,48
3207,2026-07-01,30,720
3210,2026-07-01,33,528
3211,2026-07-01,71,1065
3212,2026-07-01,17,272
3213,2026-07-01,5,115
3214,2026-07-01,7,154
3215,2026-07-01,126,1134
3216,2026-07-01,33,264
3217,2026-07-01,22,396
3218,2026-07-01,115,2415
3219,2026-07-01,19,418
3220,2026-07-01,124,1860
3221,2026-07-01,3,54
3222,2026-07-01,29,290
3223,2026-07-01,6,132
3225,2026-07-01,2,24
3226,2026-07-01,6,48
3227,2026-07-01,44,1100
3228,2026-07-01,34,442
3229,2026-07-01,3,54
3230,2026-07-01,8,88
3231,2026-07-01,2,16
3232,2026-07-01,10,210
3233,2026-07-01,22,220
3234,2026-07-01,10,190
3235,2026-07-01,149,3427
3237,2026-07-01,26,390
3238,2026-07-01,8,144
3239,2026-07-01,5,70
3240,2026-07-01,19,190
3241,2026-07-01,10,80
3242,2026-07-01,4,56
3243,2026-07-01,12,156
3245,2026-07-01,25,225
3246,2026-07-01,11,242
3247,2026-07-01,6,60
3248,2026-07-01,158,3476
3250,2026-07-01,9,171
3252,2026-07-01,4,44
3253,2026-07-01,4,32
3254,2026-07-01,17,289
3256,2026-07-01,11,231
3257,2026-07-01,9,216
3258,2026-07-01,28,308
3259,2026-07-01,6,96
3260,2026-07-01,6,54
3261,2026-07-01,16,336
3262,2026-07-01,11,187
3263,2026-07-01,10,210
3264,2026-07-01,4,44
3265,2026-07-01,7,105
3267,2026-07-01,24,504
3268,2026-07-01,18,162
3270,2026-07-01,11,264
3271,2026-07-01,5,125
3272,2026-07-01,16,208
3273,2026-07-01,3,48
3274,2026-07-01,147,2646
3275,2026-07-01,6,96
3276,2026-07-01,160,3520
3277,2026-07-01,5,100
3278,2026-07-01,11,176
3279,2026-07-01,4,64
3280,2026-07-01,17,408
3283,2026-07-01,95,1995
3284,2026-07-01,14,168
3285,2026-07-01,16,176
3286,2026-07-01,3,33
3287,2026-07-01,34,850
3288,2026-07-01,7,119
3289,2026-07-01,9,216
3290,2026-07-01,5,70
3291,2026-07-01,2,50
3292,2026-07-01,2,20
3293,2026-07-01,26,338
3294,2026-07-01,10,170
3295,2026-07-01,9,81
3296,2026-07-01,3,24
3297,2026-07-01,14,112
3298,2026-07-01,78,1248
3299,2026-07-01,11,198
3300,2026-07-01,9,126
3301,2026-07-01,39,897
3302,2026-07-01,156,2964
3304,2026-07-01,22,418
3305,2026-07-01,7,84
3306,2026-07-01,7,105
3307,2026-07-01,103,1751
3310,2026-07-01,7,56
3311,2026-07-01,4,32
3313,2026-07-01,13,299
3314,2026-07-01,10,90
3315,2026-07-01,16,144
3317,2026-07-01,28,364
3318,2026-07-01,25,400
3319,2026-07-01,10,110
3320,2026-07-01,11,231
3321,2026-07-01,40,520
3322,2026-07-01,2,28
3323,2026-07-01,8,176
3324,2026-07-01,3,36
3325,2026-07-01,127,2413
3326,2026-07-01,32,512
3327,2026-07-01,9,162
3328,2026-07-01,17,204
3330,2026-07-01,10,110
3331,2026-07-01,4,40
3332,2026-07-01,5,45
3333,2026-07-01,3,63
3334,2026-07-01,12,216
3335,2026-07-01,3,63
3336,2026-07-01,5,100
3337,2026-07-01,33,660
3338,2026-07-01,5,60
3339,2026-07-01,14,336
3340,2026-07-01,20,500
3342,2026-07-01,27,648
3343,2026-07-01,11,99
3344,2026-07-01,23,345
3346,2026-07-01,8,184
3347,2026-07-01,103,1545
3348,2026-07-01,5,55
3350,2026-07-01,4,76
3351,2026-07-01,6,114
3352,2026-07-01,32,672
3354,2026-07-01,7,154
3355,2026-07-01,20,260
3356,2026-07-01,87,870
3357,2026-07-01,5,75
3358,2026-07-01,10,170
3359,2026-07-01,32,352
3360,2026-07-01,5,55
3361,2026-07-01,5,110
3363,2026-07-01,6,144
3364,2026-07-01,5,80
3365,2026-07-01,7,105
3367,2026-07-01,198,2970
3368,2026-07-01,4,84
3369,2026-07-01,11,176
3370,2026-07-01,6,108
3371,2026-07-01,10,180
3372,2026-07-01,3,33
3373,2026-07-01,37,777
3374,2026-07-01,57,684
3375,2026-07-01,10,170
3376,2026-07-01,8,128
3377,2026-07-01,5,85
3378,2026-07-01,2,46
3379,2026-07-01,102,2244
3380,2026-07-01,3,39
3381,2026-07-01,13,325
3382,2026-07-01,9,99
3384,2026-07-01,4,92
3385,2026-07-01,5,65
3386,2026-07-01,5,100
3387,2026-07-01,5,80
3388,2026-07-01,24,432
3389,2026-07-01,9,117
3390,2026-07-01,18,324
3391,2026-07-01,64,1408
3392,2026-07-01,12,300
3393,2026-07-01,5,90
3394,2026-07-01,34,646
3395,2026-07-01,3,75
3396,2026-07-01,17,408
3397,2026-07-01,26,286
3398,2026-07-01,14,210
3399,2026-07-01,12,300
3400,2026-07-01,53,1325
3402,2026-07-01,8,88
3404,2026-07-01,26,572
3405,2026-07-01,152,2736
3406,2026-07-01,171,3933
3407,2026-07-01,14,168
3408,2026-07-01,31,434
3410,2026-07-01,41,615
3411,2026-07-01,5,95
3412,2026-07-01,5,120
3413,2026-07-01,26,390
3414,2026-07-01,9,144
3415,2026-07-01,10,150
3416,2026-07-01,8,112
3418,2026-07-01,11,264
3419,2026-07-01,5,60
3420,2026-07-01,20,460
3421,2026-07-01,28,252
3423,2026-07-01,23,299
3424,2026-07-01,7,175
3425,2026-07-01,3,51
3426,2026-07-01,1,9
3427,2026-07-01,8,144
3428,2026-07-01,166,1992
3429,2026-07-01,239,5736
3430,2026-07-01,13,117
3432,2026-07-01,24,480
3433,2026-07-01,2,38
3434,2026-07-01,19,190
3435,2026-07-01,11,176
3436,2026-07-01,9,126
3437,2026-07-01,35,770
3438,2026-07-01,4,44
3439,2026-07-01,11,132
3440,2026-07-01,8,176
3441,2026-07-01,14,154
3442,2026-07-01,26,286
3443,2026-07-01,4,40
3444,2026-07-01,33,462
3445,2026-07-01,41,574
3446,2026-07-01,6,120
3447,2026-07-01,4,76
3448,2026-07-01,9,153
3449,2026-07-01,3,69
3450,2026-07-01,22,550
3451,2026-07-01,19,361
3452,2026-07-01,20,400
3453,2026-07-01,21,504
3454,2026-07-01,3,57
3455,2026-07-01,7,126
3457,2026-07-01,3,63
3458,2026-07-01,177,2301
3459,2026-07-01,17,425
3460,2026-07-01,10,220
3461,2026-07-01,8,152
3463,2026-07-01,6,144
3464,2026-07-01,7,105
3465,2026-07-01,9,135
3466,2026-07-01,47,1128
3467,2026-07-01,5,100
3468,2026-07-01,4,72
3469,2026-07-01,7,175
3470,2026-07-01,6,72
3471,2026-07-01,2,18
3472,2026-07-01,54,1134
3473,2026-07-01,3,54
3474,2026-07-01,21,315
3476,2026-07-01,17,408
3477,2026-07-01,5,110
3478,2026-07-01,14,336
3479,2026-07-01,26,598
3480,2026-07-01,5,70
3481,2026-07-01,4,44
3482,2026-07-01,24,456
3483,2026-07-01,13,169
3484,2026-07-01,2,36
3486,2026-07-01,7,140
3487,2026-07-01,14,238
3488,2026-07-01,7,105
3489,2026-07-01,17,340
3490,2026-07-01,5,95
3491,2026-07-01,93,1488
3492,2026-07-01,9,225
3493,2026-07-01,10,160
3495,2026-07-01,2,20
3496,2026-07-01,65,975
3497,2026-07-01,8,120
3498,2026-07-01,2,22
3499,2026-07-01,10,120
3500,2026-07-01,4,68
3501,2026-07-01,9,81
3503,2026-07-01,41,984
3504,2026-07-01,2,30
3505,2026-07-01,7,63
3506,2026-07-01,6,66
3507,2026-07-01,9,180
3508,2026-07-01,10,170
3509,2026-07-01,13,208
3510,2026-07-01,9,216
3511,2026-07-01,13,130
3512,2026-07-01,4,56
3513,2026-07-01,4,88
3514,2026-07-01,9,153
3515,2026-07-01,4,36
3516,2026-07-01,38,760
3517,2026-07-01,5,65
3518,2026-07-01,14,154
3519,2026-07-01,6,66
3520,2026-07-01,6,150
3521,2026-07-01,3,33
3522,2026-07-01,44,572
3523,2026-07-01,67,1072
3524,2026-07-01,11,143
3525,2026-07-01,10,220
3526,2026-07-01,22,550
3527,2026-07-01,3,63
3528,2026-07-01,5,65
3529,2026-07-01,4,68
3530,2026-07-01,34,748
3531,2026-07-01,3,39
3532,2026-07-01,17,289
3533,2026-07-01,2,28
3534,2026-07-01,23,368
3535,2026-07-01,13,143
3536,2026-07-01,7,154
3537,2026-07-01,3,75
3538,2026-07-01,18,144
3539,2026-07-01,2,30
3540,2026-07-01,6,60
3541,2026-07-01,18,342
3542,2026-07-01,53,583
3543,2026-07-01,41,492
3544,2026-07-01,5,40
3545,2026-07-01,7,140
3546,2026-07-01,12,228
3547,2026-07-01,27,270
3548,2026-07-01,5,125
3549,2026-07-01,1,12
3550,2026-07-01,8,168
3551,2026-07-01,3,57
3552,2026-07-01,34,442
3553,2026-07-01,11,275
3554,2026-07-01,34,782
3555,2026-07-01,10,180
3556,2026-07-01,6,150
3557,2026-07-01,6,66
3558,2026-07-01,29,261
3559,2026-07-01,3,51
3560,2026-07-01,134,1608
3561,2026-07-01,24,480
3562,2026-07-01,7,63
3563,2026-07-01,3,30
3564,2026-07-01,5,60
3565,2026-07-01,39,585
3566,2026-07-01,85,935
3567,2026-07-01,12,108
3568,2026-07-01,167,2338
3569,2026-07-01,31,434
3570,2026-07-01,11,264
3571,2026-07-01,3,39
3572,2026-07-01,52,1040
3573,2026-07-01,3,42
3574,2026-07-01,13,117
3575,2026-07-01,178,3560
3576,2026-07-01,1,17
3577,2026-07-01,36,396
3578,2026-07-01,28,532
3579,2026-07-01,10,200
3580,2026-07-01,10,210
3581,2026-07-01,14,168
3582,2026-07-01,4,48
3583,2026-07-01,30,540
3584,2026-07-01,9,216
3585,2026-07-01,11,231
3586,2026-07-01,7,112
3587,2026-07-01,25,450
3588,2026-07-01,4,44
3589,2026-07-01,9,198
3590,2026-07-01,8,112
3591,2026-07-01,6,54
3592,2026-07-01,9,90
3593,2026-07-01,5,90
3594,2026-07-01,28,364
3595,2026-07-01,12,300
3596,2026-07-01,3,45
3597,2026-07-01,4,60
3598,2026-07-01,7,105
3599,2026-07-01,10,180
3600,2026-07-01,11,121
3601,2026-07-01,8,176
3602,2026-07-01,38,532
3603,2026-07-01,10,170
3604,2026-07-01,27,513
3605,2026-07-01,30,480
3606,2026-07-01,2,38
3607,2026-07-01,28,672
3608,2026-07-01,3,54
3609,2026-07-01,9,180
3610,2026-07-01,6,120
3611,2026-07-01,25,425
3612,2026-07-01,81,648
3613,2026-07-01,11,132
3614,2026-07-01,10,140
3615,2026-07-01,132,1716
3616,2026-07-01,2,32
3617,2026-07-01,33,627
3618,2026-07-01,8,128
3619,2026-07-01,3,57
3620,2026-07-01,5,55
3621,2026-07-01,11,275
3622,2026-07-01,4,88
3623,2026-07-01,20,440
3624,2026-07-01,5,70
3625,2026-07-01,2,40
3626,2026-07-01,18,252
3627,2026-07-01,155,3565
3628,2026-07-01,10,80
3629,2026-07-01,28,560
3630,2026-07-01,20,180
3631,2026-07-01,109,1635
3632,2026-07-01,19,399
3633,2026-07-01,6,60
3634,2026-07-01,8,88
3635,2026-07-01,20,400
3636,2026-07-01,13,234
3637,2026-07-01,26,572
3638,2026-07-01,36,468
3639,2026-07-01,26,520
3640,2026-07-01,14,350
3641,2026-07-01,151,1661
3642,2026-07-01,1,20
3643,2026-07-01,37,592
3644,2026-07-01,48,624
3645,2026-07-01,35,385
3646,2026-07-01,4,100
3647,2026-07-01,12,228
3648,2026-07-01,7,91
3649,2026-07-01,10,110
3650,2026-07-01,9,189
3651,2026-07-01,7,119
3652,2026-07-01,9,180
3653,2026-07-01,202,3434
3654,2026-07-01,48,864
3655,2026-07-01,15,360
3656,2026-07-01,6,108
3657,2026-07-01,36,360
3658,2026-07-01,55,495
3659,2026-07-01,118,2124
3660,2026-07-01,6,60
3661,2026-07-01,18,432
3662,2026-07-01,4,56
3663,2026-07-01,8,176
3664,2026-07-01,19,323
3665,2026-07-01,3,75
3666,2026-07-01,6,120
3667,2026-07-01,5,75
3668,2026-07-01,6,150
3669,2026-07-01,29,609
3670,2026-07-01,12,180
3671,2026-07-01,3,57
3672,2026-07-01,4,64
3673,2026-07-01,10,160
3674,2026-07-01,5,110
3675,2026-07-01,3,63
3676,2026-07-01,6,54
3677,2026-07-01,35,630
3678,2026-07-01,6,78
1002,2026-08-01,4,68
1007,2026-08-01,17,340
1008,2026-08-01,35,700
1010,2026-08-01,2,36
1012,2026-08-01,29,667
1013,2026-08-01,226,2938
1016,2026-08-01,6,114
1025,2026-08-01,30,480
1026,2026-08-01,182,1456
1028,2026-08-01,5,110
1033,2026-08-01,5,105
1038,2026-08-01,9,81
1039,2026-08-01,5,55
1040,2026-08-01,60,1140
1042,2026-08-01,41,697
1043,2026-08-01,31,434
1045,2026-08-01,111,1776
1053,2026-08-01,97,1552
1059,2026-08-01,301,3311
1060,2026-08-01,21,441
1062,2026-08-01,31,279
1064,2026-08-01,364,4368
1065,2026-08-01,37,777
1067,2026-08-01,29,580
1072,2026-08-01,5,45
1078,2026-08-01,9,189
1079,2026-08-01,12,120
1085,2026-08-01,48,720
1089,2026-08-01,51,408
1091,2026-08-01,8,152
1092,2026-08-01,8,80
1093,2026-08-01,58,870
1094,2026-08-01,30,300
1096,2026-08-01,38,342
1098,2026-08-01,12,300
1099,2026-08-01,6,96
1102,2026-08-01,3,27
1111,2026-08-01,7,98
1112,2026-08-01,8,64
1113,2026-08-01,20,240
1115,2026-08-01,75,1200
1124,2026-08-01,13,221
1127,2026-08-01,34,442
1129,2026-08-01,0,0
1130,2026-08-01,3,27
1131,2026-08-01,5,85
1134,2026-08-01,24,456
1139,2026-08-01,2,34
1140,2026-08-01,40,320
1143,2026-08-01,117,1989
1144,2026-08-01,18,306
1147,2026-08-01,11,209
1151,2026-08-01,28,224
1152,2026-08-01,4,72
1153,2026-08-01,7,63
1154,2026-08-01,58,812
1157,2026-08-01,43,516
1158,2026-08-01,3,72
1160,2026-08-01,4,44
1161,2026-08-01,8,80
1170,2026-08-01,53,954
1172,2026-08-01,67,871
1174,2026-08-01,16,304
1175,2026-08-01,39,351
1177,2026-08-01,3,66
1179,2026-08-01,27,648
1181,2026-08-01,3,42
1183,2026-08-01,4,48
1185,2026-08-01,27,432
1186,2026-08-01,22,440
1187,2026-08-01,88,1320
1189,2026-08-01,15,240
1192,2026-08-01,12,276
1194,2026-08-01,29,725
1195,2026-08-01,9,126
1196,2026-08-01,25,525
1198,2026-08-01,32,256
1199,2026-08-01,43,989
1200,2026-08-01,549,6588
1207,2026-08-01,40,440
1211,2026-08-01,5,70
1213,2026-08-01,140,1540
1214,2026-08-01,2,36
1216,2026-08-01,3,60
1219,2026-08-01,3,72
1221,2026-08-01,3,51
1222,2026-08-01,28,420
1227,2026-08-01,23,506
1229,2026-08-01,7,147
1231,2026-08-01,51,1071
1234,2026-08-01,78,702
1235,2026-08-01,5,115
1237,2026-08-01,2,36
1241,2026-08-01,4,32
1242,2026-08-01,36,324
1244,2026-08-01,8,160
1249,2026-08-01,3,30
1250,2026-08-01,12,144
1256,2026-08-01,8,176
1257,2026-08-01,6,66
1259,2026-08-01,110,1210
1261,2026-08-01,138,2346
1262,2026-08-01,212,3392
1263,2026-08-01,10,120
1265,2026-08-01,9,189
1266,2026-08-01,81,1053
1267,2026-08-01,7,105
1270,2026-08-01,260,4680
1274,2026-08-01,108,2268
1275,2026-08-01,150,2550
1281,2026-08-01,28,616
1282,2026-08-01,4,80
1285,2026-08-01,53,795
1287,2026-08-01,99,1188
1288,2026-08-01,2,20
1289,2026-08-01,11,121
1291,2026-08-01,43,344
1297,2026-08-01,5,60
1299,2026-08-01,4,44
1302,2026-08-01,26,416
1304,2026-08-01,9,180
1305,2026-08-01,46,598
1308,2026-08-01,9,126
1310,2026-08-01,58,522
1312,2026-08-01,6,102
1317,2026-08-01,4,40
1318,2026-08-01,14,154
1320,2026-08-01,8,176
1322,2026-08-01,119,1785
1323,2026-08-01,34,850
1327,2026-08-01,56,840
1329,2026-08-01,13,312
1335,2026-08-01,11,275
1336,2026-08-01,29,522
1337,2026-08-01,117,936
1339,2026-08-01,41,779
1341,2026-08-01,18,144
1342,2026-08-01,16,336
1343,2026-08-01,75,675
1344,2026-08-01,0,0
1346,2026-08-01,17,340
1347,2026-08-01,7,168
1348,2026-08-01,7,91
1351,2026-08-01,8,192
1352,2026-08-01,28,392
1353,2026-08-01,3,27
1354,2026-08-01,1,25
1355,2026-08-01,69,966
1358,2026-08-01,59,531
1363,2026-08-01,46,920
1367,2026-08-01,8,120
1369,2026-08-01,3,63
1372,2026-08-01,25,475
1373,2026-08-01,64,1280
1374,2026-08-01,5,100
1375,2026-08-01,227,2951
1385,2026-08-01,3,57
1386,2026-08-01,3,72
1387,2026-08-01,6,150
1389,2026-08-01,14,280
1393,2026-08-01,17,221
1395,2026-08-01,22,418
1397,2026-08-01,8,152
1400,2026-08-01,34,374
1402,2026-08-01,50,1050
1404,2026-08-01,6,114
1405,2026-08-01,74,888
1409,2026-08-01,20,400
1410,2026-08-01,36,720
1414,2026-08-01,15,225
1416,2026-08-01,4,68
1417,2026-08-01,16,400
1419,2026-08-01,8,112
1420,2026-08-01,243,5103
1422,2026-08-01,47,1175
1426,2026-08-01,1,14
1427,2026-08-01,1,12
1428,2026-08-01,41,738
1432,2026-08-01,5,80
1434,2026-08-01,3,60
1435,2026-08-01,3,66
1436,2026-08-01,13,117
1437,2026-08-01,8,72
1439,2026-08-01,71,1633
1444,2026-08-01,27,432
1447,2026-08-01,23,391
1448,2026-08-01,25,475
1450,2026-08-01,16,224
1451,2026-08-01,5,85
1452,2026-08-01,42,714
1457,2026-08-01,62,1240
1458,2026-08-01,14,280
1461,2026-08-01,5,125
1462,2026-08-01,41,697
1464,2026-08-01,6,114
1466,2026-08-01,6,84
1468,2026-08-01,10,80
1471,2026-08-01,317,3804
1474,2026-08-01,37,518
1476,2026-08-01,140,3080
1477,2026-08-01,5,90
1478,2026-08-01,3,72
1481,2026-08-01,107,1498
1483,2026-08-01,36,504
1486,2026-08-01,16,320
1487,2026-08-01,37,296
1490,2026-08-01,8,160
1494,2026-08-01,40,960
1495,2026-08-01,6,96
1498,2026-08-01,5,115
1499,2026-08-01,34,442
1500,2026-08-01,2,22
1503,2026-08-01,20,280
1507,2026-08-01,1,21
1514,2026-08-01,15,360
1517,2026-08-01,26,598
1520,2026-08-01,10,160
1521,2026-08-01,3,69
1522,2026-08-01,29,406
1524,2026-08-01,176,4224
1526,2026-08-01,34,782
1528,2026-08-01,38,342
1530,2026-08-01,32,416
1531,2026-08-01,3,27
1533,2026-08-01,45,1035
1534,2026-08-01,4,80
1537,2026-08-01,10,150
1539,2026-08-01,120,1200
1540,2026-08-01,16,176
1541,2026-08-01,54,810
1542,2026-08-01,7,56
1544,2026-08-01,8,152
1545,2026-08-01,59,1180
1546,2026-08-01,62,930
1553,2026-08-01,180,3780
1554,2026-08-01,29,406
1556,2026-08-01,9,144
1557,2026-08-01,11,154
1558,2026-08-01,3,72
1562,2026-08-01,5,60
1563,2026-08-01,0,0
1564,2026-08-01,29,696
1565,2026-08-01,4,48
1566,2026-08-01,1,20
1568,2026-08-01,2,42
1569,2026-08-01,221,5083
1570,2026-08-01,21,231
1572,2026-08-01,15,120
1574,2026-08-01,9,81
1575,2026-08-01,38,380
1578,2026-08-01,4,48
1579,2026-08-01,3,69
1581,2026-08-01,55,715
1583,2026-08-01,104,1352
1585,2026-08-01,25,250
1587,2026-08-01,1,8
1592,2026-08-01,11,121
1593,2026-08-01,32,576
1596,2026-08-01,20,300
1597,2026-08-01,2,46
1598,2026-08-01,108,2160
1600,2026-08-01,15,285
1605,2026-08-01,44,704
1607,2026-08-01,7,63
1609,2026-08-01,126,2520
1611,2026-08-01,15,285
1612,2026-08-01,89,1513
1613,2026-08-01,7,91
1620,2026-08-01,91,1820
1621,2026-08-01,5,95
1625,2026-08-01,14,196
1626,2026-08-01,42,546
1627,2026-08-01,2,24
1630,2026-08-01,117,2808
1631,2026-08-01,38,798
1635,2026-08-01,26,312
1637,2026-08-01,8,176
1638,2026-08-01,28,616
1640,2026-08-01,23,483
1641,2026-08-01,8,80
1642,2026-08-01,11,242
1643,2026-08-01,3,54
1645,2026-08-01,3,30
1646,2026-08-01,171,1710
1649,2026-08-01,3,39
1652,2026-08-01,7,147
1653,2026-08-01,10,210
1656,2026-08-01,60,1500
1657,2026-08-01,15,375
1659,2026-08-01,8,192
1660,2026-08-01,20,240
1663,2026-08-01,3,36
1666,2026-08-01,7,147
1670,2026-08-01,5,40
1674,2026-08-01,34,850
1677,2026-08-01,36,288
1678,2026-08-01,20,280
1680,2026-08-01,0,0
1681,2026-08-01,28,476
1682,2026-08-01,1,25
1683,2026-08-01,9,180
1684,2026-08-01,21,525
1686,2026-08-01,22,418
1687,2026-08-01,1,16
1688,2026-08-01,1,19
1689,2026-08-01,148,1924
1690,2026-08-01,8,112
1692,2026-08-01,2,42
1694,2026-08-01,7,105
1695,2026-08-01,2,16
1696,2026-08-01,1,21
1697,2026-08-01,9,153
1699,2026-08-01,30,450
1703,2026-08-01,4,84
1704,2026-08-01,1,12
1707,2026-08-01,52,572
1708,2026-08-01,35,490
1709,2026-08-01,2,48
1711,2026-08-01,77,1463
1712,2026-08-01,7,133
1713,2026-08-01,8,128
1714,2026-08-01,90,1350
1715,2026-08-01,3,48
1718,2026-08-01,12,264
1719,2026-08-01,57,684
1721,2026-08-01,30,690
1722,2026-08-01,31,248
1723,2026-08-01,4,52
1725,2026-08-01,202,5050
1728,2026-08-01,2,26
1731,2026-08-01,22,264
1732,2026-08-01,7,112
1736,2026-08-01,28,588
1737,2026-08-01,3,54
1738,2026-08-01,27,432
1739,2026-08-01,72,1368
1740,2026-08-01,8,152
1741,2026-08-01,33,396
1743,2026-08-01,22,418
1745,2026-08-01,27,459
1746,2026-08-01,15,315
1748,2026-08-01,21,252
1749,2026-08-01,2,20
1751,2026-08-01,178,1780
1752,2026-08-01,30,390
1755,2026-08-01,0,0
1756,2026-08-01,20,500
1759,2026-08-01,111,1221
1760,2026-08-01,25,250
1761,2026-08-01,5,55
1762,2026-08-01,1,15
1763,2026-08-01,42,420
1764,2026-08-01,5,105
1766,2026-08-01,41,533
1767,2026-08-01,209,2090
1770,2026-08-01,17,289
1772,2026-08-01,33,462
1773,2026-08-01,31,620
1774,2026-08-01,42,378
1779,2026-08-01,7,98
1782,2026-08-01,4,92
1786,2026-08-01,36,648
1787,2026-08-01,111,2664
1788,2026-08-01,69,1242
1791,2026-08-01,30,330
1793,2026-08-01,2,48
1794,2026-08-01,10,240
1796,2026-08-01,25,600
1797,2026-08-01,37,333
1799,2026-08-01,17,170
1801,2026-08-01,20,500
1802,2026-08-01,158,3634
1803,2026-08-01,6,108
1806,2026-08-01,18,180
1808,2026-08-01,3,24
1810,2026-08-01,3,39
1812,2026-08-01,5,120
1814,2026-08-01,10,150
1817,2026-08-01,24,600
1819,2026-08-01,4,72
1823,2026-08-01,11,88
1828,2026-08-01,11,264
1829,2026-08-01,12,120
1830,2026-08-01,7,91
1831,2026-08-01,6,48
1832,2026-08-01,7,175
1834,2026-08-01,16,160
1838,2026-08-01,5,60
1839,2026-08-01,3,39
1840,2026-08-01,26,624
1841,2026-08-01,25,625
1844,2026-08-01,38,418
1845,2026-08-01,3,69
1846,2026-08-01,199,4179
1848,2026-08-01,5,55
1849,2026-08-01,24,336
1850,2026-08-01,6,108
1851,2026-08-01,21,525
1852,2026-08-01,18,378
1853,2026-08-01,1,15
1854,2026-08-01,11,242
1858,2026-08-01,134,2412
1859,2026-08-01,13,182
1864,2026-08-01,60,720
1866,2026-08-01,9,189
1867,2026-08-01,2,24
1868,2026-08-01,11,132
1869,2026-08-01,13,208
1870,2026-08-01,2,20
1871,2026-08-01,18,342
1872,2026-08-01,8,120
1873,2026-08-01,2,20
1874,2026-08-01,9,171
1877,2026-08-01,1,15
1881,2026-08-01,67,670
1884,2026-08-01,21,252
1888,2026-08-01,9,126
1890,2026-08-01,36,540
1891,2026-08-01,3,30
1892,2026-08-01,65,845
1893,2026-08-01,10,210
1896,2026-08-01,13,299
1898,2026-08-01,16,144
1899,2026-08-01,26,546
1900,2026-08-01,9,216
1901,2026-08-01,4,56
1902,2026-08-01,7,77
1906,2026-08-01,41,615
1907,2026-08-01,25,625
1909,2026-08-01,2,20
1910,2026-08-01,7,70
1911,2026-08-01,3,42
1912,2026-08-01,620,5580
1913,2026-08-01,31,744
1914,2026-08-01,101,2525
1917,2026-08-01,37,629
1921,2026-08-01,2,28
1924,2026-08-01,19,361
1925,2026-08-01,1,21
1927,2026-08-01,4,60
1929,2026-08-01,2,50
1931,2026-08-01,8,112
1936,2026-08-01,48,960
1938,2026-08-01,82,1640
1939,2026-08-01,1,12
1940,2026-08-01,15,375
1941,2026-08-01,19,475
1943,2026-08-01,7,119
1944,2026-08-01,175,3150
1947,2026-08-01,1,12
1948,2026-08-01,38,380
1953,2026-08-01,2,24
1955,2026-08-01,1,17
1957,2026-08-01,6,138
1959,2026-08-01,8,168
1960,2026-08-01,24,384
1962,2026-08-01,20,260
1963,2026-08-01,10,150
1964,2026-08-01,23,391
1966,2026-08-01,7,105
1967,2026-08-01,13,299
1972,2026-08-01,19,456
1973,2026-08-01,144,1872
1975,2026-08-01,140,2380
1976,2026-08-01,13,286
1979,2026-08-01,9,153
1980,2026-08-01,2,18
1981,2026-08-01,30,300
1982,2026-08-01,3,36
1987,2026-08-01,15,225
1988,2026-08-01,11,176
1989,2026-08-01,6,120
1991,2026-08-01,5,70
1992,2026-08-01,9,225
1993,2026-08-01,58,754
1994,2026-08-01,10,130
1995,2026-08-01,3,69
1996,2026-08-01,12,108
1998,2026-08-01,8,128
1999,2026-08-01,48,1200
2000,2026-08-01,43,774
2001,2026-08-01,6,96
2005,2026-08-01,4,52
2006,2026-08-01,42,924
2007,2026-08-01,7,91
2008,2026-08-01,12,240
2009,2026-08-01,59,1298
2012,2026-08-01,45,855
2015,2026-08-01,62,1178
2017,2026-08-01,19,418
2018,2026-08-01,11,110
2019,2026-08-01,132,2640
2020,2026-08-01,12,144
2021,2026-08-01,24,480
2022,2026-08-01,60,1020
2023,2026-08-01,4,84
2024,2026-08-01,8,80
2025,2026-08-01,3,33
2028,2026-08-01,25,425
2029,2026-08-01,11,121
2030,2026-08-01,47,376
2031,2026-08-01,9,180
2032,2026-08-01,8,144
2036,2026-08-01,8,152
2038,2026-08-01,36,504
2039,2026-08-01,57,855
2040,2026-08-01,41,656
2042,2026-08-01,7,77
2043,2026-08-01,6,72
2044,2026-08-01,6,144
2046,2026-08-01,50,1200
2049,2026-08-01,54,1134
2050,2026-08-01,10,80
2051,2026-08-01,7,112
2054,2026-08-01,7,126
2055,2026-08-01,11,165
2057,2026-08-01,13,325
2060,2026-08-01,19,228
2062,2026-08-01,93,2046
2063,2026-08-01,3,24
2064,2026-08-01,12,120
2071,2026-08-01,13,156
2072,2026-08-01,25,250
2073,2026-08-01,8,136
2074,2026-08-01,46,598
2075,2026-08-01,3,33
2076,2026-08-01,44,748
2077,2026-08-01,11,275
2078,2026-08-01,16,128
2079,2026-08-01,6,72
2080,2026-08-01,7,126
2084,2026-08-01,2,28
2085,2026-08-01,105,840
2087,2026-08-01,42,840
2088,2026-08-01,8,72
2090,2026-08-01,13,299
2091,2026-08-01,26,520
2092,2026-08-01,9,207
2094,2026-08-01,26,260
2095,2026-08-01,44,836
2096,2026-08-01,39,312
2097,2026-08-01,1,13
2100,2026-08-01,18,252
2101,2026-08-01,109,981
2102,2026-08-01,11,242
2103,2026-08-01,30,510
2104,2026-08-01,30,630
2105,2026-08-01,33,297
2107,2026-08-01,6,102
2108,2026-08-01,216,3672
2109,2026-08-01,31,248
2111,2026-08-01,61,1464
2114,2026-08-01,5,60
2118,2026-08-01,10,190
2119,2026-08-01,18,378
2120,2026-08-01,129,1806
2123,2026-08-01,73,1606
2124,2026-08-01,63,1071
2126,2026-08-01,8,128
2127,2026-08-01,56,1064
2128,2026-08-01,6,108
2129,2026-08-01,0,0
2130,2026-08-01,4,52
2132,2026-08-01,37,518
2134,2026-08-01,1,8
2136,2026-08-01,8,152
2137,2026-08-01,24,360
2139,2026-08-01,40,920
2142,2026-08-01,7,70
2143,2026-08-01,16,304
2144,2026-08-01,94,1316
2145,2026-08-01,26,208
2146,2026-08-01,5,45
2147,2026-08-01,29,435
2148,2026-08-01,37,333
2149,2026-08-01,166,2324
2150,2026-08-01,16,192
2153,2026-08-01,28,672
2154,2026-08-01,7,105
2156,2026-08-01,9,180
2157,2026-08-01,20,280
2158,2026-08-01,39,624
2159,2026-08-01,62,868
2160,2026-08-01,2,34
2161,2026-08-01,83,1660
2163,2026-08-01,6,144
2164,2026-08-01,9,189
2165,2026-08-01,8,80
2167,2026-08-01,9,90
2169,2026-08-01,76,1368
2170,2026-08-01,4,68
2171,2026-08-01,30,390
2172,2026-08-01,131,3275
2174,2026-08-01,37,407
2177,2026-08-01,406,10150
2178,2026-08-01,14,252
2179,2026-08-01,7,63
2181,2026-08-01,42,1008
2183,2026-08-01,229,4351
2187,2026-08-01,16,352
2188,2026-08-01,29,232
2189,2026-08-01,109,1417
2193,2026-08-01,90,810
2198,2026-08-01,1,12
2200,2026-08-01,73,1825
2202,2026-08-01,9,162
2207,2026-08-01,87,1740
2208,2026-08-01,5,75
2209,2026-08-01,10,160
2210,2026-08-01,7,175
2211,2026-08-01,4,40
2212,2026-08-01,117,1872
2213,2026-08-01,379,8717
2214,2026-08-01,12,168
2215,2026-08-01,2,28
2218,2026-08-01,3,27
2219,2026-08-01,29,725
2220,2026-08-01,56,896
2221,2026-08-01,21,273
2222,2026-08-01,3,48
2224,2026-08-01,116,2552
2226,2026-08-01,5,40
2227,2026-08-01,2,22
2229,2026-08-01,16,240
2230,2026-08-01,2,42
2232,2026-08-01,4,52
2233,2026-08-01,11,220
2234,2026-08-01,18,216
2236,2026-08-01,23,230
2237,2026-08-01,10,160
2238,2026-08-01,7,119
2240,2026-08-01,45,720
2241,2026-08-01,11,187
2242,2026-08-01,3,45
2243,2026-08-01,36,504
2244,2026-08-01,5,95
2245,2026-08-01,24,192
2246,2026-08-01,9,225
2248,2026-08-01,24,312
2249,2026-08-01,1,9
2250,2026-08-01,41,697
2251,2026-08-01,18,198
2252,2026-08-01,15,270
2254,2026-08-01,5,45
2256,2026-08-01,0,0
2258,2026-08-01,9,72
2260,2026-08-01,10,110
2261,2026-08-01,3,75
2263,2026-08-01,2,28
2266,2026-08-01,4,80
2267,2026-08-01,5,80
2270,2026-08-01,5,50
2271,2026-08-01,27,243
2273,2026-08-01,6,54
2274,2026-08-01,44,616
2276,2026-08-01,6,114
2280,2026-08-01,14,182
2281,2026-08-01,46,690
2283,2026-08-01,7,84
2284,2026-08-01,59,944
2285,2026-08-01,7,168
2286,2026-08-01,8,168
2288,2026-08-01,234,5148
2289,2026-08-01,54,486
2291,2026-08-01,7,126
2292,2026-08-01,0,0
2293,2026-08-01,21,231
2296,2026-08-01,7,126
2297,2026-08-01,6,132
2299,2026-08-01,8,176
2301,2026-08-01,5,115
2302,2026-08-01,5,85
2304,2026-08-01,16,224
2305,2026-08-01,2,48
2308,2026-08-01,9,225
2309,2026-08-01,23,299
2310,2026-08-01,3,66
2313,2026-08-01,24,504
2315,2026-08-01,9,126
2316,2026-08-01,4,36
2317,2026-08-01,11,88
2319,2026-08-01,3,63
2320,2026-08-01,5,65
2321,2026-08-01,14,182
2322,2026-08-01,6,132
2323,2026-08-01,32,672
2325,2026-08-01,7,91
2326,2026-08-01,11,143
2327,2026-08-01,57,1311
2328,2026-08-01,49,686
2329,2026-08-01,47,1081
2330,2026-08-01,183,2562
2333,2026-08-01,59,472
2334,2026-08-01,20,320
2335,2026-08-01,2,48
2336,2026-08-01,12,276
2337,2026-08-01,8,88
2339,2026-08-01,36,504
2341,2026-08-01,5,125
2343,2026-08-01,22,220
2344,2026-08-01,1,21
2345,2026-08-01,7,84
2346,2026-08-01,52,728
2348,2026-08-01,30,630
2351,2026-08-01,3,57
2352,2026-08-01,15,255
2354,2026-08-01,24,552
2356,2026-08-01,45,495
2358,2026-08-01,5,65
2359,2026-08-01,11,110
2362,2026-08-01,5,115
2363,2026-08-01,2,40
2364,2026-08-01,143,2145
2365,2026-08-01,11,132
2367,2026-08-01,13,117
2368,2026-08-01,13,169
2369,2026-08-01,15,120
2370,2026-08-01,32,352
2376,2026-08-01,5,115
2377,2026-08-01,4,68
2378,2026-08-01,3,27
2381,2026-08-01,32,448
2383,2026-08-01,43,731
2385,2026-08-01,0,0
2386,2026-08-01,4,44
2387,2026-08-01,17,408
2389,2026-08-01,12,108
2390,2026-08-01,30,540
2391,2026-08-01,30,630
2393,2026-08-01,6,84
2395,2026-08-01,11,165
2396,2026-08-01,16,256
2397,2026-08-01,9,180
2398,2026-08-01,21,420
2399,2026-08-01,8,104
2401,2026-08-01,60,720
2403,2026-08-01,6,144
2404,2026-08-01,9,207
2405,2026-08-01,14,126
2406,2026-08-01,4,92
2410,2026-08-01,16,160
2411,2026-08-01,140,1260
2413,2026-08-01,25,325
2415,2026-08-01,20,180
2416,2026-08-01,137,3288
2418,2026-08-01,120,2880
2419,2026-08-01,2,50
2420,2026-08-01,4,56
2421,2026-08-01,89,801
2423,2026-08-01,19,399
2424,2026-08-01,24,408
2426,2026-08-01,9,171
2427,2026-08-01,3,72
2428,2026-08-01,18,252
2429,2026-08-01,105,2310
2430,2026-08-01,3,66
2431,2026-08-01,2,24
2432,2026-08-01,4,80
2433,2026-08-01,23,276
2435,2026-08-01,83,1992
2436,2026-08-01,1,9
2437,2026-08-01,141,1974
2439,2026-08-01,20,240
2440,2026-08-01,36,360
2441,2026-08-01,4,80
2442,2026-08-01,18,432
2444,2026-08-01,2,50
2445,2026-08-01,41,861
2447,2026-08-01,49,1176
2448,2026-08-01,7,147
2450,2026-08-01,29,464
2451,2026-08-01,6,114
2453,2026-08-01,22,352
2455,2026-08-01,43,344
2456,2026-08-01,5,115
2458,2026-08-01,1,16
2461,2026-08-01,1,16
2463,2026-08-01,11,132
2464,2026-08-01,6,96
2465,2026-08-01,8,168
2466,2026-08-01,21,462
2467,2026-08-01,4,52
2469,2026-08-01,175,2450
2470,2026-08-01,13,117
2471,2026-08-01,49,392
2472,2026-08-01,3,66
2473,2026-08-01,9,153
2474,2026-08-01,161,3542
2475,2026-08-01,26,364
2477,2026-08-01,2,48
2478,2026-08-01,3,45
2479,2026-08-01,26,208
2480,2026-08-01,26,260
2482,2026-08-01,3,36
2483,2026-08-01,10,220
2484,2026-08-01,13,195
2485,2026-08-01,6,96
2488,2026-08-01,3,27
2489,2026-08-01,21,483
2491,2026-08-01,27,243
2493,2026-08-01,100,1900
2496,2026-08-01,3,69
2497,2026-08-01,17,391
2499,2026-08-01,2,36
2501,2026-08-01,57,684
2504,2026-08-01,3,69
2505,2026-08-01,46,414
2506,2026-08-01,19,209
2507,2026-08-01,82,1804
2512,2026-08-01,50,800
2513,2026-08-01,27,540
2514,2026-08-01,54,540
2515,2026-08-01,5,40
2516,2026-08-01,32,352
2517,2026-08-01,7,105
2519,2026-08-01,53,689
2522,2026-08-01,39,702
2524,2026-08-01,6,72
2525,2026-08-01,7,154
2526,2026-08-01,3,42
2527,2026-08-01,33,363
2530,2026-08-01,14,350
2531,2026-08-01,8,80
2532,2026-08-01,83,913
2533,2026-08-01,8,168
2534,2026-08-01,2,40
2536,2026-08-01,2,36
2537,2026-08-01,4,36
2538,2026-08-01,12,204
2539,2026-08-01,4,92
2541,2026-08-01,123,2952
2542,2026-08-01,28,252
2543,2026-08-01,2,24
2544,2026-08-01,335,6030
2545,2026-08-01,310,6510
2546,2026-08-01,3,60
2547,2026-08-01,124,992
2550,2026-08-01,90,810
2552,2026-08-01,1,8
2554,2026-08-01,24,504
2557,2026-08-01,5,40
2558,2026-08-01,2,50
2559,2026-08-01,6,96
2560,2026-08-01,13,312
2562,2026-08-01,24,288
2565,2026-08-01,10,250
2566,2026-08-01,4,60
2567,2026-08-01,19,323
2568,2026-08-01,14,182
2571,2026-08-01,50,1200
2572,2026-08-01,8,200
2573,2026-08-01,12,252
2575,2026-08-01,12,108
2577,2026-08-01,7,140
2578,2026-08-01,4,88
2580,2026-08-01,2,38
2581,2026-08-01,7,126
2582,2026-08-01,2,32
2583,2026-08-01,37,925
2585,2026-08-01,13,156
2586,2026-08-01,2,16
2590,2026-08-01,19,266
2593,2026-08-01,5,45
2595,2026-08-01,11,220
2596,2026-08-01,9,117
2599,2026-08-01,5,115
2602,2026-08-01,34,340
2603,2026-08-01,21,525
2604,2026-08-01,4,56
2607,2026-08-01,9,216
2608,2026-08-01,4,80
2611,2026-08-01,3,72
2612,2026-08-01,7,56
2614,2026-08-01,24,480
2616,2026-08-01,4,68
2619,2026-08-01,28,448
2620,2026-08-01,4,84
2621,2026-08-01,11,121
2622,2026-08-01,8,72
2624,2026-08-01,10,150
2627,2026-08-01,4,40
2628,2026-08-01,1,14
2631,2026-08-01,5,95
2632,2026-08-01,7,168
2635,2026-08-01,8,200
2637,2026-08-01,10,170
2638,2026-08-01,23,207
2640,2026-08-01,165,2145
2643,2026-08-01,6,66
2644,2026-08-01,3,30
2645,2026-08-01,26,624
2647,2026-08-01,5,40
2648,2026-08-01,36,720
2649,2026-08-01,13,156
2650,2026-08-01,8,168
2653,2026-08-01,50,1250
2655,2026-08-01,6,72
2656,2026-08-01,1,25
2657,2026-08-01,25,200
2658,2026-08-01,9,180
2659,2026-08-01,189,3024
2663,2026-08-01,17,391
2664,2026-08-01,6,72
2665,2026-08-01,23,460
2667,2026-08-01,9,72
2669,2026-08-01,27,648
2671,2026-08-01,14,154
2672,2026-08-01,7,70
2673,2026-08-01,37,518
2674,2026-08-01,3,66
2675,2026-08-01,3,69
2676,2026-08-01,14,210
2677,2026-08-01,27,513
2678,2026-08-01,11,110
2679,2026-08-01,40,480
2680,2026-08-01,47,846
2681,2026-08-01,6,102
2682,2026-08-01,7,105
2683,2026-08-01,3,48
2684,2026-08-01,12,120
2685,2026-08-01,55,1155
2686,2026-08-01,164,3444
2688,2026-08-01,2,18
2689,2026-08-01,138,3036
2690,2026-08-01,13,286
2691,2026-08-01,2,50
2692,2026-08-01,12,228
2693,2026-08-01,8,192
2694,2026-08-01,11,165
2696,2026-08-01,7,112
2697,2026-08-01,11,99
2698,2026-08-01,10,130
2700,2026-08-01,15,300
2701,2026-08-01,9,99
2702,2026-08-01,9,207
2703,2026-08-01,5,95
2704,2026-08-01,4,52
2705,2026-08-01,155,2945
2708,2026-08-01,5,60
2709,2026-08-01,52,936
2710,2026-08-01,21,462
2711,2026-08-01,44,660
2712,2026-08-01,34,680
2715,2026-08-01,9,162
2716,2026-08-01,6,48
2718,2026-08-01,6,114
2719,2026-08-01,10,150
2720,2026-08-01,6,84
2721,2026-08-01,11,165
2723,2026-08-01,15,360
2724,2026-08-01,47,470
2726,2026-08-01,6,138
2729,2026-08-01,9,72
2730,2026-08-01,4,60
2732,2026-08-01,9,153
2734,2026-08-01,21,336
2735,2026-08-01,6,102
2739,2026-08-01,9,81
2740,2026-08-01,39,741
2741,2026-08-01,12,120
2742,2026-08-01,6,108
2743,2026-08-01,7,126
2744,2026-08-01,2,18
2745,2026-08-01,9,225
2746,2026-08-01,10,250
2747,2026-08-01,5,120
2748,2026-08-01,6,144
2749,2026-08-01,35,735
2751,2026-08-01,3,24
2752,2026-08-01,7,63
2753,2026-08-01,20,180
2754,2026-08-01,24,528
2755,2026-08-01,7,98
2756,2026-08-01,39,858
2757,2026-08-01,12,276
2758,2026-08-01,14,238
2761,2026-08-01,33,759
2762,2026-08-01,7,112
2763,2026-08-01,18,162
2764,2026-08-01,3,57
2765,2026-08-01,22,176
2766,2026-08-01,31,527
2767,2026-08-01,20,320
2771,2026-08-01,17,272
2773,2026-08-01,1,15
2774,2026-08-01,92,1840
2778,2026-08-01,8,176
2779,2026-08-01,11,154
2781,2026-08-01,22,418
2782,2026-08-01,7,119
2783,2026-08-01,26,312
2784,2026-08-01,1,10
2785,2026-08-01,29,377
2786,2026-08-01,13,104
2788,2026-08-01,4,44
2789,2026-08-01,119,2023
2791,2026-08-01,77,847
2792,2026-08-01,7,168
2793,2026-08-01,34,612
2794,2026-08-01,10,90
2795,2026-08-01,25,325
2796,2026-08-01,19,342
2798,2026-08-01,5,125
2799,2026-08-01,50,1250
2800,2026-08-01,3,51
2801,2026-08-01,20,380
2803,2026-08-01,39,546
2804,2026-08-01,38,532
2805,2026-08-01,5,65
2806,2026-08-01,175,2100
2807,2026-08-01,2,42
2808,2026-08-01,9,153
2809,2026-08-01,8,72
2812,2026-08-01,3,30
2814,2026-08-01,16,240
2815,2026-08-01,6,66
2816,2026-08-01,4,60
2817,2026-08-01,27,459
2818,2026-08-01,8,120
2819,2026-08-01,65,845
2822,2026-08-01,159,3657
2827,2026-08-01,4,92
2828,2026-08-01,215,2365
2830,2026-08-01,7,63
2831,2026-08-01,10,100
2832,2026-08-01,12,108
2833,2026-08-01,6,48
2834,2026-08-01,5,105
2835,2026-08-01,4,96
2836,2026-08-01,160,3360
2837,2026-08-01,8,136
2839,2026-08-01,6,90
2841,2026-08-01,7,126
2842,2026-08-01,89,1335
2843,2026-08-01,4,40
2844,2026-08-01,21,336
2845,2026-08-01,4,64
2848,2026-08-01,13,117
2849,2026-08-01,25,550
2850,2026-08-01,5,85
2852,2026-08-01,8,88
2853,2026-08-01,4,44
2854,2026-08-01,47,517
2855,2026-08-01,2,40
2856,2026-08-01,6,72
2857,2026-08-01,8,192
2858,2026-08-01,110,1760
2860,2026-08-01,36,468
2861,2026-08-01,10,100
2863,2026-08-01,37,629
2864,2026-08-01,53,1219
2865,2026-08-01,5,45
2867,2026-08-01,270,2700
2868,2026-08-01,27,297
2869,2026-08-01,4,60
2870,2026-08-01,2,36
2871,2026-08-01,9,180
2872,2026-08-01,4,84
2873,2026-08-01,4,84
2874,2026-08-01,10,150
2875,2026-08-01,8,160
2877,2026-08-01,3,45
2878,2026-08-01,9,144
2879,2026-08-01,7,77
2880,2026-08-01,9,135
2881,2026-08-01,30,480
2885,2026-08-01,7,91
2886,2026-08-01,36,576
2887,2026-08-01,6,72
2889,2026-08-01,65,1430
2891,2026-08-01,5,120
2892,2026-08-01,2,38
2893,2026-08-01,8,72
2894,2026-08-01,12,264
2895,2026-08-01,4,44
2896,2026-08-01,39,936
2899,2026-08-01,1,17
2905,2026-08-01,30,450
2906,2026-08-01,219,3285
2907,2026-08-01,4,40
2909,2026-08-01,39,429
2910,2026-08-01,8,176
2911,2026-08-01,9,162
2912,2026-08-01,5,100
2915,2026-08-01,7,112
2916,2026-08-01,6,48
2917,2026-08-01,1,8
2918,2026-08-01,4,60
2920,2026-08-01,20,360
2921,2026-08-01,170,3060
2922,2026-08-01,61,549
2923,2026-08-01,6,126
2924,2026-08-01,4,84
2925,2026-08-01,3,48
2926,2026-08-01,11,132
2927,2026-08-01,31,372
2928,2026-08-01,3,54
2931,2026-08-01,10,120
2932,2026-08-01,15,195
2933,2026-08-01,28,616
2934,2026-08-01,240,4560
2936,2026-08-01,1,19
2937,2026-08-01,19,209
2938,2026-08-01,7,119
2939,2026-08-01,77,1771
2940,2026-08-01,28,280
2941,2026-08-01,13,143
2944,2026-08-01,5,85
2945,2026-08-01,37,407
2948,2026-08-01,13,234
2950,2026-08-01,23,230
2951,2026-08-01,10,190
2952,2026-08-01,60,1320
2953,2026-08-01,11,209
2954,2026-08-01,9,90
2956,2026-08-01,27,459
2957,2026-08-01,3,33
2959,2026-08-01,163,3912
2961,2026-08-01,9,171
2962,2026-08-01,6,138
2965,2026-08-01,6,108
2966,2026-08-01,6,144
2967,2026-08-01,6,150
2968,2026-08-01,25,225
2969,2026-08-01,34,544
2971,2026-08-01,10,200
2972,2026-08-01,4,92
2973,2026-08-01,35,350
2974,2026-08-01,32,288
2975,2026-08-01,22,528
2978,2026-08-01,4,64
2979,2026-08-01,37,703
2980,2026-08-01,7,147
2981,2026-08-01,4,40
2982,2026-08-01,49,637
2983,2026-08-01,5,45
2984,2026-08-01,7,168
2986,2026-08-01,10,110
2988,2026-08-01,30,540
2989,2026-08-01,67,1340
2990,2026-08-01,11,176
2991,2026-08-01,199,3184
2992,2026-08-01,8,112
2993,2026-08-01,6,96
2994,2026-08-01,2,22
2995,2026-08-01,4,96
2997,2026-08-01,22,198
2998,2026-08-01,3,63
2999,2026-08-01,65,650
3000,2026-08-01,12,288
3001,2026-08-01,6,54
3003,2026-08-01,73,803
3005,2026-08-01,2,48
3006,2026-08-01,7,119
3009,2026-08-01,6,78
3010,2026-08-01,35,875
3011,2026-08-01,54,1350
3012,2026-08-01,8,184
3013,2026-08-01,0,0
3014,2026-08-01,8,96
3016,2026-08-01,15,270
3017,2026-08-01,44,352
3018,2026-08-01,3,33
3019,2026-08-01,8,136
3020,2026-08-01,0,0
3021,2026-08-01,12,204
3023,2026-08-01,133,2394
3024,2026-08-01,19,171
3026,2026-08-01,11,165
3028,2026-08-01,20,420
3029,2026-08-01,3,60
3030,2026-08-01,41,738
3031,2026-08-01,10,250
3032,2026-08-01,1,9
3034,2026-08-01,3,66
3035,2026-08-01,12,180
3036,2026-08-01,21,462
3038,2026-08-01,85,1020
3040,2026-08-01,17,187
3041,2026-08-01,1,10
3042,2026-08-01,14,294
3045,2026-08-01,17,357
3046,2026-08-01,10,200
3047,2026-08-01,10,130
3048,2026-08-01,18,450
3049,2026-08-01,77,1001
3050,2026-08-01,6,90
3051,2026-08-01,3,66
3052,2026-08-01,13,221
3054,2026-08-01,100,2200
3055,2026-08-01,6,138
3056,2026-08-01,9,99
3058,2026-08-01,8,192
3059,2026-08-01,3,24
3060,2026-08-01,88,1584
3061,2026-08-01,2,24
3062,2026-08-01,17,391
3063,2026-08-01,10,170
3064,2026-08-01,13,234
3065,2026-08-01,23,253
3066,2026-08-01,3,36
3067,2026-08-01,5,100
3068,2026-08-01,4,84
3069,2026-08-01,28,532
3070,2026-08-01,46,920
3071,2026-08-01,5,75
3072,2026-08-01,29,580
3073,2026-08-01,9,162
3074,2026-08-01,85,2125
3075,2026-08-01,20,440
3076,2026-08-01,5,125
3079,2026-08-01,36,324
3080,2026-08-01,29,667
3081,2026-08-01,9,135
3082,2026-08-01,2,18
3084,2026-08-01,8,160
3087,2026-08-01,10,190
3088,2026-08-01,2,24
3090,2026-08-01,50,650
3091,2026-08-01,3,60
3092,2026-08-01,10,180
3093,2026-08-01,14,112
3094,2026-08-01,23,414
3096,2026-08-01,7,112
3098,2026-08-01,14,168
3099,2026-08-01,3,57
3100,2026-08-01,8,152
3102,2026-08-01,14,126
3103,2026-08-01,9,162
3104,2026-08-01,17,357
3106,2026-08-01,70,980
3107,2026-08-01,8,184
3108,2026-08-01,7,147
3109,2026-08-01,12,288
3110,2026-08-01,17,323
3111,2026-08-01,20,460
3112,2026-08-01,17,221
3114,2026-08-01,3,42
3115,2026-08-01,5,65
3117,2026-08-01,20,400
3119,2026-08-01,23,529
3120,2026-08-01,3,24
3121,2026-08-01,49,784
3124,2026-08-01,36,828
3126,2026-08-01,5,85
3127,2026-08-01,6,84
3128,2026-08-01,20,420
3129,2026-08-01,1,15
3130,2026-08-01,5,80
3131,2026-08-01,1,17
3132,2026-08-01,4,72
3133,2026-08-01,7,147
3134,2026-08-01,19,152
3135,2026-08-01,11,99
3136,2026-08-01,13,130
3137,2026-08-01,54,1026
3138,2026-08-01,29,522
3139,2026-08-01,34,612
3140,2026-08-01,13,247
3144,2026-08-01,7,154
3145,2026-08-01,1,22
3147,2026-08-01,12,252
3148,2026-08-01,35,420
3149,2026-08-01,4,44
3151,2026-08-01,3,60
3152,2026-08-01,3,24
3153,2026-08-01,6,60
3154,2026-08-01,5,70
3155,2026-08-01,42,798
3158,2026-08-01,20,320
3159,2026-08-01,57,1197
3160,2026-08-01,7,84
3161,2026-08-01,178,4094
3162,2026-08-01,8,144
3163,2026-08-01,9,180
3164,2026-08-01,3,69
3165,2026-08-01,5,105
3167,2026-08-01,3,36
3168,2026-08-01,12,216
3169,2026-08-01,4,48
3170,2026-08-01,35,560
3172,2026-08-01,34,340
3173,2026-08-01,116,1740
3174,2026-08-01,2,24
3175,2026-08-01,94,1786
3176,2026-08-01,2,42
3177,2026-08-01,41,533
3178,2026-08-01,11,209
3179,2026-08-01,28,252
3180,2026-08-01,7,98
3181,2026-08-01,12,264
3182,2026-08-01,77,770
3183,2026-08-01,23,184
3185,2026-08-01,34,782
3186,2026-08-01,21,315
3188,2026-08-01,4,68
3191,2026-08-01,8,184
3193,2026-08-01,18,450
3194,2026-08-01,2,40
3195,2026-08-01,23,552
3196,2026-08-01,12,144
3198,2026-08-01,10,220
3199,2026-08-01,12,204
3200,2026-08-01,1,13
3201,2026-08-01,9,144
3202,2026-08-01,20,420
3204,2026-08-01,26,442
3205,2026-08-01,5,55
3206,2026-08-01,3,60
3207,2026-08-01,32,320
3210,2026-08-01,36,360
3211,2026-08-01,99,1782
3212,2026-08-01,15,345
3213,2026-08-01,4,32
3214,2026-08-01,7,126
3215,2026-08-01,138,3312
3216,2026-08-01,35,700
3217,2026-08-01,21,441
3218,2026-08-01,127,2413
3219,2026-08-01,13,208
3220,2026-08-01,123,2460
3221,2026-08-01,3,72
3222,2026-08-01,28,476
3223,2026-08-01,6,96
3225,2026-08-01,2,40
3226,2026-08-01,8,152
3227,2026-08-01,39,780
3228,2026-08-01,30,720
3229,2026-08-01,3,33
3230,2026-08-01,8,128
3231,2026-08-01,2,26
3232,2026-08-01,11,231
3233,2026-08-01,15,285
3234,2026-08-01,12,96
3235,2026-08-01,149,1937
3237,2026-08-01,28,448
3238,2026-08-01,8,176
3239,2026-08-01,4,36
3240,2026-08-01,25,400
3241,2026-08-01,8,200
3242,2026-08-01,3,45
3243,2026-08-01,6,84
3245,2026-08-01,24,240
3246,2026-08-01,14,224
3247,2026-08-01,5,75
3248,2026-08-01,134,1206
3250,2026-08-01,8,64
3252,2026-08-01,3,72
3253,2026-08-01,5,110
3254,2026-08-01,13,286
3256,2026-08-01,9,162
3257,2026-08-01,7,77
3258,2026-08-01,39,819
3259,2026-08-01,6,72
3260,2026-08-01,6,66
3261,2026-08-01,22,374
3262,2026-08-01,9,198
3263,2026-08-01,8,88
3264,2026-08-01,4,64
3265,2026-08-01,6,150
3267,2026-08-01,23,207
3268,2026-08-01,23,345
3270,2026-08-01,11,187
3271,2026-08-01,4,36
3272,2026-08-01,18,234
3273,2026-08-01,4,80
3274,2026-08-01,150,1650
3275,2026-08-01,5,85
3276,2026-08-01,168,3864
3277,2026-08-01,4,48
3278,2026-08-01,9,180
3279,2026-08-01,6,114
3280,2026-08-01,15,285
3283,2026-08-01,95,1900
3284,2026-08-01,17,221
3286,2026-08-01,6,132
3287,2026-08-01,33,264
3288,2026-08-01,6,144
3289,2026-08-01,9,225
3290,2026-08-01,5,60
3291,2026-08-01,2,34
3292,2026-08-01,2,32
3293,2026-08-01,30,570
3294,2026-08-01,12,228
3295,2026-08-01,9,216
3296,2026-08-01,3,36
3297,2026-08-01,10,190
3298,2026-08-01,78,1872
3299,2026-08-01,13,312
3301,2026-08-01,41,779
3302,2026-08-01,159,3657
3304,2026-08-01,17,170
3305,2026-08-01,7,126
3306,2026-08-01,8,64
3307,2026-08-01,119,2261
3310,2026-08-01,8,160
3311,2026-08-01,3,66
3313,2026-08-01,12,180
3314,2026-08-01,9,99
3315,2026-08-01,15,285
3317,2026-08-01,24,408
3318,2026-08-01,23,207
3319,2026-08-01,9,198
3320,2026-08-01,11,198
3321,2026-08-01,43,1075
3322,2026-08-01,3,39
3323,2026-08-01,9,117
3324,2026-08-01,1,8
3325,2026-08-01,128,1152
3326,2026-08-01,38,494
3327,2026-08-01,8,152
3328,2026-08-01,17,255
3330,2026-08-01,7,175
3331,2026-08-01,4,68
3332,2026-08-01,4,92
3333,2026-08-01,4,64
3334,2026-08-01,11,88
3335,2026-08-01,3,60
3336,2026-08-01,5,115
3337,2026-08-01,39,936
3338,2026-08-01,4,56
3339,2026-08-01,15,165
3340,2026-08-01,36,468
3342,2026-08-01,34,612
3343,2026-08-01,13,195
3344,2026-08-01,21,189
3346,2026-08-01,9,135
3347,2026-08-01,117,2574
3348,2026-08-01,4,88
3350,2026-08-01,3,72
3351,2026-08-01,7,119
3352,2026-08-01,26,364
3354,2026-08-01,7,105
3355,2026-08-01,18,216
3356,2026-08-01,68,952
3357,2026-08-01,5,40
3358,2026-08-01,13,169
3359,2026-08-01,25,375
3360,2026-08-01,6,72
3361,2026-08-01,5,50
3363,2026-08-01,6,66
3364,2026-08-01,6,72
3365,2026-08-01,5,45
3367,2026-08-01,158,3792
3368,2026-08-01,4,76
3369,2026-08-01,10,120
3370,2026-08-01,6,132
3371,2026-08-01,12,240
3372,2026-08-01,4,76
3373,2026-08-01,32,416
3374,2026-08-01,50,450
3375,2026-08-01,10,160
3376,2026-08-01,8,128
3377,2026-08-01,3,42
3378,2026-08-01,2,28
3379,2026-08-01,132,1980
3380,2026-08-01,4,56
3381,2026-08-01,15,360
3382,2026-08-01,10,130
3384,2026-08-01,4,68
3385,2026-08-01,4,92
3387,2026-08-01,5,85
3388,2026-08-01,15,195
3389,2026-08-01,9,108
3390,2026-08-01,22,198
3391,2026-08-01,64,768
3392,2026-08-01,16,400
3393,2026-08-01,4,60
3394,2026-08-01,40,440
3395,2026-08-01,3,39
3396,2026-08-01,18,396
3397,2026-08-01,23,437
3398,2026-08-01,12,96
3400,2026-08-01,80,960
3402,2026-08-01,9,216
3404,2026-08-01,27,405
3405,2026-08-01,112,2016
3406,2026-08-01,154,1694
3407,2026-08-01,11,143
3408,2026-08-01,36,468
3410,2026-08-01,71,1633
3411,2026-08-01,5,40
3412,2026-08-01,2,20
3413,2026-08-01,28,588
3414,2026-08-01,9,153
3415,2026-08-01,11,275
3416,2026-08-01,9,171
3418,2026-08-01,8,96
3419,2026-08-01,5,65
3420,2026-08-01,16,256
3421,2026-08-01,18,324
3423,2026-08-01,27,621
3424,2026-08-01,7,154
3425,2026-08-01,3,42
3426,2026-08-01,2,26
3427,2026-08-01,7,105
3428,2026-08-01,181,4525
3429,2026-08-01,217,5208
3430,2026-08-01,12,264
3432,2026-08-01,27,324
3433,2026-08-01,3,63
3434,2026-08-01,17,306
3435,2026-08-01,10,250
3436,2026-08-01,8,184
3437,2026-08-01,33,627
3438,2026-08-01,3,45
3439,2026-08-01,12,108
3440,2026-08-01,10,80
3441,2026-08-01,14,238
3442,2026-08-01,30,240
3444,2026-08-01,35,560
3445,2026-08-01,36,396
3446,2026-08-01,8,200
3448,2026-08-01,8,112
3449,2026-08-01,3,69
3450,2026-08-01,20,460
3451,2026-08-01,24,336
3452,2026-08-01,19,418
3453,2026-08-01,20,420
3454,2026-08-01,2,24
3455,2026-08-01,6,72
3457,2026-08-01,3,66
3458,2026-08-01,174,1914
3459,2026-08-01,16,320
3460,2026-08-01,12,144
3461,2026-08-01,9,126
3463,2026-08-01,6,138
3464,2026-08-01,6,96
3465,2026-08-01,8,96
3466,2026-08-01,51,459
3467,2026-08-01,6,90
3469,2026-08-01,7,154
3470,2026-08-01,9,225
3471,2026-08-01,3,69
3472,2026-08-01,52,624
3473,2026-08-01,2,44
3474,2026-08-01,19,323
3476,2026-08-01,14,266
3477,2026-08-01,5,115
3478,2026-08-01,13,195
3479,2026-08-01,32,736
3480,2026-08-01,5,110
3481,2026-08-01,4,84
3482,2026-08-01,28,504
3483,2026-08-01,13,234
3484,2026-08-01,3,42
3486,2026-08-01,8,168
3487,2026-08-01,11,198
3488,2026-08-01,7,98
3489,2026-08-01,15,345
3490,2026-08-01,2,22
3491,2026-08-01,74,1110
3493,2026-08-01,10,170
3495,2026-08-01,2,22
3496,2026-08-01,61,732
3497,2026-08-01,7,91
3498,2026-08-01,3,60
3499,2026-08-01,13,117
3500,2026-08-01,3,51
3501,2026-08-01,11,110
3503,2026-08-01,46,920
3504,2026-08-01,2,28
3505,2026-08-01,6,96
3506,2026-08-01,7,126
3507,2026-08-01,7,77
3508,2026-08-01,11,143
3509,2026-08-01,17,170
3510,2026-08-01,10,240
3511,2026-08-01,12,204
3512,2026-08-01,3,45
3514,2026-08-01,5,125
3515,2026-08-01,4,40
3516,2026-08-01,38,798
3517,2026-08-01,6,66
3518,2026-08-01,8,64
3519,2026-08-01,6,114
3520,2026-08-01,5,110
3521,2026-08-01,4,52
3522,2026-08-01,38,494
3523,2026-08-01,66,1188
3524,2026-08-01,11,110
3525,2026-08-01,11,220
3526,2026-08-01,24,504
3527,2026-08-01,3,51
3528,2026-08-01,5,50
3529,2026-08-01,5,100
3531,2026-08-01,3,27
3532,2026-08-01,19,190
3533,2026-08-01,2,40
3534,2026-08-01,15,285
3535,2026-08-01,12,180
3536,2026-08-01,7,168
3537,2026-08-01,2,42
3538,2026-08-01,18,252
3539,2026-08-01,2,30
3540,2026-08-01,8,112
3541,2026-08-01,16,288
3542,2026-08-01,47,611
3543,2026-08-01,45,405
3544,2026-08-01,5,85
3545,2026-08-01,7,161
3546,2026-08-01,11,88
3547,2026-08-01,23,184
3548,2026-08-01,5,55
3549,2026-08-01,1,11
3550,2026-08-01,10,80
3551,2026-08-01,2,24
3552,2026-08-01,36,900
3553,2026-08-01,10,140
3554,2026-08-01,30,750
3555,2026-08-01,11,264
3556,2026-08-01,7,147
3557,2026-08-01,6,132
3558,2026-08-01,40,480
3559,2026-08-01,2,22
3560,2026-08-01,152,1672
3561,2026-08-01,26,546
3562,2026-08-01,6,126
3563,2026-08-01,10,230
3564,2026-08-01,5,125
3565,2026-08-01,33,693
3566,2026-08-01,68,816
3567,2026-08-01,11,121
3568,2026-08-01,145,3480
3569,2026-08-01,28,280
3570,2026-08-01,6,150
3571,2026-08-01,3,51
3572,2026-08-01,40,400
3573,2026-08-01,2,16
3574,2026-08-01,12,192
3575,2026-08-01,151,1208
3576,2026-08-01,2,36
3577,2026-08-01,41,1025
3578,2026-08-01,27,486
3579,2026-08-01,12,156
3580,2026-08-01,12,180
3581,2026-08-01,17,187
3582,2026-08-01,5,65
3583,2026-08-01,38,798
3584,2026-08-01,8,96
3585,2026-08-01,13,169
3586,2026-08-01,9,216
3587,2026-08-01,22,374
3588,2026-08-01,3,33
3589,2026-08-01,8,176
3590,2026-08-01,8,104
3591,2026-08-01,7,126
3592,2026-08-01,9,198
3593,2026-08-01,5,40
3594,2026-08-01,27,648
3595,2026-08-01,11,99
3596,2026-08-01,3,42
3597,2026-08-01,5,110
3599,2026-08-01,8,144
3600,2026-08-01,15,330
3601,2026-08-01,9,225
3602,2026-08-01,43,860
3603,2026-08-01,10,200
3604,2026-08-01,22,286
3605,2026-08-01,34,374
3606,2026-08-01,2,18
3607,2026-08-01,24,216
3608,2026-08-01,2,24
3609,2026-08-01,7,161
3610,2026-08-01,5,45
3611,2026-08-01,27,567
3612,2026-08-01,90,1530
3613,2026-08-01,10,90
3614,2026-08-01,10,240
3615,2026-08-01,132,2904
3616,2026-08-01,2,44
3617,2026-08-01,30,510
3618,2026-08-01,8,144
3619,2026-08-01,3,48
3620,2026-08-01,5,110
3621,2026-08-01,10,190
3622,2026-08-01,5,60
3623,2026-08-01,17,255
3624,2026-08-01,5,115
3625,2026-08-01,2,36
3626,2026-08-01,19,304
3627,2026-08-01,137,2055
3628,2026-08-01,9,171
3629,2026-08-01,34,272
3630,2026-08-01,21,399
3631,2026-08-01,86,1548
3632,2026-08-01,17,187
3633,2026-08-01,6,114
3634,2026-08-01,6,108
3635,2026-08-01,21,336
3636,2026-08-01,14,182
3637,2026-08-01,32,800
3638,2026-08-01,41,984
3639,2026-08-01,26,312
3640,2026-08-01,14,112
3642,2026-08-01,1,20
3643,2026-08-01,41,984
3644,2026-08-01,49,392
3645,2026-08-01,30,510
3646,2026-08-01,4,96
3647,2026-08-01,11,253
3649,2026-08-01,44,1056
3650,2026-08-01,9,180
3651,2026-08-01,7,70
3652,2026-08-01,11,165
3653,2026-08-01,234,4446
3654,2026-08-01,41,902
3655,2026-08-01,14,252
3656,2026-08-01,5,95
3657,2026-08-01,35,525
3658,2026-08-01,47,611
3659,2026-08-01,142,1988
3660,2026-08-01,5,110
3661,2026-08-01,17,153
3662,2026-08-01,3,48
3663,2026-08-01,5,105
3664,2026-08-01,17,255
3666,2026-08-01,4,96
3667,2026-08-01,6,54
3668,2026-08-01,6,120
3669,2026-08-01,24,456
3670,2026-08-01,11,154
3671,2026-08-01,4,32
3672,2026-08-01,4,44
3673,2026-08-01,11,143
3674,2026-08-01,4,64
3675,2026-08-01,2,32
3676,2026-08-01,7,77
3677,2026-08-01,34,544
3678,2026-08-01,8,72
3679,2026-08-01,43,516
3680,2026-08-01,66,1122
3681,2026-08-01,4,44
3682,2026-08-01,5,105
3683,2026-08-01,12,180
3684,2026-08-01,3,69
3685,2026-08-01,133,1197
3686,2026-08-01,3,30
3687,2026-08-01,32,608
3688,2026-08-01,7,126
3689,2026-08-01,9,135
3690,2026-08-01,10,110
3691,2026-08-01,17,255
3692,2026-08-01,3,33
3693,2026-08-01,8,120
3694,2026-08-01,8,80
3695,2026-08-01,17,221
3696,2026-08-01,4,40
3697,2026-08-01,13,260
3698,2026-08-01,12,108
3699,2026-08-01,38,532
3700,2026-08-01,145,3480
3701,2026-08-01,11,231
3702,2026-08-01,36,432
3703,2026-08-01,11,165
3704,2026-08-01,7,126
3705,2026-08-01,14,308
3706,2026-08-01,11,110
3707,2026-08-01,5,105
3708,2026-08-01,49,686
3709,2026-08-01,10,140
3710,2026-08-01,40,440
3711,2026-08-01,82,1722
3712,2026-08-01,4,44
3713,2026-08-01,8,104
3714,2026-08-01,84,1764
3715,2026-08-01,10,130
3716,2026-08-01,4,60
3717,2026-08-01,172,3784
3718,2026-08-01,2,26
3719,2026-08-01,15,300
3720,2026-08-01,10,230
3721,2026-08-01,7,168
3722,2026-08-01,6,84
3723,2026-08-01,6,78
3724,2026-08-01,33,528
3725,2026-08-01,2,48
3726,2026-08-01,4,88
3727,2026-08-01,6,138
3728,2026-08-01,7,154
3729,2026-08-01,8,160
3730,2026-08-01,10,100
3731,2026-08-01,21,357
3732,2026-08-01,3,72
3733,2026-08-01,10,100
3734,2026-08-01,3,42
3735,2026-08-01,18,360
3736,2026-08-01,14,322
3737,2026-08-01,4,48
3738,2026-08-01,2,30
3739,2026-08-01,24,600
3740,2026-08-01,3,63
3741,2026-08-01,7,63
3742,2026-08-01,19,361
3743,2026-08-01,1,10
3744,2026-08-01,4,80
3745,2026-08-01,41,369
3746,2026-08-01,6,132
3747,2026-08-01,5,100
3748,2026-08-01,3,51
3749,2026-08-01,1,25
3750,2026-08-01,9,108
3751,2026-08-01,3,42
3752,2026-08-01,9,207
3753,2026-08-01,7,98
3754,2026-08-01,4,36
3755,2026-08-01,18,180
3756,2026-08-01,31,589
3757,2026-08-01,47,1034
3758,2026-08-01,8,160
3759,2026-08-01,6,48
3760,2026-08-01,6,144
3761,2026-08-01,36,612
3762,2026-08-01,2,48
3763,2026-08-01,13,299
3764,2026-08-01,8,120
3765,2026-08-01,29,638
3766,2026-08-01,10,200
3767,2026-08-01,14,196
3768,2026-08-01,36,612
3769,2026-08-01,25,625
3770,2026-08-01,2,16
1002,2026-09-01,5,65
1007,2026-09-01,20,260
1008,2026-09-01,39,429
1010,2026-09-01,2,20
1012,2026-09-01,37,407
1013,2026-09-01,98,980
1016,2026-09-01,6,114
1025,2026-09-01,34,578
1026,2026-09-01,252,5040
1028,2026-09-01,6,96
1033,2026-09-01,6,120
1038,2026-09-01,11,176
1039,2026-09-01,3,33
1040,2026-09-01,44,440
1042,2026-09-01,43,817
1043,2026-09-01,33,330
1045,2026-09-01,98,1862
1053,2026-09-01,74,888
1059,2026-09-01,310,5580
1060,2026-09-01,19,266
1062,2026-09-01,29,609
1064,2026-09-01,292,6716
1065,2026-09-01,43,473
1067,2026-09-01,37,666
1072,2026-09-01,4,40
1078,2026-09-01,10,150
1079,2026-09-01,11,121
1085,2026-09-01,73,949
1089,2026-09-01,64,960
1091,2026-09-01,8,80
1092,2026-09-01,9,72
1093,2026-09-01,37,333
1094,2026-09-01,31,713
1096,2026-09-01,40,760
1098,2026-09-01,10,230
1099,2026-09-01,7,161
1102,2026-09-01,4,56
1111,2026-09-01,8,96
1112,2026-09-01,8,64
1113,2026-09-01,21,399
1115,2026-09-01,54,918
1124,2026-09-01,16,256
1127,2026-09-01,44,836
1129,2026-09-01,0,0
1131,2026-09-01,7,126
1134,2026-09-01,18,216
1139,2026-09-01,2,46
1140,2026-09-01,36,540
1143,2026-09-01,108,972
1144,2026-09-01,19,304
1147,2026-09-01,10,210
1151,2026-09-01,28,476
1152,2026-09-01,3,63
1153,2026-09-01,7,112
1154,2026-09-01,55,825
1157,2026-09-01,41,410
1158,2026-09-01,2,46
1160,2026-09-01,3,36
1161,2026-09-01,10,100
1170,2026-09-01,51,561
1172,2026-09-01,64,896
1174,2026-09-01,17,187
1175,2026-09-01,54,810
1177,2026-09-01,4,88
1179,2026-09-01,22,220
1181,2026-09-01,3,51
1183,2026-09-01,6,48
1185,2026-09-01,24,336
1186,2026-09-01,29,493
1187,2026-09-01,68,544
1189,2026-09-01,16,272
1192,2026-09-01,16,128
1194,2026-09-01,31,372
1195,2026-09-01,9,198
1196,2026-09-01,26,416
1198,2026-09-01,33,660
1199,2026-09-01,35,875
1200,2026-09-01,461,8298
1207,2026-09-01,31,310
1211,2026-09-01,5,105
1214,2026-09-01,2,16
1216,2026-09-01,2,24
1219,2026-09-01,4,92
1221,2026-09-01,2,44
1222,2026-09-01,23,184
1227,2026-09-01,21,525
1229,2026-09-01,7,112
1231,2026-09-01,41,1025
1234,2026-09-01,83,1992
1235,2026-09-01,5,95
1237,2026-09-01,7,98
1241,2026-09-01,3,75
1242,2026-09-01,29,493
1249,2026-09-01,2,50
1250,2026-09-01,16,160
1256,2026-09-01,9,207
1257,2026-09-01,9,180
1259,2026-09-01,84,1344
1261,2026-09-01,117,2457
1262,2026-09-01,193,4246
1263,2026-09-01,11,99
1265,2026-09-01,7,91
1266,2026-09-01,46,1150
1267,2026-09-01,9,198
1270,2026-09-01,264,4224
1274,2026-09-01,107,1605
1275,2026-09-01,173,1557
1281,2026-09-01,25,300
1282,2026-09-01,4,72
1285,2026-09-01,57,1368
1287,2026-09-01,101,1515
1289,2026-09-01,14,168
1291,2026-09-01,43,989
1297,2026-09-01,4,44
1299,2026-09-01,4,76
1302,2026-09-01,31,589
1304,2026-09-01,10,80
1305,2026-09-01,34,306
1308,2026-09-01,9,81
1310,2026-09-01,68,612
1312,2026-09-01,6,114
1317,2026-09-01,5,100
1318,2026-09-01,14,266
1320,2026-09-01,8,152
1322,2026-09-01,106,1060
1323,2026-09-01,28,672
1327,2026-09-01,43,559
1329,2026-09-01,12,216
1335,2026-09-01,10,170
1336,2026-09-01,44,352
1337,2026-09-01,152,3344
1339,2026-09-01,38,722
1341,2026-09-01,23,483
1342,2026-09-01,13,260
1343,2026-09-01,64,896
1344,2026-09-01,0,0
1346,2026-09-01,13,208
1347,2026-09-01,6,126
1348,2026-09-01,6,138
1351,2026-09-01,8,160
1352,2026-09-01,35,455
1353,2026-09-01,4,56
1354,2026-09-01,1,14
1355,2026-09-01,68,1428
1358,2026-09-01,62,558
1363,2026-09-01,55,495
1367,2026-09-01,10,160
1369,2026-09-01,2,32
1372,2026-09-01,26,494
1373,2026-09-01,68,1564
1374,2026-09-01,5,110
1375,2026-09-01,268,4824
1385,2026-09-01,3,33
1386,2026-09-01,4,40
1387,2026-09-01,5,90
1389,2026-09-01,12,192
1393,2026-09-01,18,198
1395,2026-09-01,15,285
1397,2026-09-01,7,140
1400,2026-09-01,30,750
1402,2026-09-01,54,1350
1404,2026-09-01,6,102
1405,2026-09-01,69,1242
1409,2026-09-01,17,153
1410,2026-09-01,35,350
1416,2026-09-01,4,52
1417,2026-09-01,19,437
1420,2026-09-01,209,3971
1422,2026-09-01,48,528
1426,2026-09-01,1,10
1427,2026-09-01,1,23
1428,2026-09-01,37,925
1432,2026-09-01,4,88
1435,2026-09-01,3,27
1436,2026-09-01,11,121
1437,2026-09-01,8,200
1439,2026-09-01,90,1440
1444,2026-09-01,25,375
1447,2026-09-01,22,352
1448,2026-09-01,30,240
1450,2026-09-01,16,144
1451,2026-09-01,5,45
1452,2026-09-01,48,480
1457,2026-09-01,65,520
1458,2026-09-01,13,104
1461,2026-09-01,5,40
1462,2026-09-01,37,481
1464,2026-09-01,7,133
1466,2026-09-01,7,112
1468,2026-09-01,15,270
1471,2026-09-01,312,4680
1474,2026-09-01,39,780
1476,2026-09-01,137,1096
1477,2026-09-01,6,150
1478,2026-09-01,2,16
1481,2026-09-01,92,828
1483,2026-09-01,36,360
1486,2026-09-01,16,288
1487,2026-09-01,25,375
1490,2026-09-01,10,250
1494,2026-09-01,38,608
1495,2026-09-01,7,119
1498,2026-09-01,5,65
1499,2026-09-01,37,740
1500,2026-09-01,2,20
1503,2026-09-01,20,260
1507,2026-09-01,1,11
1514,2026-09-01,11,231
1517,2026-09-01,28,252
1520,2026-09-01,8,184
1521,2026-09-01,3,45
1522,2026-09-01,27,594
1524,2026-09-01,210,2940
1526,2026-09-01,28,336
1528,2026-09-01,35,280
1530,2026-09-01,36,540
1531,2026-09-01,3,30
1533,2026-09-01,47,517
1534,2026-09-01,3,72
1537,2026-09-01,10,150
1539,2026-09-01,116,1044
1540,2026-09-01,19,190
1541,2026-09-01,71,639
1542,2026-09-01,7,112
1544,2026-09-01,8,64
1545,2026-09-01,56,1008
1546,2026-09-01,31,620
1553,2026-09-01,161,4025
1554,2026-09-01,20,200
1556,2026-09-01,11,132
1557,2026-09-01,13,260
1558,2026-09-01,3,66
1562,2026-09-01,5,70
1563,2026-09-01,0,0
1564,2026-09-01,27,378
1565,2026-09-01,4,64
1566,2026-09-01,1,20
1568,2026-09-01,2,48
1569,2026-09-01,231,3927
1570,2026-09-01,29,522
1572,2026-09-01,13,208
1574,2026-09-01,8,112
1575,2026-09-01,33,495
1578,2026-09-01,5,125
1579,2026-09-01,3,51
1581,2026-09-01,50,750
1583,2026-09-01,106,1166
1585,2026-09-01,30,630
1587,2026-09-01,2,42
1592,2026-09-01,12,288
1593,2026-09-01,32,448
1596,2026-09-01,21,441
1597,2026-09-01,2,38
1598,2026-09-01,114,2052
1600,2026-09-01,16,384
1605,2026-09-01,47,1034
1607,2026-09-01,10,180
1609,2026-09-01,121,1936
1611,2026-09-01,14,336
1612,2026-09-01,113,1017
1613,2026-09-01,7,63
1620,2026-09-01,106,2332
1621,2026-09-01,5,110
1625,2026-09-01,12,132
1626,2026-09-01,37,740
1627,2026-09-01,1,15
1630,2026-09-01,118,2360
1631,2026-09-01,39,702
1635,2026-09-01,27,486
1637,2026-09-01,7,70
1638,2026-09-01,27,540
1640,2026-09-01,24,456
1642,2026-09-01,12,300
1643,2026-09-01,3,48
1646,2026-09-01,189,1701
1649,2026-09-01,2,22
1652,2026-09-01,7,161
1653,2026-09-01,5,80
1656,2026-09-01,47,1034
1657,2026-09-01,20,400
1659,2026-09-01,7,119
1660,2026-09-01,18,144
1663,2026-09-01,3,42
1666,2026-09-01,9,189
1670,2026-09-01,5,100
1674,2026-09-01,39,780
1677,2026-09-01,40,440
1678,2026-09-01,18,180
1681,2026-09-01,24,240
1682,2026-09-01,1,8
1683,2026-09-01,9,207
1684,2026-09-01,19,190
1686,2026-09-01,22,176
1687,2026-09-01,1,10
1688,2026-09-01,1,8
1689,2026-09-01,134,2546
1690,2026-09-01,9,189
1692,2026-09-01,2,20
1694,2026-09-01,11,88
1695,2026-09-01,2,18
1697,2026-09-01,13,286
1699,2026-09-01,41,1025
1703,2026-09-01,3,42
1704,2026-09-01,1,14
1707,2026-09-01,48,912
1708,2026-09-01,45,900
1709,2026-09-01,2,28
1711,2026-09-01,70,1470
1712,2026-09-01,7,112
1713,2026-09-01,6,96
1714,2026-09-01,73,803
1715,2026-09-01,5,50
1718,2026-09-01,11,143
1719,2026-09-01,60,1140
1721,2026-09-01,26,494
1722,2026-09-01,30,420
1723,2026-09-01,3,60
1725,2026-09-01,167,2171
1728,2026-09-01,2,20
1731,2026-09-01,20,200
1732,2026-09-01,7,126
1736,2026-09-01,28,392
1737,2026-09-01,4,88
1738,2026-09-01,32,288
1739,2026-09-01,67,1541
1740,2026-09-01,7,56
1741,2026-09-01,38,304
1743,2026-09-01,19,209
1745,2026-09-01,27,540
1746,2026-09-01,13,208
1748,2026-09-01,21,441
1749,2026-09-01,5,100
1751,2026-09-01,192,2304
1752,2026-09-01,28,392
1755,2026-09-01,1,21
1756,2026-09-01,17,425
1759,2026-09-01,135,1890
1760,2026-09-01,25,300
1761,2026-09-01,4,72
1762,2026-09-01,1,10
1763,2026-09-01,45,405
1764,2026-09-01,4,100
1766,2026-09-01,41,984
1767,2026-09-01,165,2640
1770,2026-09-01,12,300
1772,2026-09-01,28,616
1773,2026-09-01,27,540
1774,2026-09-01,43,989
1779,2026-09-01,6,120
1782,2026-09-01,4,32
1786,2026-09-01,31,372
1787,2026-09-01,82,984
1788,2026-09-01,86,1032
1791,2026-09-01,24,504
1793,2026-09-01,3,45
1794,2026-09-01,8,160
1796,2026-09-01,42,756
1797,2026-09-01,29,609
1799,2026-09-01,21,399
1801,2026-09-01,24,456
1802,2026-09-01,153,3519
1803,2026-09-01,7,147
1806,2026-09-01,17,425
1808,2026-09-01,2,40
1810,2026-09-01,3,24
1812,2026-09-01,4,92
1814,2026-09-01,9,207
1817,2026-09-01,29,493
1819,2026-09-01,5,60
1823,2026-09-01,9,99
1828,2026-09-01,11,187
1829,2026-09-01,12,216
1830,2026-09-01,5,125
1831,2026-09-01,3,42
1832,2026-09-01,6,144
1834,2026-09-01,14,266
1838,2026-09-01,6,54
1839,2026-09-01,3,39
1840,2026-09-01,26,520
1841,2026-09-01,23,575
1844,2026-09-01,44,704
1845,2026-09-01,3,33
1846,2026-09-01,190,4560
1848,2026-09-01,6,120
1849,2026-09-01,27,351
1850,2026-09-01,5,115
1851,2026-09-01,18,432
1852,2026-09-01,13,273
1853,2026-09-01,1,18
1854,2026-09-01,8,72
1858,2026-09-01,127,2794
1859,2026-09-01,12,156
1864,2026-09-01,69,759
1866,2026-09-01,9,171
1867,2026-09-01,2,18
1868,2026-09-01,12,108
1869,2026-09-01,2,26
1870,2026-09-01,3,45
1871,2026-09-01,19,342
1872,2026-09-01,9,153
1873,2026-09-01,1,12
1874,2026-09-01,6,48
1877,2026-09-01,1,20
1881,2026-09-01,59,472
1884,2026-09-01,23,552
1888,2026-09-01,5,70
1890,2026-09-01,37,296
1891,2026-09-01,4,60
1892,2026-09-01,57,855
1893,2026-09-01,9,198
1896,2026-09-01,10,110
1898,2026-09-01,18,450
1899,2026-09-01,19,475
1900,2026-09-01,9,153
1901,2026-09-01,2,38
1902,2026-09-01,9,90
1906,2026-09-01,42,420
1907,2026-09-01,23,414
1909,2026-09-01,2,30
1910,2026-09-01,7,77
1911,2026-09-01,2,42
1912,2026-09-01,491,8347
1913,2026-09-01,34,544
1914,2026-09-01,117,2106
1917,2026-09-01,38,722
1921,2026-09-01,1,13
1924,2026-09-01,20,300
1925,2026-09-01,2,22
1927,2026-09-01,4,68
1929,2026-09-01,3,27
1931,2026-09-01,9,90
1936,2026-09-01,60,1440
1938,2026-09-01,102,2448
1939,2026-09-01,1,13
1940,2026-09-01,15,300
1941,2026-09-01,18,234
1943,2026-09-01,6,78
1944,2026-09-01,176,3168
1947,2026-09-01,2,16
1948,2026-09-01,32,640
1953,2026-09-01,2,38
1955,2026-09-01,1,24
1957,2026-09-01,6,132
1959,2026-09-01,8,176
1960,2026-09-01,29,232
1962,2026-09-01,14,182
1963,2026-09-01,12,120
1964,2026-09-01,21,315
1966,2026-09-01,7,112
1967,2026-09-01,9,153
1972,2026-09-01,21,315
1973,2026-09-01,120,1680
1975,2026-09-01,132,2904
1976,2026-09-01,16,208
1979,2026-09-01,8,152
1980,2026-09-01,1,14
1981,2026-09-01,16,320
1982,2026-09-01,4,44
1987,2026-09-01,17,374
1989,2026-09-01,5,40
1991,2026-09-01,6,96
1992,2026-09-01,10,80
1993,2026-09-01,44,660
1994,2026-09-01,8,200
1995,2026-09-01,3,72
1996,2026-09-01,14,154
1998,2026-09-01,7,133
1999,2026-09-01,39,702
2000,2026-09-01,51,1122
2001,2026-09-01,5,100
2005,2026-09-01,5,100
2006,2026-09-01,40,600
2007,2026-09-01,7,133
2008,2026-09-01,16,320
2009,2026-09-01,68,680
2012,2026-09-01,56,952
2015,2026-09-01,53,1219
2017,2026-09-01,18,396
2018,2026-09-01,12,264
2019,2026-09-01,175,3675
2020,2026-09-01,12,252
2021,2026-09-01,25,325
2022,2026-09-01,49,1225
2023,2026-09-01,3,51
2024,2026-09-01,7,140
2025,2026-09-01,3,51
2028,2026-09-01,24,240
2029,2026-09-01,13,273
2030,2026-09-01,40,440
2031,2026-09-01,8,184
2032,2026-09-01,8,152
2036,2026-09-01,6,138
2038,2026-09-01,36,468
2039,2026-09-01,53,477
2040,2026-09-01,40,440
2042,2026-09-01,7,119
2043,2026-09-01,7,56
2044,2026-09-01,6,120
2046,2026-09-01,44,704
2049,2026-09-01,48,816
2050,2026-09-01,10,150
2051,2026-09-01,8,192
2054,2026-09-01,7,56
2055,2026-09-01,10,180
2057,2026-09-01,12,120
2060,2026-09-01,17,289
2062,2026-09-01,85,765
2063,2026-09-01,3,48
2064,2026-09-01,14,168
2071,2026-09-01,14,322
2072,2026-09-01,24,576
2073,2026-09-01,7,112
2074,2026-09-01,58,1102
2075,2026-09-01,3,45
2076,2026-09-01,30,300
2077,2026-09-01,10,150
2078,2026-09-01,20,180
2079,2026-09-01,18,324
2080,2026-09-01,8,200
2085,2026-09-01,99,1881
2087,2026-09-01,40,320
2088,2026-09-01,7,56
2090,2026-09-01,11,165
2091,2026-09-01,28,252
2092,2026-09-01,9,153
2094,2026-09-01,26,442
2095,2026-09-01,34,748
2096,2026-09-01,48,960
2097,2026-09-01,1,22
2100,2026-09-01,14,280
2101,2026-09-01,125,2000
2102,2026-09-01,15,135
2103,2026-09-01,23,529
2104,2026-09-01,35,315
2105,2026-09-01,31,744
2107,2026-09-01,7,77
2108,2026-09-01,322,7084
2109,2026-09-01,30,750
2111,2026-09-01,66,660
2114,2026-09-01,7,154
2118,2026-09-01,8,120
2119,2026-09-01,18,342
2120,2026-09-01,129,2580
2123,2026-09-01,54,918
2124,2026-09-01,67,1206
2126,2026-09-01,8,112
2127,2026-09-01,63,1071
2128,2026-09-01,8,168
2129,2026-09-01,0,0
2130,2026-09-01,4,92
2132,2026-09-01,34,680
2134,2026-09-01,0,0
2136,2026-09-01,7,154
2137,2026-09-01,21,294
2139,2026-09-01,39,858
2142,2026-09-01,8,88
2143,2026-09-01,17,391
2144,2026-09-01,123,2829
2145,2026-09-01,26,572
2146,2026-09-01,5,60
2147,2026-09-01,28,252
2148,2026-09-01,38,912
2149,2026-09-01,195,3315
2150,2026-09-01,19,342
2153,2026-09-01,30,360
2154,2026-09-01,5,75
2156,2026-09-01,9,216
2157,2026-09-01,26,312
2158,2026-09-01,52,1040
2159,2026-09-01,63,1323
2160,2026-09-01,2,26
2161,2026-09-01,83,1826
2163,2026-09-01,8,192
2164,2026-09-01,11,132
2165,2026-09-01,7,105
2167,2026-09-01,9,135
2169,2026-09-01,73,1022
2170,2026-09-01,3,39
2171,2026-09-01,32,256
2172,2026-09-01,119,2737
2174,2026-09-01,33,759
2177,2026-09-01,459,8262
2178,2026-09-01,12,168
2179,2026-09-01,10,210
2181,2026-09-01,40,560
2183,2026-09-01,238,2142
2187,2026-09-01,15,270
2188,2026-09-01,28,588
2189,2026-09-01,103,824
2193,2026-09-01,103,1236
2198,2026-09-01,1,23
2200,2026-09-01,83,1245
2202,2026-09-01,8,120
2207,2026-09-01,71,923
2208,2026-09-01,5,120
2209,2026-09-01,11,253
2210,2026-09-01,7,168
2211,2026-09-01,3,60
2212,2026-09-01,95,2375
2213,2026-09-01,257,6425
2214,2026-09-01,18,162
2215,2026-09-01,3,75
2218,2026-09-01,4,32
2219,2026-09-01,29,290
2220,2026-09-01,51,867
2221,2026-09-01,22,550
2222,2026-09-01,3,30
2224,2026-09-01,157,1413
2226,2026-09-01,6,132
2227,2026-09-01,2,34
2229,2026-09-01,19,399
2230,2026-09-01,2,18
2232,2026-09-01,4,68
2233,2026-09-01,13,247
2234,2026-09-01,18,342
2236,2026-09-01,25,275
2237,2026-09-01,10,190
2238,2026-09-01,8,152
2240,2026-09-01,48,960
2241,2026-09-01,10,220
2242,2026-09-01,2,16
2243,2026-09-01,36,900
2244,2026-09-01,5,65
2245,2026-09-01,24,288
2246,2026-09-01,8,128
2248,2026-09-01,31,620
2249,2026-09-01,1,11
2250,2026-09-01,36,756
2251,2026-09-01,16,192
2252,2026-09-01,15,195
2254,2026-09-01,5,85
2256,2026-09-01,1,25
2258,2026-09-01,10,190
2260,2026-09-01,11,110
2261,2026-09-01,3,33
2263,2026-09-01,2,48
2266,2026-09-01,4,64
2267,2026-09-01,5,85
2270,2026-09-01,7,70
2271,2026-09-01,29,232
2273,2026-09-01,8,136
2274,2026-09-01,43,559
2276,2026-09-01,5,120
2280,2026-09-01,15,255
2281,2026-09-01,39,390
2283,2026-09-01,6,102
2284,2026-09-01,69,1725
2285,2026-09-01,9,171
2286,2026-09-01,8,88
2288,2026-09-01,227,1816
2289,2026-09-01,64,1344
2291,2026-09-01,8,88
2292,2026-09-01,1,24
2293,2026-09-01,24,264
2296,2026-09-01,6,144
2297,2026-09-01,2,50
2299,2026-09-01,6,120
2301,2026-09-01,5,95
2302,2026-09-01,6,54
2304,2026-09-01,12,168
2305,2026-09-01,2,32
2308,2026-09-01,10,200
2309,2026-09-01,26,338
2310,2026-09-01,3,57
2313,2026-09-01,19,304
2315,2026-09-01,8,80
2316,2026-09-01,5,70
2317,2026-09-01,11,275
2319,2026-09-01,3,45
2320,2026-09-01,8,112
2321,2026-09-01,13,195
2322,2026-09-01,6,150
2323,2026-09-01,26,260
2325,2026-09-01,10,250
2326,2026-09-01,10,240
2327,2026-09-01,40,720
2328,2026-09-01,44,792
2329,2026-09-01,51,1224
2330,2026-09-01,181,3620
2333,2026-09-01,81,648
2334,2026-09-01,20,180
2335,2026-09-01,1,17
2336,2026-09-01,14,336
2337,2026-09-01,8,72
2339,2026-09-01,35,455
2341,2026-09-01,5,80
2343,2026-09-01,25,325
2344,2026-09-01,1,9
2345,2026-09-01,6,60
2346,2026-09-01,40,600
2348,2026-09-01,47,1128
2351,2026-09-01,3,30
2352,2026-09-01,12,228
2354,2026-09-01,18,378
2356,2026-09-01,43,989
2358,2026-09-01,5,80
2359,2026-09-01,9,108
2362,2026-09-01,6,60
2363,2026-09-01,2,28
2364,2026-09-01,143,3003
2365,2026-09-01,36,792
2367,2026-09-01,14,252
2368,2026-09-01,12,168
2369,2026-09-01,15,375
2370,2026-09-01,50,850
2376,2026-09-01,5,60
2377,2026-09-01,4,84
2378,2026-09-01,2,18
2381,2026-09-01,29,696
2383,2026-09-01,44,836
2385,2026-09-01,0,0
2386,2026-09-01,4,60
2387,2026-09-01,17,187
2389,2026-09-01,16,128
2390,2026-09-01,29,551
2391,2026-09-01,24,528
2393,2026-09-01,7,56
2395,2026-09-01,11,143
2396,2026-09-01,14,224
2397,2026-09-01,12,144
2398,2026-09-01,25,375
2399,2026-09-01,9,198
2401,2026-09-01,50,950
2403,2026-09-01,6,108
2404,2026-09-01,9,108
2405,2026-09-01,10,230
2406,2026-09-01,5,105
2410,2026-09-01,15,285
2411,2026-09-01,159,2703
2413,2026-09-01,23,414
2415,2026-09-01,23,483
2416,2026-09-01,147,3234
2418,2026-09-01,147,1470
2419,2026-09-01,2,48
2420,2026-09-01,4,72
2421,2026-09-01,89,979
2423,2026-09-01,16,384
2424,2026-09-01,25,375
2426,2026-09-01,9,207
2427,2026-09-01,3,75
2428,2026-09-01,20,460
2429,2026-09-01,91,1274
2430,2026-09-01,3,24
2431,2026-09-01,1,8
2432,2026-09-01,5,90
2433,2026-09-01,16,272
2435,2026-09-01,81,1863
2436,2026-09-01,2,34
2437,2026-09-01,144,1728
2439,2026-09-01,19,171
2440,2026-09-01,30,480
2441,2026-09-01,4,100
2442,2026-09-01,10,240
2444,2026-09-01,2,16
2445,2026-09-01,40,720
2447,2026-09-01,52,1196
2448,2026-09-01,7,112
2450,2026-09-01,32,288
2451,2026-09-01,6,60
2455,2026-09-01,50,800
2456,2026-09-01,4,72
2458,2026-09-01,1,25
2461,2026-09-01,1,15
2463,2026-09-01,8,168
2464,2026-09-01,6,120
2465,2026-09-01,9,117
2466,2026-09-01,22,462
2467,2026-09-01,5,80
2469,2026-09-01,188,1880
2470,2026-09-01,14,154
2471,2026-09-01,45,495
2472,2026-09-01,3,54
2473,2026-09-01,11,88
2474,2026-09-01,125,2250
2475,2026-09-01,23,437
2477,2026-09-01,3,33
2478,2026-09-01,3,36
2479,2026-09-01,32,256
2480,2026-09-01,25,500
2482,2026-09-01,1,22
2483,2026-09-01,10,90
2484,2026-09-01,12,300
2485,2026-09-01,5,55
2488,2026-09-01,5,75
2489,2026-09-01,21,168
2491,2026-09-01,23,506
2493,2026-09-01,101,1717
2496,2026-09-01,2,24
2497,2026-09-01,15,330
2499,2026-09-01,2,44
2501,2026-09-01,54,1242
2504,2026-09-01,4,52
2505,2026-09-01,52,988
2506,2026-09-01,15,255
2507,2026-09-01,84,2016
2512,2026-09-01,62,1178
2513,2026-09-01,30,330
2514,2026-09-01,56,896
2515,2026-09-01,6,60
2516,2026-09-01,32,608
2517,2026-09-01,8,112
2519,2026-09-01,43,473
2522,2026-09-01,45,810
2524,2026-09-01,6,60
2525,2026-09-01,6,108
2526,2026-09-01,3,51
2527,2026-09-01,37,370
2530,2026-09-01,20,300
2531,2026-09-01,8,96
2532,2026-09-01,61,915
2533,2026-09-01,9,180
2534,2026-09-01,2,42
2536,2026-09-01,2,50
2537,2026-09-01,4,52
2538,2026-09-01,13,234
2539,2026-09-01,3,30
2541,2026-09-01,118,2242
2542,2026-09-01,24,288
2543,2026-09-01,1,11
2544,2026-09-01,316,7268
2545,2026-09-01,341,4092
2546,2026-09-01,3,45
2547,2026-09-01,93,2325
2550,2026-09-01,110,990
2552,2026-09-01,1,17
2554,2026-09-01,23,207
2557,2026-09-01,4,76
2558,2026-09-01,2,48
2559,2026-09-01,5,95
2560,2026-09-01,13,325
2562,2026-09-01,25,425
2565,2026-09-01,12,96
2566,2026-09-01,3,51
2567,2026-09-01,23,207
2568,2026-09-01,13,234
2571,2026-09-01,38,494
2572,2026-09-01,7,154
2573,2026-09-01,14,322
2575,2026-09-01,10,210
2577,2026-09-01,7,112
2578,2026-09-01,5,40
2580,2026-09-01,2,18
2581,2026-09-01,8,104
2582,2026-09-01,1,12
2583,2026-09-01,42,714
2586,2026-09-01,4,100
2590,2026-09-01,16,336
2593,2026-09-01,3,69
2595,2026-09-01,9,189
2596,2026-09-01,9,225
2599,2026-09-01,3,60
2602,2026-09-01,28,476
2603,2026-09-01,20,380
2604,2026-09-01,7,98
2607,2026-09-01,8,136
2608,2026-09-01,4,32
2611,2026-09-01,3,24
2612,2026-09-01,7,175
2614,2026-09-01,29,696
2616,2026-09-01,4,44
2619,2026-09-01,32,768
2620,2026-09-01,4,44
2621,2026-09-01,9,189
2622,2026-09-01,8,184
2624,2026-09-01,10,150
2627,2026-09-01,5,60
2628,2026-09-01,1,14
2631,2026-09-01,6,150
2632,2026-09-01,9,153
2635,2026-09-01,10,140
2637,2026-09-01,9,90
2638,2026-09-01,26,260
2640,2026-09-01,172,2236
2643,2026-09-01,6,120
2644,2026-09-01,4,100
2645,2026-09-01,30,240
2647,2026-09-01,6,150
2648,2026-09-01,28,476
2649,2026-09-01,12,156
2650,2026-09-01,8,128
2653,2026-09-01,48,1008
2655,2026-09-01,4,44
2656,2026-09-01,2,26
2657,2026-09-01,23,253
2658,2026-09-01,9,144
2659,2026-09-01,201,1809
2663,2026-09-01,13,221
2664,2026-09-01,6,66
2665,2026-09-01,26,572
2667,2026-09-01,11,264
2669,2026-09-01,23,506
2671,2026-09-01,16,352
2672,2026-09-01,7,105
2673,2026-09-01,34,850
2674,2026-09-01,4,80
2675,2026-09-01,3,54
2676,2026-09-01,13,156
2677,2026-09-01,19,380
2678,2026-09-01,12,240
2679,2026-09-01,46,1104
2680,2026-09-01,30,720
2681,2026-09-01,5,105
2682,2026-09-01,9,90
2683,2026-09-01,3,45
2684,2026-09-01,11,275
2685,2026-09-01,49,1176
2686,2026-09-01,174,1392
2688,2026-09-01,2,16
2689,2026-09-01,174,3828
2690,2026-09-01,16,352
2691,2026-09-01,3,63
2692,2026-09-01,16,256
2693,2026-09-01,9,90
2694,2026-09-01,12,276
2696,2026-09-01,6,144
2697,2026-09-01,11,88
2698,2026-09-01,10,100
2700,2026-09-01,16,144
2701,2026-09-01,12,228
2702,2026-09-01,7,70
2703,2026-09-01,4,84
2704,2026-09-01,2,44
2705,2026-09-01,175,2275
2708,2026-09-01,5,40
2709,2026-09-01,46,690
2710,2026-09-01,17,306
2711,2026-09-01,40,1000
2712,2026-09-01,28,224
2715,2026-09-01,9,162
2716,2026-09-01,7,154
2718,2026-09-01,5,45
2719,2026-09-01,11,275
2720,2026-09-01,8,136
2721,2026-09-01,9,225
2723,2026-09-01,15,375
2724,2026-09-01,45,1080
2726,2026-09-01,8,144
2729,2026-09-01,7,140
2730,2026-09-01,5,105
2732,2026-09-01,9,180
2734,2026-09-01,24,552
2735,2026-09-01,5,75
2739,2026-09-01,11,88
2740,2026-09-01,32,352
2741,2026-09-01,12,108
2742,2026-09-01,7,154
2743,2026-09-01,7,77
2744,2026-09-01,2,36
2745,2026-09-01,7,91
2747,2026-09-01,4,64
2748,2026-09-01,7,154
2749,2026-09-01,35,455
2751,2026-09-01,2,50
2752,2026-09-01,6,108
2753,2026-09-01,20,280
2754,2026-09-01,13,208
2755,2026-09-01,7,56
2756,2026-09-01,34,340
2757,2026-09-01,10,180
2761,2026-09-01,30,570
2762,2026-09-01,6,108
2763,2026-09-01,16,208
2764,2026-09-01,2,44
2765,2026-09-01,23,506
2766,2026-09-01,29,319
2767,2026-09-01,29,580
2771,2026-09-01,18,378
2773,2026-09-01,2,50
2774,2026-09-01,115,1840
2778,2026-09-01,10,240
2779,2026-09-01,13,208
2781,2026-09-01,20,480
2782,2026-09-01,9,180
2783,2026-09-01,22,418
2784,2026-09-01,2,42
2785,2026-09-01,29,464
2786,2026-09-01,14,280
2788,2026-09-01,3,45
2789,2026-09-01,109,2507
2791,2026-09-01,88,1496
2792,2026-09-01,6,84
2793,2026-09-01,31,558
2794,2026-09-01,9,225
2795,2026-09-01,21,294
2796,2026-09-01,22,550
2798,2026-09-01,9,198
2799,2026-09-01,49,833
2800,2026-09-01,5,45
2801,2026-09-01,14,126
2803,2026-09-01,17,170
2804,2026-09-01,38,722
2805,2026-09-01,4,88
2806,2026-09-01,186,2604
2807,2026-09-01,2,16
2808,2026-09-01,7,147
2809,2026-09-01,7,161
2812,2026-09-01,3,39
2814,2026-09-01,16,304
2815,2026-09-01,4,92
2816,2026-09-01,5,50
2817,2026-09-01,24,528
2818,2026-09-01,9,171
2819,2026-09-01,65,780
2822,2026-09-01,119,1428
2827,2026-09-01,5,95
2828,2026-09-01,212,4876
2830,2026-09-01,7,63
2831,2026-09-01,9,180
2832,2026-09-01,11,275
2833,2026-09-01,8,176
2834,2026-09-01,7,126
2835,2026-09-01,3,54
2836,2026-09-01,137,2329
2837,2026-09-01,38,456
2839,2026-09-01,5,100
2841,2026-09-01,6,90
2842,2026-09-01,50,700
2843,2026-09-01,4,56
2844,2026-09-01,25,625
2845,2026-09-01,5,115
2848,2026-09-01,12,216
2849,2026-09-01,27,270
2850,2026-09-01,7,161
2852,2026-09-01,7,119
2853,2026-09-01,3,45
2854,2026-09-01,51,816
2855,2026-09-01,2,36
2856,2026-09-01,7,77
2857,2026-09-01,7,70
2858,2026-09-01,109,1090
2860,2026-09-01,39,624
2861,2026-09-01,11,242
2863,2026-09-01,38,342
2864,2026-09-01,48,912
2865,2026-09-01,5,115
2867,2026-09-01,275,3850
2868,2026-09-01,24,600
2869,2026-09-01,4,60
2870,2026-09-01,5,70
2871,2026-09-01,11,154
2872,2026-09-01,3,57
2873,2026-09-01,4,36
2874,2026-09-01,10,230
2875,2026-09-01,6,114
2877,2026-09-01,2,26
2878,2026-09-01,10,230
2879,2026-09-01,5,125
2880,2026-09-01,10,130
2881,2026-09-01,24,288
2885,2026-09-01,7,119
2886,2026-09-01,39,702
2887,2026-09-01,5,90
2889,2026-09-01,60,900
2891,2026-09-01,6,54
2892,2026-09-01,3,75
2893,2026-09-01,6,48
2894,2026-09-01,14,154
2895,2026-09-01,4,52
2896,2026-09-01,37,444
2899,2026-09-01,1,22
2905,2026-09-01,24,408
2906,2026-09-01,232,4408
2907,2026-09-01,5,90
2909,2026-09-01,48,672
2910,2026-09-01,7,70
2911,2026-09-01,10,150
2912,2026-09-01,4,100
2916,2026-09-01,5,50
2917,2026-09-01,1,16
2918,2026-09-01,4,36
2920,2026-09-01,19,190
2921,2026-09-01,184,4048
2922,2026-09-01,62,620
2923,2026-09-01,5,40
2925,2026-09-01,3,66
2926,2026-09-01,11,143
2927,2026-09-01,36,576
2928,2026-09-01,3,51
2931,2026-09-01,8,160
2932,2026-09-01,14,350
2933,2026-09-01,27,648
2934,2026-09-01,252,6300
2936,2026-09-01,1,17
2937,2026-09-01,23,437
2938,2026-09-01,8,184
2939,2026-09-01,64,1088
2940,2026-09-01,26,390
2941,2026-09-01,8,128
2944,2026-09-01,4,96
2945,2026-09-01,38,950
2948,2026-09-01,16,400
2950,2026-09-01,30,510
2951,2026-09-01,10,240
2952,2026-09-01,82,1722
2953,2026-09-01,17,221
2954,2026-09-01,7,140
2956,2026-09-01,32,576
2957,2026-09-01,3,42
2959,2026-09-01,141,1128
2961,2026-09-01,10,90
2962,2026-09-01,7,70
2965,2026-09-01,6,132
2966,2026-09-01,5,55
2967,2026-09-01,6,144
2968,2026-09-01,26,546
2969,2026-09-01,33,594
2971,2026-09-01,8,168
2972,2026-09-01,4,64
2973,2026-09-01,43,473
2974,2026-09-01,31,558
2975,2026-09-01,20,180
2978,2026-09-01,4,48
2979,2026-09-01,36,432
2980,2026-09-01,8,200
2981,2026-09-01,4,56
2982,2026-09-01,37,333
2983,2026-09-01,7,161
2984,2026-09-01,7,56
2986,2026-09-01,9,171
2988,2026-09-01,27,324
2989,2026-09-01,62,620
2990,2026-09-01,11,88
2991,2026-09-01,188,2632
2992,2026-09-01,5,110
2993,2026-09-01,6,144
2994,2026-09-01,2,24
2995,2026-09-01,4,64
2997,2026-09-01,22,506
2998,2026-09-01,3,30
2999,2026-09-01,61,671
3000,2026-09-01,11,110
3001,2026-09-01,7,112
3003,2026-09-01,70,840
3005,2026-09-01,6,84
3006,2026-09-01,10,130
3009,2026-09-01,5,95
3011,2026-09-01,58,1218
3012,2026-09-01,12,192
3013,2026-09-01,0,0
3014,2026-09-01,8,112
3016,2026-09-01,18,252
3018,2026-09-01,3,33
3019,2026-09-01,9,153
3020,2026-09-01,0,0
3021,2026-09-01,11,209
3023,2026-09-01,104,1248
3024,2026-09-01,23,207
3026,2026-09-01,9,72
3028,2026-09-01,16,160
3029,2026-09-01,4,56
3030,2026-09-01,37,814
3031,2026-09-01,9,81
3034,2026-09-01,3,27
3035,2026-09-01,11,88
3036,2026-09-01,19,456
3038,2026-09-01,85,765
3040,2026-09-01,21,168
3041,2026-09-01,1,14
3042,2026-09-01,15,210
3045,2026-09-01,15,180
3046,2026-09-01,10,140
3047,2026-09-01,10,160
3048,2026-09-01,17,221
3050,2026-09-01,7,147
3051,2026-09-01,3,42
3052,2026-09-01,13,247
3054,2026-09-01,90,1350
3055,2026-09-01,6,150
3056,2026-09-01,8,160
3058,2026-09-01,7,112
3059,2026-09-01,3,66
3060,2026-09-01,110,2640
3061,2026-09-01,2,18
3062,2026-09-01,19,399
3063,2026-09-01,9,198
3064,2026-09-01,16,272
3065,2026-09-01,26,286
3066,2026-09-01,3,63
3068,2026-09-01,10,230
3069,2026-09-01,34,306
3070,2026-09-01,49,833
3071,2026-09-01,5,85
3072,2026-09-01,43,903
3073,2026-09-01,9,162
3074,2026-09-01,77,1848
3076,2026-09-01,5,95
3079,2026-09-01,33,429
3080,2026-09-01,28,280
3081,2026-09-01,8,168
3082,2026-09-01,2,46
3084,2026-09-01,7,77
3087,2026-09-01,13,143
3088,2026-09-01,2,24
3091,2026-09-01,2,36
3092,2026-09-01,10,140
3093,2026-09-01,18,432
3094,2026-09-01,23,529
3096,2026-09-01,7,140
3098,2026-09-01,12,288
3099,2026-09-01,4,60
3100,2026-09-01,9,180
3102,2026-09-01,15,285
3103,2026-09-01,8,64
3104,2026-09-01,17,323
3106,2026-09-01,64,960
3107,2026-09-01,8,192
3108,2026-09-01,7,133
3109,2026-09-01,13,130
3110,2026-09-01,21,336
3111,2026-09-01,20,260
3112,2026-09-01,15,120
3114,2026-09-01,2,46
3115,2026-09-01,6,150
3117,2026-09-01,19,437
3119,2026-09-01,19,380
3120,2026-09-01,3,63
3121,2026-09-01,52,676
3124,2026-09-01,38,494
3126,2026-09-01,5,50
3127,2026-09-01,5,40
3128,2026-09-01,17,153
3129,2026-09-01,1,13
3130,2026-09-01,4,44
3131,2026-09-01,2,28
3132,2026-09-01,5,55
3133,2026-09-01,6,54
3134,2026-09-01,20,160
3135,2026-09-01,10,250
3136,2026-09-01,8,128
3137,2026-09-01,52,884
3138,2026-09-01,27,675
3139,2026-09-01,39,312
3140,2026-09-01,9,126
3145,2026-09-01,2,46
3147,2026-09-01,12,192
3148,2026-09-01,32,736
3149,2026-09-01,3,69
3151,2026-09-01,3,60
3152,2026-09-01,3,54
3153,2026-09-01,6,72
3154,2026-09-01,6,90
3155,2026-09-01,58,638
3158,2026-09-01,20,380
3159,2026-09-01,50,650
3160,2026-09-01,7,56
3161,2026-09-01,187,2057
3162,2026-09-01,8,168
3163,2026-09-01,9,207
3164,2026-09-01,3,69
3165,2026-09-01,4,44
3167,2026-09-01,2,40
3169,2026-09-01,4,44
3170,2026-09-01,37,666
3172,2026-09-01,45,405
3173,2026-09-01,110,2200
3174,2026-09-01,1,19
3175,2026-09-01,82,1558
3176,2026-09-01,2,46
3177,2026-09-01,32,288
3178,2026-09-01,8,88
3179,2026-09-01,24,480
3180,2026-09-01,9,180
3181,2026-09-01,14,336
3182,2026-09-01,79,1343
3183,2026-09-01,30,390
3185,2026-09-01,37,555
3186,2026-09-01,22,308
3188,2026-09-01,5,60
3191,2026-09-01,7,175
3193,2026-09-01,19,209
3194,2026-09-01,2,38
3195,2026-09-01,20,160
3196,2026-09-01,11,187
3199,2026-09-01,12,216
3200,2026-09-01,0,0
3201,2026-09-01,8,72
3202,2026-09-01,17,289
3204,2026-09-01,27,216
3205,2026-09-01,5,105
3206,2026-09-01,3,39
3207,2026-09-01,30,360
3210,2026-09-01,34,646
3211,2026-09-01,97,2425
3212,2026-09-01,15,225
3213,2026-09-01,3,39
3214,2026-09-01,6,48
3215,2026-09-01,116,1160
3217,2026-09-01,27,324
3218,2026-09-01,107,2354
3219,2026-09-01,22,308
3220,2026-09-01,127,1651
3221,2026-09-01,3,30
3222,2026-09-01,28,252
3223,2026-09-01,5,55
3225,2026-09-01,2,34
3226,2026-09-01,6,108
3227,2026-09-01,40,1000
3228,2026-09-01,36,756
3229,2026-09-01,2,36
3230,2026-09-01,9,162
3231,2026-09-01,2,24
3232,2026-09-01,10,160
3234,2026-09-01,11,264
3235,2026-09-01,149,1937
3237,2026-09-01,32,384
3238,2026-09-01,11,253
3239,2026-09-01,5,70
3240,2026-09-01,23,184
3241,2026-09-01,9,198
3242,2026-09-01,3,57
3243,2026-09-01,6,66
3245,2026-09-01,25,375
3246,2026-09-01,15,375
3247,2026-09-01,5,105
3248,2026-09-01,129,1806
3250,2026-09-01,8,184
3252,2026-09-01,4,76
3253,2026-09-01,5,70
3254,2026-09-01,15,180
3256,2026-09-01,10,200
3257,2026-09-01,5,115
3258,2026-09-01,18,342
3259,2026-09-01,5,65
3260,2026-09-01,10,150
3261,2026-09-01,18,198
3262,2026-09-01,9,153
3263,2026-09-01,9,180
3264,2026-09-01,4,48
3265,2026-09-01,7,147
3267,2026-09-01,20,160
3268,2026-09-01,19,304
3270,2026-09-01,9,198
3271,2026-09-01,4,40
3272,2026-09-01,16,224
3273,2026-09-01,3,75
3274,2026-09-01,192,4224
3275,2026-09-01,4,48
3276,2026-09-01,132,1980
3277,2026-09-01,4,68
3278,2026-09-01,11,99
3279,2026-09-01,5,85
3280,2026-09-01,18,378
3283,2026-09-01,121,2662
3284,2026-09-01,18,450
3287,2026-09-01,39,780
3288,2026-09-01,5,65
3289,2026-09-01,9,72
3290,2026-09-01,5,120
3291,2026-09-01,2,22
3292,2026-09-01,2,40
3293,2026-09-01,23,552
3294,2026-09-01,10,80
3295,2026-09-01,13,312
3296,2026-09-01,3,48
3297,2026-09-01,10,80
3298,2026-09-01,86,946
3299,2026-09-01,14,182
3301,2026-09-01,40,800
3302,2026-09-01,169,3887
3304,2026-09-01,20,180
3305,2026-09-01,8,128
3306,2026-09-01,8,80
3307,2026-09-01,106,2650
3310,2026-09-01,10,220
3311,2026-09-01,3,60
3313,2026-09-01,12,216
3314,2026-09-01,11,231
3315,2026-09-01,15,195
3317,2026-09-01,19,437
3318,2026-09-01,22,352
3319,2026-09-01,11,88
3320,2026-09-01,13,260
3321,2026-09-01,36,288
3322,2026-09-01,2,40
3323,2026-09-01,7,140
3324,2026-09-01,1,25
3325,2026-09-01,80,1680
3326,2026-09-01,25,475
3327,2026-09-01,7,126
3328,2026-09-01,14,280
3330,2026-09-01,10,80
3331,2026-09-01,4,88
3333,2026-09-01,4,48
3334,2026-09-01,13,299
3335,2026-09-01,2,42
3336,2026-09-01,4,52
3337,2026-09-01,39,468
3338,2026-09-01,5,50
3339,2026-09-01,14,336
3340,2026-09-01,22,396
3342,2026-09-01,32,576
3343,2026-09-01,13,325
3344,2026-09-01,20,480
3346,2026-09-01,9,189
3347,2026-09-01,122,2196
3348,2026-09-01,3,57
3350,2026-09-01,4,92
3351,2026-09-01,7,175
3352,2026-09-01,25,300
3354,2026-09-01,40,600
3355,2026-09-01,18,378
3356,2026-09-01,71,639
3357,2026-09-01,5,125
3358,2026-09-01,12,96
3359,2026-09-01,24,336
3360,2026-09-01,6,90
3361,2026-09-01,5,110
3363,2026-09-01,6,138
3364,2026-09-01,5,60
3365,2026-09-01,6,114
3367,2026-09-01,174,2262
3368,2026-09-01,5,65
3369,2026-09-01,12,204
3370,2026-09-01,7,154
3372,2026-09-01,4,76
3373,2026-09-01,31,682
3374,2026-09-01,53,954
3375,2026-09-01,9,207
3376,2026-09-01,8,144
3377,2026-09-01,4,36
3378,2026-09-01,2,40
3379,2026-09-01,134,1742
3380,2026-09-01,2,32
3381,2026-09-01,10,200
3382,2026-09-01,10,80
3384,2026-09-01,3,39
3385,2026-09-01,5,115
3387,2026-09-01,3,27
3388,2026-09-01,15,225
3389,2026-09-01,8,128
3390,2026-09-01,22,176
3391,2026-09-01,63,693
3392,2026-09-01,14,350
3393,2026-09-01,5,65
3394,2026-09-01,40,560
3395,2026-09-01,2,32
3396,2026-09-01,20,380
3397,2026-09-01,26,364
3398,2026-09-01,13,156
3400,2026-09-01,74,1406
3402,2026-09-01,5,40
3404,2026-09-01,28,588
3405,2026-09-01,147,2058
3406,2026-09-01,134,1742
3407,2026-09-01,13,104
3408,2026-09-01,33,594
3410,2026-09-01,81,1620
3411,2026-09-01,4,56
3412,2026-09-01,2,32
3413,2026-09-01,23,437
3414,2026-09-01,9,72
3415,2026-09-01,12,108
3416,2026-09-01,8,120
3418,2026-09-01,8,64
3419,2026-09-01,4,84
3420,2026-09-01,12,276
3421,2026-09-01,26,468
3423,2026-09-01,28,252
3424,2026-09-01,8,104
3425,2026-09-01,5,60
3426,2026-09-01,2,16
3427,2026-09-01,5,65
3428,2026-09-01,142,1704
3429,2026-09-01,253,5313
3430,2026-09-01,12,132
3432,2026-09-01,26,468
3433,2026-09-01,2,40
3434,2026-09-01,17,357
3435,2026-09-01,9,90
3436,2026-09-01,13,104
3437,2026-09-01,33,792
3438,2026-09-01,2,32
3439,2026-09-01,12,108
3440,2026-09-01,8,152
3441,2026-09-01,14,182
3442,2026-09-01,38,418
3444,2026-09-01,32,256
3445,2026-09-01,33,363
3446,2026-09-01,10,220
3448,2026-09-01,8,128
3449,2026-09-01,2,40
3450,2026-09-01,24,240
3451,2026-09-01,24,192
3452,2026-09-01,16,256
3453,2026-09-01,21,210
3454,2026-09-01,2,18
3455,2026-09-01,8,96
3457,2026-09-01,3,60
3458,2026-09-01,152,1520
3459,2026-09-01,15,120
3460,2026-09-01,10,80
3461,2026-09-01,10,230
3463,2026-09-01,7,84
3464,2026-09-01,7,70
3465,2026-09-01,12,216
3466,2026-09-01,43,645
3467,2026-09-01,6,126
3469,2026-09-01,7,133
3470,2026-09-01,13,234
3471,2026-09-01,3,48
3472,2026-09-01,47,1081
3473,2026-09-01,2,36
3474,2026-09-01,19,152
3476,2026-09-01,13,273
3477,2026-09-01,6,132
3478,2026-09-01,20,440
3479,2026-09-01,33,462
3480,2026-09-01,5,45
3481,2026-09-01,4,60
3482,2026-09-01,21,483
3483,2026-09-01,13,156
3484,2026-09-01,2,22
3486,2026-09-01,9,117
3487,2026-09-01,9,99
3488,2026-09-01,7,91
3489,2026-09-01,20,220
3490,2026-09-01,3,69
3491,2026-09-01,80,800
3493,2026-09-01,11,132
3495,2026-09-01,2,32
3496,2026-09-01,48,480
3497,2026-09-01,7,56
3498,2026-09-01,3,60
3499,2026-09-01,12,300
3500,2026-09-01,4,44
3501,2026-09-01,12,264
3503,2026-09-01,46,1104
3504,2026-09-01,2,34
3505,2026-09-01,6,54
3506,2026-09-01,7,63
3508,2026-09-01,9,117
3509,2026-09-01,18,414
3510,2026-09-01,11,253
3511,2026-09-01,11,154
3512,2026-09-01,4,52
3514,2026-09-01,6,150
3515,2026-09-01,3,45
3516,2026-09-01,24,456
3517,2026-09-01,7,70
3518,2026-09-01,10,210
3519,2026-09-01,7,56
3520,2026-09-01,6,120
3521,2026-09-01,3,45
3522,2026-09-01,41,369
3523,2026-09-01,67,536
3524,2026-09-01,11,242
3525,2026-09-01,14,112
3526,2026-09-01,27,324
3527,2026-09-01,2,46
3528,2026-09-01,5,90
3529,2026-09-01,5,55
3531,2026-09-01,3,42
3532,2026-09-01,18,396
3533,2026-09-01,2,32
3534,2026-09-01,20,200
3535,2026-09-01,11,110
3536,2026-09-01,10,200
3537,2026-09-01,3,54
3538,2026-09-01,18,324
3539,2026-09-01,2,40
3540,2026-09-01,7,105
3541,2026-09-01,17,425
3542,2026-09-01,46,966
3543,2026-09-01,39,585
3544,2026-09-01,6,78
3545,2026-09-01,6,84
3546,2026-09-01,10,170
3547,2026-09-01,27,459
3548,2026-09-01,4,80
3550,2026-09-01,8,152
3551,2026-09-01,3,24
3552,2026-09-01,38,570
3553,2026-09-01,12,132
3554,2026-09-01,34,646
3555,2026-09-01,13,299
3556,2026-09-01,6,66
3557,2026-09-01,8,88
3558,2026-09-01,34,476
3559,2026-09-01,3,42
3560,2026-09-01,163,1467
3561,2026-09-01,26,260
3563,2026-09-01,9,189
3564,2026-09-01,4,60
3565,2026-09-01,33,825
3566,2026-09-01,65,650
3567,2026-09-01,10,160
3568,2026-09-01,162,3402
3569,2026-09-01,50,1050
3570,2026-09-01,7,70
3571,2026-09-01,3,66
3572,2026-09-01,52,1144
3573,2026-09-01,2,50
3574,2026-09-01,13,143
3575,2026-09-01,173,3979
3576,2026-09-01,2,20
3577,2026-09-01,34,510
3578,2026-09-01,34,850
3579,2026-09-01,12,120
3580,2026-09-01,15,330
3581,2026-09-01,15,150
3582,2026-09-01,3,42
3583,2026-09-01,37,703
3584,2026-09-01,8,144
3585,2026-09-01,15,315
3586,2026-09-01,9,108
3587,2026-09-01,23,276
3588,2026-09-01,4,44
3589,2026-09-01,38,608
3591,2026-09-01,6,96
3592,2026-09-01,11,110
3593,2026-09-01,5,100
3595,2026-09-01,9,144
3596,2026-09-01,3,54
3597,2026-09-01,5,55
3599,2026-09-01,9,198
3600,2026-09-01,15,360
3601,2026-09-01,11,187
3602,2026-09-01,46,1012
3603,2026-09-01,9,189
3604,2026-09-01,18,414
3605,2026-09-01,39,702
3606,2026-09-01,2,42
3607,2026-09-01,25,375
3608,2026-09-01,1,22
3609,2026-09-01,9,81
3610,2026-09-01,4,36
3611,2026-09-01,23,483
3612,2026-09-01,101,2121
3613,2026-09-01,14,252
3614,2026-09-01,9,126
3615,2026-09-01,139,2224
3616,2026-09-01,3,30
3617,2026-09-01,25,200
3618,2026-09-01,8,64
3619,2026-09-01,3,60
3620,2026-09-01,5,65
3621,2026-09-01,9,144
3622,2026-09-01,4,68
3623,2026-09-01,17,153
3624,2026-09-01,5,120
3625,2026-09-01,2,50
3626,2026-09-01,16,336
3627,2026-09-01,146,2920
3628,2026-09-01,11,132
3629,2026-09-01,32,768
3630,2026-09-01,18,252
3631,2026-09-01,89,1513
3632,2026-09-01,18,360
3633,2026-09-01,7,70
3634,2026-09-01,7,168
3635,2026-09-01,17,187
3636,2026-09-01,12,228
3637,2026-09-01,34,816
3638,2026-09-01,41,820
3639,2026-09-01,26,312
3640,2026-09-01,10,180
3642,2026-09-01,1,20
3643,2026-09-01,35,315
3644,2026-09-01,43,946
3645,2026-09-01,31,527
3646,2026-09-01,4,100
3647,2026-09-01,13,195
3649,2026-09-01,40,480
3650,2026-09-01,10,190
3651,2026-09-01,5,40
3653,2026-09-01,227,2043
3654,2026-09-01,44,660
3655,2026-09-01,40,840
3656,2026-09-01,4,72
3657,2026-09-01,53,583
3658,2026-09-01,50,900
3659,2026-09-01,122,1342
3660,2026-09-01,4,44
3661,2026-09-01,17,204
3662,2026-09-01,3,48
3663,2026-09-01,5,75
3664,2026-09-01,21,483
3666,2026-09-01,5,100
3667,2026-09-01,6,84
3668,2026-09-01,6,114
3669,2026-09-01,38,380
3670,2026-09-01,12,144
3671,2026-09-01,4,32
3672,2026-09-01,5,45
3673,2026-09-01,13,247
3674,2026-09-01,5,65
3675,2026-09-01,3,66
3676,2026-09-01,5,120
3677,2026-09-01,29,667
3678,2026-09-01,8,104
3679,2026-09-01,38,646
3680,2026-09-01,85,1530
3681,2026-09-01,4,92
3682,2026-09-01,2,24
3683,2026-09-01,14,196
3685,2026-09-01,132,1980
3686,2026-09-01,3,33
3687,2026-09-01,41,697
3688,2026-09-01,8,120
3689,2026-09-01,9,189
3690,2026-09-01,9,216
3691,2026-09-01,20,480
3692,2026-09-01,4,84
3693,2026-09-01,7,168
3694,2026-09-01,8,144
3695,2026-09-01,17,425
3696,2026-09-01,3,60
3697,2026-09-01,13,273
3698,2026-09-01,12,96
3699,2026-09-01,33,264
3700,2026-09-01,154,1232
3701,2026-09-01,11,264
3702,2026-09-01,38,418
3703,2026-09-01,10,200
3704,2026-09-01,8,128
3705,2026-09-01,13,221
3706,2026-09-01,8,144
3707,2026-09-01,5,85
3708,2026-09-01,46,920
3709,2026-09-01,9,135
3710,2026-09-01,38,304
3711,2026-09-01,84,1176
3712,2026-09-01,4,72
3713,2026-09-01,8,136
3714,2026-09-01,111,2775
3715,2026-09-01,8,192
3716,2026-09-01,3,30
3717,2026-09-01,138,2622
3718,2026-09-01,4,68
3720,2026-09-01,7,161
3721,2026-09-01,8,176
3722,2026-09-01,5,55
3723,2026-09-01,5,110
3724,2026-09-01,26,650
3725,2026-09-01,3,48
3726,2026-09-01,4,52
3727,2026-09-01,6,126
3728,2026-09-01,7,77
3729,2026-09-01,6,60
3730,2026-09-01,9,117
3731,2026-09-01,22,528
3732,2026-09-01,4,44
3733,2026-09-01,10,220
3734,2026-09-01,2,46
3735,2026-09-01,19,323
3736,2026-09-01,15,150
3737,2026-09-01,4,48
3738,2026-09-01,2,32
3739,2026-09-01,20,260
3740,2026-09-01,3,39
3741,2026-09-01,7,56
3743,2026-09-01,1,22
3744,2026-09-01,4,92
3745,2026-09-01,39,585
3746,2026-09-01,5,125
3747,2026-09-01,8,88
3748,2026-09-01,2,34
3749,2026-09-01,1,9
3750,2026-09-01,11,198
3751,2026-09-01,3,24
3753,2026-09-01,7,126
3754,2026-09-01,5,50
3755,2026-09-01,14,154
3756,2026-09-01,35,595
3757,2026-09-01,56,672
3758,2026-09-01,7,98
3759,2026-09-01,5,90
3760,2026-09-01,5,110
3761,2026-09-01,24,576
3762,2026-09-01,4,64
3763,2026-09-01,11,253
3764,2026-09-01,9,198
3765,2026-09-01,38,798
3766,2026-09-01,9,189
3767,2026-09-01,14,168
3768,2026-09-01,25,600
3769,2026-09-01,22,440
3770,2026-09-01,2,46
3771,2026-09-01,120,3000
3772,2026-09-01,32,736
3773,2026-09-01,9,117
3774,2026-09-01,8,192
3775,2026-09-01,4,84
3776,2026-09-01,9,225
3777,2026-09-01,3,60
3778,2026-09-01,7,98
3779,2026-09-01,8,104
3780,2026-09-01,23,276
3781,2026-09-01,5,80
3782,2026-09-01,36,900
3783,2026-09-01,17,289
3784,2026-09-01,5,95
3785,2026-09-01,4,88
3786,2026-09-01,5,90
3787,2026-09-01,97,1843
3788,2026-09-01,63,1197
3789,2026-09-01,3,36
3790,2026-09-01,41,410
3791,2026-09-01,15,240
3792,2026-09-01,87,1044
3793,2026-09-01,8,72
3794,2026-09-01,31,341
3795,2026-09-01,6,126
3796,2026-09-01,12,276
3797,2026-09-01,7,91
3798,2026-09-01,15,360
3799,2026-09-01,8,96
3800,2026-09-01,22,220
3801,2026-09-01,11,154
3802,2026-09-01,11,187
3803,2026-09-01,2,30
3804,2026-09-01,53,901
3805,2026-09-01,5,70
3806,2026-09-01,11,121
3807,2026-09-01,2,40
3808,2026-09-01,43,989
3809,2026-09-01,17,425
3810,2026-09-01,12,276
3811,2026-09-01,4,100
3812,2026-09-01,7,140
3813,2026-09-01,2,26
3814,2026-09-01,5,70
3815,2026-09-01,8,136
3816,2026-09-01,6,48
3817,2026-09-01,29,638
3818,2026-09-01,4,56
3819,2026-09-01,4,32
3820,2026-09-01,2,48
3821,2026-09-01,6,96
3822,2026-09-01,10,150
3823,2026-09-01,7,154
3824,2026-09-01,33,561
3825,2026-09-01,2,20
3826,2026-09-01,2,24
3827,2026-09-01,17,374
3828,2026-09-01,6,132
3829,2026-09-01,55,495
3830,2026-09-01,43,387
3831,2026-09-01,8,88
3832,2026-09-01,14,210
3833,2026-09-01,21,357
3834,2026-09-01,43,903
3835,2026-09-01,5,85
3836,2026-09-01,23,460
3837,2026-09-01,2,38
3838,2026-09-01,16,176
3839,2026-09-01,58,638
3840,2026-09-01,8,136
3841,2026-09-01,14,210
3842,2026-09-01,3,60
3843,2026-09-01,35,595
3844,2026-09-01,2,34
3845,2026-09-01,31,558
3846,2026-09-01,6,108
3847,2026-09-01,85,2125
3848,2026-09-01,8,88
3849,2026-09-01,33,627
3850,2026-09-01,35,595
3851,2026-09-01,5,110
3852,2026-09-01,47,611
3853,2026-09-01,35,805
3854,2026-09-01,15,120
3855,2026-09-01,6,48
3856,2026-09-01,8,112
3857,2026-09-01,8,184
3858,2026-09-01,2,22
3859,2026-09-01,5,90
3860,2026-09-01,9,198
3861,2026-09-01,10,170
3862,2026-09-01,4,68
3863,2026-09-01,14,126
3864,2026-09-01,11,275
3865,2026-09-01,7,70
3866,2026-09-01,106,1272
3867,2026-09-01,11,143
3868,2026-09-01,9,99
3869,2026-09-01,35,735
3870,2026-09-01,3,36
3871,2026-09-01,7,77
3872,2026-09-01,11,121
3873,2026-09-01,11,275
3874,2026-09-01,7,63
3875,2026-09-01,18,144
3876,2026-09-01,33,759
3877,2026-09-01,19,475
3878,2026-09-01,8,96
3879,2026-09-01,9,171
